build	Compile the firmware	﻿2026-09-27T12:14:49.8964454Z ##[group]Run cd openwrt
build	Compile the firmware	2026-09-27T12:14:49.8964756Z ^[[36;1mcd openwrt^[[0m
build	Compile the firmware	2026-09-27T12:14:49.8965014Z ^[[36;1mecho -e "$(nproc) thread compile"^[[0m
build	Compile the firmware	2026-09-27T12:14:49.8965303Z ^[[36;1mmake -j$(nproc)^[[0m
build	Compile the firmware	2026-09-27T12:14:49.8965566Z ^[[36;1mecho "status=success" >> ${GITHUB_OUTPUT}^[[0m
build	Compile the firmware	2026-09-27T12:14:49.8966282Z ^[[36;1mgrep '^CONFIG_TARGET.*DEVICE.*=y' .config | sed -r 's/.*DEVICE_(.*)=y/\1/' > DEVICE_NAME^[[0m
build	Compile the firmware	2026-09-27T12:14:49.8966847Z ^[[36;1m[ -s DEVICE_NAME ] && echo "DEVICE_NAME=_$(cat DEVICE_NAME)" >> $GITHUB_ENV^[[0m
build	Compile the firmware	2026-09-27T12:14:49.8967317Z ^[[36;1mecho "FILE_DATE=_$(date +"%Y%m%d%H%M")" >> $GITHUB_ENV^[[0m
build	Compile the firmware	2026-09-27T12:14:49.9057167Z shell: /usr/bin/bash -e {0}
build	Compile the firmware	2026-09-27T12:14:49.9057441Z env:
build	Compile the firmware	2026-09-27T12:14:49.9057720Z   REPO_URL: https://github.com/immortalwrt/immortalwrt
build	Compile the firmware	2026-09-27T12:14:49.9058051Z   REPO_BRANCH: master
build	Compile the firmware	2026-09-27T12:14:49.9058272Z   UPLOAD_FIRMWARE: false
build	Compile the firmware	2026-09-27T12:14:49.9058496Z   UPLOAD_RELEASE: true
build	Compile the firmware	2026-09-27T12:14:49.9058707Z   SWAP: false
build	Compile the firmware	2026-09-27T12:14:49.9058959Z   DIY_SH: immo_diy.sh
build	Compile the firmware	2026-09-27T12:14:49.9059165Z   TZ: Asia/Shanghai
build	Compile the firmware	2026-09-27T12:14:49.9059376Z   FILE_NAME: openwrt_armvirt
build	Compile the firmware	2026-09-27T12:14:49.9059624Z   PRODUCT_NAME: N1-ImmortalWrt
build	Compile the firmware	2026-09-27T12:14:49.9060334Z   useVersionInfo: Author: Tianling Shen<br/>date: 2026-09-24<br/>commit: sunxi: enable wifi support for orangepi zero2/3<br/>commit hash: 035afe00fa33bb90111a5fc0104acd1a6f3022e8<br/>
build	Compile the firmware	2026-09-27T12:14:49.9061041Z   DATE: 2026-09-27 20:10:55
build	Compile the firmware	2026-09-27T12:14:49.9061267Z   DATE1: 2026-09-27
build	Compile the firmware	2026-09-27T12:14:49.9061478Z   KERNEL_VER: 6.12.y
build	Compile the firmware	2026-09-27T12:14:49.9061697Z   VER: R2026.09.27
build	Compile the firmware	2026-09-27T12:14:49.9061899Z ##[endgroup]
build	Compile the firmware	2026-09-27T12:14:49.9291317Z 4 thread compile
build	Compile the firmware	2026-09-27T12:14:50.2089328Z make[2]: Entering directory '/workdir/openwrt/scripts/config'
build	Compile the firmware	2026-09-27T12:14:50.2089795Z make[2]: 'conf' is up to date.
build	Compile the firmware	2026-09-27T12:14:50.2090125Z make[2]: Leaving directory '/workdir/openwrt/scripts/config'
build	Compile the firmware	2026-09-27T12:14:51.4846612Z  make[1] world
build	Compile the firmware	2026-09-27T12:14:53.1703098Z  make[2] tools/compile
build	Compile the firmware	2026-09-27T12:14:53.1713590Z  make[2] package/cleanup
build	Compile the firmware	2026-09-27T12:14:55.0061735Z  make[3] -C tools/libdeflate compile
build	Compile the firmware	2026-09-27T12:14:55.0072308Z  make[3] -C tools/flock compile
build	Compile the firmware	2026-09-27T12:14:55.1131096Z  make[3] -C tools/zstd compile
build	Compile the firmware	2026-09-27T12:14:55.2044054Z  make[3] -C tools/sed compile
build	Compile the firmware	2026-09-27T12:15:28.3910341Z  make[3] -C tools/patch compile
build	Compile the firmware	2026-09-27T12:15:28.3915888Z  make[3] -C tools/tar compile
build	Compile the firmware	2026-09-27T12:16:01.9403728Z  make[3] -C tools/m4 compile
build	Compile the firmware	2026-09-27T12:16:01.9417184Z  make[3] -C tools/autoconf-archive compile
build	Compile the firmware	2026-09-27T12:16:01.9418506Z  make[3] -C tools/ninja compile
build	Compile the firmware	2026-09-27T12:16:01.9466167Z  make[3] -C tools/xz compile
build	Compile the firmware	2026-09-27T12:16:04.0367234Z  make[3] -C tools/gnulib compile
build	Compile the firmware	2026-09-27T12:16:05.9829396Z  make[3] -C tools/expat compile
build	Compile the firmware	2026-09-27T12:16:19.5462398Z  make[3] -C tools/zlib compile
build	Compile the firmware	2026-09-27T12:16:23.8995450Z  make[3] -C tools/cpio compile
build	Compile the firmware	2026-09-27T12:16:36.5904619Z  make[3] -C tools/lzma compile
build	Compile the firmware	2026-09-27T12:16:50.8543899Z  make[3] -C tools/make-ext4fs compile
build	Compile the firmware	2026-09-27T12:16:52.2290074Z  make[3] -C tools/mtools compile
build	Compile the firmware	2026-09-27T12:16:53.4241519Z  make[3] -C tools/patch-image compile
build	Compile the firmware	2026-09-27T12:16:53.7599800Z  make[3] -C tools/squashfs4 compile
build	Compile the firmware	2026-09-27T12:17:05.7307241Z  make[3] -C tools/sstrip compile
build	Compile the firmware	2026-09-27T12:17:07.9281141Z  make[3] -C tools/zip compile
build	Compile the firmware	2026-09-27T12:17:10.3757212Z  make[3] -C tools/autoconf compile
build	Compile the firmware	2026-09-27T12:17:11.4131174Z  make[3] -C tools/meson compile
build	Compile the firmware	2026-09-27T12:17:11.9127369Z  make[3] -C tools/pkgconf compile
build	Compile the firmware	2026-09-27T12:17:11.9190459Z  make[3] -C tools/lz4 compile
build	Compile the firmware	2026-09-27T12:17:13.6057200Z  make[3] -C tools/missing-macros compile
build	Compile the firmware	2026-09-27T12:17:16.8580848Z  make[3] -C tools/automake compile
build	Compile the firmware	2026-09-27T12:17:16.8772145Z  make[3] -C tools/libressl compile
build	Compile the firmware	2026-09-27T12:17:25.2836836Z  make[3] -C tools/libtool compile
build	Compile the firmware	2026-09-27T12:17:25.2907112Z  make[3] -C tools/dosfstools compile
build	Compile the firmware	2026-09-27T12:18:11.4097613Z  make[3] -C tools/flex compile
build	Compile the firmware	2026-09-27T12:18:11.4115391Z  make[3] -C tools/fakeroot compile
build	Compile the firmware	2026-09-27T12:18:11.4144206Z  make[3] -C tools/gengetopt compile
build	Compile the firmware	2026-09-27T12:18:19.3875162Z  make[3] -C tools/mklibs compile
build	Compile the firmware	2026-09-27T12:18:28.6890067Z  make[3] -C tools/patchelf compile
build	Compile the firmware	2026-09-27T12:18:45.0698033Z  make[3] -C tools/gmp compile
build	Compile the firmware	2026-09-27T12:18:57.0257265Z  make[3] -C tools/bison compile
build	Compile the firmware	2026-09-27T12:18:57.3567244Z  make[3] -C tools/cmake compile
build	Compile the firmware	2026-09-27T12:20:51.6219294Z  make[3] -C tools/bc compile
build	Compile the firmware	2026-09-27T12:20:52.4457123Z  make[3] -C tools/util-linux compile
build	Compile the firmware	2026-09-27T12:21:08.1957353Z  make[3] -C tools/elfutils compile
build	Compile the firmware	2026-09-27T12:21:31.4177061Z  make[3] -C tools/findutils compile
build	Compile the firmware	2026-09-27T12:22:23.9819653Z  make[3] -C tools/mkimage compile
build	Compile the firmware	2026-09-27T12:23:30.1607053Z  make[3] -C tools/mtd-utils compile
build	Compile the firmware	2026-09-27T12:23:48.7614719Z  make[3] -C tools/mpfr compile
build	Compile the firmware	2026-09-27T12:23:58.7807100Z  make[3] -C tools/e2fsprogs compile
build	Compile the firmware	2026-09-27T12:25:45.4847111Z  make[3] -C tools/erofs-utils compile
build	Compile the firmware	2026-09-27T12:26:12.3037181Z  make[3] -C tools/padjffs2 compile
build	Compile the firmware	2026-09-27T12:26:12.7409238Z  make[3] -C tools/quilt compile
build	Compile the firmware	2026-09-27T12:26:18.7779085Z  make[3] -C tools/mpc compile
build	Compile the firmware	2026-09-27T12:32:02.5362525Z  make[3] -C tools/firmware-utils compile
build	Compile the firmware	2026-09-27T12:32:07.7830079Z  make[2] toolchain/compile
build	Compile the firmware	2026-09-27T12:32:09.4997514Z  make[3] -C toolchain/fortify-headers compile
build	Compile the firmware	2026-09-27T12:32:09.5000055Z  make[3] -C toolchain/gdb compile
build	Compile the firmware	2026-09-27T12:32:09.5003048Z  make[3] -C toolchain/binutils compile
build	Compile the firmware	2026-09-27T12:34:44.7537688Z  make[3] -C toolchain/gcc/initial compile
build	Compile the firmware	2026-09-27T12:44:42.0729839Z  make[3] -C toolchain/kernel-headers compile
build	Compile the firmware	2026-09-27T12:45:08.2560455Z  make[3] -C toolchain/musl compile
build	Compile the firmware	2026-09-27T12:45:46.5116766Z  make[3] -C toolchain/gcc/final compile
build	Compile the firmware	2026-09-27T12:55:16.4630653Z  make[2] target/compile
build	Compile the firmware	2026-09-27T12:55:18.1735577Z  make[3] -C target/linux compile
build	Compile the firmware	2026-09-27T13:15:38.9656556Z  make[2] buildinfo
build	Compile the firmware	2026-09-27T13:15:38.9740271Z  make[2] package/compile
build	Compile the firmware	2026-09-27T13:15:40.6458904Z  make[3] diffconfig buildversion feedsversion
build	Compile the firmware	2026-09-27T13:15:40.6875817Z  make[3] -C package/utils/lua host-compile
build	Compile the firmware	2026-09-27T13:15:40.6961361Z  make[3] -C package/libs/ncurses host-compile
build	Compile the firmware	2026-09-27T13:15:40.7120708Z  make[3] -C package/system/fwtool host-compile
build	Compile the firmware	2026-09-27T13:15:41.3757722Z  make[3] -C package/libs/libjson-c host-compile
build	Compile the firmware	2026-09-27T13:15:43.0748047Z  make[4] scripts/config/conf
build	Compile the firmware	2026-09-27T13:15:46.3367243Z  make[3] -C package/system/usign host-compile
build	Compile the firmware	2026-09-27T13:15:47.2797134Z  make[3] -C package/boot/grub2 host-compile
build	Compile the firmware	2026-09-27T13:15:47.8609911Z  make[3] -C feeds/luci/modules/luci-base host-compile
build	Compile the firmware	2026-09-27T13:15:49.2205452Z  make[3] -C feeds/luci/contrib/package/csstidy host-compile
build	Compile the firmware	2026-09-27T13:15:53.4821604Z  make[3] -C package/utils/ucode host-compile
build	Compile the firmware	2026-09-27T13:15:58.7475654Z  make[3] -C feeds/packages/lang/golang/golang-bootstrap host-compile
build	Compile the firmware	2026-09-27T13:16:13.8857636Z  make[3] -C package/devel/gperf host-compile
build	Compile the firmware	2026-09-27T13:16:40.2467792Z  make[3] -C feeds/packages/libs/protobuf/protobuf-compat host-compile
build	Compile the firmware	2026-09-27T13:17:11.9377159Z  make[3] -C feeds/packages/libs/boost host-compile
build	Compile the firmware	2026-09-27T13:19:13.1637211Z  make[3] -C feeds/packages/libs/qt6base host-compile
build	Compile the firmware	2026-09-27T13:19:32.7853330Z  make[3] -C package/libs/libiconv-full host-compile
build	Compile the firmware	2026-09-27T13:20:29.9857732Z  make[3] -C feeds/packages/lang/lua/luarocks host-compile
build	Compile the firmware	2026-09-27T13:20:34.6097389Z  make[3] -C feeds/packages/lang/perl host-compile
build	Compile the firmware	2026-09-27T13:28:58.9677275Z  make[3] -C feeds/packages/libs/libffi host-compile
build	Compile the firmware	2026-09-27T13:29:26.7667117Z  make[3] -C package/utils/bzip2 host-compile
build	Compile the firmware	2026-09-27T13:29:40.1997511Z  make[3] -C feeds/packages/libs/yaml host-compile
build	Compile the firmware	2026-09-27T13:30:15.7746623Z  make[3] -C package/libs/gnulib-l10n host-compile
build	Compile the firmware	2026-09-27T13:30:24.5929480Z  make[3] -C package/libs/libunistring host-compile
build	Compile the firmware	2026-09-27T13:31:00.5067105Z  make[3] -C feeds/packages/lang/rust host-compile
build	Compile the firmware	2026-09-27T13:36:09.9867284Z  make[3] -C package/system/apk host-compile
build	Compile the firmware	2026-09-27T13:37:02.0637550Z  make[3] -C package/libs/libubox host-compile
build	Compile the firmware	2026-09-27T13:37:09.2867275Z  make[3] -C package/libs/libxml2 host-compile
build	Compile the firmware	2026-09-27T13:37:50.2897241Z  make[3] -C feeds/packages/lang/python/python3 host-compile
build	Compile the firmware	2026-09-27T13:38:26.4747174Z  make[3] -C feeds/packages/lang/ruby host-compile
build	Compile the firmware	2026-09-27T13:38:57.3237165Z  make[3] -C package/libs/toolchain compile
build	Compile the firmware	2026-09-27T13:39:01.9277336Z  make[3] -C package/kernel/gpio-button-hotplug compile
build	Compile the firmware	2026-09-27T13:39:02.1589995Z  make[3] -C package/system/fwtool compile
build	Compile the firmware	2026-09-27T13:39:04.1418521Z  make[3] -C package/system/ucert host-compile
build	Compile the firmware	2026-09-27T13:39:08.4077142Z  make[3] -C package/libs/libsepol compile
build	Compile the firmware	2026-09-27T13:40:51.3817185Z  make[3] -C package/libs/musl-fts compile
build	Compile the firmware	2026-09-27T13:41:36.9457071Z  make[3] -C package/system/openwrt-keyring compile
build	Compile the firmware	2026-09-27T13:41:38.1527073Z  make[3] -C package/boot/grub2 compile
build	Compile the firmware	2026-09-27T13:45:42.2917104Z  make[3] -C package/boot/uboot-armsr compile
build	Compile the firmware	2026-09-27T13:48:01.3237025Z  make[3] -C package/libs/jansson compile
build	Compile the firmware	2026-09-27T13:48:29.1817246Z  make[3] -C package/libs/libmnl compile
build	Compile the firmware	2026-09-27T13:49:21.1907274Z  make[3] -C feeds/luci/libs/luci-lib-uqr compile
build	Compile the firmware	2026-09-27T13:49:22.6297133Z  make[3] -C feeds/luci/protocols/luci-proto-ppp compile
build	Compile the firmware	2026-09-27T13:49:24.0928340Z  make[3] -C package/libs/openssl compile
build	Compile the firmware	2026-09-27T13:49:35.9727635Z  make[3] -C feeds/luci/protocols/luci-proto-ipv6 compile
build	Compile the firmware	2026-09-27T13:49:37.8677117Z  make[3] -C feeds/packages/utils/attr compile
build	Compile the firmware	2026-09-27T13:49:57.6507098Z  make[3] -C feeds/packages/libs/lzo compile
build	Compile the firmware	2026-09-27T13:50:28.5567289Z  make[3] -C feeds/packages/utils/zstd compile
build	Compile the firmware	2026-09-27T13:52:09.0517515Z  make[3] -C feeds/packages/lang/golang/golang1.27 host-compile
build	Compile the firmware	2026-09-27T13:58:25.6477195Z  make[3] -C feeds/packages/libs/libseccomp compile
build	Compile the firmware	2026-09-27T13:59:30.8267343Z  make[3] -C feeds/packages/utils/tini compile
build	Compile the firmware	2026-09-27T13:59:34.5037457Z  make[3] -C package/system/ca-certificates compile
build	Compile the firmware	2026-09-27T13:59:45.7907093Z  make[3] -C feeds/packages/libs/libuv compile
build	Compile the firmware	2026-09-27T13:59:58.5457036Z  make[3] -C package/libs/libcap compile
build	Compile the firmware	2026-09-27T14:00:06.2407228Z  make[3] -C package/libs/mbedtls compile
build	Compile the firmware	2026-09-27T14:01:36.2387463Z  make[3] -C feeds/packages/libs/nghttp2 compile
build	Compile the firmware	2026-09-27T14:01:50.9777120Z  make[3] -C feeds/packages/libs/boost compile
build	Compile the firmware	2026-09-27T14:02:06.5537046Z  make[3] -C feeds/packages/libs/libdouble-conversion compile
build	Compile the firmware	2026-09-27T14:02:15.8389825Z  make[3] -C feeds/packages/libs/libpciaccess compile
build	Compile the firmware	2026-09-27T14:02:26.8787133Z  make[3] -C feeds/packages/utils/qt6tools host-compile
build	Compile the firmware	2026-09-27T14:05:00.9737151Z  make[3] -C feeds/packages/libs/libpam compile
build	Compile the firmware	2026-09-27T14:05:30.2117441Z  make[3] -C feeds/packages/libs/liburcu compile
build	Compile the firmware	2026-09-27T14:07:47.0897023Z  make[3] -C package/libs/gmp compile
build	Compile the firmware	2026-09-27T14:08:09.7797093Z  make[3] -C feeds/packages/utils/dosfstools compile
build	Compile the firmware	2026-09-27T14:08:26.0957093Z  make[3] -C feeds/packages/libs/expat compile
build	Compile the firmware	2026-09-27T14:08:39.9777352Z  make[3] -C feeds/packages/lang/lua/lua5.4 compile
build	Compile the firmware	2026-09-27T14:09:00.8757636Z  make[3] -C package/libs/libtool compile
build	Compile the firmware	2026-09-27T14:09:32.4659275Z  make[3] -C package/libs/sysfsutils compile
build	Compile the firmware	2026-09-27T14:10:12.4497360Z  make[3] -C feeds/packages/libs/inih compile
build	Compile the firmware	2026-09-27T14:10:20.1327136Z  make[3] -C feeds/packages/libs/oniguruma compile
build	Compile the firmware	2026-09-27T14:10:23.0607032Z  make[3] -C feeds/packages/utils/xz compile
build	Compile the firmware	2026-09-27T14:11:42.5957025Z  make[3] -C package/utils/bzip2 compile
build	Compile the firmware	2026-09-27T14:11:46.8237075Z  make[3] -C feeds/packages/libs/libev compile
build	Compile the firmware	2026-09-27T14:11:49.3426660Z  make[3] -C feeds/packages/libs/libsodium compile
build	Compile the firmware	2026-09-27T14:12:23.4757162Z  make[3] -C feeds/packages/utils/lsof compile
build	Compile the firmware	2026-09-27T14:13:13.1057075Z  make[3] -C feeds/packages/libs/yaml compile
build	Compile the firmware	2026-09-27T14:13:32.5297515Z  make[3] -C feeds/packages/libs/gdbm compile
build	Compile the firmware	2026-09-27T14:13:47.8747199Z  make[3] -C feeds/packages/libs/icu host-compile
build	Compile the firmware	2026-09-27T14:13:57.1831910Z  make[3] -C feeds/packages/libs/libffi compile
build	Compile the firmware	2026-09-27T14:14:18.5627278Z  make[3] -C package/libs/gettext-full host-compile
build	Compile the firmware	2026-09-27T14:14:19.6088431Z  make[3] -C package/libs/nettle compile
build	Compile the firmware	2026-09-27T14:15:56.8547040Z  make[3] -C feeds/packages/mail/nail compile
build	Compile the firmware	2026-09-27T14:15:57.0877054Z  make[3] -C feeds/packages/libs/udns compile
build	Compile the firmware	2026-09-27T14:16:39.3729433Z  make[3] -C feeds/packages/utils/unzip compile
build	Compile the firmware	2026-09-27T14:16:53.3605367Z  make[3] -C package/libs/argp-standalone compile
build	Compile the firmware	2026-09-27T14:17:06.4247411Z  make[3] -C package/libs/libnfnetlink compile
build	Compile the firmware	2026-09-27T14:17:52.5307262Z  make[3] -C package/openwrt-passwall-packages/v2ray-geodata compile
build	Compile the firmware	2026-09-27T14:18:14.5777277Z  make[3] -C package/network/utils/resolveip compile
build	Compile the firmware	2026-09-27T14:18:15.9937172Z  make[3] -C package/openwrt-passwall-packages/chinadns-ng compile
build	Compile the firmware	2026-09-27T14:18:17.8148017Z  make[3] -C package/openwrt-passwall-packages/dns2socks compile
build	Compile the firmware	2026-09-27T14:18:19.9287150Z  make[3] -C package/openwrt-passwall-packages/microsocks compile
build	Compile the firmware	2026-09-27T14:18:23.9777288Z  make[3] -C package/openwrt-passwall-packages/tcping compile
build	Compile the firmware	2026-09-27T14:18:26.8617376Z  make[3] -C package/network/services/dropbear compile
build	Compile the firmware	2026-09-27T14:20:03.9257210Z  make[3] -C package/libs/libpcap compile
build	Compile the firmware	2026-09-27T14:20:23.4227113Z  make[3] -C package/network/utils/linux-atm compile
build	Compile the firmware	2026-09-27T14:21:56.5437138Z  make[3] -C package/openwrt-passwall-packages/ipt2socks compile
build	Compile the firmware	2026-09-27T14:22:02.4717215Z  make[3] -C package/openwrt-passwall-packages/simple-obfs compile
build	Compile the firmware	2026-09-27T14:22:48.0827441Z  make[3] -C package/libs/libnl-tiny compile
build	Compile the firmware	2026-09-27T14:22:52.0527441Z  make[3] -C package/libs/libjson-c compile
build	Compile the firmware	2026-09-27T14:23:03.9667249Z  make[3] -C package/utils/lua compile
build	Compile the firmware	2026-09-27T14:23:18.4227326Z  make[3] -C package/libs/libmd compile
build	Compile the firmware	2026-09-27T14:23:42.5924249Z  make[3] -C package/libs/zlib compile
build	Compile the firmware	2026-09-27T14:23:50.4187152Z  make[3] -C package/firmware/linux-firmware compile
build	Compile the firmware	2026-09-27T14:23:50.7597105Z  make[3] -C package/libs/ncurses compile
build	Compile the firmware	2026-09-27T14:26:00.7579898Z  make[3] -C package/libs/pcre2 compile
build	Compile the firmware	2026-09-27T14:26:41.7791612Z  make[3] -C package/libs/libnftnl compile
build	Compile the firmware	2026-09-27T14:27:31.1877085Z  make[3] -C feeds/packages/utils/acl compile
build	Compile the firmware	2026-09-27T14:27:49.6152915Z  make[3] -C feeds/packages/lang/golang/golang host-compile
build	Compile the firmware	2026-09-27T14:27:50.2267315Z  make[3] -C package/libs/readline compile
build	Compile the firmware	2026-09-27T14:28:24.5067105Z  make[3] -C feeds/packages/net/curl compile
build	Compile the firmware	2026-09-27T14:29:43.2048256Z  make[3] -C feeds/packages/libs/protobuf/protobuf-compat compile
build	Compile the firmware	2026-09-27T14:31:19.8607245Z  make[3] -C feeds/packages/libs/libtorrent-rasterbar compile
build	Compile the firmware	2026-09-27T14:34:13.7387193Z  make[3] -C feeds/packages/libs/libpng compile
build	Compile the firmware	2026-09-27T14:34:42.0527110Z  make[3] -C feeds/packages/libs/libdrm compile
build	Compile the firmware	2026-09-27T14:35:05.4217157Z  make[3] -C feeds/packages/libs/sqlite3 compile
build	Compile the firmware	2026-09-27T14:36:16.5917120Z  make[3] -C feeds/luci/libs/luci-lib-ip compile
build	Compile the firmware	2026-09-27T14:36:21.8380786Z  make[3] -C feeds/luci/libs/luci-lib-jsonc compile
build	Compile the firmware	2026-09-27T14:36:25.2307177Z  make[3] -C feeds/luci/libs/luci-lib-nixio compile
build	Compile the firmware	2026-09-27T14:36:36.1327164Z  make[3] -C feeds/packages/net/3proxy compile
build	Compile the firmware	2026-09-27T14:37:39.3867793Z  make[3] -C feeds/packages/net/aria2 compile
build	Compile the firmware	2026-09-27T14:38:48.8277139Z  make[3] -C feeds/packages/net/bind compile
build	Compile the firmware	2026-09-27T14:40:34.3921184Z  make[3] -C feeds/packages/utils/coreutils compile
build	Compile the firmware	2026-09-27T14:43:56.0397330Z  make[3] -C feeds/packages/utils/gawk compile
build	Compile the firmware	2026-09-27T14:44:40.3881194Z  make[3] -C feeds/packages/net/haproxy compile
build	Compile the firmware	2026-09-27T14:45:19.3297120Z  make[3] -C feeds/packages/utils/lm-sensors compile
build	Compile the firmware	2026-09-27T14:45:28.9287221Z  make[3] -C feeds/packages/utils/jq compile
build	Compile the firmware	2026-09-27T14:46:14.0001735Z  make[3] -C feeds/packages/libs/libarchive compile
build	Compile the firmware	2026-09-27T14:47:10.2515846Z  make[3] -C feeds/packages/lang/lua/lyaml compile
build	Compile the firmware	2026-09-27T14:47:12.8081991Z  make[3] -C package/libs/libxml2 compile
build	Compile the firmware	2026-09-27T14:47:28.7887325Z  make[3] -C feeds/packages/libs/icu compile
build	Compile the firmware	2026-09-27T14:47:35.1157471Z  make[3] -C feeds/packages/utils/pigz compile
build	Compile the firmware	2026-09-27T14:47:40.7247603Z  make[3] -C feeds/packages/utils/pv compile
build	Compile the firmware	2026-09-27T14:47:53.8127207Z  make[3] -C feeds/packages/lang/ruby compile
build	Compile the firmware	2026-09-27T14:50:29.3264341Z  make[3] -C feeds/packages/libs/gnutls compile
build	Compile the firmware	2026-09-27T14:50:39.8317574Z  make[3] -C package/helloworld/mihomo compile
build	Compile the firmware	2026-09-27T14:53:49.2197199Z  make[3] -C package/libs/elfutils compile
build	Compile the firmware	2026-09-27T14:55:14.7127159Z  make[3] -C package/mosdns compile
build	Compile the firmware	2026-09-27T14:55:50.5267856Z  make[3] -C package/openlist2 compile
build	Compile the firmware	2026-09-27T14:56:21.1617364Z  make[3] -C package/openwrt-passwall-packages/geoview compile
build	Compile the firmware	2026-09-27T14:56:43.4247058Z  make[3] -C package/network/utils/iw compile
build	Compile the firmware	2026-09-27T14:56:55.0467344Z  make[3] -C package/openwrt-passwall-packages/shadowsocks-rust compile
build	Compile the firmware	2026-09-27T15:01:42.5591770Z  make[3] -C package/openwrt-passwall-packages/shadowsocksr-libev compile
build	Compile the firmware	2026-09-27T15:01:43.7592020Z  make[3] -C package/openwrt-passwall-packages/v2ray-plugin compile
build	Compile the firmware	2026-09-27T15:02:15.6777243Z  make[3] -C package/openwrt-passwall-packages/xray-core compile
build	Compile the firmware	2026-09-27T15:03:17.7785723Z  make[3] -C package/libs/libubox compile
build	Compile the firmware	2026-09-27T15:05:17.8707758Z  make[3] -C package/kernel/linux compile
build	Compile the firmware	2026-09-27T15:05:32.3965342Z  make[3] -C package/utils/util-linux compile
build	Compile the firmware	2026-09-27T15:05:47.4618435Z  make[3] -C package/utils/jsonfilter compile
build	Compile the firmware	2026-09-27T15:05:53.3437312Z  make[3] -C package/libs/libselinux compile
build	Compile the firmware	2026-09-27T15:06:38.4197312Z  make[3] -C package/system/usign compile
build	Compile the firmware	2026-09-27T15:06:38.8410717Z  make[3] -C package/network/utils/nftables compile
build	Compile the firmware	2026-09-27T15:06:40.3966725Z  make[3] -C package/turboacc/fullconenat-nft compile
build	Compile the firmware	2026-09-27T15:06:43.3147005Z  make[3] -C package/libs/ustream-ssl compile
build	Compile the firmware	2026-09-27T15:06:44.9677923Z  make[3] -C feeds/packages/utils/btrfs-progs compile
build	Compile the firmware	2026-09-27T15:06:47.8577172Z  make[3] -C feeds/packages/utils/runc compile
build	Compile the firmware	2026-09-27T15:07:26.5258178Z  make[3] -C feeds/packages/libs/libwebsockets compile
build	Compile the firmware	2026-09-27T15:07:29.8097223Z  make[3] -C feeds/packages/utils/bash compile
build	Compile the firmware	2026-09-27T15:07:48.7219181Z  make[3] -C feeds/packages/libs/freetype compile
build	Compile the firmware	2026-09-27T15:08:20.6527113Z  make[3] -C feeds/packages/utils/acpid compile
build	Compile the firmware	2026-09-27T15:08:20.9827080Z  make[3] -C feeds/packages/utils/fuse3 compile
build	Compile the firmware	2026-09-27T15:08:27.0232468Z  make[3] -C feeds/packages/admin/htop compile
build	Compile the firmware	2026-09-27T15:08:33.7757139Z  make[3] -C feeds/packages/net/iputils compile
build	Compile the firmware	2026-09-27T15:08:35.6867414Z  make[3] -C feeds/packages/utils/parted compile
build	Compile the firmware	2026-09-27T15:08:39.5067241Z  make[3] -C feeds/packages/libs/db compile
build	Compile the firmware	2026-09-27T15:08:56.7857264Z  make[3] -C feeds/packages/lang/php8 compile
build	Compile the firmware	2026-09-27T15:09:25.3223805Z  make[3] -C feeds/packages/net/rclone compile
build	Compile the firmware	2026-09-27T15:10:00.2187365Z  make[3] -C feeds/packages/mail/msmtp compile
build	Compile the firmware	2026-09-27T15:10:00.4777076Z  make[3] -C feeds/packages/net/tailscale compile
build	Compile the firmware	2026-09-27T15:13:20.1388622Z  make[3] -C feeds/packages/utils/xfsprogs compile
build	Compile the firmware	2026-09-27T15:13:36.2207156Z  make[3] -C package/libs/libbpf compile
build	Compile the firmware	2026-09-27T15:14:03.2987759Z  make[3] -C package/libs/libnetfilter-conntrack compile
build	Compile the firmware	2026-09-27T15:14:08.3751362Z  make[3] -C package/openwrt-passwall-packages/sing-box compile
build	Compile the firmware	2026-09-27T15:14:27.3170776Z  make[3] -C package/network/utils/iptables compile
build	Compile the firmware	2026-09-27T15:16:34.3387870Z  make[3] -C package/luci-app-openlist2 compile
build	Compile the firmware	2026-09-27T15:16:46.1337216Z  make[3] -C package/network/services/shellsync compile
build	Compile the firmware	2026-09-27T15:16:47.7767256Z  make[3] -C package/system/mtd compile
build	Compile the firmware	2026-09-27T15:16:55.5157187Z  make[3] -C package/system/urngd compile
build	Compile the firmware	2026-09-27T15:16:56.6674690Z  make[3] -C package/utils/f2fs-tools compile
build	Compile the firmware	2026-09-27T15:17:00.0171907Z  make[3] -C package/system/ubus compile
build	Compile the firmware	2026-09-27T15:17:07.5017197Z  make[3] -C package/system/uci compile
build	Compile the firmware	2026-09-27T15:17:12.2778442Z  make[3] -C package/utils/busybox compile
build	Compile the firmware	2026-09-27T15:17:44.3057419Z  make[3] -C package/network/services/odhcpd compile
build	Compile the firmware	2026-09-27T15:17:47.7257312Z  make[3] -C package/utils/e2fsprogs compile
build	Compile the firmware	2026-09-27T15:17:50.7379149Z  make[3] -C package/network/utils/iwinfo compile
build	Compile the firmware	2026-09-27T15:17:57.3327268Z  make[3] -C feeds/packages/net/cgi-io compile
build	Compile the firmware	2026-09-27T15:18:00.8388245Z  make[3] -C feeds/packages/utils/containerd compile
build	Compile the firmware	2026-09-27T15:19:48.9047084Z  make[3] -C feeds/packages/utils/ttyd compile
build	Compile the firmware	2026-09-27T15:20:06.6450352Z  make[3] -C feeds/packages/admin/netdata compile
build	Compile the firmware	2026-09-27T15:20:17.0379309Z  make[3] -C feeds/packages/lang/perl compile
build	Compile the firmware	2026-09-27T15:20:51.2197225Z  make[3] -C feeds/packages/utils/smartmontools compile
build	Compile the firmware	2026-09-27T15:21:36.3537313Z  make[3] -C package/network/services/dnsmasq compile
build	Compile the firmware	2026-09-27T15:21:52.8204444Z  make[3] -C package/network/utils/iproute2 compile
build	Compile the firmware	2026-09-27T15:22:19.6547939Z  make[3] -C package/network/ipv6/odhcp6c compile
build	Compile the firmware	2026-09-27T15:22:24.2017418Z  make[3] -C package/network/services/ppp compile
build	Compile the firmware	2026-09-27T15:23:17.5348413Z  make[3] -C package/utils/ucode compile
build	Compile the firmware	2026-09-27T15:23:28.4877124Z  make[3] -C feeds/packages/net/krb5 compile
build	Compile the firmware	2026-09-27T15:24:36.8667557Z  make[3] -C feeds/luci/contrib/package/ucode-mod-lua compile
build	Compile the firmware	2026-09-27T15:24:44.3517322Z  make[3] -C package/libs/uclient compile
build	Compile the firmware	2026-09-27T15:24:48.7767934Z  make[3] -C package/luci-app-openclash compile
build	Compile the firmware	2026-09-27T15:25:13.0789102Z  make[3] -C package/system/apk compile
build	Compile the firmware	2026-09-27T15:25:28.8747346Z  make[3] -C package/libs/udebug compile
build	Compile the firmware	2026-09-27T15:25:41.0437246Z  make[3] -C feeds/luci/contrib/package/lucihttp compile
build	Compile the firmware	2026-09-27T15:25:49.8318791Z  make[3] -C package/system/rpcd compile
build	Compile the firmware	2026-09-27T15:25:55.6067715Z  make[3] -C feeds/luci/contrib/package/ucode-mod-html compile
build	Compile the firmware	2026-09-27T15:25:56.6090938Z  make[3] -C package/network/config/firewall4 compile
build	Compile the firmware	2026-09-27T15:25:59.4667682Z  make[3] -C feeds/luci/libs/rpcd-mod-rrdns compile
build	Compile the firmware	2026-09-27T15:25:59.6817449Z  make[3] -C package/network/services/uhttpd compile
build	Compile the firmware	2026-09-27T15:26:05.9627203Z  make[3] -C feeds/packages/utils/dockerd compile
build	Compile the firmware	2026-09-27T15:26:11.2628350Z  make[3] -C feeds/luci/applications/luci-app-netdata compile
build	Compile the firmware	2026-09-27T15:26:14.7296567Z  make[3] -C feeds/packages/libs/qt6base compile
build	Compile the firmware	2026-09-27T15:29:46.4827528Z  make[3] -C feeds/luci/libs/luci-lib-base compile
build	Compile the firmware	2026-09-27T15:29:49.3227087Z  make[3] -C feeds/luci/themes/luci-theme-argon compile
build	Compile the firmware	2026-09-27T15:29:53.2373208Z  make[3] -C feeds/packages/net/ariang compile
build	Compile the firmware	2026-09-27T15:30:16.6845159Z  make[3] -C feeds/packages/lang/perl/perl-http-date compile
build	Compile the firmware	2026-09-27T15:30:22.4007205Z  make[3] -C package/luci-app-argon-config compile
build	Compile the firmware	2026-09-27T15:30:25.4407106Z  make[3] -C package/luci-app-homeproxy compile
build	Compile the firmware	2026-09-27T15:30:33.1737118Z  make[3] -C package/luci-app-mosdns compile
build	Compile the firmware	2026-09-27T15:31:47.7287181Z  make[3] -C package/network/services/hostapd compile
build	Compile the firmware	2026-09-27T15:32:36.3247109Z  make[3] -C package/network/config/netifd compile
build	Compile the firmware	2026-09-27T15:33:02.6447170Z  make[3] -C package/system/ubox compile
build	Compile the firmware	2026-09-27T15:33:08.2347093Z  make[3] -C feeds/luci/libs/rpcd-mod-luci compile
build	Compile the firmware	2026-09-27T15:33:12.8932574Z  make[3] -C feeds/packages/utils/docker compile
build	Compile the firmware	2026-09-27T15:35:23.8997884Z  make[3] -C package/system/urandom-seed compile
build	Compile the firmware	2026-09-27T15:35:25.8177776Z  make[3] -C package/system/fstools compile
build	Compile the firmware	2026-09-27T15:35:29.6665221Z  make[3] -C feeds/luci/modules/luci-base compile
build	Compile the firmware	2026-09-27T15:35:30.2780245Z  make[3] -C feeds/packages/utils/docker-compose compile
build	Compile the firmware	2026-09-27T15:35:36.6827207Z  make[3] -C package/system/procd compile
build	Compile the firmware	2026-09-27T15:35:45.1905021Z  make[3] -C package/emortal/automount compile
build	Compile the firmware	2026-09-27T15:35:46.7018005Z  make[3] -C feeds/luci/applications/luci-app-package-manager compile
build	Compile the firmware	2026-09-27T15:35:47.0417515Z  make[3] -C feeds/luci/applications/luci-app-firewall compile
build	Compile the firmware	2026-09-27T15:35:50.3160437Z  make[3] -C feeds/luci/modules/luci-mod-network compile
build	Compile the firmware	2026-09-27T15:35:53.5127407Z  make[3] -C feeds/luci/modules/luci-mod-status compile
build	Compile the firmware	2026-09-27T15:35:55.0457103Z  make[3] -C feeds/luci/modules/luci-mod-system compile
build	Compile the firmware	2026-09-27T15:35:57.7509794Z  make[3] -C feeds/luci/themes/luci-theme-bootstrap compile
build	Compile the firmware	2026-09-27T15:35:59.2715622Z  make[3] -C feeds/packages/net/qbittorrent compile
build	Compile the firmware	2026-09-27T15:36:00.5411050Z  make[3] -C feeds/luci/modules/luci-lua-runtime compile
build	Compile the firmware	2026-09-27T15:36:08.0935728Z  make[3] -C package/luci-app-amlogic compile
build	Compile the firmware	2026-09-27T15:36:12.8607070Z  make[3] -C package/luci-app-filebrowser compile
build	Compile the firmware	2026-09-27T15:36:15.4427307Z  make[3] -C package/luci-app-oxidns compile
build	Compile the firmware	2026-09-27T15:36:18.8577194Z  make[3] -C package/luci-app-pushbot compile
build	Compile the firmware	2026-09-27T15:36:21.6577389Z  make[3] -C package/luci-app-tailscale compile
build	Compile the firmware	2026-09-27T15:36:24.9907088Z  make[3] -C package/luci-theme-design compile
build	Compile the firmware	2026-09-27T15:36:27.2327096Z  make[3] -C package/base-files compile
build	Compile the firmware	2026-09-27T15:36:33.0535896Z  make[3] -C feeds/luci/modules/luci-mod-admin-full compile
build	Compile the firmware	2026-09-27T15:36:34.8098785Z  make[3] -C feeds/luci/modules/luci-compat compile
build	Compile the firmware	2026-09-27T15:36:40.0976750Z  make[3] -C package/luci-app-adguardhome compile
build	Compile the firmware	2026-09-27T15:36:43.3187900Z  make[3] -C package/luci-app-passwall compile
build	Compile the firmware	2026-09-27T15:36:52.9777091Z  make[3] -C package/luci-app-passwall2 compile
build	Compile the firmware	2026-09-27T15:36:56.3727065Z  make[3] -C feeds/luci/collections/luci-light compile
build	Compile the firmware	2026-09-27T15:36:58.4437083Z  make[3] -C feeds/luci/collections/luci compile
build	Compile the firmware	2026-09-27T15:37:01.9547039Z  make[3] -C package/emortal/default-settings compile
build	Compile the firmware	2026-09-27T15:37:32.3327227Z  make[3] -C feeds/luci/applications/luci-app-dockerman compile
build	Compile the firmware	2026-09-27T15:40:27.4449332Z  make[3] -C feeds/luci/applications/luci-app-qbittorrent compile
build	Compile the firmware	2026-09-27T15:40:28.1397338Z  make[2] package/install
build	Compile the firmware	2026-09-27T15:40:30.6619588Z make -r world: build failed. Please re-run make with -j1 V=s or V=sc for a higher verbosity level to see what's going on
build	Compile the firmware	2026-09-27T15:40:30.6620602Z make: *** [/workdir/openwrt/include/toplevel.mk:268: world] Error 1
build	Compile the firmware	2026-09-27T15:40:30.6706422Z ##[error]Process completed with exit code 2.
build	Compile debug	﻿2026-09-27T15:40:30.6827789Z ##[group]Run cd openwrt
build	Compile debug	2026-09-27T15:40:30.6828171Z ^[[36;1mcd openwrt^[[0m
build	Compile debug	2026-09-27T15:40:30.6828432Z ^[[36;1mecho -e "1 thread compile debug"^[[0m
build	Compile debug	2026-09-27T15:40:30.6828720Z ^[[36;1mmake -j1 V=s^[[0m
build	Compile debug	2026-09-27T15:40:30.7119507Z shell: /usr/bin/bash -e {0}
build	Compile debug	2026-09-27T15:40:30.7119809Z env:
build	Compile debug	2026-09-27T15:40:30.7120092Z   REPO_URL: https://github.com/immortalwrt/immortalwrt
build	Compile debug	2026-09-27T15:40:30.7120473Z   REPO_BRANCH: master
build	Compile debug	2026-09-27T15:40:30.7120705Z   UPLOAD_FIRMWARE: false
build	Compile debug	2026-09-27T15:40:30.7120945Z   UPLOAD_RELEASE: true
build	Compile debug	2026-09-27T15:40:30.7121160Z   SWAP: false
build	Compile debug	2026-09-27T15:40:30.7121361Z   DIY_SH: immo_diy.sh
build	Compile debug	2026-09-27T15:40:30.7121570Z   TZ: Asia/Shanghai
build	Compile debug	2026-09-27T15:40:30.7121787Z   FILE_NAME: openwrt_armvirt
build	Compile debug	2026-09-27T15:40:30.7122038Z   PRODUCT_NAME: N1-ImmortalWrt
build	Compile debug	2026-09-27T15:40:30.7122738Z   useVersionInfo: Author: Tianling Shen<br/>date: 2026-09-24<br/>commit: sunxi: enable wifi support for orangepi zero2/3<br/>commit hash: 035afe00fa33bb90111a5fc0104acd1a6f3022e8<br/>
build	Compile debug	2026-09-27T15:40:30.7123502Z   DATE: 2026-09-27 20:10:55
build	Compile debug	2026-09-27T15:40:30.7123731Z   DATE1: 2026-09-27
build	Compile debug	2026-09-27T15:40:30.7123940Z   KERNEL_VER: 6.12.y
build	Compile debug	2026-09-27T15:40:30.7124175Z   VER: R2026.09.27
build	Compile debug	2026-09-27T15:40:30.7124382Z ##[endgroup]
build	Compile debug	2026-09-27T15:40:30.7242667Z 1 thread compile debug
build	Compile debug	2026-09-27T15:40:33.5043316Z make[2]: Entering directory '/workdir/openwrt/scripts/config'
build	Compile debug	2026-09-27T15:40:33.5043992Z make[2]: 'conf' is up to date.
build	Compile debug	2026-09-27T15:40:33.5044525Z make[2]: Leaving directory '/workdir/openwrt/scripts/config'
build	Compile debug	2026-09-27T15:40:34.9075082Z make[1]: Entering directory '/workdir/openwrt'
build	Compile debug	2026-09-27T15:40:36.6981892Z make[2]: Entering directory '/workdir/openwrt'
build	Compile debug	2026-09-27T15:40:38.3463995Z + mkdir -p /workdir/openwrt/staging_dir/target-aarch64_generic_musl
build	Compile debug	2026-09-27T15:40:38.3476783Z + cd /workdir/openwrt/staging_dir/target-aarch64_generic_musl
build	Compile debug	2026-09-27T15:40:38.3477947Z + mkdir -p bin lib stamp usr/include usr/lib
build	Compile debug	2026-09-27T15:40:38.3492337Z mkdir -p /workdir/openwrt/build_dir/target-aarch64_generic_musl/stamp
build	Compile debug	2026-09-27T15:40:38.3520791Z touch /workdir/openwrt/staging_dir/target-aarch64_generic_musl/.prepared
build	Compile debug	2026-09-27T15:40:38.3674495Z make[3]: Entering directory '/workdir/openwrt/target/linux'
build	Compile debug	2026-09-27T15:40:38.3815193Z make[4]: Entering directory '/workdir/openwrt/target/linux/armsr'
build	Compile debug	2026-09-27T15:40:38.4612983Z { stamp=/workdir/openwrt/build_dir/target-aarch64_generic_musl/linux-armsr_armv8/linux-6.18.52/.kbuild_modules; key="$(printf '%s' 'make -C /workdir/openwrt/build_dir/target-aarch64_generic_musl/linux-armsr_armv8/linux-6.18.52 KCFLAGS="-fmacro-prefix-map=/workdir/openwrt/build_dir/target-aarch64_generic_musl=target-aarch64_generic_musl -fmacro-prefix-map=/workdir/openwrt/staging_dir/target-aarch64_generic_musl=staging_dir/target-aarch64_generic_musl -fno-caller-saves " KAFLAGS="-fmacro-prefix-map=/workdir/openwrt/build_dir/target-aarch64_generic_musl=target-aarch64_generic_musl -fmacro-prefix-map=/workdir/openwrt/staging_dir/target-aarch64_generic_musl=staging_dir/target-aarch64_generic_musl" HOSTCFLAGS="-O2 -I/workdir/openwrt/staging_dir/host/include -Wall -Wmissing-prototypes -Wstrict-prototypes" CROSS_COMPILE="aarch64-openwrt-linux-musl-" ARCH="arm64" KBUILD_HAVE_NLS=no KBUILD_BUILD_USER="" KBUILD_BUILD_HOST="" KBUILD_BUILD_TIMESTAMP="Thu Sep 24 09:30:20 2026" KBUILD_BUILD_VERSION="0" KBUILD_HOSTLDFLAGS="-L/workdir/openwrt/staging_dir/host/lib" CONFIG_SHELL="bash" V='\'''\''  cmd_syscalls=  CC="aarch64-openwrt-linux-musl-gcc" KERNELRELEASE=6.18.52 all modules' | /workdir/openwrt/staging_dir/host/bin/mkhash md5)"; [ "$(cat $stamp 2>/dev/null)" = "$key" ] && [ -z "$(find /workdir/openwrt/build_dir/target-aarch64_generic_musl/linux-armsr_armv8/linux-6.18.52 /workdir/openwrt/staging_dir/toolchain-aarch64_generic_gcc-14.4.0_musl/bin  \( -path '/workdir/openwrt/build_dir/target-aarch64_generic_musl/linux-armsr_armv8/linux-6.18.52/.*' ! -path '/workdir/openwrt/build_dir/target-aarch64_generic_musl/linux-armsr_armv8/linux-6.18.52/.config' \) -prune -o ! -type d -newer $stamp -print -quit)" ] || { rm -f $stamp;  rm -f /workdir/openwrt/build_dir/target-aarch64_generic_musl/linux-armsr_armv8/linux-6.18.52/vmlinux /workdir/openwrt/build_dir/target-aarch64_generic_musl/linux-armsr_armv8/linux-6.18.52/System.map; make -C /workdir/openwrt/build_dir/target-aarch64_generic_musl/linux-armsr_armv8/linux-6.18.52 KCFLAGS="-fmacro-prefix-map=/workdir/openwrt/build_dir/target-aarch64_generic_musl=target-aarch64_generic_musl -fmacro-prefix-map=/workdir/openwrt/staging_dir/target-aarch64_generic_musl=staging_dir/target-aarch64_generic_musl -fno-caller-saves " KAFLAGS="-fmacro-prefix-map=/workdir/openwrt/build_dir/target-aarch64_generic_musl=target-aarch64_generic_musl -fmacro-prefix-map=/workdir/openwrt/staging_dir/target-aarch64_generic_musl=staging_dir/target-aarch64_generic_musl" HOSTCFLAGS="-O2 -I/workdir/openwrt/staging_dir/host/include -Wall -Wmissing-prototypes -Wstrict-prototypes" CROSS_COMPILE="aarch64-openwrt-linux-musl-" ARCH="arm64" KBUILD_HAVE_NLS=no KBUILD_BUILD_USER="" KBUILD_BUILD_HOST="" KBUILD_BUILD_TIMESTAMP="Thu Sep 24 09:30:20 2026" KBUILD_BUILD_VERSION="0" KBUILD_HOSTLDFLAGS="-L/workdir/openwrt/staging_dir/host/lib" CONFIG_SHELL="bash" V=''  cmd_syscalls=  CC="aarch64-openwrt-linux-musl-gcc" KERNELRELEASE=6.18.52 all modules && echo "$key" > $stamp; }; }
build	Compile debug	2026-09-27T15:40:40.0095627Z # If .config did not change, use the previous timestamp to avoid package rebuilds
build	Compile debug	2026-09-27T15:40:40.0121366Z cmp -s /workdir/openwrt/build_dir/target-aarch64_generic_musl/linux-armsr_armv8/linux-6.18.52/.config /workdir/openwrt/build_dir/target-aarch64_generic_musl/linux-armsr_armv8/linux-6.18.52/.config.modules.save && mv /workdir/openwrt/build_dir/target-aarch64_generic_musl/linux-armsr_armv8/linux-6.18.52/.config.modules.save /workdir/openwrt/build_dir/target-aarch64_generic_musl/linux-armsr_armv8/linux-6.18.52/.config; cp -fpR /workdir/openwrt/build_dir/target-aarch64_generic_musl/linux-armsr_armv8/linux-6.18.52/.config /workdir/openwrt/build_dir/target-aarch64_generic_musl/linux-armsr_armv8/linux-6.18.52/.config.modules.save
build	Compile debug	2026-09-27T15:40:40.0192252Z touch /workdir/openwrt/build_dir/target-aarch64_generic_musl/linux-armsr_armv8/linux-6.18.52/.modules
build	Compile debug	2026-09-27T15:40:40.0220504Z make -C image compile TARGET_BUILD=
build	Compile debug	2026-09-27T15:40:40.0277692Z make[5]: Entering directory '/workdir/openwrt/target/linux/armsr/image'
build	Compile debug	2026-09-27T15:40:40.0912484Z make[5]: Nothing to be done for 'compile'.
build	Compile debug	2026-09-27T15:40:40.0913203Z make[5]: Leaving directory '/workdir/openwrt/target/linux/armsr/image'
build	Compile debug	2026-09-27T15:40:40.0918834Z make[4]: Leaving directory '/workdir/openwrt/target/linux/armsr'
build	Compile debug	2026-09-27T15:40:40.0920967Z make[3]: Leaving directory '/workdir/openwrt/target/linux'
build	Compile debug	2026-09-27T15:40:40.0924415Z time: target/linux/compile#0.26#1.04#1.73
build	Compile debug	2026-09-27T15:40:40.0941515Z make[2]: Leaving directory '/workdir/openwrt'
build	Compile debug	2026-09-27T15:40:40.1039015Z export MAKEFLAGS= ;make -w -r buildinfo
build	Compile debug	2026-09-27T15:40:40.1078054Z make[2]: Entering directory '/workdir/openwrt'
build	Compile debug	2026-09-27T15:40:41.8011221Z  make[3] diffconfig buildversion feedsversion
build	Compile debug	2026-09-27T15:40:43.8789610Z make[2]: Leaving directory '/workdir/openwrt'
build	Compile debug	2026-09-27T15:40:43.9190328Z make[2]: Entering directory '/workdir/openwrt'
build	Compile debug	2026-09-27T15:40:45.5722951Z rm -rf /workdir/openwrt/staging_dir/target-aarch64_generic_musl/root-armsr
build	Compile debug	2026-09-27T15:40:45.7338324Z make[2]: Leaving directory '/workdir/openwrt'
build	Compile debug	2026-09-27T15:40:45.8102965Z make[2]: Entering directory '/workdir/openwrt'
build	Compile debug	2026-09-27T15:40:47.5099685Z make[3]: Entering directory '/workdir/openwrt/package/utils/lua'
build	Compile debug	2026-09-27T15:40:47.5580847Z make[3]: Leaving directory '/workdir/openwrt/package/utils/lua'
build	Compile debug	2026-09-27T15:40:47.5588110Z time: package/utils/lua/host-compile#0.05#0.03#0.08
build	Compile debug	2026-09-27T15:40:47.6013996Z make[3]: Entering directory '/workdir/openwrt/package/system/apk'
build	Compile debug	2026-09-27T15:40:47.6606609Z make[3]: Leaving directory '/workdir/openwrt/package/system/apk'
build	Compile debug	2026-09-27T15:40:47.6614190Z time: package/system/apk/host-compile#0.04#0.04#0.09
build	Compile debug	2026-09-27T15:40:47.7032317Z make[3]: Entering directory '/workdir/openwrt/package/libs/toolchain'
build	Compile debug	2026-09-27T15:40:47.7668986Z mkdir -p /workdir/openwrt/staging_dir/target-aarch64_generic_musl/root-armsr/stamp
build	Compile debug	2026-09-27T15:40:47.7705134Z echo '1' | cmp -s - /workdir/openwrt/staging_dir/target-aarch64_generic_musl/pkginfo/libgcc.version || { mkdir -p /workdir/openwrt/staging_dir/target-aarch64_generic_musl/pkginfo; echo '1' > /workdir/openwrt/staging_dir/target-aarch64_generic_musl/pkginfo/libgcc.version;  cp /workdir/openwrt/staging_dir/target-aarch64_generic_musl/pkginfo/libgcc.version /workdir/openwrt/staging_dir/target-aarch64_generic_musl/pkginfo/libgcc-any.version;  } 
build	Compile debug	2026-09-27T15:40:47.7738000Z SHELL= flock /workdir/openwrt/tmp/.root-copy.flock -c 'cp -fpR /workdir/openwrt/build_dir/target-aarch64_generic_musl/toolchain/.pkgdir/libgcc/. /workdir/openwrt/staging_dir/target-aarch64_generic_musl/root-armsr/'
build	Compile debug	2026-09-27T15:40:47.7800911Z touch /workdir/openwrt/staging_dir/target-aarch64_generic_musl/root-armsr/stamp/.libgcc_installed
build	Compile debug	2026-09-27T15:40:47.7827647Z echo "libgcc" >> /workdir/openwrt/staging_dir/target-aarch64_generic_musl/pkginfo/toolchain.default.install
build	Compile debug	2026-09-27T15:40:47.7855098Z mkdir -p /workdir/openwrt/staging_dir/target-aarch64_generic_musl/root-armsr/stamp
build	Compile debug	2026-09-27T15:40:47.7889313Z SHELL= flock /workdir/openwrt/tmp/.root-copy.flock -c 'cp -fpR /workdir/openwrt/build_dir/target-aarch64_generic_musl/toolchain/.pkgdir/libc/. /workdir/openwrt/staging_dir/target-aarch64_generic_musl/root-armsr/'
build	Compile debug	2026-09-27T15:40:47.8614182Z touch /workdir/openwrt/staging_dir/target-aarch64_generic_musl/root-armsr/stamp/.libc_installed
build	Compile debug	2026-09-27T15:40:47.8643372Z echo "libc" >> /workdir/openwrt/staging_dir/target-aarch64_generic_musl/pkginfo/toolchain.default.install
build	Compile debug	2026-09-27T15:40:47.8673037Z mkdir -p /workdir/openwrt/staging_dir/target-aarch64_generic_musl/root-armsr/stamp
build	Compile debug	2026-09-27T15:40:47.8708606Z echo '1' | cmp -s - /workdir/openwrt/staging_dir/target-aarch64_generic_musl/pkginfo/libatomic.version || { mkdir -p /workdir/openwrt/staging_dir/target-aarch64_generic_musl/pkginfo; echo '1' > /workdir/openwrt/staging_dir/target-aarch64_generic_musl/pkginfo/libatomic.version;  cp /workdir/openwrt/staging_dir/target-aarch64_generic_musl/pkginfo/libatomic.version /workdir/openwrt/staging_dir/target-aarch64_generic_musl/pkginfo/libatomic-any.version;  } 
build	Compile debug	2026-09-27T15:40:47.8740954Z SHELL= flock /workdir/openwrt/tmp/.root-copy.flock -c 'cp -fpR /workdir/openwrt/build_dir/target-aarch64_generic_musl/toolchain/.pkgdir/libatomic/. /workdir/openwrt/staging_dir/target-aarch64_generic_musl/root-armsr/'
build	Compile debug	2026-09-27T15:40:47.8797645Z touch /workdir/openwrt/staging_dir/target-aarch64_generic_musl/root-armsr/stamp/.libatomic_installed
build	Compile debug	2026-09-27T15:40:47.8824151Z echo "libatomic" >> /workdir/openwrt/staging_dir/target-aarch64_generic_musl/pkginfo/toolchain.default.install
build	Compile debug	2026-09-27T15:40:47.8849565Z mkdir -p /workdir/openwrt/staging_dir/target-aarch64_generic_musl/root-armsr/stamp
build	Compile debug	2026-09-27T15:40:47.8883719Z echo '6' | cmp -s - /workdir/openwrt/staging_dir/target-aarch64_generic_musl/pkginfo/libstdcpp.version || { mkdir -p /workdir/openwrt/staging_dir/target-aarch64_generic_musl/pkginfo; echo '6' > /workdir/openwrt/staging_dir/target-aarch64_generic_musl/pkginfo/libstdcpp.version;  cp /workdir/openwrt/staging_dir/target-aarch64_generic_musl/pkginfo/libstdcpp.version /workdir/openwrt/staging_dir/target-aarch64_generic_musl/pkginfo/libstdcpp-any.version;  } 
build	Compile debug	2026-09-27T15:40:47.8915578Z SHELL= flock /workdir/openwrt/tmp/.root-copy.flock -c 'cp -fpR /workdir/openwrt/build_dir/target-aarch64_generic_musl/toolchain/.pkgdir/libstdcpp/. /workdir/openwrt/staging_dir/target-aarch64_generic_musl/root-armsr/'
build	Compile debug	2026-09-27T15:40:47.9104521Z touch /workdir/openwrt/staging_dir/target-aarch64_generic_musl/root-armsr/stamp/.libstdcpp_installed
build	Compile debug	2026-09-27T15:40:47.9133688Z echo "libstdcpp" >> /workdir/openwrt/staging_dir/target-aarch64_generic_musl/pkginfo/toolchain.default.install
build	Compile debug	2026-09-27T15:40:47.9163528Z mkdir -p /workdir/openwrt/staging_dir/target-aarch64_generic_musl/root-armsr/stamp
build	Compile debug	2026-09-27T15:40:47.9198427Z SHELL= flock /workdir/openwrt/tmp/.root-copy.flock -c 'cp -fpR /workdir/openwrt/build_dir/target-aarch64_generic_musl/toolchain/.pkgdir/libpthread/. /workdir/openwrt/staging_dir/target-aarch64_generic_musl/root-armsr/'
build	Compile debug	2026-09-27T15:40:47.9243372Z touch /workdir/openwrt/staging_dir/target-aarch64_generic_musl/root-armsr/stamp/.libpthread_installed
build	Compile debug	2026-09-27T15:40:47.9269719Z echo "libpthread" >> /workdir/openwrt/staging_dir/target-aarch64_generic_musl/pkginfo/toolchain.default.install
build	Compile debug	2026-09-27T15:40:47.9295219Z mkdir -p /workdir/openwrt/staging_dir/target-aarch64_generic_musl/root-armsr/stamp
build	Compile debug	2026-09-27T15:40:47.9329235Z SHELL= flock /workdir/openwrt/tmp/.root-copy.flock -c 'cp -fpR /workdir/openwrt/build_dir/target-aarch64_generic_musl/toolchain/.pkgdir/librt/. /workdir/openwrt/staging_dir/target-aarch64_generic_musl/root-armsr/'
build	Compile debug	2026-09-27T15:40:47.9373432Z touch /workdir/openwrt/staging_dir/target-aarch64_generic_musl/root-armsr/stamp/.librt_installed
build	Compile debug	2026-09-27T15:40:47.9399621Z echo "librt" >> /workdir/openwrt/staging_dir/target-aarch64_generic_musl/pkginfo/toolchain.default.install
build	Compile debug	2026-09-27T15:40:47.9425561Z make[3]: Leaving directory '/workdir/openwrt/package/libs/toolchain'
build	Compile debug	2026-09-27T15:40:47.9433824Z time: package/libs/toolchain/compile#0.08#0.13#0.27
build	Compile debug	2026-09-27T15:40:47.9564456Z make[3]: Entering directory '/workdir/openwrt/package/libs/libnl-tiny'
build	Compile debug	2026-09-27T15:40:48.0523445Z mkdir -p /workdir/openwrt/staging_dir/target-aarch64_generic_musl/root-armsr/stamp
build	Compile debug	2026-09-27T15:40:48.0558548Z echo '1' | cmp -s - /workdir/openwrt/staging_dir/target-aarch64_generic_musl/pkginfo/libnl-tiny.version || { mkdir -p /workdir/openwrt/staging_dir/target-aarch64_generic_musl/pkginfo; echo '1' > /workdir/openwrt/staging_dir/target-aarch64_generic_musl/pkginfo/libnl-tiny.version;  cp /workdir/openwrt/staging_dir/target-aarch64_generic_musl/pkginfo/libnl-tiny.version /workdir/openwrt/staging_dir/target-aarch64_generic_musl/pkginfo/libnl-tiny-any.version;  } 
build	Compile debug	2026-09-27T15:40:48.0589938Z SHELL= flock /workdir/openwrt/tmp/.root-copy.flock -c 'cp -fpR /workdir/openwrt/build_dir/target-aarch64_generic_musl/libnl-tiny-2025.12.02~40493a65/.pkgdir/libnl-tiny/. /workdir/openwrt/staging_dir/target-aarch64_generic_musl/root-armsr/'
build	Compile debug	2026-09-27T15:40:48.0641310Z touch /workdir/openwrt/staging_dir/target-aarch64_generic_musl/root-armsr/stamp/.libnl-tiny_installed
build	Compile debug	2026-09-27T15:40:48.0668393Z echo "libnl-tiny" >> /workdir/openwrt/staging_dir/target-aarch64_generic_musl/pkginfo/libnl-tiny.default.install
build	Compile debug	2026-09-27T15:40:48.0695004Z make[3]: Leaving directory '/workdir/openwrt/package/libs/libnl-tiny'
build	Compile debug	2026-09-27T15:40:48.0703024Z time: package/libs/libnl-tiny/compile#0.06#0.05#0.12
build	Compile debug	2026-09-27T15:40:48.1133169Z make[3]: Entering directory '/workdir/openwrt/package/libs/libjson-c'
build	Compile debug	2026-09-27T15:40:48.1812567Z mkdir -p /workdir/openwrt/staging_dir/target-aarch64_generic_musl/root-armsr/stamp
build	Compile debug	2026-09-27T15:40:48.1848415Z echo '5' | cmp -s - /workdir/openwrt/staging_dir/target-aarch64_generic_musl/pkginfo/libjson-c.version || { mkdir -p /workdir/openwrt/staging_dir/target-aarch64_generic_musl/pkginfo; echo '5' > /workdir/openwrt/staging_dir/target-aarch64_generic_musl/pkginfo/libjson-c.version;  cp /workdir/openwrt/staging_dir/target-aarch64_generic_musl/pkginfo/libjson-c.version /workdir/openwrt/staging_dir/target-aarch64_generic_musl/pkginfo/libjson-c-any.version;  } 
build	Compile debug	2026-09-27T15:40:48.1880875Z SHELL= flock /workdir/openwrt/tmp/.root-copy.flock -c 'cp -fpR /workdir/openwrt/build_dir/target-aarch64_generic_musl/json-c-0.18/.pkgdir/libjson-c/. /workdir/openwrt/staging_dir/target-aarch64_generic_musl/root-armsr/'
build	Compile debug	2026-09-27T15:40:48.1932092Z touch /workdir/openwrt/staging_dir/target-aarch64_generic_musl/root-armsr/stamp/.libjson-c_installed
build	Compile debug	2026-09-27T15:40:48.1958902Z echo "libjson-c" >> /workdir/openwrt/staging_dir/target-aarch64_generic_musl/pkginfo/libjson-c.default.install
build	Compile debug	2026-09-27T15:40:48.1985202Z make[3]: Leaving directory '/workdir/openwrt/package/libs/libjson-c'
build	Compile debug	2026-09-27T15:40:48.1993433Z time: package/libs/libjson-c/compile#0.05#0.06#0.12
build	Compile debug	2026-09-27T15:40:48.2411639Z make[3]: Entering directory '/workdir/openwrt/package/utils/lua'
build	Compile debug	2026-09-27T15:40:48.3084214Z mkdir -p /workdir/openwrt/staging_dir/target-aarch64_generic_musl/root-armsr/stamp
build	Compile debug	2026-09-27T15:40:48.3119591Z echo '5.1.5' | cmp -s - /workdir/openwrt/staging_dir/target-aarch64_generic_musl/pkginfo/liblua.version || { mkdir -p /workdir/openwrt/staging_dir/target-aarch64_generic_musl/pkginfo; echo '5.1.5' > /workdir/openwrt/staging_dir/target-aarch64_generic_musl/pkginfo/liblua.version;  cp /workdir/openwrt/staging_dir/target-aarch64_generic_musl/pkginfo/liblua.version /workdir/openwrt/staging_dir/target-aarch64_generic_musl/pkginfo/liblua-any.version;  } 
build	Compile debug	2026-09-27T15:40:48.3152111Z SHELL= flock /workdir/openwrt/tmp/.root-copy.flock -c 'cp -fpR /workdir/openwrt/build_dir/target-aarch64_generic_musl/lua-5.1.5/.pkgdir/liblua/. /workdir/openwrt/staging_dir/target-aarch64_generic_musl/root-armsr/'
build	Compile debug	2026-09-27T15:40:48.3206706Z touch /workdir/openwrt/staging_dir/target-aarch64_generic_musl/root-armsr/stamp/.liblua_installed
build	Compile debug	2026-09-27T15:40:48.3233140Z echo "liblua" >> /workdir/openwrt/staging_dir/target-aarch64_generic_musl/pkginfo/lua.default.install
build	Compile debug	2026-09-27T15:40:48.3259903Z mkdir -p /workdir/openwrt/staging_dir/target-aarch64_generic_musl/root-armsr/stamp
build	Compile debug	2026-09-27T15:40:48.3292988Z SHELL= flock /workdir/openwrt/tmp/.root-copy.flock -c 'cp -fpR /workdir/openwrt/build_dir/target-aarch64_generic_musl/lua-5.1.5/.pkgdir/lua/. /workdir/openwrt/staging_dir/target-aarch64_generic_musl/root-armsr/'
build	Compile debug	2026-09-27T15:40:48.3344281Z touch /workdir/openwrt/staging_dir/target-aarch64_generic_musl/root-armsr/stamp/.lua_installed
build	Compile debug	2026-09-27T15:40:48.3370484Z echo "lua" >> /workdir/openwrt/staging_dir/target-aarch64_generic_musl/pkginfo/lua.default.install
build	Compile debug	2026-09-27T15:40:48.3395872Z make[3]: Leaving directory '/workdir/openwrt/package/utils/lua'
build	Compile debug	2026-09-27T15:40:48.3404220Z time: package/utils/lua/compile#0.06#0.07#0.13
build	Compile debug	2026-09-27T15:40:48.3535103Z make[3]: Entering directory '/workdir/openwrt/package/libs/libubox'
build	Compile debug	2026-09-27T15:40:48.4626673Z mkdir -p /workdir/openwrt/staging_dir/target-aarch64_generic_musl/root-armsr/stamp
build	Compile debug	2026-09-27T15:40:48.4664425Z echo '20260721' | cmp -s - /workdir/openwrt/staging_dir/target-aarch64_generic_musl/pkginfo/libubox.version || { mkdir -p /workdir/openwrt/staging_dir/target-aarch64_generic_musl/pkginfo; echo '20260721' > /workdir/openwrt/staging_dir/target-aarch64_generic_musl/pkginfo/libubox.version;  cp /workdir/openwrt/staging_dir/target-aarch64_generic_musl/pkginfo/libubox.version /workdir/openwrt/staging_dir/target-aarch64_generic_musl/pkginfo/libubox-any.version;  } 
build	Compile debug	2026-09-27T15:40:48.4697266Z SHELL= flock /workdir/openwrt/tmp/.root-copy.flock -c 'cp -fpR /workdir/openwrt/build_dir/target-aarch64_generic_musl/libubox-2026.07.21~e7608b69/.pkgdir/libubox/. /workdir/openwrt/staging_dir/target-aarch64_generic_musl/root-armsr/'
build	Compile debug	2026-09-27T15:40:48.4753564Z touch /workdir/openwrt/staging_dir/target-aarch64_generic_musl/root-armsr/stamp/.libubox_installed
build	Compile debug	2026-09-27T15:40:48.4781051Z echo "libubox" >> /workdir/openwrt/staging_dir/target-aarch64_generic_musl/pkginfo/libubox.default.install
build	Compile debug	2026-09-27T15:40:48.4810701Z mkdir -p /workdir/openwrt/staging_dir/target-aarch64_generic_musl/root-armsr/stamp
build	Compile debug	2026-09-27T15:40:48.4846268Z echo '20260721' | cmp -s - /workdir/openwrt/staging_dir/target-aarch64_generic_musl/pkginfo/libblobmsg-json.version || { mkdir -p /workdir/openwrt/staging_dir/target-aarch64_generic_musl/pkginfo; echo '20260721' > /workdir/openwrt/staging_dir/target-aarch64_generic_musl/pkginfo/libblobmsg-json.version;  cp /workdir/openwrt/staging_dir/target-aarch64_generic_musl/pkginfo/libblobmsg-json.version /workdir/openwrt/staging_dir/target-aarch64_generic_musl/pkginfo/libblobmsg-json-any.version;  } 
build	Compile debug	2026-09-27T15:40:48.4879449Z SHELL= flock /workdir/openwrt/tmp/.root-copy.flock -c 'cp -fpR /workdir/openwrt/build_dir/target-aarch64_generic_musl/libubox-2026.07.21~e7608b69/.pkgdir/libblobmsg-json/. /workdir/openwrt/staging_dir/target-aarch64_generic_musl/root-armsr/'
build	Compile debug	2026-09-27T15:40:48.4931648Z touch /workdir/openwrt/staging_dir/target-aarch64_generic_musl/root-armsr/stamp/.libblobmsg-json_installed
build	Compile debug	2026-09-27T15:40:48.4959046Z echo "libblobmsg-json" >> /workdir/openwrt/staging_dir/target-aarch64_generic_musl/pkginfo/libubox.default.install
build	Compile debug	2026-09-27T15:40:48.4985193Z mkdir -p /workdir/openwrt/staging_dir/target-aarch64_generic_musl/root-armsr/stamp
build	Compile debug	2026-09-27T15:40:48.5019425Z SHELL= flock /workdir/openwrt/tmp/.root-copy.flock -c 'cp -fpR /workdir/openwrt/build_dir/target-aarch64_generic_musl/libubox-2026.07.21~e7608b69/.pkgdir/jshn/. /workdir/openwrt/staging_dir/target-aarch64_generic_musl/root-armsr/'
build	Compile debug	2026-09-27T15:40:48.5075479Z touch /workdir/openwrt/staging_dir/target-aarch64_generic_musl/root-armsr/stamp/.jshn_installed
build	Compile debug	2026-09-27T15:40:48.5103140Z echo "jshn" >> /workdir/openwrt/staging_dir/target-aarch64_generic_musl/pkginfo/libubox.default.install
build	Compile debug	2026-09-27T15:40:48.5128955Z mkdir -p /workdir/openwrt/staging_dir/target-aarch64_generic_musl/root-armsr/stamp
build	Compile debug	2026-09-27T15:40:48.5164981Z echo '20260721' | cmp -s - /workdir/openwrt/staging_dir/target-aarch64_generic_musl/pkginfo/libjson-script.version || { mkdir -p /workdir/openwrt/staging_dir/target-aarch64_generic_musl/pkginfo; echo '20260721' > /workdir/openwrt/staging_dir/target-aarch64_generic_musl/pkginfo/libjson-script.version;  cp /workdir/openwrt/staging_dir/target-aarch64_generic_musl/pkginfo/libjson-script.version /workdir/openwrt/staging_dir/target-aarch64_generic_musl/pkginfo/libjson-script-any.version;  } 
build	Compile debug	2026-09-27T15:40:48.5197275Z SHELL= flock /workdir/openwrt/tmp/.root-copy.flock -c 'cp -fpR /workdir/openwrt/build_dir/target-aarch64_generic_musl/libubox-2026.07.21~e7608b69/.pkgdir/libjson-script/. /workdir/openwrt/staging_dir/target-aarch64_generic_musl/root-armsr/'
build	Compile debug	2026-09-27T15:40:48.5249737Z touch /workdir/openwrt/staging_dir/target-aarch64_generic_musl/root-armsr/stamp/.libjson-script_installed
build	Compile debug	2026-09-27T15:40:48.5277099Z echo "libjson-script" >> /workdir/openwrt/staging_dir/target-aarch64_generic_musl/pkginfo/libubox.default.install
build	Compile debug	2026-09-27T15:40:48.5303066Z make[3]: Leaving directory '/workdir/openwrt/package/libs/libubox'
build	Compile debug	2026-09-27T15:40:48.5312021Z time: package/libs/libubox/compile#0.07#0.10#0.18
build	Compile debug	2026-09-27T15:40:48.5442284Z make[3]: Entering directory '/workdir/openwrt/package/system/ubus'
build	Compile debug	2026-09-27T15:40:48.6557854Z mkdir -p /workdir/openwrt/staging_dir/target-aarch64_generic_musl/root-armsr/stamp
build	Compile debug	2026-09-27T15:40:48.6594304Z echo '20260628' | cmp -s - /workdir/openwrt/staging_dir/target-aarch64_generic_musl/pkginfo/libubus.version || { mkdir -p /workdir/openwrt/staging_dir/target-aarch64_generic_musl/pkginfo; echo '20260628' > /workdir/openwrt/staging_dir/target-aarch64_generic_musl/pkginfo/libubus.version;  cp /workdir/openwrt/staging_dir/target-aarch64_generic_musl/pkginfo/libubus.version /workdir/openwrt/staging_dir/target-aarch64_generic_musl/pkginfo/libubus-any.version;  } 
build	Compile debug	2026-09-27T15:40:48.6628327Z SHELL= flock /workdir/openwrt/tmp/.root-copy.flock -c 'cp -fpR /workdir/openwrt/build_dir/target-aarch64_generic_musl/ubus-2026.06.28~24864e78/.pkgdir/libubus/. /workdir/openwrt/staging_dir/target-aarch64_generic_musl/root-armsr/'
build	Compile debug	2026-09-27T15:40:48.6680357Z touch /workdir/openwrt/staging_dir/target-aarch64_generic_musl/root-armsr/stamp/.libubus_installed
build	Compile debug	2026-09-27T15:40:48.6708238Z echo "libubus" >> /workdir/openwrt/staging_dir/target-aarch64_generic_musl/pkginfo/ubus.default.install
build	Compile debug	2026-09-27T15:40:48.6737018Z mkdir -p /workdir/openwrt/staging_dir/target-aarch64_generic_musl/root-armsr/stamp
build	Compile debug	2026-09-27T15:40:48.6772551Z SHELL= flock /workdir/openwrt/tmp/.root-copy.flock -c 'cp -fpR /workdir/openwrt/build_dir/target-aarch64_generic_musl/ubus-2026.06.28~24864e78/.pkgdir/libubus-lua/. /workdir/openwrt/staging_dir/target-aarch64_generic_musl/root-armsr/'
build	Compile debug	2026-09-27T15:40:48.6827872Z touch /workdir/openwrt/staging_dir/target-aarch64_generic_musl/root-armsr/stamp/.libubus-lua_installed
build	Compile debug	2026-09-27T15:40:48.6854812Z echo "libubus-lua" >> /workdir/openwrt/staging_dir/target-aarch64_generic_musl/pkginfo/ubus.default.install
build	Compile debug	2026-09-27T15:40:48.6881987Z mkdir -p /workdir/openwrt/staging_dir/target-aarch64_generic_musl/root-armsr/stamp
build	Compile debug	2026-09-27T15:40:48.6917033Z SHELL= flock /workdir/openwrt/tmp/.root-copy.flock -c 'cp -fpR /workdir/openwrt/build_dir/target-aarch64_generic_musl/ubus-2026.06.28~24864e78/.pkgdir/ubus/. /workdir/openwrt/staging_dir/target-aarch64_generic_musl/root-armsr/'
build	Compile debug	2026-09-27T15:40:48.6972672Z touch /workdir/openwrt/staging_dir/target-aarch64_generic_musl/root-armsr/stamp/.ubus_installed
build	Compile debug	2026-09-27T15:40:48.6999548Z echo "ubus" >> /workdir/openwrt/staging_dir/target-aarch64_generic_musl/pkginfo/ubus.default.install
build	Compile debug	2026-09-27T15:40:48.7026900Z mkdir -p /workdir/openwrt/staging_dir/target-aarch64_generic_musl/root-armsr/stamp
build	Compile debug	2026-09-27T15:40:48.7061558Z SHELL= flock /workdir/openwrt/tmp/.root-copy.flock -c 'cp -fpR /workdir/openwrt/build_dir/target-aarch64_generic_musl/ubus-2026.06.28~24864e78/.pkgdir/ubusd/. /workdir/openwrt/staging_dir/target-aarch64_generic_musl/root-armsr/'
build	Compile debug	2026-09-27T15:40:48.7113076Z touch /workdir/openwrt/staging_dir/target-aarch64_generic_musl/root-armsr/stamp/.ubusd_installed
build	Compile debug	2026-09-27T15:40:48.7140637Z echo "ubusd" >> /workdir/openwrt/staging_dir/target-aarch64_generic_musl/pkginfo/ubus.default.install
build	Compile debug	2026-09-27T15:40:48.7166799Z make[3]: Leaving directory '/workdir/openwrt/package/system/ubus'
build	Compile debug	2026-09-27T15:40:48.7174490Z time: package/system/ubus/compile#0.08#0.09#0.18
build	Compile debug	2026-09-27T15:40:48.7596686Z make[3]: Entering directory '/workdir/openwrt/package/libs/libmd'
build	Compile debug	2026-09-27T15:40:48.8246267Z make[3]: Leaving directory '/workdir/openwrt/package/libs/libmd'
build	Compile debug	2026-09-27T15:40:48.8255026Z time: package/libs/libmd/compile#0.05#0.04#0.10
build	Compile debug	2026-09-27T15:40:48.8677487Z make[3]: Entering directory '/workdir/openwrt/package/libs/zlib'
build	Compile debug	2026-09-27T15:40:48.9390172Z mkdir -p /workdir/openwrt/staging_dir/target-aarch64_generic_musl/root-armsr/stamp
build	Compile debug	2026-09-27T15:40:48.9425799Z SHELL= flock /workdir/openwrt/tmp/.root-copy.flock -c 'cp -fpR /workdir/openwrt/build_dir/target-aarch64_generic_musl/zlib-1.3.2/.pkgdir/zlib/. /workdir/openwrt/staging_dir/target-aarch64_generic_musl/root-armsr/'
build	Compile debug	2026-09-27T15:40:48.9478227Z touch /workdir/openwrt/staging_dir/target-aarch64_generic_musl/root-armsr/stamp/.zlib_installed
build	Compile debug	2026-09-27T15:40:48.9506145Z echo "zlib" >> /workdir/openwrt/staging_dir/target-aarch64_generic_musl/pkginfo/zlib.default.install
build	Compile debug	2026-09-27T15:40:48.9533098Z make[3]: Leaving directory '/workdir/openwrt/package/libs/zlib'
build	Compile debug	2026-09-27T15:40:48.9541170Z time: package/libs/zlib/compile#0.06#0.05#0.12
build	Compile debug	2026-09-27T15:40:48.9671718Z make[3]: Entering directory '/workdir/openwrt/package/system/uci'
build	Compile debug	2026-09-27T15:40:49.0712590Z mkdir -p /workdir/openwrt/staging_dir/target-aarch64_generic_musl/root-armsr/stamp
build	Compile debug	2026-09-27T15:40:49.0749117Z echo '20250120' | cmp -s - /workdir/openwrt/staging_dir/target-aarch64_generic_musl/pkginfo/libuci.version || { mkdir -p /workdir/openwrt/staging_dir/target-aarch64_generic_musl/pkginfo; echo '20250120' > /workdir/openwrt/staging_dir/target-aarch64_generic_musl/pkginfo/libuci.version;  cp /workdir/openwrt/staging_dir/target-aarch64_generic_musl/pkginfo/libuci.version /workdir/openwrt/staging_dir/target-aarch64_generic_musl/pkginfo/libuci-any.version;  } 
build	Compile debug	2026-09-27T15:40:49.0782402Z SHELL= flock /workdir/openwrt/tmp/.root-copy.flock -c 'cp -fpR /workdir/openwrt/build_dir/target-aarch64_generic_musl/uci-2025.12.02~66127cd7/.pkgdir/libuci/. /workdir/openwrt/staging_dir/target-aarch64_generic_musl/root-armsr/'
build	Compile debug	2026-09-27T15:40:49.0837745Z touch /workdir/openwrt/staging_dir/target-aarch64_generic_musl/root-armsr/stamp/.libuci_installed
build	Compile debug	2026-09-27T15:40:49.0864395Z echo "libuci" >> /workdir/openwrt/staging_dir/target-aarch64_generic_musl/pkginfo/uci.default.install
build	Compile debug	2026-09-27T15:40:49.0892197Z mkdir -p /workdir/openwrt/staging_dir/target-aarch64_generic_musl/root-armsr/stamp
build	Compile debug	2026-09-27T15:40:49.0926542Z SHELL= flock /workdir/openwrt/tmp/.root-copy.flock -c 'cp -fpR /workdir/openwrt/build_dir/target-aarch64_generic_musl/uci-2025.12.02~66127cd7/.pkgdir/libuci-lua/. /workdir/openwrt/staging_dir/target-aarch64_generic_musl/root-armsr/'
build	Compile debug	2026-09-27T15:40:49.0980635Z touch /workdir/openwrt/staging_dir/target-aarch64_generic_musl/root-armsr/stamp/.libuci-lua_installed
build	Compile debug	2026-09-27T15:40:49.1007798Z echo "libuci-lua" >> /workdir/openwrt/staging_dir/target-aarch64_generic_musl/pkginfo/uci.default.install
build	Compile debug	2026-09-27T15:40:49.1033803Z mkdir -p /workdir/openwrt/staging_dir/target-aarch64_generic_musl/root-armsr/stamp
build	Compile debug	2026-09-27T15:40:49.1070356Z SHELL= flock /workdir/openwrt/tmp/.root-copy.flock -c 'cp -fpR /workdir/openwrt/build_dir/target-aarch64_generic_musl/uci-2025.12.02~66127cd7/.pkgdir/uci/. /workdir/openwrt/staging_dir/target-aarch64_generic_musl/root-armsr/'
build	Compile debug	2026-09-27T15:40:49.1127774Z touch /workdir/openwrt/staging_dir/target-aarch64_generic_musl/root-armsr/stamp/.uci_installed
build	Compile debug	2026-09-27T15:40:49.1154496Z echo "uci" >> /workdir/openwrt/staging_dir/target-aarch64_generic_musl/pkginfo/uci.default.install
build	Compile debug	2026-09-27T15:40:49.1182241Z make[3]: Leaving directory '/workdir/openwrt/package/system/uci'
build	Compile debug	2026-09-27T15:40:49.1191206Z time: package/system/uci/compile#0.07#0.08#0.16
build	Compile debug	2026-09-27T15:40:49.1323222Z make[3]: Entering directory '/workdir/openwrt/package/utils/ucode'
build	Compile debug	2026-09-27T15:40:49.2555142Z mkdir -p /workdir/openwrt/staging_dir/target-aarch64_generic_musl/root-armsr/stamp
build	Compile debug	2026-09-27T15:40:49.2592727Z echo '20230711' | cmp -s - /workdir/openwrt/staging_dir/target-aarch64_generic_musl/pkginfo/libucode.version || { mkdir -p /workdir/openwrt/staging_dir/target-aarch64_generic_musl/pkginfo; echo '20230711' > /workdir/openwrt/staging_dir/target-aarch64_generic_musl/pkginfo/libucode.version;  cp /workdir/openwrt/staging_dir/target-aarch64_generic_musl/pkginfo/libucode.version /workdir/openwrt/staging_dir/target-aarch64_generic_musl/pkginfo/libucode-any.version;  } 
build	Compile debug	2026-09-27T15:40:49.2626266Z SHELL= flock /workdir/openwrt/tmp/.root-copy.flock -c 'cp -fpR /workdir/openwrt/build_dir/target-aarch64_generic_musl/ucode-2026.07.09~b885dd0f/.pkgdir/libucode/. /workdir/openwrt/staging_dir/target-aarch64_generic_musl/root-armsr/'
build	Compile debug	2026-09-27T15:40:49.2683172Z touch /workdir/openwrt/staging_dir/target-aarch64_generic_musl/root-armsr/stamp/.libucode_installed
build	Compile debug	2026-09-27T15:40:49.2711117Z echo "libucode" >> /workdir/openwrt/staging_dir/target-aarch64_generic_musl/pkginfo/ucode.default.install
build	Compile debug	2026-09-27T15:40:49.2741651Z mkdir -p /workdir/openwrt/staging_dir/target-aarch64_generic_musl/root-armsr/stamp
build	Compile debug	2026-09-27T15:40:49.2776610Z SHELL= flock /workdir/openwrt/tmp/.root-copy.flock -c 'cp -fpR /workdir/openwrt/build_dir/target-aarch64_generic_musl/ucode-2026.07.09~b885dd0f/.pkgdir/ucode/. /workdir/openwrt/staging_dir/target-aarch64_generic_musl/root-armsr/'
build	Compile debug	2026-09-27T15:40:49.2830677Z touch /workdir/openwrt/staging_dir/target-aarch64_generic_musl/root-armsr/stamp/.ucode_installed
build	Compile debug	2026-09-27T15:40:49.2858778Z echo "ucode" >> /workdir/openwrt/staging_dir/target-aarch64_generic_musl/pkginfo/ucode.default.install
build	Compile debug	2026-09-27T15:40:49.2884688Z mkdir -p /workdir/openwrt/staging_dir/target-aarch64_generic_musl/root-armsr/stamp
build	Compile debug	2026-09-27T15:40:49.2919039Z SHELL= flock /workdir/openwrt/tmp/.root-copy.flock -c 'cp -fpR /workdir/openwrt/build_dir/target-aarch64_generic_musl/ucode-2026.07.09~b885dd0f/.pkgdir/ucode-mod-fs/. /workdir/openwrt/staging_dir/target-aarch64_generic_musl/root-armsr/'
build	Compile debug	2026-09-27T15:40:49.2968971Z touch /workdir/openwrt/staging_dir/target-aarch64_generic_musl/root-armsr/stamp/.ucode-mod-fs_installed
build	Compile debug	2026-09-27T15:40:49.2996531Z echo "ucode-mod-fs" >> /workdir/openwrt/staging_dir/target-aarch64_generic_musl/pkginfo/ucode.default.install
build	Compile debug	2026-09-27T15:40:49.3021877Z mkdir -p /workdir/openwrt/staging_dir/target-aarch64_generic_musl/root-armsr/stamp
build	Compile debug	2026-09-27T15:40:49.3055400Z SHELL= flock /workdir/openwrt/tmp/.root-copy.flock -c 'cp -fpR /workdir/openwrt/build_dir/target-aarch64_generic_musl/ucode-2026.07.09~b885dd0f/.pkgdir/ucode-mod-log/. /workdir/openwrt/staging_dir/target-aarch64_generic_musl/root-armsr/'
build	Compile debug	2026-09-27T15:40:49.3102615Z touch /workdir/openwrt/staging_dir/target-aarch64_generic_musl/root-armsr/stamp/.ucode-mod-log_installed
build	Compile debug	2026-09-27T15:40:49.3129602Z echo "ucode-mod-log" >> /workdir/openwrt/staging_dir/target-aarch64_generic_musl/pkginfo/ucode.default.install
build	Compile debug	2026-09-27T15:40:49.3156376Z mkdir -p /workdir/openwrt/staging_dir/target-aarch64_generic_musl/root-armsr/stamp
build	Compile debug	2026-09-27T15:40:49.3190532Z SHELL= flock /workdir/openwrt/tmp/.root-copy.flock -c 'cp -fpR /workdir/openwrt/build_dir/target-aarch64_generic_musl/ucode-2026.07.09~b885dd0f/.pkgdir/ucode-mod-socket/. /workdir/openwrt/staging_dir/target-aarch64_generic_musl/root-armsr/'
build	Compile debug	2026-09-27T15:40:49.3240479Z touch /workdir/openwrt/staging_dir/target-aarch64_generic_musl/root-armsr/stamp/.ucode-mod-socket_installed
build	Compile debug	2026-09-27T15:40:49.3267302Z echo "ucode-mod-socket" >> /workdir/openwrt/staging_dir/target-aarch64_generic_musl/pkginfo/ucode.default.install
build	Compile debug	2026-09-27T15:40:49.3293017Z mkdir -p /workdir/openwrt/staging_dir/target-aarch64_generic_musl/root-armsr/stamp
build	Compile debug	2026-09-27T15:40:49.3326875Z SHELL= flock /workdir/openwrt/tmp/.root-copy.flock -c 'cp -fpR /workdir/openwrt/build_dir/target-aarch64_generic_musl/ucode-2026.07.09~b885dd0f/.pkgdir/ucode-mod-ubus/. /workdir/openwrt/staging_dir/target-aarch64_generic_musl/root-armsr/'
build	Compile debug	2026-09-27T15:40:49.3375462Z touch /workdir/openwrt/staging_dir/target-aarch64_generic_musl/root-armsr/stamp/.ucode-mod-ubus_installed
build	Compile debug	2026-09-27T15:40:49.3402605Z echo "ucode-mod-ubus" >> /workdir/openwrt/staging_dir/target-aarch64_generic_musl/pkginfo/ucode.default.install
build	Compile debug	2026-09-27T15:40:49.3428487Z mkdir -p /workdir/openwrt/staging_dir/target-aarch64_generic_musl/root-armsr/stamp
build	Compile debug	2026-09-27T15:40:49.3463072Z SHELL= flock /workdir/openwrt/tmp/.root-copy.flock -c 'cp -fpR /workdir/openwrt/build_dir/target-aarch64_generic_musl/ucode-2026.07.09~b885dd0f/.pkgdir/ucode-mod-uci/. /workdir/openwrt/staging_dir/target-aarch64_generic_musl/root-armsr/'
build	Compile debug	2026-09-27T15:40:49.3511803Z touch /workdir/openwrt/staging_dir/target-aarch64_generic_musl/root-armsr/stamp/.ucode-mod-uci_installed
build	Compile debug	2026-09-27T15:40:49.3539315Z echo "ucode-mod-uci" >> /workdir/openwrt/staging_dir/target-aarch64_generic_musl/pkginfo/ucode.default.install
build	Compile debug	2026-09-27T15:40:49.3566194Z mkdir -p /workdir/openwrt/staging_dir/target-aarch64_generic_musl/root-armsr/stamp
build	Compile debug	2026-09-27T15:40:49.3600105Z SHELL= flock /workdir/openwrt/tmp/.root-copy.flock -c 'cp -fpR /workdir/openwrt/build_dir/target-aarch64_generic_musl/ucode-2026.07.09~b885dd0f/.pkgdir/ucode-mod-uloop/. /workdir/openwrt/staging_dir/target-aarch64_generic_musl/root-armsr/'
build	Compile debug	2026-09-27T15:40:49.3648342Z touch /workdir/openwrt/staging_dir/target-aarch64_generic_musl/root-armsr/stamp/.ucode-mod-uloop_installed
build	Compile debug	2026-09-27T15:40:49.3675139Z echo "ucode-mod-uloop" >> /workdir/openwrt/staging_dir/target-aarch64_generic_musl/pkginfo/ucode.default.install
build	Compile debug	2026-09-27T15:40:49.3702230Z mkdir -p /workdir/openwrt/staging_dir/target-aarch64_generic_musl/root-armsr/stamp
build	Compile debug	2026-09-27T15:40:49.3735788Z SHELL= flock /workdir/openwrt/tmp/.root-copy.flock -c 'cp -fpR /workdir/openwrt/build_dir/target-aarch64_generic_musl/ucode-2026.07.09~b885dd0f/.pkgdir/ucode-mod-digest/. /workdir/openwrt/staging_dir/target-aarch64_generic_musl/root-armsr/'
build	Compile debug	2026-09-27T15:40:49.3783762Z touch /workdir/openwrt/staging_dir/target-aarch64_generic_musl/root-armsr/stamp/.ucode-mod-digest_installed
build	Compile debug	2026-09-27T15:40:49.3810622Z echo "ucode-mod-digest" >> /workdir/openwrt/staging_dir/target-aarch64_generic_musl/pkginfo/ucode.default.install
build	Compile debug	2026-09-27T15:40:49.3835651Z make[3]: Leaving directory '/workdir/openwrt/package/utils/ucode'
build	Compile debug	2026-09-27T15:40:49.3844794Z time: package/utils/ucode/compile#0.11#0.14#0.26
build	Compile debug	2026-09-27T15:40:49.3974333Z make[3]: Entering directory '/workdir/openwrt/package/libs/udebug'
build	Compile debug	2026-09-27T15:40:49.4973343Z mkdir -p /workdir/openwrt/staging_dir/target-aarch64_generic_musl/root-armsr/stamp
build	Compile debug	2026-09-27T15:40:49.5009710Z SHELL= flock /workdir/openwrt/tmp/.root-copy.flock -c 'cp -fpR /workdir/openwrt/build_dir/target-aarch64_generic_musl/udebug-2026.07.08~75843a1b/.pkgdir/libudebug/. /workdir/openwrt/staging_dir/target-aarch64_generic_musl/root-armsr/'
build	Compile debug	2026-09-27T15:40:49.5064345Z touch /workdir/openwrt/staging_dir/target-aarch64_generic_musl/root-armsr/stamp/.libudebug_installed
build	Compile debug	2026-09-27T15:40:49.5091397Z echo "libudebug" >> /workdir/openwrt/staging_dir/target-aarch64_generic_musl/pkginfo/udebug.default.install
build	Compile debug	2026-09-27T15:40:49.5119095Z make[3]: Leaving directory '/workdir/openwrt/package/libs/udebug'
build	Compile debug	2026-09-27T15:40:49.5127608Z time: package/libs/udebug/compile#0.05#0.06#0.12
build	Compile debug	2026-09-27T15:40:49.5258461Z make[3]: Entering directory '/workdir/openwrt/package/network/config/netifd'
build	Compile debug	2026-09-27T15:40:49.6328895Z mkdir -p /workdir/openwrt/staging_dir/target-aarch64_generic_musl/root-armsr/stamp
build	Compile debug	2026-09-27T15:40:49.6363841Z SHELL= flock /workdir/openwrt/tmp/.root-copy.flock -c 'cp -fpR /workdir/openwrt/build_dir/target-aarch64_generic_musl/netifd-2026.09.11~06d06c86/.pkgdir/netifd/. /workdir/openwrt/staging_dir/target-aarch64_generic_musl/root-armsr/'
build	Compile debug	2026-09-27T15:40:49.6440958Z touch /workdir/openwrt/staging_dir/target-aarch64_generic_musl/root-armsr/stamp/.netifd_installed
build	Compile debug	2026-09-27T15:40:49.6468316Z echo "netifd" >> /workdir/openwrt/staging_dir/target-aarch64_generic_musl/pkginfo/netifd.default.install
build	Compile debug	2026-09-27T15:40:49.6494891Z make[3]: Leaving directory '/workdir/openwrt/package/network/config/netifd'
build	Compile debug	2026-09-27T15:40:49.6503091Z time: package/network/config/netifd/compile#0.06#0.07#0.13
build	Compile debug	2026-09-27T15:40:49.6512238Z make[2]: Circular package/firmware/linux-firmware/compile <- package/kernel/linux/compile dependency dropped.
build	Compile debug	2026-09-27T15:40:49.6929893Z make[3]: Entering directory '/workdir/openwrt/package/firmware/linux-firmware'
build	Compile debug	2026-09-27T15:40:49.7208279Z make[3]: Leaving directory '/workdir/openwrt/package/firmware/linux-firmware'
build	Compile debug	2026-09-27T15:40:49.7215550Z time: package/firmware/linux-firmware/compile#0.04#0.01#0.06
build	Compile debug	2026-09-27T15:40:49.7347105Z make[3]: Entering directory '/workdir/openwrt/package/kernel/gpio-button-hotplug'
build	Compile debug	2026-09-27T15:40:49.8003298Z make[3]: Leaving directory '/workdir/openwrt/package/kernel/gpio-button-hotplug'
build	Compile debug	2026-09-27T15:40:49.8010653Z time: package/kernel/gpio-button-hotplug/compile#0.04#0.03#0.07
build	Compile debug	2026-09-27T15:40:49.8141131Z make[3]: Entering directory '/workdir/openwrt/package/kernel/linux'
build	Compile debug	2026-09-27T15:40:50.3420735Z mkdir -p /workdir/openwrt/staging_dir/target-aarch64_generic_musl/root-armsr/stamp
build	Compile debug	2026-09-27T15:40:50.3421370Z 
build	Compile debug	2026-09-27T15:40:50.3422543Z SHELL= flock /workdir/openwrt/tmp/.root-copy.flock -c 'cp -fpR /workdir/openwrt/build_dir/target-aarch64_generic_musl/linux-armsr_armv8/packages/.pkgdir/kernel/. /workdir/openwrt/staging_dir/target-aarch64_generic_musl/root-armsr/'
build	Compile debug	2026-09-27T15:40:50.3424279Z touch /workdir/openwrt/staging_dir/target-aarch64_generic_musl/root-armsr/stamp/.kernel_installed
build	Compile debug	2026-09-27T15:40:50.3491727Z echo "kernel" >> /workdir/openwrt/staging_dir/target-aarch64_generic_musl/pkginfo/linux.default.install
build	Compile debug	2026-09-27T15:40:50.3535713Z mkdir -p /workdir/openwrt/staging_dir/target-aarch64_generic_musl/root-armsr/stamp
build	Compile debug	2026-09-27T15:40:50.3536623Z 
build	Compile debug	2026-09-27T15:40:50.3537904Z SHELL= flock /workdir/openwrt/tmp/.root-copy.flock -c 'cp -fpR /workdir/openwrt/build_dir/target-aarch64_generic_musl/linux-armsr_armv8/packages/.pkgdir/kmod-scsi-core/. /workdir/openwrt/staging_dir/target-aarch64_generic_musl/root-armsr/'
build	Compile debug	2026-09-27T15:40:50.3539831Z touch /workdir/openwrt/staging_dir/target-aarch64_generic_musl/root-armsr/stamp/.kmod-scsi-core_installed
build	Compile debug	2026-09-27T15:40:50.3599308Z echo "kmod-scsi-core" >> /workdir/openwrt/staging_dir/target-aarch64_generic_musl/pkginfo/linux.default.install
build	Compile debug	2026-09-27T15:40:50.3614769Z mkdir -p /workdir/openwrt/staging_dir/target-aarch64_generic_musl/root-armsr/stamp
build	Compile debug	2026-09-27T15:40:50.3615387Z 
build	Compile debug	2026-09-27T15:40:50.3617322Z SHELL= flock /workdir/openwrt/tmp/.root-copy.flock -c 'cp -fpR /workdir/openwrt/build_dir/target-aarch64_generic_musl/linux-armsr_armv8/packages/.pkgdir/kmod-crypto-acompress/. /workdir/openwrt/staging_dir/target-aarch64_generic_musl/root-armsr/'
build	Compile debug	2026-09-27T15:40:50.3619534Z touch /workdir/openwrt/staging_dir/target-aarch64_generic_musl/root-armsr/stamp/.kmod-crypto-acompress_installed
build	Compile debug	2026-09-27T15:40:50.3676942Z echo "kmod-crypto-acompress" >> /workdir/openwrt/staging_dir/target-aarch64_generic_musl/pkginfo/linux.default.install
build	Compile debug	2026-09-27T15:40:50.3697859Z mkdir -p /workdir/openwrt/staging_dir/target-aarch64_generic_musl/root-armsr/stamp
build	Compile debug	2026-09-27T15:40:50.3698404Z 
build	Compile debug	2026-09-27T15:40:50.3699585Z SHELL= flock /workdir/openwrt/tmp/.root-copy.flock -c 'cp -fpR /workdir/openwrt/build_dir/target-aarch64_generic_musl/linux-armsr_armv8/packages/.pkgdir/kmod-crypto-aead/. /workdir/openwrt/staging_dir/target-aarch64_generic_musl/root-armsr/'
build	Compile debug	2026-09-27T15:40:50.3701455Z touch /workdir/openwrt/staging_dir/target-aarch64_generic_musl/root-armsr/stamp/.kmod-crypto-aead_installed
build	Compile debug	2026-09-27T15:40:50.3762337Z echo "kmod-crypto-aead" >> /workdir/openwrt/staging_dir/target-aarch64_generic_musl/pkginfo/linux.default.install
build	Compile debug	2026-09-27T15:40:50.3778354Z mkdir -p /workdir/openwrt/staging_dir/target-aarch64_generic_musl/root-armsr/stamp
build	Compile debug	2026-09-27T15:40:50.3778987Z 
build	Compile debug	2026-09-27T15:40:50.3780322Z SHELL= flock /workdir/openwrt/tmp/.root-copy.flock -c 'cp -fpR /workdir/openwrt/build_dir/target-aarch64_generic_musl/linux-armsr_armv8/packages/.pkgdir/kmod-crypto-blake2b/. /workdir/openwrt/staging_dir/target-aarch64_generic_musl/root-armsr/'
build	Compile debug	2026-09-27T15:40:50.3782390Z touch /workdir/openwrt/staging_dir/target-aarch64_generic_musl/root-armsr/stamp/.kmod-crypto-blake2b_installed
build	Compile debug	2026-09-27T15:40:50.3850874Z echo "kmod-crypto-blake2b" >> /workdir/openwrt/staging_dir/target-aarch64_generic_musl/pkginfo/linux.default.install
build	Compile debug	2026-09-27T15:40:50.3866229Z mkdir -p /workdir/openwrt/staging_dir/target-aarch64_generic_musl/root-armsr/stamp
build	Compile debug	2026-09-27T15:40:50.3866807Z 
build	Compile debug	2026-09-27T15:40:50.3868158Z SHELL= flock /workdir/openwrt/tmp/.root-copy.flock -c 'cp -fpR /workdir/openwrt/build_dir/target-aarch64_generic_musl/linux-armsr_armv8/packages/.pkgdir/kmod-crypto-crc32/. /workdir/openwrt/staging_dir/target-aarch64_generic_musl/root-armsr/'
build	Compile debug	2026-09-27T15:40:50.3870625Z touch /workdir/openwrt/staging_dir/target-aarch64_generic_musl/root-armsr/stamp/.kmod-crypto-crc32_installed
build	Compile debug	2026-09-27T15:40:50.3927825Z echo "kmod-crypto-crc32" >> /workdir/openwrt/staging_dir/target-aarch64_generic_musl/pkginfo/linux.default.install
build	Compile debug	2026-09-27T15:40:50.3943434Z mkdir -p /workdir/openwrt/staging_dir/target-aarch64_generic_musl/root-armsr/stamp
build	Compile debug	2026-09-27T15:40:50.3944016Z 
build	Compile debug	2026-09-27T15:40:50.3945352Z SHELL= flock /workdir/openwrt/tmp/.root-copy.flock -c 'cp -fpR /workdir/openwrt/build_dir/target-aarch64_generic_musl/linux-armsr_armv8/packages/.pkgdir/kmod-crypto-crc32c/. /workdir/openwrt/staging_dir/target-aarch64_generic_musl/root-armsr/'
build	Compile debug	2026-09-27T15:40:50.3947591Z touch /workdir/openwrt/staging_dir/target-aarch64_generic_musl/root-armsr/stamp/.kmod-crypto-crc32c_installed
build	Compile debug	2026-09-27T15:40:50.4005290Z echo "kmod-crypto-crc32c" >> /workdir/openwrt/staging_dir/target-aarch64_generic_musl/pkginfo/linux.default.install
build	Compile debug	2026-09-27T15:40:50.4021104Z mkdir -p /workdir/openwrt/staging_dir/target-aarch64_generic_musl/root-armsr/stamp
build	Compile debug	2026-09-27T15:40:50.4021697Z 
build	Compile debug	2026-09-27T15:40:50.4023015Z SHELL= flock /workdir/openwrt/tmp/.root-copy.flock -c 'cp -fpR /workdir/openwrt/build_dir/target-aarch64_generic_musl/linux-armsr_armv8/packages/.pkgdir/kmod-crypto-ctr/. /workdir/openwrt/staging_dir/target-aarch64_generic_musl/root-armsr/'
build	Compile debug	2026-09-27T15:40:50.4025022Z touch /workdir/openwrt/staging_dir/target-aarch64_generic_musl/root-armsr/stamp/.kmod-crypto-ctr_installed
build	Compile debug	2026-09-27T15:40:50.4082158Z echo "kmod-crypto-ctr" >> /workdir/openwrt/staging_dir/target-aarch64_generic_musl/pkginfo/linux.default.install
build	Compile debug	2026-09-27T15:40:50.4097836Z mkdir -p /workdir/openwrt/staging_dir/target-aarch64_generic_musl/root-armsr/stamp
build	Compile debug	2026-09-27T15:40:50.4098419Z 
build	Compile debug	2026-09-27T15:40:50.4099731Z SHELL= flock /workdir/openwrt/tmp/.root-copy.flock -c 'cp -fpR /workdir/openwrt/build_dir/target-aarch64_generic_musl/linux-armsr_armv8/packages/.pkgdir/kmod-crypto-gcm/. /workdir/openwrt/staging_dir/target-aarch64_generic_musl/root-armsr/'
build	Compile debug	2026-09-27T15:40:50.4102091Z touch /workdir/openwrt/staging_dir/target-aarch64_generic_musl/root-armsr/stamp/.kmod-crypto-gcm_installed
build	Compile debug	2026-09-27T15:40:50.4157651Z echo "kmod-crypto-gcm" >> /workdir/openwrt/staging_dir/target-aarch64_generic_musl/pkginfo/linux.default.install
build	Compile debug	2026-09-27T15:40:50.4173322Z mkdir -p /workdir/openwrt/staging_dir/target-aarch64_generic_musl/root-armsr/stamp
build	Compile debug	2026-09-27T15:40:50.4173921Z 
build	Compile debug	2026-09-27T15:40:50.4175231Z SHELL= flock /workdir/openwrt/tmp/.root-copy.flock -c 'cp -fpR /workdir/openwrt/build_dir/target-aarch64_generic_musl/linux-armsr_armv8/packages/.pkgdir/kmod-crypto-gf128/. /workdir/openwrt/staging_dir/target-aarch64_generic_musl/root-armsr/'
build	Compile debug	2026-09-27T15:40:50.4177473Z touch /workdir/openwrt/staging_dir/target-aarch64_generic_musl/root-armsr/stamp/.kmod-crypto-gf128_installed
build	Compile debug	2026-09-27T15:40:50.4233219Z echo "kmod-crypto-gf128" >> /workdir/openwrt/staging_dir/target-aarch64_generic_musl/pkginfo/linux.default.install
build	Compile debug	2026-09-27T15:40:50.4249194Z mkdir -p /workdir/openwrt/staging_dir/target-aarch64_generic_musl/root-armsr/stamp
build	Compile debug	2026-09-27T15:40:50.4249813Z 
build	Compile debug	2026-09-27T15:40:50.4251168Z SHELL= flock /workdir/openwrt/tmp/.root-copy.flock -c 'cp -fpR /workdir/openwrt/build_dir/target-aarch64_generic_musl/linux-armsr_armv8/packages/.pkgdir/kmod-crypto-ghash/. /workdir/openwrt/staging_dir/target-aarch64_generic_musl/root-armsr/'
build	Compile debug	2026-09-27T15:40:50.4253201Z touch /workdir/openwrt/staging_dir/target-aarch64_generic_musl/root-armsr/stamp/.kmod-crypto-ghash_installed
build	Compile debug	2026-09-27T15:40:50.4312140Z echo "kmod-crypto-ghash" >> /workdir/openwrt/staging_dir/target-aarch64_generic_musl/pkginfo/linux.default.install
build	Compile debug	2026-09-27T15:40:50.4327771Z mkdir -p /workdir/openwrt/staging_dir/target-aarch64_generic_musl/root-armsr/stamp
build	Compile debug	2026-09-27T15:40:50.4328666Z 
build	Compile debug	2026-09-27T15:40:50.4329479Z SHELL= flock /workdir/openwrt/tmp/.root-copy.flock -c 'cp -fpR /workdir/openwrt/build_dir/target-aarch64_generic_musl/linux-armsr_armv8/packages/.pkgdir/kmod-crypto-hash/. /workdir/openwrt/staging_dir/target-aarch64_generic_musl/root-armsr/'
build	Compile debug	2026-09-27T15:40:50.4330749Z touch /workdir/openwrt/staging_dir/target-aarch64_generic_musl/root-armsr/stamp/.kmod-crypto-hash_installed
build	Compile debug	2026-09-27T15:40:50.4388119Z echo "kmod-crypto-hash" >> /workdir/openwrt/staging_dir/target-aarch64_generic_musl/pkginfo/linux.default.install
build	Compile debug	2026-09-27T15:40:50.4403259Z mkdir -p /workdir/openwrt/staging_dir/target-aarch64_generic_musl/root-armsr/stamp
build	Compile debug	2026-09-27T15:40:50.4403849Z 
build	Compile debug	2026-09-27T15:40:50.4404812Z SHELL= flock /workdir/openwrt/tmp/.root-copy.flock -c 'cp -fpR /workdir/openwrt/build_dir/target-aarch64_generic_musl/linux-armsr_armv8/packages/.pkgdir/kmod-crypto-hmac/. /workdir/openwrt/staging_dir/target-aarch64_generic_musl/root-armsr/'
build	Compile debug	2026-09-27T15:40:50.4406259Z touch /workdir/openwrt/staging_dir/target-aarch64_generic_musl/root-armsr/stamp/.kmod-crypto-hmac_installed
build	Compile debug	2026-09-27T15:40:50.4466798Z echo "kmod-crypto-hmac" >> /workdir/openwrt/staging_dir/target-aarch64_generic_musl/pkginfo/linux.default.install
build	Compile debug	2026-09-27T15:40:50.4481671Z mkdir -p /workdir/openwrt/staging_dir/target-aarch64_generic_musl/root-armsr/stamp
build	Compile debug	2026-09-27T15:40:50.4482383Z 
build	Compile debug	2026-09-27T15:40:50.4483778Z SHELL= flock /workdir/openwrt/tmp/.root-copy.flock -c 'cp -fpR /workdir/openwrt/build_dir/target-aarch64_generic_musl/linux-armsr_armv8/packages/.pkgdir/kmod-crypto-manager/. /workdir/openwrt/staging_dir/target-aarch64_generic_musl/root-armsr/'
build	Compile debug	2026-09-27T15:40:50.4484995Z touch /workdir/openwrt/staging_dir/target-aarch64_generic_musl/root-armsr/stamp/.kmod-crypto-manager_installed
build	Compile debug	2026-09-27T15:40:50.4543034Z echo "kmod-crypto-manager" >> /workdir/openwrt/staging_dir/target-aarch64_generic_musl/pkginfo/linux.default.install
build	Compile debug	2026-09-27T15:40:50.4558533Z mkdir -p /workdir/openwrt/staging_dir/target-aarch64_generic_musl/root-armsr/stamp
build	Compile debug	2026-09-27T15:40:50.4558922Z 
build	Compile debug	2026-09-27T15:40:50.4559705Z SHELL= flock /workdir/openwrt/tmp/.root-copy.flock -c 'cp -fpR /workdir/openwrt/build_dir/target-aarch64_generic_musl/linux-armsr_armv8/packages/.pkgdir/kmod-crypto-null/. /workdir/openwrt/staging_dir/target-aarch64_generic_musl/root-armsr/'
build	Compile debug	2026-09-27T15:40:50.4561209Z touch /workdir/openwrt/staging_dir/target-aarch64_generic_musl/root-armsr/stamp/.kmod-crypto-null_installed
build	Compile debug	2026-09-27T15:40:50.4617882Z echo "kmod-crypto-null" >> /workdir/openwrt/staging_dir/target-aarch64_generic_musl/pkginfo/linux.default.install
build	Compile debug	2026-09-27T15:40:50.4633445Z mkdir -p /workdir/openwrt/staging_dir/target-aarch64_generic_musl/root-armsr/stamp
build	Compile debug	2026-09-27T15:40:50.4633805Z 
build	Compile debug	2026-09-27T15:40:50.4634576Z SHELL= flock /workdir/openwrt/tmp/.root-copy.flock -c 'cp -fpR /workdir/openwrt/build_dir/target-aarch64_generic_musl/linux-armsr_armv8/packages/.pkgdir/kmod-crypto-rng/. /workdir/openwrt/staging_dir/target-aarch64_generic_musl/root-armsr/'
build	Compile debug	2026-09-27T15:40:50.4635754Z touch /workdir/openwrt/staging_dir/target-aarch64_generic_musl/root-armsr/stamp/.kmod-crypto-rng_installed
build	Compile debug	2026-09-27T15:40:50.4704773Z echo "kmod-crypto-rng" >> /workdir/openwrt/staging_dir/target-aarch64_generic_musl/pkginfo/linux.default.install
build	Compile debug	2026-09-27T15:40:50.4720426Z mkdir -p /workdir/openwrt/staging_dir/target-aarch64_generic_musl/root-armsr/stamp
build	Compile debug	2026-09-27T15:40:50.4720849Z 
build	Compile debug	2026-09-27T15:40:50.4721646Z SHELL= flock /workdir/openwrt/tmp/.root-copy.flock -c 'cp -fpR /workdir/openwrt/build_dir/target-aarch64_generic_musl/linux-armsr_armv8/packages/.pkgdir/kmod-crypto-geniv/. /workdir/openwrt/staging_dir/target-aarch64_generic_musl/root-armsr/'
build	Compile debug	2026-09-27T15:40:50.4722813Z touch /workdir/openwrt/staging_dir/target-aarch64_generic_musl/root-armsr/stamp/.kmod-crypto-geniv_installed
build	Compile debug	2026-09-27T15:40:50.4783827Z echo "kmod-crypto-geniv" >> /workdir/openwrt/staging_dir/target-aarch64_generic_musl/pkginfo/linux.default.install
build	Compile debug	2026-09-27T15:40:50.4799472Z mkdir -p /workdir/openwrt/staging_dir/target-aarch64_generic_musl/root-armsr/stamp
build	Compile debug	2026-09-27T15:40:50.4800136Z 
build	Compile debug	2026-09-27T15:40:50.4800926Z SHELL= flock /workdir/openwrt/tmp/.root-copy.flock -c 'cp -fpR /workdir/openwrt/build_dir/target-aarch64_generic_musl/linux-armsr_armv8/packages/.pkgdir/kmod-crypto-seqiv/. /workdir/openwrt/staging_dir/target-aarch64_generic_musl/root-armsr/'
build	Compile debug	2026-09-27T15:40:50.4802115Z touch /workdir/openwrt/staging_dir/target-aarch64_generic_musl/root-armsr/stamp/.kmod-crypto-seqiv_installed
build	Compile debug	2026-09-27T15:40:50.4861665Z echo "kmod-crypto-seqiv" >> /workdir/openwrt/staging_dir/target-aarch64_generic_musl/pkginfo/linux.default.install
build	Compile debug	2026-09-27T15:40:50.4877248Z mkdir -p /workdir/openwrt/staging_dir/target-aarch64_generic_musl/root-armsr/stamp
build	Compile debug	2026-09-27T15:40:50.4877638Z 
build	Compile debug	2026-09-27T15:40:50.4878426Z SHELL= flock /workdir/openwrt/tmp/.root-copy.flock -c 'cp -fpR /workdir/openwrt/build_dir/target-aarch64_generic_musl/linux-armsr_armv8/packages/.pkgdir/kmod-crypto-sha1/. /workdir/openwrt/staging_dir/target-aarch64_generic_musl/root-armsr/'
build	Compile debug	2026-09-27T15:40:50.4936820Z touch /workdir/openwrt/staging_dir/target-aarch64_generic_musl/root-armsr/stamp/.kmod-crypto-sha1_installed
build	Compile debug	2026-09-27T15:40:50.4937724Z echo "kmod-crypto-sha1" >> /workdir/openwrt/staging_dir/target-aarch64_generic_musl/pkginfo/linux.default.install
build	Compile debug	2026-09-27T15:40:50.4951702Z mkdir -p /workdir/openwrt/staging_dir/target-aarch64_generic_musl/root-armsr/stamp
build	Compile debug	2026-09-27T15:40:50.4952311Z 
build	Compile debug	2026-09-27T15:40:50.4953321Z SHELL= flock /workdir/openwrt/tmp/.root-copy.flock -c 'cp -fpR /workdir/openwrt/build_dir/target-aarch64_generic_musl/linux-armsr_armv8/packages/.pkgdir/kmod-crypto-sha3/. /workdir/openwrt/staging_dir/target-aarch64_generic_musl/root-armsr/'
build	Compile debug	2026-09-27T15:40:50.4954505Z touch /workdir/openwrt/staging_dir/target-aarch64_generic_musl/root-armsr/stamp/.kmod-crypto-sha3_installed
build	Compile debug	2026-09-27T15:40:50.5016609Z echo "kmod-crypto-sha3" >> /workdir/openwrt/staging_dir/target-aarch64_generic_musl/pkginfo/linux.default.install
build	Compile debug	2026-09-27T15:40:50.5031844Z mkdir -p /workdir/openwrt/staging_dir/target-aarch64_generic_musl/root-armsr/stamp
build	Compile debug	2026-09-27T15:40:50.5032435Z 
build	Compile debug	2026-09-27T15:40:50.5033383Z SHELL= flock /workdir/openwrt/tmp/.root-copy.flock -c 'cp -fpR /workdir/openwrt/build_dir/target-aarch64_generic_musl/linux-armsr_armv8/packages/.pkgdir/kmod-crypto-sha512/. /workdir/openwrt/staging_dir/target-aarch64_generic_musl/root-armsr/'
build	Compile debug	2026-09-27T15:40:50.5034858Z touch /workdir/openwrt/staging_dir/target-aarch64_generic_musl/root-armsr/stamp/.kmod-crypto-sha512_installed
build	Compile debug	2026-09-27T15:40:50.5101590Z echo "kmod-crypto-sha512" >> /workdir/openwrt/staging_dir/target-aarch64_generic_musl/pkginfo/linux.default.install
build	Compile debug	2026-09-27T15:40:50.5117703Z mkdir -p /workdir/openwrt/staging_dir/target-aarch64_generic_musl/root-armsr/stamp
build	Compile debug	2026-09-27T15:40:50.5118298Z 
build	Compile debug	2026-09-27T15:40:50.5119360Z SHELL= flock /workdir/openwrt/tmp/.root-copy.flock -c 'cp -fpR /workdir/openwrt/build_dir/target-aarch64_generic_musl/linux-armsr_armv8/packages/.pkgdir/kmod-crypto-xxhash/. /workdir/openwrt/staging_dir/target-aarch64_generic_musl/root-armsr/'
build	Compile debug	2026-09-27T15:40:50.5120563Z touch /workdir/openwrt/staging_dir/target-aarch64_generic_musl/root-armsr/stamp/.kmod-crypto-xxhash_installed
build	Compile debug	2026-09-27T15:40:50.5181587Z echo "kmod-crypto-xxhash" >> /workdir/openwrt/staging_dir/target-aarch64_generic_musl/pkginfo/linux.default.install
build	Compile debug	2026-09-27T15:40:50.5196891Z mkdir -p /workdir/openwrt/staging_dir/target-aarch64_generic_musl/root-armsr/stamp
build	Compile debug	2026-09-27T15:40:50.5197481Z 
build	Compile debug	2026-09-27T15:40:50.5198436Z SHELL= flock /workdir/openwrt/tmp/.root-copy.flock -c 'cp -fpR /workdir/openwrt/build_dir/target-aarch64_generic_musl/linux-armsr_armv8/packages/.pkgdir/kmod-fs-btrfs/. /workdir/openwrt/staging_dir/target-aarch64_generic_musl/root-armsr/'
build	Compile debug	2026-09-27T15:40:50.5199599Z touch /workdir/openwrt/staging_dir/target-aarch64_generic_musl/root-armsr/stamp/.kmod-fs-btrfs_installed
build	Compile debug	2026-09-27T15:40:50.5385663Z echo "kmod-fs-btrfs" >> /workdir/openwrt/staging_dir/target-aarch64_generic_musl/pkginfo/linux.default.install
build	Compile debug	2026-09-27T15:40:50.5406270Z mkdir -p /workdir/openwrt/staging_dir/target-aarch64_generic_musl/root-armsr/stamp
build	Compile debug	2026-09-27T15:40:50.5406917Z 
build	Compile debug	2026-09-27T15:40:50.5407856Z SHELL= flock /workdir/openwrt/tmp/.root-copy.flock -c 'cp -fpR /workdir/openwrt/build_dir/target-aarch64_generic_musl/linux-armsr_armv8/packages/.pkgdir/kmod-fs-exfat/. /workdir/openwrt/staging_dir/target-aarch64_generic_musl/root-armsr/'
build	Compile debug	2026-09-27T15:40:50.5409090Z touch /workdir/openwrt/staging_dir/target-aarch64_generic_musl/root-armsr/stamp/.kmod-fs-exfat_installed
build	Compile debug	2026-09-27T15:40:50.5485076Z echo "kmod-fs-exfat" >> /workdir/openwrt/staging_dir/target-aarch64_generic_musl/pkginfo/linux.default.install
build	Compile debug	2026-09-27T15:40:50.5501137Z mkdir -p /workdir/openwrt/staging_dir/target-aarch64_generic_musl/root-armsr/stamp
build	Compile debug	2026-09-27T15:40:50.5501729Z 
build	Compile debug	2026-09-27T15:40:50.5502652Z SHELL= flock /workdir/openwrt/tmp/.root-copy.flock -c 'cp -fpR /workdir/openwrt/build_dir/target-aarch64_generic_musl/linux-armsr_armv8/packages/.pkgdir/kmod-fs-ext4/. /workdir/openwrt/staging_dir/target-aarch64_generic_musl/root-armsr/'
build	Compile debug	2026-09-27T15:40:50.5503841Z touch /workdir/openwrt/staging_dir/target-aarch64_generic_musl/root-armsr/stamp/.kmod-fs-ext4_installed
build	Compile debug	2026-09-27T15:40:50.5561558Z echo "kmod-fs-ext4" >> /workdir/openwrt/staging_dir/target-aarch64_generic_musl/pkginfo/linux.default.install
build	Compile debug	2026-09-27T15:40:50.5576620Z mkdir -p /workdir/openwrt/staging_dir/target-aarch64_generic_musl/root-armsr/stamp
build	Compile debug	2026-09-27T15:40:50.5577201Z 
build	Compile debug	2026-09-27T15:40:50.5578036Z SHELL= flock /workdir/openwrt/tmp/.root-copy.flock -c 'cp -fpR /workdir/openwrt/build_dir/target-aarch64_generic_musl/linux-armsr_armv8/packages/.pkgdir/kmod-fs-ntfs3/. /workdir/openwrt/staging_dir/target-aarch64_generic_musl/root-armsr/'
build	Compile debug	2026-09-27T15:40:50.5579186Z touch /workdir/openwrt/staging_dir/target-aarch64_generic_musl/root-armsr/stamp/.kmod-fs-ntfs3_installed
build	Compile debug	2026-09-27T15:40:50.5660770Z echo "kmod-fs-ntfs3" >> /workdir/openwrt/staging_dir/target-aarch64_generic_musl/pkginfo/linux.default.install
build	Compile debug	2026-09-27T15:40:50.5676224Z mkdir -p /workdir/openwrt/staging_dir/target-aarch64_generic_musl/root-armsr/stamp
build	Compile debug	2026-09-27T15:40:50.5676799Z 
build	Compile debug	2026-09-27T15:40:50.5678084Z SHELL= flock /workdir/openwrt/tmp/.root-copy.flock -c 'cp -fpR /workdir/openwrt/build_dir/target-aarch64_generic_musl/linux-armsr_armv8/packages/.pkgdir/kmod-fs-vfat/. /workdir/openwrt/staging_dir/target-aarch64_generic_musl/root-armsr/'
build	Compile debug	2026-09-27T15:40:50.5680300Z touch /workdir/openwrt/staging_dir/target-aarch64_generic_musl/root-armsr/stamp/.kmod-fs-vfat_installed
build	Compile debug	2026-09-27T15:40:50.5750690Z echo "kmod-fs-vfat" >> /workdir/openwrt/staging_dir/target-aarch64_generic_musl/pkginfo/linux.default.install
build	Compile debug	2026-09-27T15:40:50.5765838Z mkdir -p /workdir/openwrt/staging_dir/target-aarch64_generic_musl/root-armsr/stamp
build	Compile debug	2026-09-27T15:40:50.5766668Z 
build	Compile debug	2026-09-27T15:40:50.5767568Z SHELL= flock /workdir/openwrt/tmp/.root-copy.flock -c 'cp -fpR /workdir/openwrt/build_dir/target-aarch64_generic_musl/linux-armsr_armv8/packages/.pkgdir/kmod-fuse/. /workdir/openwrt/staging_dir/target-aarch64_generic_musl/root-armsr/'
build	Compile debug	2026-09-27T15:40:50.5844219Z touch /workdir/openwrt/staging_dir/target-aarch64_generic_musl/root-armsr/stamp/.kmod-fuse_installed
build	Compile debug	2026-09-27T15:40:50.5845256Z echo "kmod-fuse" >> /workdir/openwrt/staging_dir/target-aarch64_generic_musl/pkginfo/linux.default.install
build	Compile debug	2026-09-27T15:40:50.5860375Z mkdir -p /workdir/openwrt/staging_dir/target-aarch64_generic_musl/root-armsr/stamp
build	Compile debug	2026-09-27T15:40:50.5860969Z 
build	Compile debug	2026-09-27T15:40:50.5861914Z SHELL= flock /workdir/openwrt/tmp/.root-copy.flock -c 'cp -fpR /workdir/openwrt/build_dir/target-aarch64_generic_musl/linux-armsr_armv8/packages/.pkgdir/kmod-gpio-pca953x/. /workdir/openwrt/staging_dir/target-aarch64_generic_musl/root-armsr/'
build	Compile debug	2026-09-27T15:40:50.5863143Z touch /workdir/openwrt/staging_dir/target-aarch64_generic_musl/root-armsr/stamp/.kmod-gpio-pca953x_installed
build	Compile debug	2026-09-27T15:40:50.5924154Z echo "kmod-gpio-pca953x" >> /workdir/openwrt/staging_dir/target-aarch64_generic_musl/pkginfo/linux.default.install
build	Compile debug	2026-09-27T15:40:50.5939929Z mkdir -p /workdir/openwrt/staging_dir/target-aarch64_generic_musl/root-armsr/stamp
build	Compile debug	2026-09-27T15:40:50.5940529Z 
build	Compile debug	2026-09-27T15:40:50.5941432Z SHELL= flock /workdir/openwrt/tmp/.root-copy.flock -c 'cp -fpR /workdir/openwrt/build_dir/target-aarch64_generic_musl/linux-armsr_armv8/packages/.pkgdir/kmod-hwmon-core/. /workdir/openwrt/staging_dir/target-aarch64_generic_musl/root-armsr/'
build	Compile debug	2026-09-27T15:40:50.5942739Z touch /workdir/openwrt/staging_dir/target-aarch64_generic_musl/root-armsr/stamp/.kmod-hwmon-core_installed
build	Compile debug	2026-09-27T15:40:50.6002827Z echo "kmod-hwmon-core" >> /workdir/openwrt/staging_dir/target-aarch64_generic_musl/pkginfo/linux.default.install
build	Compile debug	2026-09-27T15:40:50.6018419Z mkdir -p /workdir/openwrt/staging_dir/target-aarch64_generic_musl/root-armsr/stamp
build	Compile debug	2026-09-27T15:40:50.6019001Z 
build	Compile debug	2026-09-27T15:40:50.6019905Z SHELL= flock /workdir/openwrt/tmp/.root-copy.flock -c 'cp -fpR /workdir/openwrt/build_dir/target-aarch64_generic_musl/linux-armsr_armv8/packages/.pkgdir/kmod-i2c-core/. /workdir/openwrt/staging_dir/target-aarch64_generic_musl/root-armsr/'
build	Compile debug	2026-09-27T15:40:50.6021064Z touch /workdir/openwrt/staging_dir/target-aarch64_generic_musl/root-armsr/stamp/.kmod-i2c-core_installed
build	Compile debug	2026-09-27T15:40:50.6084197Z echo "kmod-i2c-core" >> /workdir/openwrt/staging_dir/target-aarch64_generic_musl/pkginfo/linux.default.install
build	Compile debug	2026-09-27T15:40:50.6099665Z mkdir -p /workdir/openwrt/staging_dir/target-aarch64_generic_musl/root-armsr/stamp
build	Compile debug	2026-09-27T15:40:50.6100264Z 
build	Compile debug	2026-09-27T15:40:50.6101291Z SHELL= flock /workdir/openwrt/tmp/.root-copy.flock -c 'cp -fpR /workdir/openwrt/build_dir/target-aarch64_generic_musl/linux-armsr_armv8/packages/.pkgdir/kmod-i2c-mux/. /workdir/openwrt/staging_dir/target-aarch64_generic_musl/root-armsr/'
build	Compile debug	2026-09-27T15:40:50.6102428Z touch /workdir/openwrt/staging_dir/target-aarch64_generic_musl/root-armsr/stamp/.kmod-i2c-mux_installed
build	Compile debug	2026-09-27T15:40:50.6163510Z echo "kmod-i2c-mux" >> /workdir/openwrt/staging_dir/target-aarch64_generic_musl/pkginfo/linux.default.install
build	Compile debug	2026-09-27T15:40:50.6178686Z mkdir -p /workdir/openwrt/staging_dir/target-aarch64_generic_musl/root-armsr/stamp
build	Compile debug	2026-09-27T15:40:50.6179276Z 
build	Compile debug	2026-09-27T15:40:50.6180230Z SHELL= flock /workdir/openwrt/tmp/.root-copy.flock -c 'cp -fpR /workdir/openwrt/build_dir/target-aarch64_generic_musl/linux-armsr_armv8/packages/.pkgdir/kmod-i2c-mux-pca954x/. /workdir/openwrt/staging_dir/target-aarch64_generic_musl/root-armsr/'
build	Compile debug	2026-09-27T15:40:50.6181739Z touch /workdir/openwrt/staging_dir/target-aarch64_generic_musl/root-armsr/stamp/.kmod-i2c-mux-pca954x_installed
build	Compile debug	2026-09-27T15:40:50.6242781Z echo "kmod-i2c-mux-pca954x" >> /workdir/openwrt/staging_dir/target-aarch64_generic_musl/pkginfo/linux.default.install
build	Compile debug	2026-09-27T15:40:50.6258080Z mkdir -p /workdir/openwrt/staging_dir/target-aarch64_generic_musl/root-armsr/stamp
build	Compile debug	2026-09-27T15:40:50.6258652Z 
build	Compile debug	2026-09-27T15:40:50.6259584Z SHELL= flock /workdir/openwrt/tmp/.root-copy.flock -c 'cp -fpR /workdir/openwrt/build_dir/target-aarch64_generic_musl/linux-armsr_armv8/packages/.pkgdir/kmod-input-core/. /workdir/openwrt/staging_dir/target-aarch64_generic_musl/root-armsr/'
build	Compile debug	2026-09-27T15:40:50.6260787Z touch /workdir/openwrt/staging_dir/target-aarch64_generic_musl/root-armsr/stamp/.kmod-input-core_installed
build	Compile debug	2026-09-27T15:40:50.6315559Z echo "kmod-input-core" >> /workdir/openwrt/staging_dir/target-aarch64_generic_musl/pkginfo/linux.default.install
build	Compile debug	2026-09-27T15:40:50.6331506Z mkdir -p /workdir/openwrt/staging_dir/target-aarch64_generic_musl/root-armsr/stamp
build	Compile debug	2026-09-27T15:40:50.6332083Z 
build	Compile debug	2026-09-27T15:40:50.6333072Z SHELL= flock /workdir/openwrt/tmp/.root-copy.flock -c 'cp -fpR /workdir/openwrt/build_dir/target-aarch64_generic_musl/linux-armsr_armv8/packages/.pkgdir/kmod-input-evdev/. /workdir/openwrt/staging_dir/target-aarch64_generic_musl/root-armsr/'
build	Compile debug	2026-09-27T15:40:50.6399878Z touch /workdir/openwrt/staging_dir/target-aarch64_generic_musl/root-armsr/stamp/.kmod-input-evdev_installed
build	Compile debug	2026-09-27T15:40:50.6400934Z echo "kmod-input-evdev" >> /workdir/openwrt/staging_dir/target-aarch64_generic_musl/pkginfo/linux.default.install
build	Compile debug	2026-09-27T15:40:50.6415289Z mkdir -p /workdir/openwrt/staging_dir/target-aarch64_generic_musl/root-armsr/stamp
build	Compile debug	2026-09-27T15:40:50.6415893Z 
build	Compile debug	2026-09-27T15:40:50.6417103Z SHELL= flock /workdir/openwrt/tmp/.root-copy.flock -c 'cp -fpR /workdir/openwrt/build_dir/target-aarch64_generic_musl/linux-armsr_armv8/packages/.pkgdir/kmod-lib-crc-ccitt/. /workdir/openwrt/staging_dir/target-aarch64_generic_musl/root-armsr/'
build	Compile debug	2026-09-27T15:40:50.6418275Z touch /workdir/openwrt/staging_dir/target-aarch64_generic_musl/root-armsr/stamp/.kmod-lib-crc-ccitt_installed
build	Compile debug	2026-09-27T15:40:50.6478070Z echo "kmod-lib-crc-ccitt" >> /workdir/openwrt/staging_dir/target-aarch64_generic_musl/pkginfo/linux.default.install
build	Compile debug	2026-09-27T15:40:50.6493545Z mkdir -p /workdir/openwrt/staging_dir/target-aarch64_generic_musl/root-armsr/stamp
build	Compile debug	2026-09-27T15:40:50.6494127Z 
build	Compile debug	2026-09-27T15:40:50.6497180Z SHELL= flock /workdir/openwrt/tmp/.root-copy.flock -c 'cp -fpR /workdir/openwrt/build_dir/target-aarch64_generic_musl/linux-armsr_armv8/packages/.pkgdir/kmod-lib-crc-itu-t/. /workdir/openwrt/staging_dir/target-aarch64_generic_musl/root-armsr/'
build	Compile debug	2026-09-27T15:40:50.6498896Z touch /workdir/openwrt/staging_dir/target-aarch64_generic_musl/root-armsr/stamp/.kmod-lib-crc-itu-t_installed
build	Compile debug	2026-09-27T15:40:50.6556898Z echo "kmod-lib-crc-itu-t" >> /workdir/openwrt/staging_dir/target-aarch64_generic_musl/pkginfo/linux.default.install
build	Compile debug	2026-09-27T15:40:50.6572115Z mkdir -p /workdir/openwrt/staging_dir/target-aarch64_generic_musl/root-armsr/stamp
build	Compile debug	2026-09-27T15:40:50.6572727Z 
build	Compile debug	2026-09-27T15:40:50.6573714Z SHELL= flock /workdir/openwrt/tmp/.root-copy.flock -c 'cp -fpR /workdir/openwrt/build_dir/target-aarch64_generic_musl/linux-armsr_armv8/packages/.pkgdir/kmod-lib-crc16/. /workdir/openwrt/staging_dir/target-aarch64_generic_musl/root-armsr/'
build	Compile debug	2026-09-27T15:40:50.6574885Z touch /workdir/openwrt/staging_dir/target-aarch64_generic_musl/root-armsr/stamp/.kmod-lib-crc16_installed
build	Compile debug	2026-09-27T15:40:50.6631945Z echo "kmod-lib-crc16" >> /workdir/openwrt/staging_dir/target-aarch64_generic_musl/pkginfo/linux.default.install
build	Compile debug	2026-09-27T15:40:50.6647610Z mkdir -p /workdir/openwrt/staging_dir/target-aarch64_generic_musl/root-armsr/stamp
build	Compile debug	2026-09-27T15:40:50.6648512Z 
build	Compile debug	2026-09-27T15:40:50.6649280Z SHELL= flock /workdir/openwrt/tmp/.root-copy.flock -c 'cp -fpR /workdir/openwrt/build_dir/target-aarch64_generic_musl/linux-armsr_armv8/packages/.pkgdir/kmod-lib-lzo/. /workdir/openwrt/staging_dir/target-aarch64_generic_musl/root-armsr/'
build	Compile debug	2026-09-27T15:40:50.6650409Z touch /workdir/openwrt/staging_dir/target-aarch64_generic_musl/root-armsr/stamp/.kmod-lib-lzo_installed
build	Compile debug	2026-09-27T15:40:50.6716872Z echo "kmod-lib-lzo" >> /workdir/openwrt/staging_dir/target-aarch64_generic_musl/pkginfo/linux.default.install
build	Compile debug	2026-09-27T15:40:50.6732395Z mkdir -p /workdir/openwrt/staging_dir/target-aarch64_generic_musl/root-armsr/stamp
build	Compile debug	2026-09-27T15:40:50.6732984Z 
build	Compile debug	2026-09-27T15:40:50.6733879Z SHELL= flock /workdir/openwrt/tmp/.root-copy.flock -c 'cp -fpR /workdir/openwrt/build_dir/target-aarch64_generic_musl/linux-armsr_armv8/packages/.pkgdir/kmod-lib-xxhash/. /workdir/openwrt/staging_dir/target-aarch64_generic_musl/root-armsr/'
build	Compile debug	2026-09-27T15:40:50.6735069Z touch /workdir/openwrt/staging_dir/target-aarch64_generic_musl/root-armsr/stamp/.kmod-lib-xxhash_installed
build	Compile debug	2026-09-27T15:40:50.6788989Z echo "kmod-lib-xxhash" >> /workdir/openwrt/staging_dir/target-aarch64_generic_musl/pkginfo/linux.default.install
build	Compile debug	2026-09-27T15:40:50.6804294Z mkdir -p /workdir/openwrt/staging_dir/target-aarch64_generic_musl/root-armsr/stamp
build	Compile debug	2026-09-27T15:40:50.6804873Z 
build	Compile debug	2026-09-27T15:40:50.6805799Z SHELL= flock /workdir/openwrt/tmp/.root-copy.flock -c 'cp -fpR /workdir/openwrt/build_dir/target-aarch64_generic_musl/linux-armsr_armv8/packages/.pkgdir/kmod-lib-zstd/. /workdir/openwrt/staging_dir/target-aarch64_generic_musl/root-armsr/'
build	Compile debug	2026-09-27T15:40:50.6807208Z touch /workdir/openwrt/staging_dir/target-aarch64_generic_musl/root-armsr/stamp/.kmod-lib-zstd_installed
build	Compile debug	2026-09-27T15:40:50.6909845Z echo "kmod-lib-zstd" >> /workdir/openwrt/staging_dir/target-aarch64_generic_musl/pkginfo/linux.default.install
build	Compile debug	2026-09-27T15:40:50.6927890Z mkdir -p /workdir/openwrt/staging_dir/target-aarch64_generic_musl/root-armsr/stamp
build	Compile debug	2026-09-27T15:40:50.6928479Z 
build	Compile debug	2026-09-27T15:40:50.6929760Z SHELL= flock /workdir/openwrt/tmp/.root-copy.flock -c 'cp -fpR /workdir/openwrt/build_dir/target-aarch64_generic_musl/linux-armsr_armv8/packages/.pkgdir/kmod-lib-raid6/. /workdir/openwrt/staging_dir/target-aarch64_generic_musl/root-armsr/'
build	Compile debug	2026-09-27T15:40:50.6931774Z touch /workdir/openwrt/staging_dir/target-aarch64_generic_musl/root-armsr/stamp/.kmod-lib-raid6_installed
build	Compile debug	2026-09-27T15:40:50.6998275Z echo "kmod-lib-raid6" >> /workdir/openwrt/staging_dir/target-aarch64_generic_musl/pkginfo/linux.default.install
build	Compile debug	2026-09-27T15:40:50.7013890Z mkdir -p /workdir/openwrt/staging_dir/target-aarch64_generic_musl/root-armsr/stamp
build	Compile debug	2026-09-27T15:40:50.7014474Z 
build	Compile debug	2026-09-27T15:40:50.7015763Z SHELL= flock /workdir/openwrt/tmp/.root-copy.flock -c 'cp -fpR /workdir/openwrt/build_dir/target-aarch64_generic_musl/linux-armsr_armv8/packages/.pkgdir/kmod-lib-xor/. /workdir/openwrt/staging_dir/target-aarch64_generic_musl/root-armsr/'
build	Compile debug	2026-09-27T15:40:50.7017932Z touch /workdir/openwrt/staging_dir/target-aarch64_generic_musl/root-armsr/stamp/.kmod-lib-xor_installed
build	Compile debug	2026-09-27T15:40:50.7079532Z echo "kmod-lib-xor" >> /workdir/openwrt/staging_dir/target-aarch64_generic_musl/pkginfo/linux.default.install
build	Compile debug	2026-09-27T15:40:50.7095224Z mkdir -p /workdir/openwrt/staging_dir/target-aarch64_generic_musl/root-armsr/stamp
build	Compile debug	2026-09-27T15:40:50.7095799Z 
build	Compile debug	2026-09-27T15:40:50.7097352Z SHELL= flock /workdir/openwrt/tmp/.root-copy.flock -c 'cp -fpR /workdir/openwrt/build_dir/target-aarch64_generic_musl/linux-armsr_armv8/packages/.pkgdir/kmod-lib-zlib-inflate/. /workdir/openwrt/staging_dir/target-aarch64_generic_musl/root-armsr/'
build	Compile debug	2026-09-27T15:40:50.7099470Z touch /workdir/openwrt/staging_dir/target-aarch64_generic_musl/root-armsr/stamp/.kmod-lib-zlib-inflate_installed
build	Compile debug	2026-09-27T15:40:50.7161134Z echo "kmod-lib-zlib-inflate" >> /workdir/openwrt/staging_dir/target-aarch64_generic_musl/pkginfo/linux.default.install
build	Compile debug	2026-09-27T15:40:50.7176710Z mkdir -p /workdir/openwrt/staging_dir/target-aarch64_generic_musl/root-armsr/stamp
build	Compile debug	2026-09-27T15:40:50.7177655Z 
build	Compile debug	2026-09-27T15:40:50.7179032Z SHELL= flock /workdir/openwrt/tmp/.root-copy.flock -c 'cp -fpR /workdir/openwrt/build_dir/target-aarch64_generic_musl/linux-armsr_armv8/packages/.pkgdir/kmod-lib-zlib-deflate/. /workdir/openwrt/staging_dir/target-aarch64_generic_musl/root-armsr/'
build	Compile debug	2026-09-27T15:40:50.7181125Z touch /workdir/openwrt/staging_dir/target-aarch64_generic_musl/root-armsr/stamp/.kmod-lib-zlib-deflate_installed
build	Compile debug	2026-09-27T15:40:50.7240968Z echo "kmod-lib-zlib-deflate" >> /workdir/openwrt/staging_dir/target-aarch64_generic_musl/pkginfo/linux.default.install
build	Compile debug	2026-09-27T15:40:50.7256836Z mkdir -p /workdir/openwrt/staging_dir/target-aarch64_generic_musl/root-armsr/stamp
build	Compile debug	2026-09-27T15:40:50.7257416Z 
build	Compile debug	2026-09-27T15:40:50.7258707Z SHELL= flock /workdir/openwrt/tmp/.root-copy.flock -c 'cp -fpR /workdir/openwrt/build_dir/target-aarch64_generic_musl/linux-armsr_armv8/packages/.pkgdir/kmod-libphy/. /workdir/openwrt/staging_dir/target-aarch64_generic_musl/root-armsr/'
build	Compile debug	2026-09-27T15:40:50.7260691Z touch /workdir/openwrt/staging_dir/target-aarch64_generic_musl/root-armsr/stamp/.kmod-libphy_installed
build	Compile debug	2026-09-27T15:40:50.7318878Z echo "kmod-libphy" >> /workdir/openwrt/staging_dir/target-aarch64_generic_musl/pkginfo/linux.default.install
build	Compile debug	2026-09-27T15:40:50.7334728Z mkdir -p /workdir/openwrt/staging_dir/target-aarch64_generic_musl/root-armsr/stamp
build	Compile debug	2026-09-27T15:40:50.7335113Z 
build	Compile debug	2026-09-27T15:40:50.7335886Z SHELL= flock /workdir/openwrt/tmp/.root-copy.flock -c 'cp -fpR /workdir/openwrt/build_dir/target-aarch64_generic_musl/linux-armsr_armv8/packages/.pkgdir/kmod-phylink/. /workdir/openwrt/staging_dir/target-aarch64_generic_musl/root-armsr/'
build	Compile debug	2026-09-27T15:40:50.7337258Z touch /workdir/openwrt/staging_dir/target-aarch64_generic_musl/root-armsr/stamp/.kmod-phylink_installed
build	Compile debug	2026-09-27T15:40:50.7404914Z echo "kmod-phylink" >> /workdir/openwrt/staging_dir/target-aarch64_generic_musl/pkginfo/linux.default.install
build	Compile debug	2026-09-27T15:40:50.7421448Z mkdir -p /workdir/openwrt/staging_dir/target-aarch64_generic_musl/root-armsr/stamp
build	Compile debug	2026-09-27T15:40:50.7422058Z 
build	Compile debug	2026-09-27T15:40:50.7423303Z SHELL= flock /workdir/openwrt/tmp/.root-copy.flock -c 'cp -fpR /workdir/openwrt/build_dir/target-aarch64_generic_musl/linux-armsr_armv8/packages/.pkgdir/kmod-mii/. /workdir/openwrt/staging_dir/target-aarch64_generic_musl/root-armsr/'
build	Compile debug	2026-09-27T15:40:50.7425225Z touch /workdir/openwrt/staging_dir/target-aarch64_generic_musl/root-armsr/stamp/.kmod-mii_installed
build	Compile debug	2026-09-27T15:40:50.7488008Z echo "kmod-mii" >> /workdir/openwrt/staging_dir/target-aarch64_generic_musl/pkginfo/linux.default.install
build	Compile debug	2026-09-27T15:40:50.7503845Z mkdir -p /workdir/openwrt/staging_dir/target-aarch64_generic_musl/root-armsr/stamp
build	Compile debug	2026-09-27T15:40:50.7504214Z 
build	Compile debug	2026-09-27T15:40:50.7504991Z SHELL= flock /workdir/openwrt/tmp/.root-copy.flock -c 'cp -fpR /workdir/openwrt/build_dir/target-aarch64_generic_musl/linux-armsr_armv8/packages/.pkgdir/kmod-mdio-devres/. /workdir/openwrt/staging_dir/target-aarch64_generic_musl/root-armsr/'
build	Compile debug	2026-09-27T15:40:50.7506520Z touch /workdir/openwrt/staging_dir/target-aarch64_generic_musl/root-armsr/stamp/.kmod-mdio-devres_installed
build	Compile debug	2026-09-27T15:40:50.7562559Z echo "kmod-mdio-devres" >> /workdir/openwrt/staging_dir/target-aarch64_generic_musl/pkginfo/linux.default.install
build	Compile debug	2026-09-27T15:40:50.7578144Z mkdir -p /workdir/openwrt/staging_dir/target-aarch64_generic_musl/root-armsr/stamp
build	Compile debug	2026-09-27T15:40:50.7578551Z 
build	Compile debug	2026-09-27T15:40:50.7579347Z SHELL= flock /workdir/openwrt/tmp/.root-copy.flock -c 'cp -fpR /workdir/openwrt/build_dir/target-aarch64_generic_musl/linux-armsr_armv8/packages/.pkgdir/kmod-mdio-gpio/. /workdir/openwrt/staging_dir/target-aarch64_generic_musl/root-armsr/'
build	Compile debug	2026-09-27T15:40:50.7580527Z touch /workdir/openwrt/staging_dir/target-aarch64_generic_musl/root-armsr/stamp/.kmod-mdio-gpio_installed
build	Compile debug	2026-09-27T15:40:50.7643049Z echo "kmod-mdio-gpio" >> /workdir/openwrt/staging_dir/target-aarch64_generic_musl/pkginfo/linux.default.install
build	Compile debug	2026-09-27T15:40:50.7659050Z mkdir -p /workdir/openwrt/staging_dir/target-aarch64_generic_musl/root-armsr/stamp
build	Compile debug	2026-09-27T15:40:50.7659969Z 
build	Compile debug	2026-09-27T15:40:50.7660905Z SHELL= flock /workdir/openwrt/tmp/.root-copy.flock -c 'cp -fpR /workdir/openwrt/build_dir/target-aarch64_generic_musl/linux-armsr_armv8/packages/.pkgdir/kmod-phylib-broadcom/. /workdir/openwrt/staging_dir/target-aarch64_generic_musl/root-armsr/'
build	Compile debug	2026-09-27T15:40:50.7662134Z touch /workdir/openwrt/staging_dir/target-aarch64_generic_musl/root-armsr/stamp/.kmod-phylib-broadcom_installed
build	Compile debug	2026-09-27T15:40:50.7723347Z echo "kmod-phylib-broadcom" >> /workdir/openwrt/staging_dir/target-aarch64_generic_musl/pkginfo/linux.default.install
build	Compile debug	2026-09-27T15:40:50.7739136Z mkdir -p /workdir/openwrt/staging_dir/target-aarch64_generic_musl/root-armsr/stamp
build	Compile debug	2026-09-27T15:40:50.7739538Z 
build	Compile debug	2026-09-27T15:40:50.7740346Z SHELL= flock /workdir/openwrt/tmp/.root-copy.flock -c 'cp -fpR /workdir/openwrt/build_dir/target-aarch64_generic_musl/linux-armsr_armv8/packages/.pkgdir/kmod-phy-broadcom/. /workdir/openwrt/staging_dir/target-aarch64_generic_musl/root-armsr/'
build	Compile debug	2026-09-27T15:40:50.7741526Z touch /workdir/openwrt/staging_dir/target-aarch64_generic_musl/root-armsr/stamp/.kmod-phy-broadcom_installed
build	Compile debug	2026-09-27T15:40:50.7805504Z echo "kmod-phy-broadcom" >> /workdir/openwrt/staging_dir/target-aarch64_generic_musl/pkginfo/linux.default.install
build	Compile debug	2026-09-27T15:40:50.7821071Z mkdir -p /workdir/openwrt/staging_dir/target-aarch64_generic_musl/root-armsr/stamp
build	Compile debug	2026-09-27T15:40:50.7821666Z 
build	Compile debug	2026-09-27T15:40:50.7822645Z SHELL= flock /workdir/openwrt/tmp/.root-copy.flock -c 'cp -fpR /workdir/openwrt/build_dir/target-aarch64_generic_musl/linux-armsr_armv8/packages/.pkgdir/kmod-phy-bcm7xxx/. /workdir/openwrt/staging_dir/target-aarch64_generic_musl/root-armsr/'
build	Compile debug	2026-09-27T15:40:50.7823858Z touch /workdir/openwrt/staging_dir/target-aarch64_generic_musl/root-armsr/stamp/.kmod-phy-bcm7xxx_installed
build	Compile debug	2026-09-27T15:40:50.7886289Z echo "kmod-phy-bcm7xxx" >> /workdir/openwrt/staging_dir/target-aarch64_generic_musl/pkginfo/linux.default.install
build	Compile debug	2026-09-27T15:40:50.7901384Z mkdir -p /workdir/openwrt/staging_dir/target-aarch64_generic_musl/root-armsr/stamp
build	Compile debug	2026-09-27T15:40:50.7901981Z 
build	Compile debug	2026-09-27T15:40:50.7902909Z SHELL= flock /workdir/openwrt/tmp/.root-copy.flock -c 'cp -fpR /workdir/openwrt/build_dir/target-aarch64_generic_musl/linux-armsr_armv8/packages/.pkgdir/kmod-phy-marvell/. /workdir/openwrt/staging_dir/target-aarch64_generic_musl/root-armsr/'
build	Compile debug	2026-09-27T15:40:50.7904092Z touch /workdir/openwrt/staging_dir/target-aarch64_generic_musl/root-armsr/stamp/.kmod-phy-marvell_installed
build	Compile debug	2026-09-27T15:40:50.7966257Z echo "kmod-phy-marvell" >> /workdir/openwrt/staging_dir/target-aarch64_generic_musl/pkginfo/linux.default.install
build	Compile debug	2026-09-27T15:40:50.7981864Z mkdir -p /workdir/openwrt/staging_dir/target-aarch64_generic_musl/root-armsr/stamp
build	Compile debug	2026-09-27T15:40:50.7982475Z 
build	Compile debug	2026-09-27T15:40:50.7983419Z SHELL= flock /workdir/openwrt/tmp/.root-copy.flock -c 'cp -fpR /workdir/openwrt/build_dir/target-aarch64_generic_musl/linux-armsr_armv8/packages/.pkgdir/kmod-phy-marvell-10g/. /workdir/openwrt/staging_dir/target-aarch64_generic_musl/root-armsr/'
build	Compile debug	2026-09-27T15:40:50.7984699Z touch /workdir/openwrt/staging_dir/target-aarch64_generic_musl/root-armsr/stamp/.kmod-phy-marvell-10g_installed
build	Compile debug	2026-09-27T15:40:50.8041394Z echo "kmod-phy-marvell-10g" >> /workdir/openwrt/staging_dir/target-aarch64_generic_musl/pkginfo/linux.default.install
build	Compile debug	2026-09-27T15:40:50.8057027Z mkdir -p /workdir/openwrt/staging_dir/target-aarch64_generic_musl/root-armsr/stamp
build	Compile debug	2026-09-27T15:40:50.8057624Z 
build	Compile debug	2026-09-27T15:40:50.8058650Z SHELL= flock /workdir/openwrt/tmp/.root-copy.flock -c 'cp -fpR /workdir/openwrt/build_dir/target-aarch64_generic_musl/linux-armsr_armv8/packages/.pkgdir/kmod-phy-realtek/. /workdir/openwrt/staging_dir/target-aarch64_generic_musl/root-armsr/'
build	Compile debug	2026-09-27T15:40:50.8059868Z touch /workdir/openwrt/staging_dir/target-aarch64_generic_musl/root-armsr/stamp/.kmod-phy-realtek_installed
build	Compile debug	2026-09-27T15:40:50.8125023Z echo "kmod-phy-realtek" >> /workdir/openwrt/staging_dir/target-aarch64_generic_musl/pkginfo/linux.default.install
build	Compile debug	2026-09-27T15:40:50.8140496Z mkdir -p /workdir/openwrt/staging_dir/target-aarch64_generic_musl/root-armsr/stamp
build	Compile debug	2026-09-27T15:40:50.8141075Z 
build	Compile debug	2026-09-27T15:40:50.8142004Z SHELL= flock /workdir/openwrt/tmp/.root-copy.flock -c 'cp -fpR /workdir/openwrt/build_dir/target-aarch64_generic_musl/linux-armsr_armv8/packages/.pkgdir/kmod-phy-smsc/. /workdir/openwrt/staging_dir/target-aarch64_generic_musl/root-armsr/'
build	Compile debug	2026-09-27T15:40:50.8143209Z touch /workdir/openwrt/staging_dir/target-aarch64_generic_musl/root-armsr/stamp/.kmod-phy-smsc_installed
build	Compile debug	2026-09-27T15:40:50.8207886Z echo "kmod-phy-smsc" >> /workdir/openwrt/staging_dir/target-aarch64_generic_musl/pkginfo/linux.default.install
build	Compile debug	2026-09-27T15:40:50.8223278Z mkdir -p /workdir/openwrt/staging_dir/target-aarch64_generic_musl/root-armsr/stamp
build	Compile debug	2026-09-27T15:40:50.8223889Z 
build	Compile debug	2026-09-27T15:40:50.8224785Z SHELL= flock /workdir/openwrt/tmp/.root-copy.flock -c 'cp -fpR /workdir/openwrt/build_dir/target-aarch64_generic_musl/linux-armsr_armv8/packages/.pkgdir/kmod-phy-aquantia/. /workdir/openwrt/staging_dir/target-aarch64_generic_musl/root-armsr/'
build	Compile debug	2026-09-27T15:40:50.8226525Z touch /workdir/openwrt/staging_dir/target-aarch64_generic_musl/root-armsr/stamp/.kmod-phy-aquantia_installed
build	Compile debug	2026-09-27T15:40:50.8293667Z echo "kmod-phy-aquantia" >> /workdir/openwrt/staging_dir/target-aarch64_generic_musl/pkginfo/linux.default.install
build	Compile debug	2026-09-27T15:40:50.8309709Z mkdir -p /workdir/openwrt/staging_dir/target-aarch64_generic_musl/root-armsr/stamp
build	Compile debug	2026-09-27T15:40:50.8310299Z 
build	Compile debug	2026-09-27T15:40:50.8311200Z SHELL= flock /workdir/openwrt/tmp/.root-copy.flock -c 'cp -fpR /workdir/openwrt/build_dir/target-aarch64_generic_musl/linux-armsr_armv8/packages/.pkgdir/kmod-e1000e/. /workdir/openwrt/staging_dir/target-aarch64_generic_musl/root-armsr/'
build	Compile debug	2026-09-27T15:40:50.8312668Z touch /workdir/openwrt/staging_dir/target-aarch64_generic_musl/root-armsr/stamp/.kmod-e1000e_installed
build	Compile debug	2026-09-27T15:40:50.8394255Z echo "kmod-e1000e" >> /workdir/openwrt/staging_dir/target-aarch64_generic_musl/pkginfo/linux.default.install
build	Compile debug	2026-09-27T15:40:50.8411652Z mkdir -p /workdir/openwrt/staging_dir/target-aarch64_generic_musl/root-armsr/stamp
build	Compile debug	2026-09-27T15:40:50.8412259Z 
build	Compile debug	2026-09-27T15:40:50.8413237Z SHELL= flock /workdir/openwrt/tmp/.root-copy.flock -c 'cp -fpR /workdir/openwrt/build_dir/target-aarch64_generic_musl/linux-armsr_armv8/packages/.pkgdir/kmod-macvlan/. /workdir/openwrt/staging_dir/target-aarch64_generic_musl/root-armsr/'
build	Compile debug	2026-09-27T15:40:50.8414426Z touch /workdir/openwrt/staging_dir/target-aarch64_generic_musl/root-armsr/stamp/.kmod-macvlan_installed
build	Compile debug	2026-09-27T15:40:50.8483654Z echo "kmod-macvlan" >> /workdir/openwrt/staging_dir/target-aarch64_generic_musl/pkginfo/linux.default.install
build	Compile debug	2026-09-27T15:40:50.8499655Z mkdir -p /workdir/openwrt/staging_dir/target-aarch64_generic_musl/root-armsr/stamp
build	Compile debug	2026-09-27T15:40:50.8500268Z 
build	Compile debug	2026-09-27T15:40:50.8501248Z SHELL= flock /workdir/openwrt/tmp/.root-copy.flock -c 'cp -fpR /workdir/openwrt/build_dir/target-aarch64_generic_musl/linux-armsr_armv8/packages/.pkgdir/kmod-fixed-phy/. /workdir/openwrt/staging_dir/target-aarch64_generic_musl/root-armsr/'
build	Compile debug	2026-09-27T15:40:50.8502461Z touch /workdir/openwrt/staging_dir/target-aarch64_generic_musl/root-armsr/stamp/.kmod-fixed-phy_installed
build	Compile debug	2026-09-27T15:40:50.8560577Z echo "kmod-fixed-phy" >> /workdir/openwrt/staging_dir/target-aarch64_generic_musl/pkginfo/linux.default.install
build	Compile debug	2026-09-27T15:40:50.8575529Z mkdir -p /workdir/openwrt/staging_dir/target-aarch64_generic_musl/root-armsr/stamp
build	Compile debug	2026-09-27T15:40:50.8576346Z 
build	Compile debug	2026-09-27T15:40:50.8577315Z SHELL= flock /workdir/openwrt/tmp/.root-copy.flock -c 'cp -fpR /workdir/openwrt/build_dir/target-aarch64_generic_musl/linux-armsr_armv8/packages/.pkgdir/kmod-of-mdio/. /workdir/openwrt/staging_dir/target-aarch64_generic_musl/root-armsr/'
build	Compile debug	2026-09-27T15:40:50.8578490Z touch /workdir/openwrt/staging_dir/target-aarch64_generic_musl/root-armsr/stamp/.kmod-of-mdio_installed
build	Compile debug	2026-09-27T15:40:50.8634649Z echo "kmod-of-mdio" >> /workdir/openwrt/staging_dir/target-aarch64_generic_musl/pkginfo/linux.default.install
build	Compile debug	2026-09-27T15:40:50.8650094Z mkdir -p /workdir/openwrt/staging_dir/target-aarch64_generic_musl/root-armsr/stamp
build	Compile debug	2026-09-27T15:40:50.8650670Z 
build	Compile debug	2026-09-27T15:40:50.8651576Z SHELL= flock /workdir/openwrt/tmp/.root-copy.flock -c 'cp -fpR /workdir/openwrt/build_dir/target-aarch64_generic_musl/linux-armsr_armv8/packages/.pkgdir/kmod-vmxnet3/. /workdir/openwrt/staging_dir/target-aarch64_generic_musl/root-armsr/'
build	Compile debug	2026-09-27T15:40:50.8652752Z touch /workdir/openwrt/staging_dir/target-aarch64_generic_musl/root-armsr/stamp/.kmod-vmxnet3_installed
build	Compile debug	2026-09-27T15:40:50.8727421Z echo "kmod-vmxnet3" >> /workdir/openwrt/staging_dir/target-aarch64_generic_musl/pkginfo/linux.default.install
build	Compile debug	2026-09-27T15:40:50.8742701Z mkdir -p /workdir/openwrt/staging_dir/target-aarch64_generic_musl/root-armsr/stamp
build	Compile debug	2026-09-27T15:40:50.8743299Z 
build	Compile debug	2026-09-27T15:40:50.8744223Z SHELL= flock /workdir/openwrt/tmp/.root-copy.flock -c 'cp -fpR /workdir/openwrt/build_dir/target-aarch64_generic_musl/linux-armsr_armv8/packages/.pkgdir/kmod-net-selftests/. /workdir/openwrt/staging_dir/target-aarch64_generic_musl/root-armsr/'
build	Compile debug	2026-09-27T15:40:50.8745443Z touch /workdir/openwrt/staging_dir/target-aarch64_generic_musl/root-armsr/stamp/.kmod-net-selftests_installed
build	Compile debug	2026-09-27T15:40:50.8801715Z echo "kmod-net-selftests" >> /workdir/openwrt/staging_dir/target-aarch64_generic_musl/pkginfo/linux.default.install
build	Compile debug	2026-09-27T15:40:50.8816920Z mkdir -p /workdir/openwrt/staging_dir/target-aarch64_generic_musl/root-armsr/stamp
build	Compile debug	2026-09-27T15:40:50.8817507Z 
build	Compile debug	2026-09-27T15:40:50.8818387Z SHELL= flock /workdir/openwrt/tmp/.root-copy.flock -c 'cp -fpR /workdir/openwrt/build_dir/target-aarch64_generic_musl/linux-armsr_armv8/packages/.pkgdir/kmod-sfp/. /workdir/openwrt/staging_dir/target-aarch64_generic_musl/root-armsr/'
build	Compile debug	2026-09-27T15:40:50.8819794Z touch /workdir/openwrt/staging_dir/target-aarch64_generic_musl/root-armsr/stamp/.kmod-sfp_installed
build	Compile debug	2026-09-27T15:40:50.8883998Z echo "kmod-sfp" >> /workdir/openwrt/staging_dir/target-aarch64_generic_musl/pkginfo/linux.default.install
build	Compile debug	2026-09-27T15:40:50.8899282Z mkdir -p /workdir/openwrt/staging_dir/target-aarch64_generic_musl/root-armsr/stamp
build	Compile debug	2026-09-27T15:40:50.8899877Z 
build	Compile debug	2026-09-27T15:40:50.8900883Z SHELL= flock /workdir/openwrt/tmp/.root-copy.flock -c 'cp -fpR /workdir/openwrt/build_dir/target-aarch64_generic_musl/linux-armsr_armv8/packages/.pkgdir/kmod-pcs-xpcs/. /workdir/openwrt/staging_dir/target-aarch64_generic_musl/root-armsr/'
build	Compile debug	2026-09-27T15:40:50.8902058Z touch /workdir/openwrt/staging_dir/target-aarch64_generic_musl/root-armsr/stamp/.kmod-pcs-xpcs_installed
build	Compile debug	2026-09-27T15:40:50.8967442Z echo "kmod-pcs-xpcs" >> /workdir/openwrt/staging_dir/target-aarch64_generic_musl/pkginfo/linux.default.install
build	Compile debug	2026-09-27T15:40:50.8982955Z mkdir -p /workdir/openwrt/staging_dir/target-aarch64_generic_musl/root-armsr/stamp
build	Compile debug	2026-09-27T15:40:50.8983576Z 
build	Compile debug	2026-09-27T15:40:50.8984456Z SHELL= flock /workdir/openwrt/tmp/.root-copy.flock -c 'cp -fpR /workdir/openwrt/build_dir/target-aarch64_generic_musl/linux-armsr_armv8/packages/.pkgdir/kmod-stmmac-core/. /workdir/openwrt/staging_dir/target-aarch64_generic_musl/root-armsr/'
build	Compile debug	2026-09-27T15:40:50.8985663Z touch /workdir/openwrt/staging_dir/target-aarch64_generic_musl/root-armsr/stamp/.kmod-stmmac-core_installed
build	Compile debug	2026-09-27T15:40:50.9068186Z echo "kmod-stmmac-core" >> /workdir/openwrt/staging_dir/target-aarch64_generic_musl/pkginfo/linux.default.install
build	Compile debug	2026-09-27T15:40:50.9084484Z mkdir -p /workdir/openwrt/staging_dir/target-aarch64_generic_musl/root-armsr/stamp
build	Compile debug	2026-09-27T15:40:50.9085086Z 
build	Compile debug	2026-09-27T15:40:50.9086438Z SHELL= flock /workdir/openwrt/tmp/.root-copy.flock -c 'cp -fpR /workdir/openwrt/build_dir/target-aarch64_generic_musl/linux-armsr_armv8/packages/.pkgdir/kmod-atlantic/. /workdir/openwrt/staging_dir/target-aarch64_generic_musl/root-armsr/'
build	Compile debug	2026-09-27T15:40:50.9087632Z touch /workdir/openwrt/staging_dir/target-aarch64_generic_musl/root-armsr/stamp/.kmod-atlantic_installed
build	Compile debug	2026-09-27T15:40:50.9166755Z echo "kmod-atlantic" >> /workdir/openwrt/staging_dir/target-aarch64_generic_musl/pkginfo/linux.default.install
build	Compile debug	2026-09-27T15:40:50.9183414Z mkdir -p /workdir/openwrt/staging_dir/target-aarch64_generic_musl/root-armsr/stamp
build	Compile debug	2026-09-27T15:40:50.9184005Z 
build	Compile debug	2026-09-27T15:40:50.9185002Z SHELL= flock /workdir/openwrt/tmp/.root-copy.flock -c 'cp -fpR /workdir/openwrt/build_dir/target-aarch64_generic_musl/linux-armsr_armv8/packages/.pkgdir/kmod-amazon-ena/. /workdir/openwrt/staging_dir/target-aarch64_generic_musl/root-armsr/'
build	Compile debug	2026-09-27T15:40:50.9186415Z touch /workdir/openwrt/staging_dir/target-aarch64_generic_musl/root-armsr/stamp/.kmod-amazon-ena_installed
build	Compile debug	2026-09-27T15:40:50.9259606Z echo "kmod-amazon-ena" >> /workdir/openwrt/staging_dir/target-aarch64_generic_musl/pkginfo/linux.default.install
build	Compile debug	2026-09-27T15:40:50.9275329Z mkdir -p /workdir/openwrt/staging_dir/target-aarch64_generic_musl/root-armsr/stamp
build	Compile debug	2026-09-27T15:40:50.9276104Z 
build	Compile debug	2026-09-27T15:40:50.9277088Z SHELL= flock /workdir/openwrt/tmp/.root-copy.flock -c 'cp -fpR /workdir/openwrt/build_dir/target-aarch64_generic_musl/linux-armsr_armv8/packages/.pkgdir/kmod-nf-reject/. /workdir/openwrt/staging_dir/target-aarch64_generic_musl/root-armsr/'
build	Compile debug	2026-09-27T15:40:50.9278243Z touch /workdir/openwrt/staging_dir/target-aarch64_generic_musl/root-armsr/stamp/.kmod-nf-reject_installed
build	Compile debug	2026-09-27T15:40:50.9338676Z echo "kmod-nf-reject" >> /workdir/openwrt/staging_dir/target-aarch64_generic_musl/pkginfo/linux.default.install
build	Compile debug	2026-09-27T15:40:50.9354200Z mkdir -p /workdir/openwrt/staging_dir/target-aarch64_generic_musl/root-armsr/stamp
build	Compile debug	2026-09-27T15:40:50.9354783Z 
build	Compile debug	2026-09-27T15:40:50.9355695Z SHELL= flock /workdir/openwrt/tmp/.root-copy.flock -c 'cp -fpR /workdir/openwrt/build_dir/target-aarch64_generic_musl/linux-armsr_armv8/packages/.pkgdir/kmod-nf-reject6/. /workdir/openwrt/staging_dir/target-aarch64_generic_musl/root-armsr/'
build	Compile debug	2026-09-27T15:40:50.9357483Z touch /workdir/openwrt/staging_dir/target-aarch64_generic_musl/root-armsr/stamp/.kmod-nf-reject6_installed
build	Compile debug	2026-09-27T15:40:50.9418117Z echo "kmod-nf-reject6" >> /workdir/openwrt/staging_dir/target-aarch64_generic_musl/pkginfo/linux.default.install
build	Compile debug	2026-09-27T15:40:50.9433522Z mkdir -p /workdir/openwrt/staging_dir/target-aarch64_generic_musl/root-armsr/stamp
build	Compile debug	2026-09-27T15:40:50.9433906Z 
build	Compile debug	2026-09-27T15:40:50.9434688Z SHELL= flock /workdir/openwrt/tmp/.root-copy.flock -c 'cp -fpR /workdir/openwrt/build_dir/target-aarch64_generic_musl/linux-armsr_armv8/packages/.pkgdir/kmod-iptables/. /workdir/openwrt/staging_dir/target-aarch64_generic_musl/root-armsr/'
build	Compile debug	2026-09-27T15:40:50.9435880Z touch /workdir/openwrt/staging_dir/target-aarch64_generic_musl/root-armsr/stamp/.kmod-iptables_installed
build	Compile debug	2026-09-27T15:40:50.9506857Z echo "kmod-iptables" >> /workdir/openwrt/staging_dir/target-aarch64_generic_musl/pkginfo/linux.default.install
build	Compile debug	2026-09-27T15:40:50.9523117Z mkdir -p /workdir/openwrt/staging_dir/target-aarch64_generic_musl/root-armsr/stamp
build	Compile debug	2026-09-27T15:40:50.9523513Z 
build	Compile debug	2026-09-27T15:40:50.9524289Z SHELL= flock /workdir/openwrt/tmp/.root-copy.flock -c 'cp -fpR /workdir/openwrt/build_dir/target-aarch64_generic_musl/linux-armsr_armv8/packages/.pkgdir/kmod-nf-ipt/. /workdir/openwrt/staging_dir/target-aarch64_generic_musl/root-armsr/'
build	Compile debug	2026-09-27T15:40:50.9525444Z touch /workdir/openwrt/staging_dir/target-aarch64_generic_musl/root-armsr/stamp/.kmod-nf-ipt_installed
build	Compile debug	2026-09-27T15:40:50.9598018Z echo "kmod-nf-ipt" >> /workdir/openwrt/staging_dir/target-aarch64_generic_musl/pkginfo/linux.default.install
build	Compile debug	2026-09-27T15:40:50.9613944Z mkdir -p /workdir/openwrt/staging_dir/target-aarch64_generic_musl/root-armsr/stamp
build	Compile debug	2026-09-27T15:40:50.9614528Z 
build	Compile debug	2026-09-27T15:40:50.9615501Z SHELL= flock /workdir/openwrt/tmp/.root-copy.flock -c 'cp -fpR /workdir/openwrt/build_dir/target-aarch64_generic_musl/linux-armsr_armv8/packages/.pkgdir/kmod-nf-ipt6/. /workdir/openwrt/staging_dir/target-aarch64_generic_musl/root-armsr/'
build	Compile debug	2026-09-27T15:40:50.9617048Z touch /workdir/openwrt/staging_dir/target-aarch64_generic_musl/root-armsr/stamp/.kmod-nf-ipt6_installed
build	Compile debug	2026-09-27T15:40:50.9684082Z echo "kmod-nf-ipt6" >> /workdir/openwrt/staging_dir/target-aarch64_generic_musl/pkginfo/linux.default.install
build	Compile debug	2026-09-27T15:40:50.9699773Z mkdir -p /workdir/openwrt/staging_dir/target-aarch64_generic_musl/root-armsr/stamp
build	Compile debug	2026-09-27T15:40:50.9700362Z 
build	Compile debug	2026-09-27T15:40:50.9701305Z SHELL= flock /workdir/openwrt/tmp/.root-copy.flock -c 'cp -fpR /workdir/openwrt/build_dir/target-aarch64_generic_musl/linux-armsr_armv8/packages/.pkgdir/kmod-ipt-core/. /workdir/openwrt/staging_dir/target-aarch64_generic_musl/root-armsr/'
build	Compile debug	2026-09-27T15:40:50.9702452Z touch /workdir/openwrt/staging_dir/target-aarch64_generic_musl/root-armsr/stamp/.kmod-ipt-core_installed
build	Compile debug	2026-09-27T15:40:50.9779208Z echo "kmod-ipt-core" >> /workdir/openwrt/staging_dir/target-aarch64_generic_musl/pkginfo/linux.default.install
build	Compile debug	2026-09-27T15:40:50.9794596Z mkdir -p /workdir/openwrt/staging_dir/target-aarch64_generic_musl/root-armsr/stamp
build	Compile debug	2026-09-27T15:40:50.9795227Z 
build	Compile debug	2026-09-27T15:40:50.9796484Z SHELL= flock /workdir/openwrt/tmp/.root-copy.flock -c 'cp -fpR /workdir/openwrt/build_dir/target-aarch64_generic_musl/linux-armsr_armv8/packages/.pkgdir/kmod-nf-conntrack/. /workdir/openwrt/staging_dir/target-aarch64_generic_musl/root-armsr/'
build	Compile debug	2026-09-27T15:40:50.9797705Z touch /workdir/openwrt/staging_dir/target-aarch64_generic_musl/root-armsr/stamp/.kmod-nf-conntrack_installed
build	Compile debug	2026-09-27T15:40:50.9881536Z echo "kmod-nf-conntrack" >> /workdir/openwrt/staging_dir/target-aarch64_generic_musl/pkginfo/linux.default.install
build	Compile debug	2026-09-27T15:40:50.9897308Z mkdir -p /workdir/openwrt/staging_dir/target-aarch64_generic_musl/root-armsr/stamp
build	Compile debug	2026-09-27T15:40:50.9897901Z 
build	Compile debug	2026-09-27T15:40:50.9898804Z SHELL= flock /workdir/openwrt/tmp/.root-copy.flock -c 'cp -fpR /workdir/openwrt/build_dir/target-aarch64_generic_musl/linux-armsr_armv8/packages/.pkgdir/kmod-nf-log/. /workdir/openwrt/staging_dir/target-aarch64_generic_musl/root-armsr/'
build	Compile debug	2026-09-27T15:40:50.9900230Z touch /workdir/openwrt/staging_dir/target-aarch64_generic_musl/root-armsr/stamp/.kmod-nf-log_installed
build	Compile debug	2026-09-27T15:40:50.9960908Z echo "kmod-nf-log" >> /workdir/openwrt/staging_dir/target-aarch64_generic_musl/pkginfo/linux.default.install
build	Compile debug	2026-09-27T15:40:50.9976413Z mkdir -p /workdir/openwrt/staging_dir/target-aarch64_generic_musl/root-armsr/stamp
build	Compile debug	2026-09-27T15:40:50.9976989Z 
build	Compile debug	2026-09-27T15:40:50.9977893Z SHELL= flock /workdir/openwrt/tmp/.root-copy.flock -c 'cp -fpR /workdir/openwrt/build_dir/target-aarch64_generic_musl/linux-armsr_armv8/packages/.pkgdir/kmod-nf-log6/. /workdir/openwrt/staging_dir/target-aarch64_generic_musl/root-armsr/'
build	Compile debug	2026-09-27T15:40:50.9979025Z touch /workdir/openwrt/staging_dir/target-aarch64_generic_musl/root-armsr/stamp/.kmod-nf-log6_installed
build	Compile debug	2026-09-27T15:40:51.0032885Z echo "kmod-nf-log6" >> /workdir/openwrt/staging_dir/target-aarch64_generic_musl/pkginfo/linux.default.install
build	Compile debug	2026-09-27T15:40:51.0048913Z mkdir -p /workdir/openwrt/staging_dir/target-aarch64_generic_musl/root-armsr/stamp
build	Compile debug	2026-09-27T15:40:51.0049509Z 
build	Compile debug	2026-09-27T15:40:51.0050430Z SHELL= flock /workdir/openwrt/tmp/.root-copy.flock -c 'cp -fpR /workdir/openwrt/build_dir/target-aarch64_generic_musl/linux-armsr_armv8/packages/.pkgdir/kmod-nf-nat/. /workdir/openwrt/staging_dir/target-aarch64_generic_musl/root-armsr/'
build	Compile debug	2026-09-27T15:40:51.0051588Z touch /workdir/openwrt/staging_dir/target-aarch64_generic_musl/root-armsr/stamp/.kmod-nf-nat_installed
build	Compile debug	2026-09-27T15:40:51.0115309Z echo "kmod-nf-nat" >> /workdir/openwrt/staging_dir/target-aarch64_generic_musl/pkginfo/linux.default.install
build	Compile debug	2026-09-27T15:40:51.0131209Z mkdir -p /workdir/openwrt/staging_dir/target-aarch64_generic_musl/root-armsr/stamp
build	Compile debug	2026-09-27T15:40:51.0131800Z 
build	Compile debug	2026-09-27T15:40:51.0132710Z SHELL= flock /workdir/openwrt/tmp/.root-copy.flock -c 'cp -fpR /workdir/openwrt/build_dir/target-aarch64_generic_musl/linux-armsr_armv8/packages/.pkgdir/kmod-nf-nat6/. /workdir/openwrt/staging_dir/target-aarch64_generic_musl/root-armsr/'
build	Compile debug	2026-09-27T15:40:51.0133862Z touch /workdir/openwrt/staging_dir/target-aarch64_generic_musl/root-armsr/stamp/.kmod-nf-nat6_installed
build	Compile debug	2026-09-27T15:40:51.0188077Z echo "kmod-nf-nat6" >> /workdir/openwrt/staging_dir/target-aarch64_generic_musl/pkginfo/linux.default.install
build	Compile debug	2026-09-27T15:40:51.0203152Z mkdir -p /workdir/openwrt/staging_dir/target-aarch64_generic_musl/root-armsr/stamp
build	Compile debug	2026-09-27T15:40:51.0203750Z 
build	Compile debug	2026-09-27T15:40:51.0204767Z SHELL= flock /workdir/openwrt/tmp/.root-copy.flock -c 'cp -fpR /workdir/openwrt/build_dir/target-aarch64_generic_musl/linux-armsr_armv8/packages/.pkgdir/kmod-nf-flow/. /workdir/openwrt/staging_dir/target-aarch64_generic_musl/root-armsr/'
build	Compile debug	2026-09-27T15:40:51.0206123Z touch /workdir/openwrt/staging_dir/target-aarch64_generic_musl/root-armsr/stamp/.kmod-nf-flow_installed
build	Compile debug	2026-09-27T15:40:51.0277267Z echo "kmod-nf-flow" >> /workdir/openwrt/staging_dir/target-aarch64_generic_musl/pkginfo/linux.default.install
build	Compile debug	2026-09-27T15:40:51.0292850Z mkdir -p /workdir/openwrt/staging_dir/target-aarch64_generic_musl/root-armsr/stamp
build	Compile debug	2026-09-27T15:40:51.0293474Z 
build	Compile debug	2026-09-27T15:40:51.0294417Z SHELL= flock /workdir/openwrt/tmp/.root-copy.flock -c 'cp -fpR /workdir/openwrt/build_dir/target-aarch64_generic_musl/linux-armsr_armv8/packages/.pkgdir/kmod-nf-socket/. /workdir/openwrt/staging_dir/target-aarch64_generic_musl/root-armsr/'
build	Compile debug	2026-09-27T15:40:51.0295621Z touch /workdir/openwrt/staging_dir/target-aarch64_generic_musl/root-armsr/stamp/.kmod-nf-socket_installed
build	Compile debug	2026-09-27T15:40:51.0358279Z echo "kmod-nf-socket" >> /workdir/openwrt/staging_dir/target-aarch64_generic_musl/pkginfo/linux.default.install
build	Compile debug	2026-09-27T15:40:51.0374054Z mkdir -p /workdir/openwrt/staging_dir/target-aarch64_generic_musl/root-armsr/stamp
build	Compile debug	2026-09-27T15:40:51.0374644Z 
build	Compile debug	2026-09-27T15:40:51.0375673Z SHELL= flock /workdir/openwrt/tmp/.root-copy.flock -c 'cp -fpR /workdir/openwrt/build_dir/target-aarch64_generic_musl/linux-armsr_armv8/packages/.pkgdir/kmod-nf-tproxy/. /workdir/openwrt/staging_dir/target-aarch64_generic_musl/root-armsr/'
build	Compile debug	2026-09-27T15:40:51.0377461Z touch /workdir/openwrt/staging_dir/target-aarch64_generic_musl/root-armsr/stamp/.kmod-nf-tproxy_installed
build	Compile debug	2026-09-27T15:40:51.0438785Z echo "kmod-nf-tproxy" >> /workdir/openwrt/staging_dir/target-aarch64_generic_musl/pkginfo/linux.default.install
build	Compile debug	2026-09-27T15:40:51.0453852Z mkdir -p /workdir/openwrt/staging_dir/target-aarch64_generic_musl/root-armsr/stamp
build	Compile debug	2026-09-27T15:40:51.0454427Z 
build	Compile debug	2026-09-27T15:40:51.0455338Z SHELL= flock /workdir/openwrt/tmp/.root-copy.flock -c 'cp -fpR /workdir/openwrt/build_dir/target-aarch64_generic_musl/linux-armsr_armv8/packages/.pkgdir/kmod-ipt-conntrack/. /workdir/openwrt/staging_dir/target-aarch64_generic_musl/root-armsr/'
build	Compile debug	2026-09-27T15:40:51.0456809Z touch /workdir/openwrt/staging_dir/target-aarch64_generic_musl/root-armsr/stamp/.kmod-ipt-conntrack_installed
build	Compile debug	2026-09-27T15:40:51.0518429Z echo "kmod-ipt-conntrack" >> /workdir/openwrt/staging_dir/target-aarch64_generic_musl/pkginfo/linux.default.install
build	Compile debug	2026-09-27T15:40:51.0533583Z mkdir -p /workdir/openwrt/staging_dir/target-aarch64_generic_musl/root-armsr/stamp
build	Compile debug	2026-09-27T15:40:51.0534198Z 
build	Compile debug	2026-09-27T15:40:51.0535112Z SHELL= flock /workdir/openwrt/tmp/.root-copy.flock -c 'cp -fpR /workdir/openwrt/build_dir/target-aarch64_generic_musl/linux-armsr_armv8/packages/.pkgdir/kmod-nf-ipvs/. /workdir/openwrt/staging_dir/target-aarch64_generic_musl/root-armsr/'
build	Compile debug	2026-09-27T15:40:51.0536509Z touch /workdir/openwrt/staging_dir/target-aarch64_generic_musl/root-armsr/stamp/.kmod-nf-ipvs_installed
build	Compile debug	2026-09-27T15:40:51.0638963Z echo "kmod-nf-ipvs" >> /workdir/openwrt/staging_dir/target-aarch64_generic_musl/pkginfo/linux.default.install
build	Compile debug	2026-09-27T15:40:51.0656235Z mkdir -p /workdir/openwrt/staging_dir/target-aarch64_generic_musl/root-armsr/stamp
build	Compile debug	2026-09-27T15:40:51.0656822Z 
build	Compile debug	2026-09-27T15:40:51.0657882Z SHELL= flock /workdir/openwrt/tmp/.root-copy.flock -c 'cp -fpR /workdir/openwrt/build_dir/target-aarch64_generic_musl/linux-armsr_armv8/packages/.pkgdir/kmod-ipt-nat/. /workdir/openwrt/staging_dir/target-aarch64_generic_musl/root-armsr/'
build	Compile debug	2026-09-27T15:40:51.0659116Z touch /workdir/openwrt/staging_dir/target-aarch64_generic_musl/root-armsr/stamp/.kmod-ipt-nat_installed
build	Compile debug	2026-09-27T15:40:51.0729416Z echo "kmod-ipt-nat" >> /workdir/openwrt/staging_dir/target-aarch64_generic_musl/pkginfo/linux.default.install
build	Compile debug	2026-09-27T15:40:51.0744905Z mkdir -p /workdir/openwrt/staging_dir/target-aarch64_generic_musl/root-armsr/stamp
build	Compile debug	2026-09-27T15:40:51.0745496Z 
build	Compile debug	2026-09-27T15:40:51.0746699Z SHELL= flock /workdir/openwrt/tmp/.root-copy.flock -c 'cp -fpR /workdir/openwrt/build_dir/target-aarch64_generic_musl/linux-armsr_armv8/packages/.pkgdir/kmod-ipt-nat6/. /workdir/openwrt/staging_dir/target-aarch64_generic_musl/root-armsr/'
build	Compile debug	2026-09-27T15:40:51.0747858Z touch /workdir/openwrt/staging_dir/target-aarch64_generic_musl/root-armsr/stamp/.kmod-ipt-nat6_installed
build	Compile debug	2026-09-27T15:40:51.0809981Z echo "kmod-ipt-nat6" >> /workdir/openwrt/staging_dir/target-aarch64_generic_musl/pkginfo/linux.default.install
build	Compile debug	2026-09-27T15:40:51.0826767Z mkdir -p /workdir/openwrt/staging_dir/target-aarch64_generic_musl/root-armsr/stamp
build	Compile debug	2026-09-27T15:40:51.0827388Z 
build	Compile debug	2026-09-27T15:40:51.0828247Z SHELL= flock /workdir/openwrt/tmp/.root-copy.flock -c 'cp -fpR /workdir/openwrt/build_dir/target-aarch64_generic_musl/linux-armsr_armv8/packages/.pkgdir/kmod-ip6tables/. /workdir/openwrt/staging_dir/target-aarch64_generic_musl/root-armsr/'
build	Compile debug	2026-09-27T15:40:51.0829421Z touch /workdir/openwrt/staging_dir/target-aarch64_generic_musl/root-armsr/stamp/.kmod-ip6tables_installed
build	Compile debug	2026-09-27T15:40:51.0894583Z echo "kmod-ip6tables" >> /workdir/openwrt/staging_dir/target-aarch64_generic_musl/pkginfo/linux.default.install
build	Compile debug	2026-09-27T15:40:51.0911027Z mkdir -p /workdir/openwrt/staging_dir/target-aarch64_generic_musl/root-armsr/stamp
build	Compile debug	2026-09-27T15:40:51.0911611Z 
build	Compile debug	2026-09-27T15:40:51.0912586Z SHELL= flock /workdir/openwrt/tmp/.root-copy.flock -c 'cp -fpR /workdir/openwrt/build_dir/target-aarch64_generic_musl/linux-armsr_armv8/packages/.pkgdir/kmod-ip6tables-extra/. /workdir/openwrt/staging_dir/target-aarch64_generic_musl/root-armsr/'
build	Compile debug	2026-09-27T15:40:51.0914144Z touch /workdir/openwrt/staging_dir/target-aarch64_generic_musl/root-armsr/stamp/.kmod-ip6tables-extra_installed
build	Compile debug	2026-09-27T15:40:51.0984455Z echo "kmod-ip6tables-extra" >> /workdir/openwrt/staging_dir/target-aarch64_generic_musl/pkginfo/linux.default.install
build	Compile debug	2026-09-27T15:40:51.1001951Z mkdir -p /workdir/openwrt/staging_dir/target-aarch64_generic_musl/root-armsr/stamp
build	Compile debug	2026-09-27T15:40:51.1002547Z 
build	Compile debug	2026-09-27T15:40:51.1003560Z SHELL= flock /workdir/openwrt/tmp/.root-copy.flock -c 'cp -fpR /workdir/openwrt/build_dir/target-aarch64_generic_musl/linux-armsr_armv8/packages/.pkgdir/kmod-nfnetlink/. /workdir/openwrt/staging_dir/target-aarch64_generic_musl/root-armsr/'
build	Compile debug	2026-09-27T15:40:51.1004777Z touch /workdir/openwrt/staging_dir/target-aarch64_generic_musl/root-armsr/stamp/.kmod-nfnetlink_installed
build	Compile debug	2026-09-27T15:40:51.1068188Z echo "kmod-nfnetlink" >> /workdir/openwrt/staging_dir/target-aarch64_generic_musl/pkginfo/linux.default.install
build	Compile debug	2026-09-27T15:40:51.1085261Z mkdir -p /workdir/openwrt/staging_dir/target-aarch64_generic_musl/root-armsr/stamp
build	Compile debug	2026-09-27T15:40:51.1085847Z 
build	Compile debug	2026-09-27T15:40:51.1087157Z SHELL= flock /workdir/openwrt/tmp/.root-copy.flock -c 'cp -fpR /workdir/openwrt/build_dir/target-aarch64_generic_musl/linux-armsr_armv8/packages/.pkgdir/kmod-nf-conntrack-netlink/. /workdir/openwrt/staging_dir/target-aarch64_generic_musl/root-armsr/'
build	Compile debug	2026-09-27T15:40:51.1088445Z touch /workdir/openwrt/staging_dir/target-aarch64_generic_musl/root-armsr/stamp/.kmod-nf-conntrack-netlink_installed
build	Compile debug	2026-09-27T15:40:51.1155132Z echo "kmod-nf-conntrack-netlink" >> /workdir/openwrt/staging_dir/target-aarch64_generic_musl/pkginfo/linux.default.install
build	Compile debug	2026-09-27T15:40:51.1171208Z mkdir -p /workdir/openwrt/staging_dir/target-aarch64_generic_musl/root-armsr/stamp
build	Compile debug	2026-09-27T15:40:51.1171806Z 
build	Compile debug	2026-09-27T15:40:51.1172726Z SHELL= flock /workdir/openwrt/tmp/.root-copy.flock -c 'cp -fpR /workdir/openwrt/build_dir/target-aarch64_generic_musl/linux-armsr_armv8/packages/.pkgdir/kmod-nft-core/. /workdir/openwrt/staging_dir/target-aarch64_generic_musl/root-armsr/'
build	Compile debug	2026-09-27T15:40:51.1173903Z touch /workdir/openwrt/staging_dir/target-aarch64_generic_musl/root-armsr/stamp/.kmod-nft-core_installed
build	Compile debug	2026-09-27T15:40:51.1284822Z echo "kmod-nft-core" >> /workdir/openwrt/staging_dir/target-aarch64_generic_musl/pkginfo/linux.default.install
build	Compile debug	2026-09-27T15:40:51.1304248Z mkdir -p /workdir/openwrt/staging_dir/target-aarch64_generic_musl/root-armsr/stamp
build	Compile debug	2026-09-27T15:40:51.1304853Z 
build	Compile debug	2026-09-27T15:40:51.1305800Z SHELL= flock /workdir/openwrt/tmp/.root-copy.flock -c 'cp -fpR /workdir/openwrt/build_dir/target-aarch64_generic_musl/linux-armsr_armv8/packages/.pkgdir/kmod-nft-nat/. /workdir/openwrt/staging_dir/target-aarch64_generic_musl/root-armsr/'
build	Compile debug	2026-09-27T15:40:51.1307195Z touch /workdir/openwrt/staging_dir/target-aarch64_generic_musl/root-armsr/stamp/.kmod-nft-nat_installed
build	Compile debug	2026-09-27T15:40:51.1373227Z echo "kmod-nft-nat" >> /workdir/openwrt/staging_dir/target-aarch64_generic_musl/pkginfo/linux.default.install
build	Compile debug	2026-09-27T15:40:51.1389323Z mkdir -p /workdir/openwrt/staging_dir/target-aarch64_generic_musl/root-armsr/stamp
build	Compile debug	2026-09-27T15:40:51.1389910Z 
build	Compile debug	2026-09-27T15:40:51.1390884Z SHELL= flock /workdir/openwrt/tmp/.root-copy.flock -c 'cp -fpR /workdir/openwrt/build_dir/target-aarch64_generic_musl/linux-armsr_armv8/packages/.pkgdir/kmod-nft-offload/. /workdir/openwrt/staging_dir/target-aarch64_generic_musl/root-armsr/'
build	Compile debug	2026-09-27T15:40:51.1392086Z touch /workdir/openwrt/staging_dir/target-aarch64_generic_musl/root-armsr/stamp/.kmod-nft-offload_installed
build	Compile debug	2026-09-27T15:40:51.1455439Z echo "kmod-nft-offload" >> /workdir/openwrt/staging_dir/target-aarch64_generic_musl/pkginfo/linux.default.install
build	Compile debug	2026-09-27T15:40:51.1472505Z mkdir -p /workdir/openwrt/staging_dir/target-aarch64_generic_musl/root-armsr/stamp
build	Compile debug	2026-09-27T15:40:51.1473111Z 
build	Compile debug	2026-09-27T15:40:51.1474131Z SHELL= flock /workdir/openwrt/tmp/.root-copy.flock -c 'cp -fpR /workdir/openwrt/build_dir/target-aarch64_generic_musl/linux-armsr_armv8/packages/.pkgdir/kmod-nft-fib/. /workdir/openwrt/staging_dir/target-aarch64_generic_musl/root-armsr/'
build	Compile debug	2026-09-27T15:40:51.1475623Z touch /workdir/openwrt/staging_dir/target-aarch64_generic_musl/root-armsr/stamp/.kmod-nft-fib_installed
build	Compile debug	2026-09-27T15:40:51.1545222Z echo "kmod-nft-fib" >> /workdir/openwrt/staging_dir/target-aarch64_generic_musl/pkginfo/linux.default.install
build	Compile debug	2026-09-27T15:40:51.1561110Z mkdir -p /workdir/openwrt/staging_dir/target-aarch64_generic_musl/root-armsr/stamp
build	Compile debug	2026-09-27T15:40:51.1561703Z 
build	Compile debug	2026-09-27T15:40:51.1562619Z SHELL= flock /workdir/openwrt/tmp/.root-copy.flock -c 'cp -fpR /workdir/openwrt/build_dir/target-aarch64_generic_musl/linux-armsr_armv8/packages/.pkgdir/kmod-nft-socket/. /workdir/openwrt/staging_dir/target-aarch64_generic_musl/root-armsr/'
build	Compile debug	2026-09-27T15:40:51.1563810Z touch /workdir/openwrt/staging_dir/target-aarch64_generic_musl/root-armsr/stamp/.kmod-nft-socket_installed
build	Compile debug	2026-09-27T15:40:51.1623518Z echo "kmod-nft-socket" >> /workdir/openwrt/staging_dir/target-aarch64_generic_musl/pkginfo/linux.default.install
build	Compile debug	2026-09-27T15:40:51.1639530Z mkdir -p /workdir/openwrt/staging_dir/target-aarch64_generic_musl/root-armsr/stamp
build	Compile debug	2026-09-27T15:40:51.1640133Z 
build	Compile debug	2026-09-27T15:40:51.1641026Z SHELL= flock /workdir/openwrt/tmp/.root-copy.flock -c 'cp -fpR /workdir/openwrt/build_dir/target-aarch64_generic_musl/linux-armsr_armv8/packages/.pkgdir/kmod-nft-tproxy/. /workdir/openwrt/staging_dir/target-aarch64_generic_musl/root-armsr/'
build	Compile debug	2026-09-27T15:40:51.1642219Z touch /workdir/openwrt/staging_dir/target-aarch64_generic_musl/root-armsr/stamp/.kmod-nft-tproxy_installed
build	Compile debug	2026-09-27T15:40:51.1702609Z echo "kmod-nft-tproxy" >> /workdir/openwrt/staging_dir/target-aarch64_generic_musl/pkginfo/linux.default.install
build	Compile debug	2026-09-27T15:40:51.1718678Z mkdir -p /workdir/openwrt/staging_dir/target-aarch64_generic_musl/root-armsr/stamp
build	Compile debug	2026-09-27T15:40:51.1719262Z 
build	Compile debug	2026-09-27T15:40:51.1720138Z SHELL= flock /workdir/openwrt/tmp/.root-copy.flock -c 'cp -fpR /workdir/openwrt/build_dir/target-aarch64_generic_musl/linux-armsr_armv8/packages/.pkgdir/kmod-tun/. /workdir/openwrt/staging_dir/target-aarch64_generic_musl/root-armsr/'
build	Compile debug	2026-09-27T15:40:51.1721280Z touch /workdir/openwrt/staging_dir/target-aarch64_generic_musl/root-armsr/stamp/.kmod-tun_installed
build	Compile debug	2026-09-27T15:40:51.1789861Z echo "kmod-tun" >> /workdir/openwrt/staging_dir/target-aarch64_generic_musl/pkginfo/linux.default.install
build	Compile debug	2026-09-27T15:40:51.1807108Z mkdir -p /workdir/openwrt/staging_dir/target-aarch64_generic_musl/root-armsr/stamp
build	Compile debug	2026-09-27T15:40:51.1807693Z 
build	Compile debug	2026-09-27T15:40:51.1808725Z SHELL= flock /workdir/openwrt/tmp/.root-copy.flock -c 'cp -fpR /workdir/openwrt/build_dir/target-aarch64_generic_musl/linux-armsr_armv8/packages/.pkgdir/kmod-veth/. /workdir/openwrt/staging_dir/target-aarch64_generic_musl/root-armsr/'
build	Compile debug	2026-09-27T15:40:51.1809885Z touch /workdir/openwrt/staging_dir/target-aarch64_generic_musl/root-armsr/stamp/.kmod-veth_installed
build	Compile debug	2026-09-27T15:40:51.1873263Z echo "kmod-veth" >> /workdir/openwrt/staging_dir/target-aarch64_generic_musl/pkginfo/linux.default.install
build	Compile debug	2026-09-27T15:40:51.1890167Z mkdir -p /workdir/openwrt/staging_dir/target-aarch64_generic_musl/root-armsr/stamp
build	Compile debug	2026-09-27T15:40:51.1890767Z 
build	Compile debug	2026-09-27T15:40:51.1891715Z SHELL= flock /workdir/openwrt/tmp/.root-copy.flock -c 'cp -fpR /workdir/openwrt/build_dir/target-aarch64_generic_musl/linux-armsr_armv8/packages/.pkgdir/kmod-slhc/. /workdir/openwrt/staging_dir/target-aarch64_generic_musl/root-armsr/'
build	Compile debug	2026-09-27T15:40:51.1892910Z touch /workdir/openwrt/staging_dir/target-aarch64_generic_musl/root-armsr/stamp/.kmod-slhc_installed
build	Compile debug	2026-09-27T15:40:51.1954438Z echo "kmod-slhc" >> /workdir/openwrt/staging_dir/target-aarch64_generic_musl/pkginfo/linux.default.install
build	Compile debug	2026-09-27T15:40:51.1970982Z mkdir -p /workdir/openwrt/staging_dir/target-aarch64_generic_musl/root-armsr/stamp
build	Compile debug	2026-09-27T15:40:51.1971591Z 
build	Compile debug	2026-09-27T15:40:51.1972572Z SHELL= flock /workdir/openwrt/tmp/.root-copy.flock -c 'cp -fpR /workdir/openwrt/build_dir/target-aarch64_generic_musl/linux-armsr_armv8/packages/.pkgdir/kmod-ppp/. /workdir/openwrt/staging_dir/target-aarch64_generic_musl/root-armsr/'
build	Compile debug	2026-09-27T15:40:51.1974030Z touch /workdir/openwrt/staging_dir/target-aarch64_generic_musl/root-armsr/stamp/.kmod-ppp_installed
build	Compile debug	2026-09-27T15:40:51.2047614Z echo "kmod-ppp" >> /workdir/openwrt/staging_dir/target-aarch64_generic_musl/pkginfo/linux.default.install
build	Compile debug	2026-09-27T15:40:51.2063456Z mkdir -p /workdir/openwrt/staging_dir/target-aarch64_generic_musl/root-armsr/stamp
build	Compile debug	2026-09-27T15:40:51.2064052Z 
build	Compile debug	2026-09-27T15:40:51.2064975Z SHELL= flock /workdir/openwrt/tmp/.root-copy.flock -c 'cp -fpR /workdir/openwrt/build_dir/target-aarch64_generic_musl/linux-armsr_armv8/packages/.pkgdir/kmod-pppox/. /workdir/openwrt/staging_dir/target-aarch64_generic_musl/root-armsr/'
build	Compile debug	2026-09-27T15:40:51.2066413Z touch /workdir/openwrt/staging_dir/target-aarch64_generic_musl/root-armsr/stamp/.kmod-pppox_installed
build	Compile debug	2026-09-27T15:40:51.2124177Z echo "kmod-pppox" >> /workdir/openwrt/staging_dir/target-aarch64_generic_musl/pkginfo/linux.default.install
build	Compile debug	2026-09-27T15:40:51.2140274Z mkdir -p /workdir/openwrt/staging_dir/target-aarch64_generic_musl/root-armsr/stamp
build	Compile debug	2026-09-27T15:40:51.2140874Z 
build	Compile debug	2026-09-27T15:40:51.2141885Z SHELL= flock /workdir/openwrt/tmp/.root-copy.flock -c 'cp -fpR /workdir/openwrt/build_dir/target-aarch64_generic_musl/linux-armsr_armv8/packages/.pkgdir/kmod-pppoe/. /workdir/openwrt/staging_dir/target-aarch64_generic_musl/root-armsr/'
build	Compile debug	2026-09-27T15:40:51.2143037Z touch /workdir/openwrt/staging_dir/target-aarch64_generic_musl/root-armsr/stamp/.kmod-pppoe_installed
build	Compile debug	2026-09-27T15:40:51.2206709Z echo "kmod-pppoe" >> /workdir/openwrt/staging_dir/target-aarch64_generic_musl/pkginfo/linux.default.install
build	Compile debug	2026-09-27T15:40:51.2222794Z mkdir -p /workdir/openwrt/staging_dir/target-aarch64_generic_musl/root-armsr/stamp
build	Compile debug	2026-09-27T15:40:51.2223389Z 
build	Compile debug	2026-09-27T15:40:51.2224390Z SHELL= flock /workdir/openwrt/tmp/.root-copy.flock -c 'cp -fpR /workdir/openwrt/build_dir/target-aarch64_generic_musl/linux-armsr_armv8/packages/.pkgdir/kmod-mppe/. /workdir/openwrt/staging_dir/target-aarch64_generic_musl/root-armsr/'
build	Compile debug	2026-09-27T15:40:51.2225565Z touch /workdir/openwrt/staging_dir/target-aarch64_generic_musl/root-armsr/stamp/.kmod-mppe_installed
build	Compile debug	2026-09-27T15:40:51.2286187Z echo "kmod-mppe" >> /workdir/openwrt/staging_dir/target-aarch64_generic_musl/pkginfo/linux.default.install
build	Compile debug	2026-09-27T15:40:51.2301467Z mkdir -p /workdir/openwrt/staging_dir/target-aarch64_generic_musl/root-armsr/stamp
build	Compile debug	2026-09-27T15:40:51.2302061Z 
build	Compile debug	2026-09-27T15:40:51.2302974Z SHELL= flock /workdir/openwrt/tmp/.root-copy.flock -c 'cp -fpR /workdir/openwrt/build_dir/target-aarch64_generic_musl/linux-armsr_armv8/packages/.pkgdir/kmod-sched-core/. /workdir/openwrt/staging_dir/target-aarch64_generic_musl/root-armsr/'
build	Compile debug	2026-09-27T15:40:51.2304147Z touch /workdir/openwrt/staging_dir/target-aarch64_generic_musl/root-armsr/stamp/.kmod-sched-core_installed
build	Compile debug	2026-09-27T15:40:51.2399775Z echo "kmod-sched-core" >> /workdir/openwrt/staging_dir/target-aarch64_generic_musl/pkginfo/linux.default.install
build	Compile debug	2026-09-27T15:40:51.2416860Z mkdir -p /workdir/openwrt/staging_dir/target-aarch64_generic_musl/root-armsr/stamp
build	Compile debug	2026-09-27T15:40:51.2417456Z 
build	Compile debug	2026-09-27T15:40:51.2418399Z SHELL= flock /workdir/openwrt/tmp/.root-copy.flock -c 'cp -fpR /workdir/openwrt/build_dir/target-aarch64_generic_musl/linux-armsr_armv8/packages/.pkgdir/kmod-sched-red/. /workdir/openwrt/staging_dir/target-aarch64_generic_musl/root-armsr/'
build	Compile debug	2026-09-27T15:40:51.2419633Z touch /workdir/openwrt/staging_dir/target-aarch64_generic_musl/root-armsr/stamp/.kmod-sched-red_installed
build	Compile debug	2026-09-27T15:40:51.2482130Z echo "kmod-sched-red" >> /workdir/openwrt/staging_dir/target-aarch64_generic_musl/pkginfo/linux.default.install
build	Compile debug	2026-09-27T15:40:51.2497656Z mkdir -p /workdir/openwrt/staging_dir/target-aarch64_generic_musl/root-armsr/stamp
build	Compile debug	2026-09-27T15:40:51.2498241Z 
build	Compile debug	2026-09-27T15:40:51.2499159Z SHELL= flock /workdir/openwrt/tmp/.root-copy.flock -c 'cp -fpR /workdir/openwrt/build_dir/target-aarch64_generic_musl/linux-armsr_armv8/packages/.pkgdir/kmod-mdio-bus-mux/. /workdir/openwrt/staging_dir/target-aarch64_generic_musl/root-armsr/'
build	Compile debug	2026-09-27T15:40:51.2500753Z touch /workdir/openwrt/staging_dir/target-aarch64_generic_musl/root-armsr/stamp/.kmod-mdio-bus-mux_installed
build	Compile debug	2026-09-27T15:40:51.2557461Z echo "kmod-mdio-bus-mux" >> /workdir/openwrt/staging_dir/target-aarch64_generic_musl/pkginfo/linux.default.install
build	Compile debug	2026-09-27T15:40:51.2572666Z mkdir -p /workdir/openwrt/staging_dir/target-aarch64_generic_musl/root-armsr/stamp
build	Compile debug	2026-09-27T15:40:51.2573252Z 
build	Compile debug	2026-09-27T15:40:51.2574168Z SHELL= flock /workdir/openwrt/tmp/.root-copy.flock -c 'cp -fpR /workdir/openwrt/build_dir/target-aarch64_generic_musl/linux-armsr_armv8/packages/.pkgdir/kmod-macsec/. /workdir/openwrt/staging_dir/target-aarch64_generic_musl/root-armsr/'
build	Compile debug	2026-09-27T15:40:51.2575314Z touch /workdir/openwrt/staging_dir/target-aarch64_generic_musl/root-armsr/stamp/.kmod-macsec_installed
build	Compile debug	2026-09-27T15:40:51.2640183Z echo "kmod-macsec" >> /workdir/openwrt/staging_dir/target-aarch64_generic_musl/pkginfo/linux.default.install
build	Compile debug	2026-09-27T15:40:51.2656430Z mkdir -p /workdir/openwrt/staging_dir/target-aarch64_generic_musl/root-armsr/stamp
build	Compile debug	2026-09-27T15:40:51.2657013Z 
build	Compile debug	2026-09-27T15:40:51.2657969Z SHELL= flock /workdir/openwrt/tmp/.root-copy.flock -c 'cp -fpR /workdir/openwrt/build_dir/target-aarch64_generic_musl/linux-armsr_armv8/packages/.pkgdir/kmod-netlink-diag/. /workdir/openwrt/staging_dir/target-aarch64_generic_musl/root-armsr/'
build	Compile debug	2026-09-27T15:40:51.2659208Z touch /workdir/openwrt/staging_dir/target-aarch64_generic_musl/root-armsr/stamp/.kmod-netlink-diag_installed
build	Compile debug	2026-09-27T15:40:51.2720903Z echo "kmod-netlink-diag" >> /workdir/openwrt/staging_dir/target-aarch64_generic_musl/pkginfo/linux.default.install
build	Compile debug	2026-09-27T15:40:51.2737380Z mkdir -p /workdir/openwrt/staging_dir/target-aarch64_generic_musl/root-armsr/stamp
build	Compile debug	2026-09-27T15:40:51.2737979Z 
build	Compile debug	2026-09-27T15:40:51.2738914Z SHELL= flock /workdir/openwrt/tmp/.root-copy.flock -c 'cp -fpR /workdir/openwrt/build_dir/target-aarch64_generic_musl/linux-armsr_armv8/packages/.pkgdir/kmod-inet-diag/. /workdir/openwrt/staging_dir/target-aarch64_generic_musl/root-armsr/'
build	Compile debug	2026-09-27T15:40:51.2740096Z touch /workdir/openwrt/staging_dir/target-aarch64_generic_musl/root-armsr/stamp/.kmod-inet-diag_installed
build	Compile debug	2026-09-27T15:40:51.2817512Z echo "kmod-inet-diag" >> /workdir/openwrt/staging_dir/target-aarch64_generic_musl/pkginfo/linux.default.install
build	Compile debug	2026-09-27T15:40:51.2833330Z mkdir -p /workdir/openwrt/staging_dir/target-aarch64_generic_musl/root-armsr/stamp
build	Compile debug	2026-09-27T15:40:51.2833933Z 
build	Compile debug	2026-09-27T15:40:51.2835007Z SHELL= flock /workdir/openwrt/tmp/.root-copy.flock -c 'cp -fpR /workdir/openwrt/build_dir/target-aarch64_generic_musl/linux-armsr_armv8/packages/.pkgdir/kmod-nls-base/. /workdir/openwrt/staging_dir/target-aarch64_generic_musl/root-armsr/'
build	Compile debug	2026-09-27T15:40:51.2836481Z touch /workdir/openwrt/staging_dir/target-aarch64_generic_musl/root-armsr/stamp/.kmod-nls-base_installed
build	Compile debug	2026-09-27T15:40:51.2891269Z echo "kmod-nls-base" >> /workdir/openwrt/staging_dir/target-aarch64_generic_musl/pkginfo/linux.default.install
build	Compile debug	2026-09-27T15:40:51.2906289Z mkdir -p /workdir/openwrt/staging_dir/target-aarch64_generic_musl/root-armsr/stamp
build	Compile debug	2026-09-27T15:40:51.2906889Z 
build	Compile debug	2026-09-27T15:40:51.2907852Z SHELL= flock /workdir/openwrt/tmp/.root-copy.flock -c 'cp -fpR /workdir/openwrt/build_dir/target-aarch64_generic_musl/linux-armsr_armv8/packages/.pkgdir/kmod-nls-cp437/. /workdir/openwrt/staging_dir/target-aarch64_generic_musl/root-armsr/'
build	Compile debug	2026-09-27T15:40:51.2909028Z touch /workdir/openwrt/staging_dir/target-aarch64_generic_musl/root-armsr/stamp/.kmod-nls-cp437_installed
build	Compile debug	2026-09-27T15:40:51.2968986Z echo "kmod-nls-cp437" >> /workdir/openwrt/staging_dir/target-aarch64_generic_musl/pkginfo/linux.default.install
build	Compile debug	2026-09-27T15:40:51.2984017Z mkdir -p /workdir/openwrt/staging_dir/target-aarch64_generic_musl/root-armsr/stamp
build	Compile debug	2026-09-27T15:40:51.2984601Z 
build	Compile debug	2026-09-27T15:40:51.2985568Z SHELL= flock /workdir/openwrt/tmp/.root-copy.flock -c 'cp -fpR /workdir/openwrt/build_dir/target-aarch64_generic_musl/linux-armsr_armv8/packages/.pkgdir/kmod-nls-iso8859-1/. /workdir/openwrt/staging_dir/target-aarch64_generic_musl/root-armsr/'
build	Compile debug	2026-09-27T15:40:51.2987661Z touch /workdir/openwrt/staging_dir/target-aarch64_generic_musl/root-armsr/stamp/.kmod-nls-iso8859-1_installed
build	Compile debug	2026-09-27T15:40:51.3047626Z echo "kmod-nls-iso8859-1" >> /workdir/openwrt/staging_dir/target-aarch64_generic_musl/pkginfo/linux.default.install
build	Compile debug	2026-09-27T15:40:51.3062786Z mkdir -p /workdir/openwrt/staging_dir/target-aarch64_generic_musl/root-armsr/stamp
build	Compile debug	2026-09-27T15:40:51.3063372Z 
build	Compile debug	2026-09-27T15:40:51.3064318Z SHELL= flock /workdir/openwrt/tmp/.root-copy.flock -c 'cp -fpR /workdir/openwrt/build_dir/target-aarch64_generic_musl/linux-armsr_armv8/packages/.pkgdir/kmod-nls-utf8/. /workdir/openwrt/staging_dir/target-aarch64_generic_musl/root-armsr/'
build	Compile debug	2026-09-27T15:40:51.3065468Z touch /workdir/openwrt/staging_dir/target-aarch64_generic_musl/root-armsr/stamp/.kmod-nls-utf8_installed
build	Compile debug	2026-09-27T15:40:51.3129561Z echo "kmod-nls-utf8" >> /workdir/openwrt/staging_dir/target-aarch64_generic_musl/pkginfo/linux.default.install
build	Compile debug	2026-09-27T15:40:51.3144525Z mkdir -p /workdir/openwrt/staging_dir/target-aarch64_generic_musl/root-armsr/stamp
build	Compile debug	2026-09-27T15:40:51.3145101Z 
build	Compile debug	2026-09-27T15:40:51.3146699Z SHELL= flock /workdir/openwrt/tmp/.root-copy.flock -c 'cp -fpR /workdir/openwrt/build_dir/target-aarch64_generic_musl/linux-armsr_armv8/packages/.pkgdir/kmod-regmap-core/. /workdir/openwrt/staging_dir/target-aarch64_generic_musl/root-armsr/'
build	Compile debug	2026-09-27T15:40:51.3147923Z touch /workdir/openwrt/staging_dir/target-aarch64_generic_musl/root-armsr/stamp/.kmod-regmap-core_installed
build	Compile debug	2026-09-27T15:40:51.3201641Z echo "kmod-regmap-core" >> /workdir/openwrt/staging_dir/target-aarch64_generic_musl/pkginfo/linux.default.install
build	Compile debug	2026-09-27T15:40:51.3216988Z mkdir -p /workdir/openwrt/staging_dir/target-aarch64_generic_musl/root-armsr/stamp
build	Compile debug	2026-09-27T15:40:51.3217576Z 
build	Compile debug	2026-09-27T15:40:51.3218656Z SHELL= flock /workdir/openwrt/tmp/.root-copy.flock -c 'cp -fpR /workdir/openwrt/build_dir/target-aarch64_generic_musl/linux-armsr_armv8/packages/.pkgdir/kmod-regmap-i2c/. /workdir/openwrt/staging_dir/target-aarch64_generic_musl/root-armsr/'
build	Compile debug	2026-09-27T15:40:51.3219847Z touch /workdir/openwrt/staging_dir/target-aarch64_generic_musl/root-armsr/stamp/.kmod-regmap-i2c_installed
build	Compile debug	2026-09-27T15:40:51.3274851Z echo "kmod-regmap-i2c" >> /workdir/openwrt/staging_dir/target-aarch64_generic_musl/pkginfo/linux.default.install
build	Compile debug	2026-09-27T15:40:51.3290559Z mkdir -p /workdir/openwrt/staging_dir/target-aarch64_generic_musl/root-armsr/stamp
build	Compile debug	2026-09-27T15:40:51.3291148Z 
build	Compile debug	2026-09-27T15:40:51.3292041Z SHELL= flock /workdir/openwrt/tmp/.root-copy.flock -c 'cp -fpR /workdir/openwrt/build_dir/target-aarch64_generic_musl/linux-armsr_armv8/packages/.pkgdir/kmod-pps/. /workdir/openwrt/staging_dir/target-aarch64_generic_musl/root-armsr/'
build	Compile debug	2026-09-27T15:40:51.3293188Z touch /workdir/openwrt/staging_dir/target-aarch64_generic_musl/root-armsr/stamp/.kmod-pps_installed
build	Compile debug	2026-09-27T15:40:51.3358664Z echo "kmod-pps" >> /workdir/openwrt/staging_dir/target-aarch64_generic_musl/pkginfo/linux.default.install
build	Compile debug	2026-09-27T15:40:51.3374111Z mkdir -p /workdir/openwrt/staging_dir/target-aarch64_generic_musl/root-armsr/stamp
build	Compile debug	2026-09-27T15:40:51.3374692Z 
build	Compile debug	2026-09-27T15:40:51.3375613Z SHELL= flock /workdir/openwrt/tmp/.root-copy.flock -c 'cp -fpR /workdir/openwrt/build_dir/target-aarch64_generic_musl/linux-armsr_armv8/packages/.pkgdir/kmod-ptp/. /workdir/openwrt/staging_dir/target-aarch64_generic_musl/root-armsr/'
build	Compile debug	2026-09-27T15:40:51.3377218Z touch /workdir/openwrt/staging_dir/target-aarch64_generic_musl/root-armsr/stamp/.kmod-ptp_installed
build	Compile debug	2026-09-27T15:40:51.3447192Z echo "kmod-ptp" >> /workdir/openwrt/staging_dir/target-aarch64_generic_musl/pkginfo/linux.default.install
build	Compile debug	2026-09-27T15:40:51.3463375Z mkdir -p /workdir/openwrt/staging_dir/target-aarch64_generic_musl/root-armsr/stamp
build	Compile debug	2026-09-27T15:40:51.3463960Z 
build	Compile debug	2026-09-27T15:40:51.3465005Z SHELL= flock /workdir/openwrt/tmp/.root-copy.flock -c 'cp -fpR /workdir/openwrt/build_dir/target-aarch64_generic_musl/linux-armsr_armv8/packages/.pkgdir/kmod-rtc-rx8025/. /workdir/openwrt/staging_dir/target-aarch64_generic_musl/root-armsr/'
build	Compile debug	2026-09-27T15:40:51.3467155Z touch /workdir/openwrt/staging_dir/target-aarch64_generic_musl/root-armsr/stamp/.kmod-rtc-rx8025_installed
build	Compile debug	2026-09-27T15:40:51.3529221Z echo "kmod-rtc-rx8025" >> /workdir/openwrt/staging_dir/target-aarch64_generic_musl/pkginfo/linux.default.install
build	Compile debug	2026-09-27T15:40:51.3545479Z mkdir -p /workdir/openwrt/staging_dir/target-aarch64_generic_musl/root-armsr/stamp
build	Compile debug	2026-09-27T15:40:51.3546600Z 
build	Compile debug	2026-09-27T15:40:51.3547390Z SHELL= flock /workdir/openwrt/tmp/.root-copy.flock -c 'cp -fpR /workdir/openwrt/build_dir/target-aarch64_generic_musl/linux-armsr_armv8/packages/.pkgdir/kmod-usb-common/. /workdir/openwrt/staging_dir/target-aarch64_generic_musl/root-armsr/'
build	Compile debug	2026-09-27T15:40:51.3548588Z touch /workdir/openwrt/staging_dir/target-aarch64_generic_musl/root-armsr/stamp/.kmod-usb-common_installed
build	Compile debug	2026-09-27T15:40:51.3608318Z echo "kmod-usb-common" >> /workdir/openwrt/staging_dir/target-aarch64_generic_musl/pkginfo/linux.default.install
build	Compile debug	2026-09-27T15:40:51.3624476Z mkdir -p /workdir/openwrt/staging_dir/target-aarch64_generic_musl/root-armsr/stamp
build	Compile debug	2026-09-27T15:40:51.3625066Z 
build	Compile debug	2026-09-27T15:40:51.3626361Z SHELL= flock /workdir/openwrt/tmp/.root-copy.flock -c 'cp -fpR /workdir/openwrt/build_dir/target-aarch64_generic_musl/linux-armsr_armv8/packages/.pkgdir/kmod-usb-core/. /workdir/openwrt/staging_dir/target-aarch64_generic_musl/root-armsr/'
build	Compile debug	2026-09-27T15:40:51.3627615Z touch /workdir/openwrt/staging_dir/target-aarch64_generic_musl/root-armsr/stamp/.kmod-usb-core_installed
build	Compile debug	2026-09-27T15:40:51.3687255Z echo "kmod-usb-core" >> /workdir/openwrt/staging_dir/target-aarch64_generic_musl/pkginfo/linux.default.install
build	Compile debug	2026-09-27T15:40:51.3703378Z mkdir -p /workdir/openwrt/staging_dir/target-aarch64_generic_musl/root-armsr/stamp
build	Compile debug	2026-09-27T15:40:51.3703976Z 
build	Compile debug	2026-09-27T15:40:51.3704896Z SHELL= flock /workdir/openwrt/tmp/.root-copy.flock -c 'cp -fpR /workdir/openwrt/build_dir/target-aarch64_generic_musl/linux-armsr_armv8/packages/.pkgdir/kmod-usb-ohci/. /workdir/openwrt/staging_dir/target-aarch64_generic_musl/root-armsr/'
build	Compile debug	2026-09-27T15:40:51.3706342Z touch /workdir/openwrt/staging_dir/target-aarch64_generic_musl/root-armsr/stamp/.kmod-usb-ohci_installed
build	Compile debug	2026-09-27T15:40:51.3765575Z echo "kmod-usb-ohci" >> /workdir/openwrt/staging_dir/target-aarch64_generic_musl/pkginfo/linux.default.install
build	Compile debug	2026-09-27T15:40:51.3781089Z mkdir -p /workdir/openwrt/staging_dir/target-aarch64_generic_musl/root-armsr/stamp
build	Compile debug	2026-09-27T15:40:51.3781669Z 
build	Compile debug	2026-09-27T15:40:51.3782591Z SHELL= flock /workdir/openwrt/tmp/.root-copy.flock -c 'cp -fpR /workdir/openwrt/build_dir/target-aarch64_generic_musl/linux-armsr_armv8/packages/.pkgdir/kmod-usb-ehci/. /workdir/openwrt/staging_dir/target-aarch64_generic_musl/root-armsr/'
build	Compile debug	2026-09-27T15:40:51.3783728Z touch /workdir/openwrt/staging_dir/target-aarch64_generic_musl/root-armsr/stamp/.kmod-usb-ehci_installed
build	Compile debug	2026-09-27T15:40:51.3840918Z echo "kmod-usb-ehci" >> /workdir/openwrt/staging_dir/target-aarch64_generic_musl/pkginfo/linux.default.install
build	Compile debug	2026-09-27T15:40:51.3856414Z mkdir -p /workdir/openwrt/staging_dir/target-aarch64_generic_musl/root-armsr/stamp
build	Compile debug	2026-09-27T15:40:51.3856994Z 
build	Compile debug	2026-09-27T15:40:51.3857958Z SHELL= flock /workdir/openwrt/tmp/.root-copy.flock -c 'cp -fpR /workdir/openwrt/build_dir/target-aarch64_generic_musl/linux-armsr_armv8/packages/.pkgdir/kmod-usb2/. /workdir/openwrt/staging_dir/target-aarch64_generic_musl/root-armsr/'
build	Compile debug	2026-09-27T15:40:51.3859115Z touch /workdir/openwrt/staging_dir/target-aarch64_generic_musl/root-armsr/stamp/.kmod-usb2_installed
build	Compile debug	2026-09-27T15:40:51.3916510Z echo "kmod-usb2" >> /workdir/openwrt/staging_dir/target-aarch64_generic_musl/pkginfo/linux.default.install
build	Compile debug	2026-09-27T15:40:51.3932085Z mkdir -p /workdir/openwrt/staging_dir/target-aarch64_generic_musl/root-armsr/stamp
build	Compile debug	2026-09-27T15:40:51.3932668Z 
build	Compile debug	2026-09-27T15:40:51.3933607Z SHELL= flock /workdir/openwrt/tmp/.root-copy.flock -c 'cp -fpR /workdir/openwrt/build_dir/target-aarch64_generic_musl/linux-armsr_armv8/packages/.pkgdir/kmod-usb-dwc2/. /workdir/openwrt/staging_dir/target-aarch64_generic_musl/root-armsr/'
build	Compile debug	2026-09-27T15:40:51.4018277Z touch /workdir/openwrt/staging_dir/target-aarch64_generic_musl/root-armsr/stamp/.kmod-usb-dwc2_installed
build	Compile debug	2026-09-27T15:40:51.4019284Z echo "kmod-usb-dwc2" >> /workdir/openwrt/staging_dir/target-aarch64_generic_musl/pkginfo/linux.default.install
build	Compile debug	2026-09-27T15:40:51.4034622Z mkdir -p /workdir/openwrt/staging_dir/target-aarch64_generic_musl/root-armsr/stamp
build	Compile debug	2026-09-27T15:40:51.4035206Z 
build	Compile debug	2026-09-27T15:40:51.4036587Z SHELL= flock /workdir/openwrt/tmp/.root-copy.flock -c 'cp -fpR /workdir/openwrt/build_dir/target-aarch64_generic_musl/linux-armsr_armv8/packages/.pkgdir/kmod-usb-dwc3/. /workdir/openwrt/staging_dir/target-aarch64_generic_musl/root-armsr/'
build	Compile debug	2026-09-27T15:40:51.4037795Z touch /workdir/openwrt/staging_dir/target-aarch64_generic_musl/root-armsr/stamp/.kmod-usb-dwc3_installed
build	Compile debug	2026-09-27T15:40:51.4096156Z echo "kmod-usb-dwc3" >> /workdir/openwrt/staging_dir/target-aarch64_generic_musl/pkginfo/linux.default.install
build	Compile debug	2026-09-27T15:40:51.4111608Z mkdir -p /workdir/openwrt/staging_dir/target-aarch64_generic_musl/root-armsr/stamp
build	Compile debug	2026-09-27T15:40:51.4112193Z 
build	Compile debug	2026-09-27T15:40:51.4113153Z SHELL= flock /workdir/openwrt/tmp/.root-copy.flock -c 'cp -fpR /workdir/openwrt/build_dir/target-aarch64_generic_musl/linux-armsr_armv8/packages/.pkgdir/kmod-usb-storage/. /workdir/openwrt/staging_dir/target-aarch64_generic_musl/root-armsr/'
build	Compile debug	2026-09-27T15:40:51.4114340Z touch /workdir/openwrt/staging_dir/target-aarch64_generic_musl/root-armsr/stamp/.kmod-usb-storage_installed
build	Compile debug	2026-09-27T15:40:51.4172546Z echo "kmod-usb-storage" >> /workdir/openwrt/staging_dir/target-aarch64_generic_musl/pkginfo/linux.default.install
build	Compile debug	2026-09-27T15:40:51.4187762Z mkdir -p /workdir/openwrt/staging_dir/target-aarch64_generic_musl/root-armsr/stamp
build	Compile debug	2026-09-27T15:40:51.4188334Z 
build	Compile debug	2026-09-27T15:40:51.4189396Z SHELL= flock /workdir/openwrt/tmp/.root-copy.flock -c 'cp -fpR /workdir/openwrt/build_dir/target-aarch64_generic_musl/linux-armsr_armv8/packages/.pkgdir/kmod-usb-storage-extras/. /workdir/openwrt/staging_dir/target-aarch64_generic_musl/root-armsr/'
build	Compile debug	2026-09-27T15:40:51.4190656Z touch /workdir/openwrt/staging_dir/target-aarch64_generic_musl/root-armsr/stamp/.kmod-usb-storage-extras_installed
build	Compile debug	2026-09-27T15:40:51.4267965Z echo "kmod-usb-storage-extras" >> /workdir/openwrt/staging_dir/target-aarch64_generic_musl/pkginfo/linux.default.install
build	Compile debug	2026-09-27T15:40:51.4283752Z mkdir -p /workdir/openwrt/staging_dir/target-aarch64_generic_musl/root-armsr/stamp
build	Compile debug	2026-09-27T15:40:51.4284331Z 
build	Compile debug	2026-09-27T15:40:51.4285410Z SHELL= flock /workdir/openwrt/tmp/.root-copy.flock -c 'cp -fpR /workdir/openwrt/build_dir/target-aarch64_generic_musl/linux-armsr_armv8/packages/.pkgdir/kmod-usb-storage-uas/. /workdir/openwrt/staging_dir/target-aarch64_generic_musl/root-armsr/'
build	Compile debug	2026-09-27T15:40:51.4286863Z touch /workdir/openwrt/staging_dir/target-aarch64_generic_musl/root-armsr/stamp/.kmod-usb-storage-uas_installed
build	Compile debug	2026-09-27T15:40:51.4351412Z echo "kmod-usb-storage-uas" >> /workdir/openwrt/staging_dir/target-aarch64_generic_musl/pkginfo/linux.default.install
build	Compile debug	2026-09-27T15:40:51.4367293Z mkdir -p /workdir/openwrt/staging_dir/target-aarch64_generic_musl/root-armsr/stamp
build	Compile debug	2026-09-27T15:40:51.4367910Z 
build	Compile debug	2026-09-27T15:40:51.4368800Z SHELL= flock /workdir/openwrt/tmp/.root-copy.flock -c 'cp -fpR /workdir/openwrt/build_dir/target-aarch64_generic_musl/linux-armsr_armv8/packages/.pkgdir/kmod-usb3/. /workdir/openwrt/staging_dir/target-aarch64_generic_musl/root-armsr/'
build	Compile debug	2026-09-27T15:40:51.4369945Z touch /workdir/openwrt/staging_dir/target-aarch64_generic_musl/root-armsr/stamp/.kmod-usb3_installed
build	Compile debug	2026-09-27T15:40:51.4424479Z echo "kmod-usb3" >> /workdir/openwrt/staging_dir/target-aarch64_generic_musl/pkginfo/linux.default.install
build	Compile debug	2026-09-27T15:40:51.4439719Z mkdir -p /workdir/openwrt/staging_dir/target-aarch64_generic_musl/root-armsr/stamp
build	Compile debug	2026-09-27T15:40:51.4440311Z 
build	Compile debug	2026-09-27T15:40:51.4441370Z SHELL= flock /workdir/openwrt/tmp/.root-copy.flock -c 'cp -fpR /workdir/openwrt/build_dir/target-aarch64_generic_musl/linux-armsr_armv8/packages/.pkgdir/kmod-usb-roles/. /workdir/openwrt/staging_dir/target-aarch64_generic_musl/root-armsr/'
build	Compile debug	2026-09-27T15:40:51.4442861Z touch /workdir/openwrt/staging_dir/target-aarch64_generic_musl/root-armsr/stamp/.kmod-usb-roles_installed
build	Compile debug	2026-09-27T15:40:51.4497767Z echo "kmod-usb-roles" >> /workdir/openwrt/staging_dir/target-aarch64_generic_musl/pkginfo/linux.default.install
build	Compile debug	2026-09-27T15:40:51.4513733Z mkdir -p /workdir/openwrt/staging_dir/target-aarch64_generic_musl/root-armsr/stamp
build	Compile debug	2026-09-27T15:40:51.4514345Z 
build	Compile debug	2026-09-27T15:40:51.4515673Z SHELL= flock /workdir/openwrt/tmp/.root-copy.flock -c 'cp -fpR /workdir/openwrt/build_dir/target-aarch64_generic_musl/linux-armsr_armv8/packages/.pkgdir/kmod-usb-xhci-hcd/. /workdir/openwrt/staging_dir/target-aarch64_generic_musl/root-armsr/'
build	Compile debug	2026-09-27T15:40:51.4517905Z touch /workdir/openwrt/staging_dir/target-aarch64_generic_musl/root-armsr/stamp/.kmod-usb-xhci-hcd_installed
build	Compile debug	2026-09-27T15:40:51.4577738Z echo "kmod-usb-xhci-hcd" >> /workdir/openwrt/staging_dir/target-aarch64_generic_musl/pkginfo/linux.default.install
build	Compile debug	2026-09-27T15:40:51.4593640Z mkdir -p /workdir/openwrt/staging_dir/target-aarch64_generic_musl/root-armsr/stamp
build	Compile debug	2026-09-27T15:40:51.4594232Z 
build	Compile debug	2026-09-27T15:40:51.4595530Z SHELL= flock /workdir/openwrt/tmp/.root-copy.flock -c 'cp -fpR /workdir/openwrt/build_dir/target-aarch64_generic_musl/linux-armsr_armv8/packages/.pkgdir/kmod-acpi-mdio/. /workdir/openwrt/staging_dir/target-aarch64_generic_musl/root-armsr/'
build	Compile debug	2026-09-27T15:40:51.4597669Z touch /workdir/openwrt/staging_dir/target-aarch64_generic_musl/root-armsr/stamp/.kmod-acpi-mdio_installed
build	Compile debug	2026-09-27T15:40:51.4654480Z echo "kmod-acpi-mdio" >> /workdir/openwrt/staging_dir/target-aarch64_generic_musl/pkginfo/linux.default.install
build	Compile debug	2026-09-27T15:40:51.4670368Z mkdir -p /workdir/openwrt/staging_dir/target-aarch64_generic_musl/root-armsr/stamp
build	Compile debug	2026-09-27T15:40:51.4670936Z 
build	Compile debug	2026-09-27T15:40:51.4672224Z SHELL= flock /workdir/openwrt/tmp/.root-copy.flock -c 'cp -fpR /workdir/openwrt/build_dir/target-aarch64_generic_musl/linux-armsr_armv8/packages/.pkgdir/kmod-bcmgenet/. /workdir/openwrt/staging_dir/target-aarch64_generic_musl/root-armsr/'
build	Compile debug	2026-09-27T15:40:51.4674572Z touch /workdir/openwrt/staging_dir/target-aarch64_generic_musl/root-armsr/stamp/.kmod-bcmgenet_installed
build	Compile debug	2026-09-27T15:40:51.4742314Z echo "kmod-bcmgenet" >> /workdir/openwrt/staging_dir/target-aarch64_generic_musl/pkginfo/linux.default.install
build	Compile debug	2026-09-27T15:40:51.4759256Z mkdir -p /workdir/openwrt/staging_dir/target-aarch64_generic_musl/root-armsr/stamp
build	Compile debug	2026-09-27T15:40:51.4759807Z 
build	Compile debug	2026-09-27T15:40:51.4761114Z SHELL= flock /workdir/openwrt/tmp/.root-copy.flock -c 'cp -fpR /workdir/openwrt/build_dir/target-aarch64_generic_musl/linux-armsr_armv8/packages/.pkgdir/kmod-mdio-bcm-unimac/. /workdir/openwrt/staging_dir/target-aarch64_generic_musl/root-armsr/'
build	Compile debug	2026-09-27T15:40:51.4763133Z touch /workdir/openwrt/staging_dir/target-aarch64_generic_musl/root-armsr/stamp/.kmod-mdio-bcm-unimac_installed
build	Compile debug	2026-09-27T15:40:51.4827169Z echo "kmod-mdio-bcm-unimac" >> /workdir/openwrt/staging_dir/target-aarch64_generic_musl/pkginfo/linux.default.install
build	Compile debug	2026-09-27T15:40:51.4843516Z mkdir -p /workdir/openwrt/staging_dir/target-aarch64_generic_musl/root-armsr/stamp
build	Compile debug	2026-09-27T15:40:51.4844117Z 
build	Compile debug	2026-09-27T15:40:51.4845424Z SHELL= flock /workdir/openwrt/tmp/.root-copy.flock -c 'cp -fpR /workdir/openwrt/build_dir/target-aarch64_generic_musl/linux-armsr_armv8/packages/.pkgdir/kmod-fsl-pcs-lynx/. /workdir/openwrt/staging_dir/target-aarch64_generic_musl/root-armsr/'
build	Compile debug	2026-09-27T15:40:51.4847630Z touch /workdir/openwrt/staging_dir/target-aarch64_generic_musl/root-armsr/stamp/.kmod-fsl-pcs-lynx_installed
build	Compile debug	2026-09-27T15:40:51.4909933Z echo "kmod-fsl-pcs-lynx" >> /workdir/openwrt/staging_dir/target-aarch64_generic_musl/pkginfo/linux.default.install
build	Compile debug	2026-09-27T15:40:51.4925508Z mkdir -p /workdir/openwrt/staging_dir/target-aarch64_generic_musl/root-armsr/stamp
build	Compile debug	2026-09-27T15:40:51.4926295Z 
build	Compile debug	2026-09-27T15:40:51.4927584Z SHELL= flock /workdir/openwrt/tmp/.root-copy.flock -c 'cp -fpR /workdir/openwrt/build_dir/target-aarch64_generic_musl/linux-armsr_armv8/packages/.pkgdir/kmod-fsl-fec/. /workdir/openwrt/staging_dir/target-aarch64_generic_musl/root-armsr/'
build	Compile debug	2026-09-27T15:40:51.4929953Z touch /workdir/openwrt/staging_dir/target-aarch64_generic_musl/root-armsr/stamp/.kmod-fsl-fec_installed
build	Compile debug	2026-09-27T15:40:51.4996441Z echo "kmod-fsl-fec" >> /workdir/openwrt/staging_dir/target-aarch64_generic_musl/pkginfo/linux.default.install
build	Compile debug	2026-09-27T15:40:51.5012834Z mkdir -p /workdir/openwrt/staging_dir/target-aarch64_generic_musl/root-armsr/stamp
build	Compile debug	2026-09-27T15:40:51.5013402Z 
build	Compile debug	2026-09-27T15:40:51.5014716Z SHELL= flock /workdir/openwrt/tmp/.root-copy.flock -c 'cp -fpR /workdir/openwrt/build_dir/target-aarch64_generic_musl/linux-armsr_armv8/packages/.pkgdir/kmod-fsl-xgmac-mdio/. /workdir/openwrt/staging_dir/target-aarch64_generic_musl/root-armsr/'
build	Compile debug	2026-09-27T15:40:51.5016897Z touch /workdir/openwrt/staging_dir/target-aarch64_generic_musl/root-armsr/stamp/.kmod-fsl-xgmac-mdio_installed
build	Compile debug	2026-09-27T15:40:51.5078416Z echo "kmod-fsl-xgmac-mdio" >> /workdir/openwrt/staging_dir/target-aarch64_generic_musl/pkginfo/linux.default.install
build	Compile debug	2026-09-27T15:40:51.5094496Z mkdir -p /workdir/openwrt/staging_dir/target-aarch64_generic_musl/root-armsr/stamp
build	Compile debug	2026-09-27T15:40:51.5095071Z 
build	Compile debug	2026-09-27T15:40:51.5096579Z SHELL= flock /workdir/openwrt/tmp/.root-copy.flock -c 'cp -fpR /workdir/openwrt/build_dir/target-aarch64_generic_musl/linux-armsr_armv8/packages/.pkgdir/kmod-fsl-mc-dpio/. /workdir/openwrt/staging_dir/target-aarch64_generic_musl/root-armsr/'
build	Compile debug	2026-09-27T15:40:51.5098595Z touch /workdir/openwrt/staging_dir/target-aarch64_generic_musl/root-armsr/stamp/.kmod-fsl-mc-dpio_installed
build	Compile debug	2026-09-27T15:40:51.5163940Z echo "kmod-fsl-mc-dpio" >> /workdir/openwrt/staging_dir/target-aarch64_generic_musl/pkginfo/linux.default.install
build	Compile debug	2026-09-27T15:40:51.5180997Z mkdir -p /workdir/openwrt/staging_dir/target-aarch64_generic_musl/root-armsr/stamp
build	Compile debug	2026-09-27T15:40:51.5181552Z 
build	Compile debug	2026-09-27T15:40:51.5182896Z SHELL= flock /workdir/openwrt/tmp/.root-copy.flock -c 'cp -fpR /workdir/openwrt/build_dir/target-aarch64_generic_musl/linux-armsr_armv8/packages/.pkgdir/kmod-fsl-enetc-net/. /workdir/openwrt/staging_dir/target-aarch64_generic_musl/root-armsr/'
build	Compile debug	2026-09-27T15:40:51.5185274Z touch /workdir/openwrt/staging_dir/target-aarch64_generic_musl/root-armsr/stamp/.kmod-fsl-enetc-net_installed
build	Compile debug	2026-09-27T15:40:51.5272750Z echo "kmod-fsl-enetc-net" >> /workdir/openwrt/staging_dir/target-aarch64_generic_musl/pkginfo/linux.default.install
build	Compile debug	2026-09-27T15:40:51.5289545Z mkdir -p /workdir/openwrt/staging_dir/target-aarch64_generic_musl/root-armsr/stamp
build	Compile debug	2026-09-27T15:40:51.5290153Z 
build	Compile debug	2026-09-27T15:40:51.5291094Z SHELL= flock /workdir/openwrt/tmp/.root-copy.flock -c 'cp -fpR /workdir/openwrt/build_dir/target-aarch64_generic_musl/linux-armsr_armv8/packages/.pkgdir/kmod-fsl-dpaa1-net/. /workdir/openwrt/staging_dir/target-aarch64_generic_musl/root-armsr/'
build	Compile debug	2026-09-27T15:40:51.5292301Z touch /workdir/openwrt/staging_dir/target-aarch64_generic_musl/root-armsr/stamp/.kmod-fsl-dpaa1-net_installed
build	Compile debug	2026-09-27T15:40:51.5350108Z echo "kmod-fsl-dpaa1-net" >> /workdir/openwrt/staging_dir/target-aarch64_generic_musl/pkginfo/linux.default.install
build	Compile debug	2026-09-27T15:40:51.5365241Z mkdir -p /workdir/openwrt/staging_dir/target-aarch64_generic_musl/root-armsr/stamp
build	Compile debug	2026-09-27T15:40:51.5365824Z 
build	Compile debug	2026-09-27T15:40:51.5366937Z SHELL= flock /workdir/openwrt/tmp/.root-copy.flock -c 'cp -fpR /workdir/openwrt/build_dir/target-aarch64_generic_musl/linux-armsr_armv8/packages/.pkgdir/kmod-fsl-dpaa2-net/. /workdir/openwrt/staging_dir/target-aarch64_generic_musl/root-armsr/'
build	Compile debug	2026-09-27T15:40:51.5368135Z touch /workdir/openwrt/staging_dir/target-aarch64_generic_musl/root-armsr/stamp/.kmod-fsl-dpaa2-net_installed
build	Compile debug	2026-09-27T15:40:51.5439396Z echo "kmod-fsl-dpaa2-net" >> /workdir/openwrt/staging_dir/target-aarch64_generic_musl/pkginfo/linux.default.install
build	Compile debug	2026-09-27T15:40:51.5454706Z mkdir -p /workdir/openwrt/staging_dir/target-aarch64_generic_musl/root-armsr/stamp
build	Compile debug	2026-09-27T15:40:51.5455667Z 
build	Compile debug	2026-09-27T15:40:51.5456763Z SHELL= flock /workdir/openwrt/tmp/.root-copy.flock -c 'cp -fpR /workdir/openwrt/build_dir/target-aarch64_generic_musl/linux-armsr_armv8/packages/.pkgdir/kmod-marvell-mdio/. /workdir/openwrt/staging_dir/target-aarch64_generic_musl/root-armsr/'
build	Compile debug	2026-09-27T15:40:51.5457996Z touch /workdir/openwrt/staging_dir/target-aarch64_generic_musl/root-armsr/stamp/.kmod-marvell-mdio_installed
build	Compile debug	2026-09-27T15:40:51.5513948Z echo "kmod-marvell-mdio" >> /workdir/openwrt/staging_dir/target-aarch64_generic_musl/pkginfo/linux.default.install
build	Compile debug	2026-09-27T15:40:51.5529597Z mkdir -p /workdir/openwrt/staging_dir/target-aarch64_generic_musl/root-armsr/stamp
build	Compile debug	2026-09-27T15:40:51.5530178Z 
build	Compile debug	2026-09-27T15:40:51.5531102Z SHELL= flock /workdir/openwrt/tmp/.root-copy.flock -c 'cp -fpR /workdir/openwrt/build_dir/target-aarch64_generic_musl/linux-armsr_armv8/packages/.pkgdir/kmod-mvneta/. /workdir/openwrt/staging_dir/target-aarch64_generic_musl/root-armsr/'
build	Compile debug	2026-09-27T15:40:51.5532221Z touch /workdir/openwrt/staging_dir/target-aarch64_generic_musl/root-armsr/stamp/.kmod-mvneta_installed
build	Compile debug	2026-09-27T15:40:51.5598248Z echo "kmod-mvneta" >> /workdir/openwrt/staging_dir/target-aarch64_generic_musl/pkginfo/linux.default.install
build	Compile debug	2026-09-27T15:40:51.5613168Z mkdir -p /workdir/openwrt/staging_dir/target-aarch64_generic_musl/root-armsr/stamp
build	Compile debug	2026-09-27T15:40:51.5613750Z 
build	Compile debug	2026-09-27T15:40:51.5614667Z SHELL= flock /workdir/openwrt/tmp/.root-copy.flock -c 'cp -fpR /workdir/openwrt/build_dir/target-aarch64_generic_musl/linux-armsr_armv8/packages/.pkgdir/kmod-mvpp2/. /workdir/openwrt/staging_dir/target-aarch64_generic_musl/root-armsr/'
build	Compile debug	2026-09-27T15:40:51.5615804Z touch /workdir/openwrt/staging_dir/target-aarch64_generic_musl/root-armsr/stamp/.kmod-mvpp2_installed
build	Compile debug	2026-09-27T15:40:51.5684755Z echo "kmod-mvpp2" >> /workdir/openwrt/staging_dir/target-aarch64_generic_musl/pkginfo/linux.default.install
build	Compile debug	2026-09-27T15:40:51.5700999Z mkdir -p /workdir/openwrt/staging_dir/target-aarch64_generic_musl/root-armsr/stamp
build	Compile debug	2026-09-27T15:40:51.5701619Z 
build	Compile debug	2026-09-27T15:40:51.5702921Z SHELL= flock /workdir/openwrt/tmp/.root-copy.flock -c 'cp -fpR /workdir/openwrt/build_dir/target-aarch64_generic_musl/linux-armsr_armv8/packages/.pkgdir/kmod-dwmac-imx/. /workdir/openwrt/staging_dir/target-aarch64_generic_musl/root-armsr/'
build	Compile debug	2026-09-27T15:40:51.5705281Z touch /workdir/openwrt/staging_dir/target-aarch64_generic_musl/root-armsr/stamp/.kmod-dwmac-imx_installed
build	Compile debug	2026-09-27T15:40:51.5765149Z echo "kmod-dwmac-imx" >> /workdir/openwrt/staging_dir/target-aarch64_generic_musl/pkginfo/linux.default.install
build	Compile debug	2026-09-27T15:40:51.5781608Z mkdir -p /workdir/openwrt/staging_dir/target-aarch64_generic_musl/root-armsr/stamp
build	Compile debug	2026-09-27T15:40:51.5782188Z 
build	Compile debug	2026-09-27T15:40:51.5783493Z SHELL= flock /workdir/openwrt/tmp/.root-copy.flock -c 'cp -fpR /workdir/openwrt/build_dir/target-aarch64_generic_musl/linux-armsr_armv8/packages/.pkgdir/kmod-dwmac-sun8i/. /workdir/openwrt/staging_dir/target-aarch64_generic_musl/root-armsr/'
build	Compile debug	2026-09-27T15:40:51.5785529Z touch /workdir/openwrt/staging_dir/target-aarch64_generic_musl/root-armsr/stamp/.kmod-dwmac-sun8i_installed
build	Compile debug	2026-09-27T15:40:51.5847663Z echo "kmod-dwmac-sun8i" >> /workdir/openwrt/staging_dir/target-aarch64_generic_musl/pkginfo/linux.default.install
build	Compile debug	2026-09-27T15:40:51.5863368Z mkdir -p /workdir/openwrt/staging_dir/target-aarch64_generic_musl/root-armsr/stamp
build	Compile debug	2026-09-27T15:40:51.5863966Z 
build	Compile debug	2026-09-27T15:40:51.5865293Z SHELL= flock /workdir/openwrt/tmp/.root-copy.flock -c 'cp -fpR /workdir/openwrt/build_dir/target-aarch64_generic_musl/linux-armsr_armv8/packages/.pkgdir/kmod-dwmac-rockchip/. /workdir/openwrt/staging_dir/target-aarch64_generic_musl/root-armsr/'
build	Compile debug	2026-09-27T15:40:51.5867523Z touch /workdir/openwrt/staging_dir/target-aarch64_generic_musl/root-armsr/stamp/.kmod-dwmac-rockchip_installed
build	Compile debug	2026-09-27T15:40:51.5934201Z echo "kmod-dwmac-rockchip" >> /workdir/openwrt/staging_dir/target-aarch64_generic_musl/pkginfo/linux.default.install
build	Compile debug	2026-09-27T15:40:51.5950276Z mkdir -p /workdir/openwrt/staging_dir/target-aarch64_generic_musl/root-armsr/stamp
build	Compile debug	2026-09-27T15:40:51.5951210Z 
build	Compile debug	2026-09-27T15:40:51.5952536Z SHELL= flock /workdir/openwrt/tmp/.root-copy.flock -c 'cp -fpR /workdir/openwrt/build_dir/target-aarch64_generic_musl/linux-armsr_armv8/packages/.pkgdir/kmod-octeontx2-net/. /workdir/openwrt/staging_dir/target-aarch64_generic_musl/root-armsr/'
build	Compile debug	2026-09-27T15:40:51.5954563Z touch /workdir/openwrt/staging_dir/target-aarch64_generic_musl/root-armsr/stamp/.kmod-octeontx2-net_installed
build	Compile debug	2026-09-27T15:40:51.6085476Z echo "kmod-octeontx2-net" >> /workdir/openwrt/staging_dir/target-aarch64_generic_musl/pkginfo/linux.default.install
build	Compile debug	2026-09-27T15:40:51.6097630Z mkdir -p /workdir/openwrt/staging_dir/target-aarch64_generic_musl/root-armsr/stamp
build	Compile debug	2026-09-27T15:40:51.6098052Z 
build	Compile debug	2026-09-27T15:40:51.6098866Z SHELL= flock /workdir/openwrt/tmp/.root-copy.flock -c 'cp -fpR /workdir/openwrt/build_dir/target-aarch64_generic_musl/linux-armsr_armv8/packages/.pkgdir/kmod-renesas-net-avb/. /workdir/openwrt/staging_dir/target-aarch64_generic_musl/root-armsr/'
build	Compile debug	2026-09-27T15:40:51.6100137Z touch /workdir/openwrt/staging_dir/target-aarch64_generic_musl/root-armsr/stamp/.kmod-renesas-net-avb_installed
build	Compile debug	2026-09-27T15:40:51.6167294Z echo "kmod-renesas-net-avb" >> /workdir/openwrt/staging_dir/target-aarch64_generic_musl/pkginfo/linux.default.install
build	Compile debug	2026-09-27T15:40:51.6183012Z mkdir -p /workdir/openwrt/staging_dir/target-aarch64_generic_musl/root-armsr/stamp
build	Compile debug	2026-09-27T15:40:51.6183395Z 
build	Compile debug	2026-09-27T15:40:51.6184167Z SHELL= flock /workdir/openwrt/tmp/.root-copy.flock -c 'cp -fpR /workdir/openwrt/build_dir/target-aarch64_generic_musl/linux-armsr_armv8/packages/.pkgdir/kmod-wdt-sp805/. /workdir/openwrt/staging_dir/target-aarch64_generic_musl/root-armsr/'
build	Compile debug	2026-09-27T15:40:51.6185320Z touch /workdir/openwrt/staging_dir/target-aarch64_generic_musl/root-armsr/stamp/.kmod-wdt-sp805_installed
build	Compile debug	2026-09-27T15:40:51.6247552Z echo "kmod-wdt-sp805" >> /workdir/openwrt/staging_dir/target-aarch64_generic_musl/pkginfo/linux.default.install
build	Compile debug	2026-09-27T15:40:51.6262976Z make[3]: Leaving directory '/workdir/openwrt/package/kernel/linux'
build	Compile debug	2026-09-27T15:40:51.6276789Z time: package/kernel/linux/compile#0.96#0.78#1.82
build	Compile debug	2026-09-27T15:40:51.6409285Z make[3]: Entering directory '/workdir/openwrt/package/system/ubox'
build	Compile debug	2026-09-27T15:40:51.7524741Z mkdir -p /workdir/openwrt/staging_dir/target-aarch64_generic_musl/root-armsr/stamp
build	Compile debug	2026-09-27T15:40:51.7560508Z SHELL= flock /workdir/openwrt/tmp/.root-copy.flock -c 'cp -fpR /workdir/openwrt/build_dir/target-aarch64_generic_musl/ubox-2025.10.30~6f78fa49/.pkgdir/ubox/. /workdir/openwrt/staging_dir/target-aarch64_generic_musl/root-armsr/'
build	Compile debug	2026-09-27T15:40:51.7614379Z touch /workdir/openwrt/staging_dir/target-aarch64_generic_musl/root-armsr/stamp/.ubox_installed
build	Compile debug	2026-09-27T15:40:51.7641873Z echo "ubox" >> /workdir/openwrt/staging_dir/target-aarch64_generic_musl/pkginfo/ubox.default.install
build	Compile debug	2026-09-27T15:40:51.7668688Z mkdir -p /workdir/openwrt/staging_dir/target-aarch64_generic_musl/root-armsr/stamp
build	Compile debug	2026-09-27T15:40:51.7702842Z SHELL= flock /workdir/openwrt/tmp/.root-copy.flock -c 'cp -fpR /workdir/openwrt/build_dir/target-aarch64_generic_musl/ubox-2025.10.30~6f78fa49/.pkgdir/getrandom/. /workdir/openwrt/staging_dir/target-aarch64_generic_musl/root-armsr/'
build	Compile debug	2026-09-27T15:40:51.7750953Z touch /workdir/openwrt/staging_dir/target-aarch64_generic_musl/root-armsr/stamp/.getrandom_installed
build	Compile debug	2026-09-27T15:40:51.7778250Z echo "getrandom" >> /workdir/openwrt/staging_dir/target-aarch64_generic_musl/pkginfo/ubox.default.install
build	Compile debug	2026-09-27T15:40:51.7804122Z mkdir -p /workdir/openwrt/staging_dir/target-aarch64_generic_musl/root-armsr/stamp
build	Compile debug	2026-09-27T15:40:51.7839256Z SHELL= flock /workdir/openwrt/tmp/.root-copy.flock -c 'cp -fpR /workdir/openwrt/build_dir/target-aarch64_generic_musl/ubox-2025.10.30~6f78fa49/.pkgdir/logd/. /workdir/openwrt/staging_dir/target-aarch64_generic_musl/root-armsr/'
build	Compile debug	2026-09-27T15:40:51.7893722Z touch /workdir/openwrt/staging_dir/target-aarch64_generic_musl/root-armsr/stamp/.logd_installed
build	Compile debug	2026-09-27T15:40:51.7921436Z echo "logd" >> /workdir/openwrt/staging_dir/target-aarch64_generic_musl/pkginfo/ubox.default.install
build	Compile debug	2026-09-27T15:40:51.7947680Z make[3]: Leaving directory '/workdir/openwrt/package/system/ubox'
build	Compile debug	2026-09-27T15:40:51.7955703Z time: package/system/ubox/compile#0.06#0.09#0.16
build	Compile debug	2026-09-27T15:40:51.8382770Z make[3]: Entering directory '/workdir/openwrt/package/libs/ncurses'
build	Compile debug	2026-09-27T15:40:51.9622651Z make[3]: Leaving directory '/workdir/openwrt/package/libs/ncurses'
build	Compile debug	2026-09-27T15:40:51.9630218Z time: package/libs/ncurses/host-compile#0.08#0.05#0.16
build	Compile debug	2026-09-27T15:40:52.0057029Z make[3]: Entering directory '/workdir/openwrt/package/libs/ncurses'
build	Compile debug	2026-09-27T15:40:52.1585140Z mkdir -p /workdir/openwrt/staging_dir/target-aarch64_generic_musl/root-armsr/stamp
build	Compile debug	2026-09-27T15:40:52.1623112Z SHELL= flock /workdir/openwrt/tmp/.root-copy.flock -c 'cp -fpR /workdir/openwrt/build_dir/target-aarch64_generic_musl/ncurses-6.6.20260801/.pkgdir/terminfo/. /workdir/openwrt/staging_dir/target-aarch64_generic_musl/root-armsr/'
build	Compile debug	2026-09-27T15:40:52.1703595Z touch /workdir/openwrt/staging_dir/target-aarch64_generic_musl/root-armsr/stamp/.terminfo_installed
build	Compile debug	2026-09-27T15:40:52.1731672Z echo "terminfo" >> /workdir/openwrt/staging_dir/target-aarch64_generic_musl/pkginfo/ncurses.default.install
build	Compile debug	2026-09-27T15:40:52.1759473Z mkdir -p /workdir/openwrt/staging_dir/target-aarch64_generic_musl/root-armsr/stamp
build	Compile debug	2026-09-27T15:40:52.1794704Z echo '6' | cmp -s - /workdir/openwrt/staging_dir/target-aarch64_generic_musl/pkginfo/libncurses.version || { mkdir -p /workdir/openwrt/staging_dir/target-aarch64_generic_musl/pkginfo; echo '6' > /workdir/openwrt/staging_dir/target-aarch64_generic_musl/pkginfo/libncurses.version;  cp /workdir/openwrt/staging_dir/target-aarch64_generic_musl/pkginfo/libncurses.version /workdir/openwrt/staging_dir/target-aarch64_generic_musl/pkginfo/libncurses-any.version;   cp /workdir/openwrt/staging_dir/target-aarch64_generic_musl/pkginfo/libncurses.version /workdir/openwrt/staging_dir/target-aarch64_generic_musl/pkginfo/libncursesw.version;  } 
build	Compile debug	2026-09-27T15:40:52.1827424Z SHELL= flock /workdir/openwrt/tmp/.root-copy.flock -c 'cp -fpR /workdir/openwrt/build_dir/target-aarch64_generic_musl/ncurses-6.6.20260801/.pkgdir/libncurses/. /workdir/openwrt/staging_dir/target-aarch64_generic_musl/root-armsr/'
build	Compile debug	2026-09-27T15:40:52.1899156Z touch /workdir/openwrt/staging_dir/target-aarch64_generic_musl/root-armsr/stamp/.libncurses_installed
build	Compile debug	2026-09-27T15:40:52.1925813Z echo "libncurses" >> /workdir/openwrt/staging_dir/target-aarch64_generic_musl/pkginfo/ncurses.default.install
build	Compile debug	2026-09-27T15:40:52.1953446Z make[3]: Leaving directory '/workdir/openwrt/package/libs/ncurses'
build	Compile debug	2026-09-27T15:40:52.1961816Z time: package/libs/ncurses/compile#0.09#0.11#0.22
build	Compile debug	2026-09-27T15:40:52.2431454Z make[3]: Entering directory '/workdir/openwrt/package/utils/util-linux'
build	Compile debug	2026-09-27T15:40:52.3966860Z mkdir -p /workdir/openwrt/staging_dir/target-aarch64_generic_musl/root-armsr/stamp
build	Compile debug	2026-09-27T15:40:52.4005898Z echo '1' | cmp -s - /workdir/openwrt/staging_dir/target-aarch64_generic_musl/pkginfo/libuuid.version || { mkdir -p /workdir/openwrt/staging_dir/target-aarch64_generic_musl/pkginfo; echo '1' > /workdir/openwrt/staging_dir/target-aarch64_generic_musl/pkginfo/libuuid.version;  cp /workdir/openwrt/staging_dir/target-aarch64_generic_musl/pkginfo/libuuid.version /workdir/openwrt/staging_dir/target-aarch64_generic_musl/pkginfo/libuuid-any.version;  } 
build	Compile debug	2026-09-27T15:40:52.4038065Z SHELL= flock /workdir/openwrt/tmp/.root-copy.flock -c 'cp -fpR /workdir/openwrt/build_dir/target-aarch64_generic_musl/util-linux-2.42.2/.pkgdir/libuuid/. /workdir/openwrt/staging_dir/target-aarch64_generic_musl/root-armsr/'
build	Compile debug	2026-09-27T15:40:52.4092773Z touch /workdir/openwrt/staging_dir/target-aarch64_generic_musl/root-armsr/stamp/.libuuid_installed
build	Compile debug	2026-09-27T15:40:52.4120437Z echo "libuuid" >> /workdir/openwrt/staging_dir/target-aarch64_generic_musl/pkginfo/util-linux.default.install
build	Compile debug	2026-09-27T15:40:52.4151914Z mkdir -p /workdir/openwrt/staging_dir/target-aarch64_generic_musl/root-armsr/stamp
build	Compile debug	2026-09-27T15:40:52.4190622Z echo '1' | cmp -s - /workdir/openwrt/staging_dir/target-aarch64_generic_musl/pkginfo/libblkid.version || { mkdir -p /workdir/openwrt/staging_dir/target-aarch64_generic_musl/pkginfo; echo '1' > /workdir/openwrt/staging_dir/target-aarch64_generic_musl/pkginfo/libblkid.version;  cp /workdir/openwrt/staging_dir/target-aarch64_generic_musl/pkginfo/libblkid.version /workdir/openwrt/staging_dir/target-aarch64_generic_musl/pkginfo/libblkid-any.version;  } 
build	Compile debug	2026-09-27T15:40:52.4223083Z SHELL= flock /workdir/openwrt/tmp/.root-copy.flock -c 'cp -fpR /workdir/openwrt/build_dir/target-aarch64_generic_musl/util-linux-2.42.2/.pkgdir/libblkid/. /workdir/openwrt/staging_dir/target-aarch64_generic_musl/root-armsr/'
build	Compile debug	2026-09-27T15:40:52.4280733Z touch /workdir/openwrt/staging_dir/target-aarch64_generic_musl/root-armsr/stamp/.libblkid_installed
build	Compile debug	2026-09-27T15:40:52.4308829Z echo "libblkid" >> /workdir/openwrt/staging_dir/target-aarch64_generic_musl/pkginfo/util-linux.default.install
build	Compile debug	2026-09-27T15:40:52.4338384Z mkdir -p /workdir/openwrt/staging_dir/target-aarch64_generic_musl/root-armsr/stamp
build	Compile debug	2026-09-27T15:40:52.4376165Z echo '1' | cmp -s - /workdir/openwrt/staging_dir/target-aarch64_generic_musl/pkginfo/libfdisk.version || { mkdir -p /workdir/openwrt/staging_dir/target-aarch64_generic_musl/pkginfo; echo '1' > /workdir/openwrt/staging_dir/target-aarch64_generic_musl/pkginfo/libfdisk.version;  cp /workdir/openwrt/staging_dir/target-aarch64_generic_musl/pkginfo/libfdisk.version /workdir/openwrt/staging_dir/target-aarch64_generic_musl/pkginfo/libfdisk-any.version;  } 
build	Compile debug	2026-09-27T15:40:52.4409014Z SHELL= flock /workdir/openwrt/tmp/.root-copy.flock -c 'cp -fpR /workdir/openwrt/build_dir/target-aarch64_generic_musl/util-linux-2.42.2/.pkgdir/libfdisk/. /workdir/openwrt/staging_dir/target-aarch64_generic_musl/root-armsr/'
build	Compile debug	2026-09-27T15:40:52.4467220Z touch /workdir/openwrt/staging_dir/target-aarch64_generic_musl/root-armsr/stamp/.libfdisk_installed
build	Compile debug	2026-09-27T15:40:52.4494856Z echo "libfdisk" >> /workdir/openwrt/staging_dir/target-aarch64_generic_musl/pkginfo/util-linux.default.install
build	Compile debug	2026-09-27T15:40:52.4524899Z mkdir -p /workdir/openwrt/staging_dir/target-aarch64_generic_musl/root-armsr/stamp
build	Compile debug	2026-09-27T15:40:52.4561168Z echo '1' | cmp -s - /workdir/openwrt/staging_dir/target-aarch64_generic_musl/pkginfo/libmount.version || { mkdir -p /workdir/openwrt/staging_dir/target-aarch64_generic_musl/pkginfo; echo '1' > /workdir/openwrt/staging_dir/target-aarch64_generic_musl/pkginfo/libmount.version;  cp /workdir/openwrt/staging_dir/target-aarch64_generic_musl/pkginfo/libmount.version /workdir/openwrt/staging_dir/target-aarch64_generic_musl/pkginfo/libmount-any.version;  } 
build	Compile debug	2026-09-27T15:40:52.4594334Z SHELL= flock /workdir/openwrt/tmp/.root-copy.flock -c 'cp -fpR /workdir/openwrt/build_dir/target-aarch64_generic_musl/util-linux-2.42.2/.pkgdir/libmount/. /workdir/openwrt/staging_dir/target-aarch64_generic_musl/root-armsr/'
build	Compile debug	2026-09-27T15:40:52.4653598Z touch /workdir/openwrt/staging_dir/target-aarch64_generic_musl/root-armsr/stamp/.libmount_installed
build	Compile debug	2026-09-27T15:40:52.4681857Z echo "libmount" >> /workdir/openwrt/staging_dir/target-aarch64_generic_musl/pkginfo/util-linux.default.install
build	Compile debug	2026-09-27T15:40:52.4709348Z mkdir -p /workdir/openwrt/staging_dir/target-aarch64_generic_musl/root-armsr/stamp
build	Compile debug	2026-09-27T15:40:52.4745288Z echo '1' | cmp -s - /workdir/openwrt/staging_dir/target-aarch64_generic_musl/pkginfo/libsmartcols.version || { mkdir -p /workdir/openwrt/staging_dir/target-aarch64_generic_musl/pkginfo; echo '1' > /workdir/openwrt/staging_dir/target-aarch64_generic_musl/pkginfo/libsmartcols.version;  cp /workdir/openwrt/staging_dir/target-aarch64_generic_musl/pkginfo/libsmartcols.version /workdir/openwrt/staging_dir/target-aarch64_generic_musl/pkginfo/libsmartcols-any.version;  } 
build	Compile debug	2026-09-27T15:40:52.4777952Z SHELL= flock /workdir/openwrt/tmp/.root-copy.flock -c 'cp -fpR /workdir/openwrt/build_dir/target-aarch64_generic_musl/util-linux-2.42.2/.pkgdir/libsmartcols/. /workdir/openwrt/staging_dir/target-aarch64_generic_musl/root-armsr/'
build	Compile debug	2026-09-27T15:40:52.4832094Z touch /workdir/openwrt/staging_dir/target-aarch64_generic_musl/root-armsr/stamp/.libsmartcols_installed
build	Compile debug	2026-09-27T15:40:52.4859214Z echo "libsmartcols" >> /workdir/openwrt/staging_dir/target-aarch64_generic_musl/pkginfo/util-linux.default.install
build	Compile debug	2026-09-27T15:40:52.4886580Z mkdir -p /workdir/openwrt/staging_dir/target-aarch64_generic_musl/root-armsr/stamp
build	Compile debug	2026-09-27T15:40:52.4922527Z SHELL= flock /workdir/openwrt/tmp/.root-copy.flock -c 'cp -fpR /workdir/openwrt/build_dir/target-aarch64_generic_musl/util-linux-2.42.2/.pkgdir/blkid/. /workdir/openwrt/staging_dir/target-aarch64_generic_musl/root-armsr/'
build	Compile debug	2026-09-27T15:40:52.4973178Z touch /workdir/openwrt/staging_dir/target-aarch64_generic_musl/root-armsr/stamp/.blkid_installed
build	Compile debug	2026-09-27T15:40:52.4999813Z echo "blkid" >> /workdir/openwrt/staging_dir/target-aarch64_generic_musl/pkginfo/util-linux.default.install
build	Compile debug	2026-09-27T15:40:52.5026095Z mkdir -p /workdir/openwrt/staging_dir/target-aarch64_generic_musl/root-armsr/stamp
build	Compile debug	2026-09-27T15:40:52.5061599Z SHELL= flock /workdir/openwrt/tmp/.root-copy.flock -c 'cp -fpR /workdir/openwrt/build_dir/target-aarch64_generic_musl/util-linux-2.42.2/.pkgdir/fdisk/. /workdir/openwrt/staging_dir/target-aarch64_generic_musl/root-armsr/'
build	Compile debug	2026-09-27T15:40:52.5113768Z touch /workdir/openwrt/staging_dir/target-aarch64_generic_musl/root-armsr/stamp/.fdisk_installed
build	Compile debug	2026-09-27T15:40:52.5140431Z echo "fdisk" >> /workdir/openwrt/staging_dir/target-aarch64_generic_musl/pkginfo/util-linux.default.install
build	Compile debug	2026-09-27T15:40:52.5166897Z mkdir -p /workdir/openwrt/staging_dir/target-aarch64_generic_musl/root-armsr/stamp
build	Compile debug	2026-09-27T15:40:52.5201650Z SHELL= flock /workdir/openwrt/tmp/.root-copy.flock -c 'cp -fpR /workdir/openwrt/build_dir/target-aarch64_generic_musl/util-linux-2.42.2/.pkgdir/getopt/. /workdir/openwrt/staging_dir/target-aarch64_generic_musl/root-armsr/'
build	Compile debug	2026-09-27T15:40:52.5250266Z touch /workdir/openwrt/staging_dir/target-aarch64_generic_musl/root-armsr/stamp/.getopt_installed
build	Compile debug	2026-09-27T15:40:52.5277524Z echo "getopt" >> /workdir/openwrt/staging_dir/target-aarch64_generic_musl/pkginfo/util-linux.default.install
build	Compile debug	2026-09-27T15:40:52.5303453Z mkdir -p /workdir/openwrt/staging_dir/target-aarch64_generic_musl/root-armsr/stamp
build	Compile debug	2026-09-27T15:40:52.5339027Z SHELL= flock /workdir/openwrt/tmp/.root-copy.flock -c 'cp -fpR /workdir/openwrt/build_dir/target-aarch64_generic_musl/util-linux-2.42.2/.pkgdir/losetup/. /workdir/openwrt/staging_dir/target-aarch64_generic_musl/root-armsr/'
build	Compile debug	2026-09-27T15:40:52.5387633Z touch /workdir/openwrt/staging_dir/target-aarch64_generic_musl/root-armsr/stamp/.losetup_installed
build	Compile debug	2026-09-27T15:40:52.5414429Z echo "losetup" >> /workdir/openwrt/staging_dir/target-aarch64_generic_musl/pkginfo/util-linux.default.install
build	Compile debug	2026-09-27T15:40:52.5442412Z mkdir -p /workdir/openwrt/staging_dir/target-aarch64_generic_musl/root-armsr/stamp
build	Compile debug	2026-09-27T15:40:52.5477748Z SHELL= flock /workdir/openwrt/tmp/.root-copy.flock -c 'cp -fpR /workdir/openwrt/build_dir/target-aarch64_generic_musl/util-linux-2.42.2/.pkgdir/lsblk/. /workdir/openwrt/staging_dir/target-aarch64_generic_musl/root-armsr/'
build	Compile debug	2026-09-27T15:40:52.5532303Z touch /workdir/openwrt/staging_dir/target-aarch64_generic_musl/root-armsr/stamp/.lsblk_installed
build	Compile debug	2026-09-27T15:40:52.5559214Z echo "lsblk" >> /workdir/openwrt/staging_dir/target-aarch64_generic_musl/pkginfo/util-linux.default.install
build	Compile debug	2026-09-27T15:40:52.5584849Z mkdir -p /workdir/openwrt/staging_dir/target-aarch64_generic_musl/root-armsr/stamp
build	Compile debug	2026-09-27T15:40:52.5618838Z SHELL= flock /workdir/openwrt/tmp/.root-copy.flock -c 'cp -fpR /workdir/openwrt/build_dir/target-aarch64_generic_musl/util-linux-2.42.2/.pkgdir/partx-utils/. /workdir/openwrt/staging_dir/target-aarch64_generic_musl/root-armsr/'
build	Compile debug	2026-09-27T15:40:52.5680619Z touch /workdir/openwrt/staging_dir/target-aarch64_generic_musl/root-armsr/stamp/.partx-utils_installed
build	Compile debug	2026-09-27T15:40:52.5707479Z echo "partx-utils" >> /workdir/openwrt/staging_dir/target-aarch64_generic_musl/pkginfo/util-linux.default.install
build	Compile debug	2026-09-27T15:40:52.5733689Z mkdir -p /workdir/openwrt/staging_dir/target-aarch64_generic_musl/root-armsr/stamp
build	Compile debug	2026-09-27T15:40:52.5767969Z SHELL= flock /workdir/openwrt/tmp/.root-copy.flock -c 'cp -fpR /workdir/openwrt/build_dir/target-aarch64_generic_musl/util-linux-2.42.2/.pkgdir/uuidgen/. /workdir/openwrt/staging_dir/target-aarch64_generic_musl/root-armsr/'
build	Compile debug	2026-09-27T15:40:52.5815516Z touch /workdir/openwrt/staging_dir/target-aarch64_generic_musl/root-armsr/stamp/.uuidgen_installed
build	Compile debug	2026-09-27T15:40:52.5842570Z echo "uuidgen" >> /workdir/openwrt/staging_dir/target-aarch64_generic_musl/pkginfo/util-linux.default.install
build	Compile debug	2026-09-27T15:40:52.5869956Z make[3]: Leaving directory '/workdir/openwrt/package/utils/util-linux'
build	Compile debug	2026-09-27T15:40:52.5878966Z time: package/utils/util-linux/compile#0.14#0.22#0.38
build	Compile debug	2026-09-27T15:40:52.6012050Z make[3]: Entering directory '/workdir/openwrt/package/system/fstools'
build	Compile debug	2026-09-27T15:40:52.7102090Z mkdir -p /workdir/openwrt/staging_dir/target-aarch64_generic_musl/root-armsr/stamp
build	Compile debug	2026-09-27T15:40:52.7139415Z SHELL= flock /workdir/openwrt/tmp/.root-copy.flock -c 'cp -fpR /workdir/openwrt/build_dir/target-aarch64_generic_musl/fstools-2026.07.25~2aa16407/.pkgdir/fstools/. /workdir/openwrt/staging_dir/target-aarch64_generic_musl/root-armsr/'
build	Compile debug	2026-09-27T15:40:52.7190491Z touch /workdir/openwrt/staging_dir/target-aarch64_generic_musl/root-armsr/stamp/.fstools_installed
build	Compile debug	2026-09-27T15:40:52.7217577Z echo "fstools" >> /workdir/openwrt/staging_dir/target-aarch64_generic_musl/pkginfo/fstools.default.install
build	Compile debug	2026-09-27T15:40:52.7247189Z mkdir -p /workdir/openwrt/staging_dir/target-aarch64_generic_musl/root-armsr/stamp
build	Compile debug	2026-09-27T15:40:52.7283849Z SHELL= flock /workdir/openwrt/tmp/.root-copy.flock -c 'cp -fpR /workdir/openwrt/build_dir/target-aarch64_generic_musl/fstools-2026.07.25~2aa16407/.pkgdir/block-mount/. /workdir/openwrt/staging_dir/target-aarch64_generic_musl/root-armsr/'
build	Compile debug	2026-09-27T15:40:52.7340801Z touch /workdir/openwrt/staging_dir/target-aarch64_generic_musl/root-armsr/stamp/.block-mount_installed
build	Compile debug	2026-09-27T15:40:52.7368309Z echo "block-mount" >> /workdir/openwrt/staging_dir/target-aarch64_generic_musl/pkginfo/fstools.default.install
build	Compile debug	2026-09-27T15:40:52.7395774Z make[3]: Leaving directory '/workdir/openwrt/package/system/fstools'
build	Compile debug	2026-09-27T15:40:52.7404803Z time: package/system/fstools/compile#0.07#0.07#0.14
build	Compile debug	2026-09-27T15:40:52.7537305Z make[3]: Entering directory '/workdir/openwrt/package/system/fwtool'
build	Compile debug	2026-09-27T15:40:52.8314713Z make[3]: Leaving directory '/workdir/openwrt/package/system/fwtool'
build	Compile debug	2026-09-27T15:40:52.8322005Z time: package/system/fwtool/host-compile#0.04#0.03#0.08
build	Compile debug	2026-09-27T15:40:52.8453462Z make[3]: Entering directory '/workdir/openwrt/package/system/fwtool'
build	Compile debug	2026-09-27T15:40:52.9429648Z mkdir -p /workdir/openwrt/staging_dir/target-aarch64_generic_musl/root-armsr/stamp
build	Compile debug	2026-09-27T15:40:52.9466470Z SHELL= flock /workdir/openwrt/tmp/.root-copy.flock -c 'cp -fpR /workdir/openwrt/build_dir/target-aarch64_generic_musl/fwtool-2025.10.03~04cd252e/.pkgdir/fwtool/. /workdir/openwrt/staging_dir/target-aarch64_generic_musl/root-armsr/'
build	Compile debug	2026-09-27T15:40:52.9516739Z touch /workdir/openwrt/staging_dir/target-aarch64_generic_musl/root-armsr/stamp/.fwtool_installed
build	Compile debug	2026-09-27T15:40:52.9544245Z echo "fwtool" >> /workdir/openwrt/staging_dir/target-aarch64_generic_musl/pkginfo/fwtool.default.install
build	Compile debug	2026-09-27T15:40:52.9572144Z make[3]: Leaving directory '/workdir/openwrt/package/system/fwtool'
build	Compile debug	2026-09-27T15:40:52.9580376Z time: package/system/fwtool/compile#0.05#0.06#0.12
build	Compile debug	2026-09-27T15:40:53.0019093Z make[3]: Entering directory '/workdir/openwrt/package/libs/libjson-c'
build	Compile debug	2026-09-27T15:40:53.0516576Z make[3]: Leaving directory '/workdir/openwrt/package/libs/libjson-c'
build	Compile debug	2026-09-27T15:40:53.0524077Z time: package/libs/libjson-c/host-compile#0.04#0.03#0.08
build	Compile debug	2026-09-27T15:40:53.0655246Z make[3]: Entering directory '/workdir/openwrt/package/libs/libubox'
build	Compile debug	2026-09-27T15:40:53.1550672Z make[3]: Leaving directory '/workdir/openwrt/package/libs/libubox'
build	Compile debug	2026-09-27T15:40:53.1558181Z time: package/libs/libubox/host-compile#0.04#0.04#0.09
build	Compile debug	2026-09-27T15:40:53.1688954Z make[3]: Entering directory '/workdir/openwrt/package/system/usign'
build	Compile debug	2026-09-27T15:40:53.2490617Z make[3]: Leaving directory '/workdir/openwrt/package/system/usign'
build	Compile debug	2026-09-27T15:40:53.2497357Z time: package/system/usign/host-compile#0.04#0.04#0.08
build	Compile debug	2026-09-27T15:40:53.2626786Z make[3]: Entering directory '/workdir/openwrt/package/system/ucert'
build	Compile debug	2026-09-27T15:40:53.3416777Z make[3]: Leaving directory '/workdir/openwrt/package/system/ucert'
build	Compile debug	2026-09-27T15:40:53.3424224Z time: package/system/ucert/host-compile#0.04#0.03#0.08
build	Compile debug	2026-09-27T15:40:53.3552713Z make[3]: Entering directory '/workdir/openwrt/package/utils/jsonfilter'
build	Compile debug	2026-09-27T15:40:53.4553088Z mkdir -p /workdir/openwrt/staging_dir/target-aarch64_generic_musl/root-armsr/stamp
build	Compile debug	2026-09-27T15:40:53.4590283Z SHELL= flock /workdir/openwrt/tmp/.root-copy.flock -c 'cp -fpR /workdir/openwrt/build_dir/target-aarch64_generic_musl/jsonfilter-2026.03.16~b9034210/.pkgdir/jsonfilter/. /workdir/openwrt/staging_dir/target-aarch64_generic_musl/root-armsr/'
build	Compile debug	2026-09-27T15:40:53.4638058Z touch /workdir/openwrt/staging_dir/target-aarch64_generic_musl/root-armsr/stamp/.jsonfilter_installed
build	Compile debug	2026-09-27T15:40:53.4664818Z echo "jsonfilter" >> /workdir/openwrt/staging_dir/target-aarch64_generic_musl/pkginfo/jsonfilter.default.install
build	Compile debug	2026-09-27T15:40:53.4692665Z make[3]: Leaving directory '/workdir/openwrt/package/utils/jsonfilter'
build	Compile debug	2026-09-27T15:40:53.4701112Z time: package/utils/jsonfilter/compile#0.05#0.06#0.12
build	Compile debug	2026-09-27T15:40:53.5131175Z make[3]: Entering directory '/workdir/openwrt/package/libs/libsepol'
build	Compile debug	2026-09-27T15:40:53.6238193Z make[3]: Leaving directory '/workdir/openwrt/package/libs/libsepol'
build	Compile debug	2026-09-27T15:40:53.6245820Z time: package/libs/libsepol/compile#0.08#0.06#0.14
build	Compile debug	2026-09-27T15:40:53.6672798Z make[3]: Entering directory '/workdir/openwrt/package/libs/pcre2'
build	Compile debug	2026-09-27T15:40:53.7471732Z mkdir -p /workdir/openwrt/staging_dir/target-aarch64_generic_musl/root-armsr/stamp
build	Compile debug	2026-09-27T15:40:53.7510891Z SHELL= flock /workdir/openwrt/tmp/.root-copy.flock -c 'cp -fpR /workdir/openwrt/build_dir/target-aarch64_generic_musl/pcre2-10.47/.pkgdir/libpcre2/. /workdir/openwrt/staging_dir/target-aarch64_generic_musl/root-armsr/'
build	Compile debug	2026-09-27T15:40:53.7577747Z touch /workdir/openwrt/staging_dir/target-aarch64_generic_musl/root-armsr/stamp/.libpcre2_installed
build	Compile debug	2026-09-27T15:40:53.7605325Z echo "libpcre2" >> /workdir/openwrt/staging_dir/target-aarch64_generic_musl/pkginfo/pcre2.default.install
build	Compile debug	2026-09-27T15:40:53.7634799Z mkdir -p /workdir/openwrt/staging_dir/target-aarch64_generic_musl/root-armsr/stamp
build	Compile debug	2026-09-27T15:40:53.7670514Z SHELL= flock /workdir/openwrt/tmp/.root-copy.flock -c 'cp -fpR /workdir/openwrt/build_dir/target-aarch64_generic_musl/pcre2-10.47/.pkgdir/libpcre2-16/. /workdir/openwrt/staging_dir/target-aarch64_generic_musl/root-armsr/'
build	Compile debug	2026-09-27T15:40:53.7728996Z touch /workdir/openwrt/staging_dir/target-aarch64_generic_musl/root-armsr/stamp/.libpcre2-16_installed
build	Compile debug	2026-09-27T15:40:53.7756894Z echo "libpcre2-16" >> /workdir/openwrt/staging_dir/target-aarch64_generic_musl/pkginfo/pcre2.default.install
build	Compile debug	2026-09-27T15:40:53.7783650Z make[3]: Leaving directory '/workdir/openwrt/package/libs/pcre2'
build	Compile debug	2026-09-27T15:40:53.7792022Z time: package/libs/pcre2/compile#0.07#0.06#0.14
build	Compile debug	2026-09-27T15:40:53.8226677Z make[3]: Entering directory '/workdir/openwrt/package/libs/musl-fts'
build	Compile debug	2026-09-27T15:40:53.9217147Z make[3]: Leaving directory '/workdir/openwrt/package/libs/musl-fts'
build	Compile debug	2026-09-27T15:40:53.9223936Z time: package/libs/musl-fts/compile#0.08#0.05#0.13
build	Compile debug	2026-09-27T15:40:53.9646351Z make[3]: Entering directory '/workdir/openwrt/package/libs/libselinux'
build	Compile debug	2026-09-27T15:40:54.0709452Z make[3]: Leaving directory '/workdir/openwrt/package/libs/libselinux'
build	Compile debug	2026-09-27T15:40:54.0716913Z time: package/libs/libselinux/compile#0.08#0.06#0.14
build	Compile debug	2026-09-27T15:40:54.1138619Z make[3]: Entering directory '/workdir/openwrt/package/utils/busybox'
build	Compile debug	2026-09-27T15:40:54.2441745Z mkdir -p /workdir/openwrt/staging_dir/target-aarch64_generic_musl/root-armsr/stamp
build	Compile debug	2026-09-27T15:40:54.2478932Z SHELL= flock /workdir/openwrt/tmp/.root-copy.flock -c 'cp -fpR /workdir/openwrt/build_dir/target-aarch64_generic_musl/busybox-default/busybox-1.38.0/.pkgdir/busybox/. /workdir/openwrt/staging_dir/target-aarch64_generic_musl/root-armsr/'
build	Compile debug	2026-09-27T15:40:54.2607824Z touch /workdir/openwrt/staging_dir/target-aarch64_generic_musl/root-armsr/stamp/.busybox_installed
build	Compile debug	2026-09-27T15:40:54.2634346Z echo "busybox" >> /workdir/openwrt/staging_dir/target-aarch64_generic_musl/pkginfo/busybox.default.install
build	Compile debug	2026-09-27T15:40:54.2662852Z make[3]: Leaving directory '/workdir/openwrt/package/utils/busybox'
build	Compile debug	2026-09-27T15:40:54.2671485Z time: package/utils/busybox/default/compile#0.07#0.11#0.19
build	Compile debug	2026-09-27T15:40:54.2802335Z make[3]: Entering directory '/workdir/openwrt/package/network/services/odhcpd'
build	Compile debug	2026-09-27T15:40:54.3912722Z mkdir -p /workdir/openwrt/staging_dir/target-aarch64_generic_musl/root-armsr/stamp
build	Compile debug	2026-09-27T15:40:54.3950879Z SHELL= flock /workdir/openwrt/tmp/.root-copy.flock -c 'cp -fpR /workdir/openwrt/build_dir/target-aarch64_generic_musl/odhcpd-ipv6only/odhcpd-2026.06.28~68f38269/.pkgdir/odhcpd-ipv6only/. /workdir/openwrt/staging_dir/target-aarch64_generic_musl/root-armsr/'
build	Compile debug	2026-09-27T15:40:54.4019883Z touch /workdir/openwrt/staging_dir/target-aarch64_generic_musl/root-armsr/stamp/.odhcpd-ipv6only_installed
build	Compile debug	2026-09-27T15:40:54.4047191Z echo "odhcpd-ipv6only" >> /workdir/openwrt/staging_dir/target-aarch64_generic_musl/pkginfo/odhcpd.ipv6only.install
build	Compile debug	2026-09-27T15:40:54.4075780Z make[3]: Leaving directory '/workdir/openwrt/package/network/services/odhcpd'
build	Compile debug	2026-09-27T15:40:54.4084077Z time: package/network/services/odhcpd/ipv6only/compile#0.06#0.06#0.13
build	Compile debug	2026-09-27T15:40:54.4216549Z make[3]: Entering directory '/workdir/openwrt/package/system/procd'
build	Compile debug	2026-09-27T15:40:54.5466525Z mkdir -p /workdir/openwrt/staging_dir/target-aarch64_generic_musl/root-armsr/stamp
build	Compile debug	2026-09-27T15:40:54.5503045Z SHELL= flock /workdir/openwrt/tmp/.root-copy.flock -c 'cp -fpR /workdir/openwrt/build_dir/target-aarch64_generic_musl/procd-default/procd-2026.09.22~6af440ae/.pkgdir/procd/. /workdir/openwrt/staging_dir/target-aarch64_generic_musl/root-armsr/'
build	Compile debug	2026-09-27T15:40:54.5560104Z touch /workdir/openwrt/staging_dir/target-aarch64_generic_musl/root-armsr/stamp/.procd_installed
build	Compile debug	2026-09-27T15:40:54.5587287Z echo "procd" >> /workdir/openwrt/staging_dir/target-aarch64_generic_musl/pkginfo/procd.default.install
build	Compile debug	2026-09-27T15:40:54.5617118Z mkdir -p /workdir/openwrt/staging_dir/target-aarch64_generic_musl/root-armsr/stamp
build	Compile debug	2026-09-27T15:40:54.5653853Z SHELL= flock /workdir/openwrt/tmp/.root-copy.flock -c 'cp -fpR /workdir/openwrt/build_dir/target-aarch64_generic_musl/procd-default/procd-2026.09.22~6af440ae/.pkgdir/procd-ujail/. /workdir/openwrt/staging_dir/target-aarch64_generic_musl/root-armsr/'
build	Compile debug	2026-09-27T15:40:54.5703336Z touch /workdir/openwrt/staging_dir/target-aarch64_generic_musl/root-armsr/stamp/.procd-ujail_installed
build	Compile debug	2026-09-27T15:40:54.5730640Z echo "procd-ujail" >> /workdir/openwrt/staging_dir/target-aarch64_generic_musl/pkginfo/procd.default.install
build	Compile debug	2026-09-27T15:40:54.5758943Z mkdir -p /workdir/openwrt/staging_dir/target-aarch64_generic_musl/root-armsr/stamp
build	Compile debug	2026-09-27T15:40:54.5794764Z SHELL= flock /workdir/openwrt/tmp/.root-copy.flock -c 'cp -fpR /workdir/openwrt/build_dir/target-aarch64_generic_musl/procd-default/procd-2026.09.22~6af440ae/.pkgdir/procd-seccomp/. /workdir/openwrt/staging_dir/target-aarch64_generic_musl/root-armsr/'
build	Compile debug	2026-09-27T15:40:54.5842967Z touch /workdir/openwrt/staging_dir/target-aarch64_generic_musl/root-armsr/stamp/.procd-seccomp_installed
build	Compile debug	2026-09-27T15:40:54.5870172Z echo "procd-seccomp" >> /workdir/openwrt/staging_dir/target-aarch64_generic_musl/pkginfo/procd.default.install
build	Compile debug	2026-09-27T15:40:54.5896499Z make[3]: Leaving directory '/workdir/openwrt/package/system/procd'
build	Compile debug	2026-09-27T15:40:54.5904684Z time: package/system/procd/default/compile#0.08#0.09#0.17
build	Compile debug	2026-09-27T15:40:54.6036852Z make[3]: Entering directory '/workdir/openwrt/package/system/openwrt-keyring'
build	Compile debug	2026-09-27T15:40:54.7007639Z mkdir -p /workdir/openwrt/staging_dir/target-aarch64_generic_musl/root-armsr/stamp
build	Compile debug	2026-09-27T15:40:54.7044721Z SHELL= flock /workdir/openwrt/tmp/.root-copy.flock -c 'cp -fpR /workdir/openwrt/build_dir/target-aarch64_generic_musl/openwrt-keyring-2025.12.11~14e1f88b/.pkgdir/openwrt-keyring/. /workdir/openwrt/staging_dir/target-aarch64_generic_musl/root-armsr/'
build	Compile debug	2026-09-27T15:40:54.7097767Z touch /workdir/openwrt/staging_dir/target-aarch64_generic_musl/root-armsr/stamp/.openwrt-keyring_installed
build	Compile debug	2026-09-27T15:40:54.7124066Z echo "openwrt-keyring" >> /workdir/openwrt/staging_dir/target-aarch64_generic_musl/pkginfo/openwrt-keyring.default.install
build	Compile debug	2026-09-27T15:40:54.7152291Z make[3]: Leaving directory '/workdir/openwrt/package/system/openwrt-keyring'
build	Compile debug	2026-09-27T15:40:54.7160609Z time: package/system/openwrt-keyring/compile#0.06#0.06#0.12
build	Compile debug	2026-09-27T15:40:54.7292369Z make[3]: Entering directory '/workdir/openwrt/package/system/usign'
build	Compile debug	2026-09-27T15:40:54.8298721Z mkdir -p /workdir/openwrt/staging_dir/target-aarch64_generic_musl/root-armsr/stamp
build	Compile debug	2026-09-27T15:40:54.8334790Z SHELL= flock /workdir/openwrt/tmp/.root-copy.flock -c 'cp -fpR /workdir/openwrt/build_dir/target-aarch64_generic_musl/usign-2025.10.03~c4c72b1b/.pkgdir/usign/. /workdir/openwrt/staging_dir/target-aarch64_generic_musl/root-armsr/'
build	Compile debug	2026-09-27T15:40:54.8393491Z touch /workdir/openwrt/staging_dir/target-aarch64_generic_musl/root-armsr/stamp/.usign_installed
build	Compile debug	2026-09-27T15:40:54.8420789Z echo "usign" >> /workdir/openwrt/staging_dir/target-aarch64_generic_musl/pkginfo/usign.default.install
build	Compile debug	2026-09-27T15:40:54.8449075Z make[3]: Leaving directory '/workdir/openwrt/package/system/usign'
build	Compile debug	2026-09-27T15:40:54.8457510Z time: package/system/usign/compile#0.05#0.06#0.12
build	Compile debug	2026-09-27T15:40:54.8588705Z make[3]: Entering directory '/workdir/openwrt/package/base-files'
build	Compile debug	2026-09-27T15:40:55.0248215Z mkdir -p /workdir/openwrt/staging_dir/target-aarch64_generic_musl/root-armsr/stamp
build	Compile debug	2026-09-27T15:40:55.0285865Z SHELL= flock /workdir/openwrt/tmp/.root-copy.flock -c 'cp -fpR /workdir/openwrt/build_dir/target-aarch64_generic_musl/linux-armsr_armv8/base-files/.pkgdir/base-files/. /workdir/openwrt/staging_dir/target-aarch64_generic_musl/root-armsr/'
build	Compile debug	2026-09-27T15:40:55.0412466Z touch /workdir/openwrt/staging_dir/target-aarch64_generic_musl/root-armsr/stamp/.base-files_installed
build	Compile debug	2026-09-27T15:40:55.0439865Z echo "base-files" >> /workdir/openwrt/staging_dir/target-aarch64_generic_musl/pkginfo/base-files.default.install
build	Compile debug	2026-09-27T15:40:55.0470023Z make[3]: Leaving directory '/workdir/openwrt/package/base-files'
build	Compile debug	2026-09-27T15:40:55.0479052Z time: package/base-files/compile#0.10#0.09#0.19
build	Compile debug	2026-09-27T15:40:55.0608999Z make[3]: Entering directory '/workdir/openwrt/package/boot/grub2'
build	Compile debug	2026-09-27T15:40:55.2957578Z make[3]: Leaving directory '/workdir/openwrt/package/boot/grub2'
build	Compile debug	2026-09-27T15:40:55.2964983Z time: package/boot/grub2/host-compile#0.07#0.09#0.24
build	Compile debug	2026-09-27T15:40:55.3099173Z make[3]: Entering directory '/workdir/openwrt/package/boot/grub2'
build	Compile debug	2026-09-27T15:40:55.5194654Z rm -f /workdir/openwrt/build_dir/target-aarch64_generic_musl/linux-armsr_armv8/grub-efi/grub-2.12/.built
build	Compile debug	2026-09-27T15:40:55.5235884Z touch /workdir/openwrt/build_dir/target-aarch64_generic_musl/linux-armsr_armv8/grub-efi/grub-2.12/.built_check
build	Compile debug	2026-09-27T15:40:55.5274168Z CFLAGS="-Os -pipe -mcpu=generic -fno-caller-saves -fhonour-copts -fmacro-prefix-map=/workdir/openwrt/build_dir/target-aarch64_generic_musl/linux-armsr_armv8/grub-efi/grub-2.12=grub-2.12 -fmacro-prefix-map=/workdir/openwrt/staging_dir/target-aarch64_generic_musl=staging_dir/target-aarch64_generic_musl -Wl,-z,max-page-size=4096 -Wformat -Werror=format-security -D_FORTIFY_SOURCE=1 -Wl,-z,now -Wl,-z,relro -Wl,-z,pack-relative-relocs  -I/workdir/openwrt/staging_dir/toolchain-aarch64_generic_gcc-14.4.0_musl/usr/include -I/workdir/openwrt/staging_dir/toolchain-aarch64_generic_gcc-14.4.0_musl/include -I/workdir/openwrt/staging_dir/toolchain-aarch64_generic_gcc-14.4.0_musl/include/fortify " CXXFLAGS="-Os -pipe -mcpu=generic -fno-caller-saves -fhonour-copts -fmacro-prefix-map=/workdir/openwrt/build_dir/target-aarch64_generic_musl/linux-armsr_armv8/grub-efi/grub-2.12=grub-2.12 -fmacro-prefix-map=/workdir/openwrt/staging_dir/target-aarch64_generic_musl=staging_dir/target-aarch64_generic_musl -Wl,-z,max-page-size=4096 -Wformat -Werror=format-security -D_FORTIFY_SOURCE=1 -Wl,-z,now -Wl,-z,relro -Wl,-z,pack-relative-relocs  -I/workdir/openwrt/staging_dir/toolchain-aarch64_generic_gcc-14.4.0_musl/usr/include -I/workdir/openwrt/staging_dir/toolchain-aarch64_generic_gcc-14.4.0_musl/include -I/workdir/openwrt/staging_dir/toolchain-aarch64_generic_gcc-14.4.0_musl/include/fortify " LDFLAGS="-L/workdir/openwrt/staging_dir/toolchain-aarch64_generic_gcc-14.4.0_musl/usr/lib -L/workdir/openwrt/staging_dir/toolchain-aarch64_generic_gcc-14.4.0_musl/lib -fuse-ld=bfd -zmax-page-size=4096 -znow -zrelro -zpack-relative-relocs " make -j1 -C /workdir/openwrt/build_dir/target-aarch64_generic_musl/linux-armsr_armv8/grub-efi/grub-2.12/grub-core AR="aarch64-openwrt-linux-musl-gcc-ar" AS="aarch64-openwrt-linux-musl-gcc -c -Os -pipe -mcpu=generic -fno-caller-saves -fhonour-copts -fmacro-prefix-map=/workdir/openwrt/build_dir/target-aarch64_generic_musl/linux-armsr_armv8/grub-efi/grub-2.12=grub-2.12 -fmacro-prefix-map=/workdir/openwrt/staging_dir/target-aarch64_generic_musl=staging_dir/target-aarch64_generic_musl -Wl,-z,max-page-size=4096 -Wformat -Werror=format-security -D_FORTIFY_SOURCE=1 -Wl,-z,now -Wl,-z,relro -Wl,-z,pack-relative-relocs" LD="aarch64-openwrt-linux-musl-ld.bfd" NM="aarch64-openwrt-linux-musl-gcc-nm" CC="aarch64-openwrt-linux-musl-gcc" GCC="aarch64-openwrt-linux-musl-gcc" CXX="aarch64-openwrt-linux-musl-g++" RANLIB="aarch64-openwrt-linux-musl-gcc-ranlib" STRIP=aarch64-openwrt-linux-musl-strip OBJCOPY=aarch64-openwrt-linux-musl-objcopy OBJDUMP=aarch64-openwrt-linux-musl-objdump SIZE=aarch64-openwrt-linux-musl-size CROSS="aarch64-openwrt-linux-musl-" ARCH="aarch64" ;
build	Compile debug	2026-09-27T15:40:55.5615346Z make[4]: Entering directory '/workdir/openwrt/build_dir/target-aarch64_generic_musl/linux-armsr_armv8/grub-efi/grub-2.12/grub-core'
build	Compile debug	2026-09-27T15:40:55.5616280Z make  all-am
build	Compile debug	2026-09-27T15:40:55.6107390Z make[5]: Entering directory '/workdir/openwrt/build_dir/target-aarch64_generic_musl/linux-armsr_armv8/grub-efi/grub-2.12/grub-core'
build	Compile debug	2026-09-27T15:40:55.6108819Z make[5]: Nothing to be done for 'all-am'.
build	Compile debug	2026-09-27T15:40:55.6109729Z make[5]: Leaving directory '/workdir/openwrt/build_dir/target-aarch64_generic_musl/linux-armsr_armv8/grub-efi/grub-2.12/grub-core'
build	Compile debug	2026-09-27T15:40:55.6113765Z make[4]: Leaving directory '/workdir/openwrt/build_dir/target-aarch64_generic_musl/linux-armsr_armv8/grub-efi/grub-2.12/grub-core'
build	Compile debug	2026-09-27T15:40:55.6118106Z touch /workdir/openwrt/build_dir/target-aarch64_generic_musl/linux-armsr_armv8/grub-efi/grub-2.12/.built
build	Compile debug	2026-09-27T15:40:55.6425342Z rm -rf /workdir/openwrt/build_dir/target-aarch64_generic_musl/linux-armsr_armv8/grub-efi/grub-2.12/ipkg-aarch64_generic/grub2-efi-arm
build	Compile debug	2026-09-27T15:40:55.6466813Z /workdir/openwrt/scripts/ipkg-remove grub2-efi-arm /workdir/openwrt/bin/targets/armsr/armv8/packages/grub2-efi-arm-2.12-r1.apk
build	Compile debug	2026-09-27T15:40:55.6513238Z removed '/workdir/openwrt/bin/targets/armsr/armv8/packages/grub2-efi-arm-2.12-r1.apk'
build	Compile debug	2026-09-27T15:40:55.6517225Z mkdir -p /workdir/openwrt/bin/targets/armsr/armv8/packages /workdir/openwrt/build_dir/target-aarch64_generic_musl/linux-armsr_armv8/grub-efi/grub-2.12/ipkg-aarch64_generic/grub2-efi-arm /workdir/openwrt/staging_dir/target-aarch64_generic_musl/pkginfo
build	Compile debug	2026-09-27T15:40:55.6547185Z install -d -m0755 /workdir/openwrt/staging_dir/target-aarch64_generic_musl/image/grub2
build	Compile debug	2026-09-27T15:40:55.6578917Z cp ./files/grub-early-gpt.cfg /workdir/openwrt/build_dir/target-aarch64_generic_musl/linux-armsr_armv8/grub-efi/grub-2.12/grub-early.cfg
build	Compile debug	2026-09-27T15:40:55.6615184Z /workdir/openwrt/staging_dir/host/bin/grub-mkimage -d /workdir/openwrt/build_dir/target-aarch64_generic_musl/linux-armsr_armv8/grub-efi/grub-2.12/grub-core -p /boot/grub -O arm64-efi -c /workdir/openwrt/build_dir/target-aarch64_generic_musl/linux-armsr_armv8/grub-efi/grub-2.12/grub-early.cfg -o /workdir/openwrt/staging_dir/target-aarch64_generic_musl/image/grub2/bootaa64.efi boot chain configfile fat linux ls part_gpt part_msdos reboot search search_fs_uuid search_label serial efi_gop lsefi minicmd ext2
build	Compile debug	2026-09-27T15:40:55.7524630Z /workdir/openwrt/staging_dir/host/bin/grub-mkimage -d /workdir/openwrt/build_dir/target-aarch64_generic_musl/linux-armsr_armv8/grub-efi/grub-2.12/grub-core -p /boot/grub -O arm64-efi -c ./files/grub-early.cfg -o /workdir/openwrt/staging_dir/target-aarch64_generic_musl/image/grub2/iso-bootaaaa64.efi boot chain configfile fat iso9660 linux ls lsefi minicmd part_msdos part_gpt reboot serial test efi_gop
build	Compile debug	2026-09-27T15:40:55.7619415Z find /workdir/openwrt/build_dir/target-aarch64_generic_musl/linux-armsr_armv8/grub-efi/grub-2.12/ipkg-aarch64_generic/grub2-efi-arm -name '.svn' -o -name '.#*' -o -name '*~'| xargs -r rm -rf
build	Compile debug	2026-09-27T15:40:55.7868216Z export CROSS="aarch64-openwrt-linux-musl-"  NO_RENAME=1 ; NM="aarch64-openwrt-linux-musl-nm" STRIP="/workdir/openwrt/staging_dir/host/bin/sstrip -z" STRIP_KMOD="/workdir/openwrt/scripts/strip-kmod.sh" PATCHELF="/workdir/openwrt/staging_dir/host/bin/patchelf" /workdir/openwrt/scripts/rstrip.sh /workdir/openwrt/build_dir/target-aarch64_generic_musl/linux-armsr_armv8/grub-efi/grub-2.12/ipkg-aarch64_generic/grub2-efi-arm
build	Compile debug	2026-09-27T15:40:55.7920793Z install -d -m0755 /workdir/openwrt/bin/targets/armsr/armv8/packages
build	Compile debug	2026-09-27T15:40:55.7951479Z mkdir -p /workdir/openwrt/build_dir/target-aarch64_generic_musl/linux-armsr_armv8/grub-efi/grub-2.12/apk-aarch64_generic/grub2-efi-arm/
build	Compile debug	2026-09-27T15:40:55.7980379Z mkdir -p /workdir/openwrt/build_dir/target-aarch64_generic_musl/linux-armsr_armv8/grub-efi/grub-2.12/ipkg-aarch64_generic/grub2-efi-arm/lib/apk/packages/
build	Compile debug	2026-09-27T15:40:55.8010337Z (cd /workdir/openwrt/build_dir/target-aarch64_generic_musl/linux-armsr_armv8/grub-efi/grub-2.12/apk-aarch64_generic/grub2-efi-arm; )
build	Compile debug	2026-09-27T15:40:55.8036581Z ( echo "#!/bin/sh"; echo "[ \"\${IPKG_NO_SCRIPT}\" = \"1\" ] && exit 0"; echo "[ -s "\${IPKG_INSTROOT}/lib/functions.sh" ] || exit 0"; echo ". \${IPKG_INSTROOT}/lib/functions.sh"; echo 'export root="${IPKG_INSTROOT}"'; echo 'export pkgname="grub2-efi-arm"'; echo "add_group_and_user"; echo "default_postinst"; [ ! -f /workdir/openwrt/build_dir/target-aarch64_generic_musl/linux-armsr_armv8/grub-efi/grub-2.12/apk-aarch64_generic/grub2-efi-arm/postinst-pkg ] || sed '/^\s*#!/d' "/workdir/openwrt/build_dir/target-aarch64_generic_musl/linux-armsr_armv8/grub-efi/grub-2.12/apk-aarch64_generic/grub2-efi-arm/postinst-pkg"; ) > /workdir/openwrt/build_dir/target-aarch64_generic_musl/linux-armsr_armv8/grub-efi/grub-2.12/apk-aarch64_generic/grub2-efi-arm/post-install;
build	Compile debug	2026-09-27T15:40:55.8063065Z ( echo "#!/bin/sh"; echo 'export PKG_UPGRADE=1'; [ ! -f /workdir/openwrt/build_dir/target-aarch64_generic_musl/linux-armsr_armv8/grub-efi/grub-2.12/apk-aarch64_generic/grub2-efi-arm/post-install ] || sed '/^\s*#!/d' "/workdir/openwrt/build_dir/target-aarch64_generic_musl/linux-armsr_armv8/grub-efi/grub-2.12/apk-aarch64_generic/grub2-efi-arm/post-install"; ) > /workdir/openwrt/build_dir/target-aarch64_generic_musl/linux-armsr_armv8/grub-efi/grub-2.12/apk-aarch64_generic/grub2-efi-arm/post-upgrade;
build	Compile debug	2026-09-27T15:40:55.8099716Z ( echo "#!/bin/sh"; echo "[ -s "\${IPKG_INSTROOT}/lib/functions.sh" ] || exit 0"; echo ". \${IPKG_INSTROOT}/lib/functions.sh"; echo 'export root="${IPKG_INSTROOT}"'; echo 'export pkgname="grub2-efi-arm"'; echo "default_prerm"; [ ! -f /workdir/openwrt/build_dir/target-aarch64_generic_musl/linux-armsr_armv8/grub-efi/grub-2.12/apk-aarch64_generic/grub2-efi-arm/prerm-pkg ] || sed '/^\s*#!/d' "/workdir/openwrt/build_dir/target-aarch64_generic_musl/linux-armsr_armv8/grub-efi/grub-2.12/apk-aarch64_generic/grub2-efi-arm/prerm-pkg"; ) > /workdir/openwrt/build_dir/target-aarch64_generic_musl/linux-armsr_armv8/grub-efi/grub-2.12/apk-aarch64_generic/grub2-efi-arm/pre-deinstall;
build	Compile debug	2026-09-27T15:40:55.8124749Z [ ! -f /workdir/openwrt/build_dir/target-aarch64_generic_musl/linux-armsr_armv8/grub-efi/grub-2.12/apk-aarch64_generic/grub2-efi-arm/postrm ] || sed -zi 's/^\s*#!/#!/' "/workdir/openwrt/build_dir/target-aarch64_generic_musl/linux-armsr_armv8/grub-efi/grub-2.12/apk-aarch64_generic/grub2-efi-arm/postrm";
build	Compile debug	2026-09-27T15:40:55.8143893Z if [ -n "" ]; then echo  > /workdir/openwrt/build_dir/target-aarch64_generic_musl/linux-armsr_armv8/grub-efi/grub-2.12/ipkg-aarch64_generic/grub2-efi-arm/lib/apk/packages/grub2-efi-arm.rusers; fi;
build	Compile debug	2026-09-27T15:40:55.8163418Z if [ -n "" ]; then echo  > /workdir/openwrt/build_dir/target-aarch64_generic_musl/linux-armsr_armv8/grub-efi/grub-2.12/ipkg-aarch64_generic/grub2-efi-arm/lib/apk/packages/grub2-efi-arm.alternatives; fi;
build	Compile debug	2026-09-27T15:40:55.8185274Z (cd /workdir/openwrt/build_dir/target-aarch64_generic_musl/linux-armsr_armv8/grub-efi/grub-2.12/ipkg-aarch64_generic/grub2-efi-arm && find . -type f,l -printf "/%P\n" | sort > /workdir/openwrt/tmp/grub2-efi-arm.list && mv /workdir/openwrt/tmp/grub2-efi-arm.list /workdir/openwrt/build_dir/target-aarch64_generic_musl/linux-armsr_armv8/grub-efi/grub-2.12/ipkg-aarch64_generic/grub2-efi-arm/lib/apk/packages/grub2-efi-arm.list)
build	Compile debug	2026-09-27T15:40:55.8236821Z # Move conffiles to IDIR and build conffiles_static with csums
build	Compile debug	2026-09-27T15:40:55.8261173Z if [ -f /workdir/openwrt/build_dir/target-aarch64_generic_musl/linux-armsr_armv8/grub-efi/grub-2.12/apk-aarch64_generic/grub2-efi-arm/conffiles ]; then mv -f /workdir/openwrt/build_dir/target-aarch64_generic_musl/linux-armsr_armv8/grub-efi/grub-2.12/apk-aarch64_generic/grub2-efi-arm/conffiles /workdir/openwrt/build_dir/target-aarch64_generic_musl/linux-armsr_armv8/grub-efi/grub-2.12/ipkg-aarch64_generic/grub2-efi-arm/lib/apk/packages/grub2-efi-arm.conffiles; for file in $(cat /workdir/openwrt/build_dir/target-aarch64_generic_musl/linux-armsr_armv8/grub-efi/grub-2.12/ipkg-aarch64_generic/grub2-efi-arm/lib/apk/packages/grub2-efi-arm.conffiles); do [ -f /workdir/openwrt/build_dir/target-aarch64_generic_musl/linux-armsr_armv8/grub-efi/grub-2.12/ipkg-aarch64_generic/grub2-efi-arm/$file ] || continue; csum=$(/workdir/openwrt/staging_dir/host/bin/mkhash sha256 /workdir/openwrt/build_dir/target-aarch64_generic_musl/linux-armsr_armv8/grub-efi/grub-2.12/ipkg-aarch64_generic/grub2-efi-arm/$file); echo $file $csum >> /workdir/openwrt/build_dir/target-aarch64_generic_musl/linux-armsr_armv8/grub-efi/grub-2.12/ipkg-aarch64_generic/grub2-efi-arm/lib/apk/packages/grub2-efi-arm.conffiles_static; done; fi
build	Compile debug	2026-09-27T15:40:55.8276265Z # Some package (base-files) manually append stuff to conffiles
build	Compile debug	2026-09-27T15:40:55.8295701Z # Append stuff from it and delete the CONTROL directory since everything else should be migrated
build	Compile debug	2026-09-27T15:40:55.8320138Z if [ -f /workdir/openwrt/build_dir/target-aarch64_generic_musl/linux-armsr_armv8/grub-efi/grub-2.12/ipkg-aarch64_generic/grub2-efi-arm/CONTROL/conffiles ]; then echo $(IDIR_grub2-efi-arm)/CONTROL/conffiles >> /workdir/openwrt/build_dir/target-aarch64_generic_musl/linux-armsr_armv8/grub-efi/grub-2.12/ipkg-aarch64_generic/grub2-efi-arm/lib/apk/packages/grub2-efi-arm.conffiles; for file in $(cat /workdir/openwrt/build_dir/target-aarch64_generic_musl/linux-armsr_armv8/grub-efi/grub-2.12/ipkg-aarch64_generic/grub2-efi-arm/CONTROL/conffiles); do [ -f /workdir/openwrt/build_dir/target-aarch64_generic_musl/linux-armsr_armv8/grub-efi/grub-2.12/ipkg-aarch64_generic/grub2-efi-arm/$file ] || continue; csum=$(/workdir/openwrt/staging_dir/host/bin/mkhash sha256 /workdir/openwrt/build_dir/target-aarch64_generic_musl/linux-armsr_armv8/grub-efi/grub-2.12/ipkg-aarch64_generic/grub2-efi-arm/$file); echo $file $csum >> /workdir/openwrt/build_dir/target-aarch64_generic_musl/linux-armsr_armv8/grub-efi/grub-2.12/ipkg-aarch64_generic/grub2-efi-arm/lib/apk/packages/grub2-efi-arm.conffiles_static; done; rm -rf /workdir/openwrt/build_dir/target-aarch64_generic_musl/linux-armsr_armv8/grub-efi/grub-2.12/ipkg-aarch64_generic/grub2-efi-arm/CONTROL/conffiles; fi
build	Compile debug	2026-09-27T15:40:55.8337360Z if [ -z "$(ls -A /workdir/openwrt/build_dir/target-aarch64_generic_musl/linux-armsr_armv8/grub-efi/grub-2.12/ipkg-aarch64_generic/grub2-efi-arm/CONTROL 2>/dev/null)" ]; then rm -rf /workdir/openwrt/build_dir/target-aarch64_generic_musl/linux-armsr_armv8/grub-efi/grub-2.12/ipkg-aarch64_generic/grub2-efi-arm/CONTROL; else echo "CONTROL directory /workdir/openwrt/build_dir/target-aarch64_generic_musl/linux-armsr_armv8/grub-efi/grub-2.12/ipkg-aarch64_generic/grub2-efi-arm/CONTROL is not empty! This is not right and should be checked!" >&2; exit 1; fi
build	Compile debug	2026-09-27T15:40:55.8387639Z SOURCE_DATE_EPOCH=0 /workdir/openwrt/staging_dir/host/bin/fakeroot /workdir/openwrt/staging_dir/host/bin/apk mkpkg --info "name:grub2-efi-arm" --info "version:2.12-r1" --info "tags:openwrt:section=boot openwrt:cpe=cpe:/a:gnu:grub2" --info "description:GRand Unified Bootloader (efi)" --info "arch:aarch64_generic" --info "license:GPL-3.0-or-later" --info "origin:feeds/base/boot/grub2" --info "url:https://www.gnu.org/software/grub/" --info "maintainer:" --info "provides:grub2-efi-arm-any"  --script "post-install:/workdir/openwrt/build_dir/target-aarch64_generic_musl/linux-armsr_armv8/grub-efi/grub-2.12/apk-aarch64_generic/grub2-efi-arm/post-install" --script "post-upgrade:/workdir/openwrt/build_dir/target-aarch64_generic_musl/linux-armsr_armv8/grub-efi/grub-2.12/apk-aarch64_generic/grub2-efi-arm/post-upgrade" --script "pre-deinstall:/workdir/openwrt/build_dir/target-aarch64_generic_musl/linux-armsr_armv8/grub-efi/grub-2.12/apk-aarch64_generic/grub2-efi-arm/pre-deinstall" --info "depends:libc" --files "/workdir/openwrt/build_dir/target-aarch64_generic_musl/linux-armsr_armv8/grub-efi/grub-2.12/ipkg-aarch64_generic/grub2-efi-arm" --sign /workdir/openwrt/private-key.pem --output "/workdir/openwrt/bin/targets/armsr/armv8/packages/grub2-efi-arm-2.12-r1.apk"
build	Compile debug	2026-09-27T15:40:55.8686520Z rm -rf /workdir/openwrt/build_dir/target-aarch64_generic_musl/linux-armsr_armv8/grub-efi/grub-2.12/.pkgdir/grub2-efi-arm.installed /workdir/openwrt/build_dir/target-aarch64_generic_musl/linux-armsr_armv8/grub-efi/grub-2.12/.pkgdir/grub2-efi-arm
build	Compile debug	2026-09-27T15:40:55.8723341Z mkdir -p /workdir/openwrt/build_dir/target-aarch64_generic_musl/linux-armsr_armv8/grub-efi/grub-2.12/.pkgdir/grub2-efi-arm
build	Compile debug	2026-09-27T15:40:55.8753144Z install -d -m0755 /workdir/openwrt/staging_dir/target-aarch64_generic_musl/image/grub2
build	Compile debug	2026-09-27T15:40:55.8783431Z cp ./files/grub-early-gpt.cfg /workdir/openwrt/build_dir/target-aarch64_generic_musl/linux-armsr_armv8/grub-efi/grub-2.12/grub-early.cfg
build	Compile debug	2026-09-27T15:40:55.8817502Z /workdir/openwrt/staging_dir/host/bin/grub-mkimage -d /workdir/openwrt/build_dir/target-aarch64_generic_musl/linux-armsr_armv8/grub-efi/grub-2.12/grub-core -p /boot/grub -O arm64-efi -c /workdir/openwrt/build_dir/target-aarch64_generic_musl/linux-armsr_armv8/grub-efi/grub-2.12/grub-early.cfg -o /workdir/openwrt/staging_dir/target-aarch64_generic_musl/image/grub2/bootaa64.efi boot chain configfile fat linux ls part_gpt part_msdos reboot search search_fs_uuid search_label serial efi_gop lsefi minicmd ext2
build	Compile debug	2026-09-27T15:40:55.8921415Z /workdir/openwrt/staging_dir/host/bin/grub-mkimage -d /workdir/openwrt/build_dir/target-aarch64_generic_musl/linux-armsr_armv8/grub-efi/grub-2.12/grub-core -p /boot/grub -O arm64-efi -c ./files/grub-early.cfg -o /workdir/openwrt/staging_dir/target-aarch64_generic_musl/image/grub2/iso-bootaaaa64.efi boot chain configfile fat iso9660 linux ls lsefi minicmd part_msdos part_gpt reboot serial test efi_gop
build	Compile debug	2026-09-27T15:40:55.8995854Z touch /workdir/openwrt/build_dir/target-aarch64_generic_musl/linux-armsr_armv8/grub-efi/grub-2.12/.pkgdir/grub2-efi-arm.installed
build	Compile debug	2026-09-27T15:40:55.9024069Z mkdir -p /workdir/openwrt/staging_dir/target-aarch64_generic_musl/root-armsr/stamp
build	Compile debug	2026-09-27T15:40:55.9064900Z SHELL= flock /workdir/openwrt/tmp/.root-copy.flock -c 'cp -fpR /workdir/openwrt/build_dir/target-aarch64_generic_musl/linux-armsr_armv8/grub-efi/grub-2.12/.pkgdir/grub2-efi-arm/. /workdir/openwrt/staging_dir/target-aarch64_generic_musl/root-armsr/'
build	Compile debug	2026-09-27T15:40:55.9112019Z touch /workdir/openwrt/staging_dir/target-aarch64_generic_musl/root-armsr/stamp/.grub2-efi-arm_installed
build	Compile debug	2026-09-27T15:40:55.9139685Z echo "grub2-efi-arm" >> /workdir/openwrt/staging_dir/target-aarch64_generic_musl/pkginfo/grub2.efi.install
build	Compile debug	2026-09-27T15:40:55.9169641Z make[3]: Leaving directory '/workdir/openwrt/package/boot/grub2'
build	Compile debug	2026-09-27T15:40:55.9178452Z time: package/boot/grub2/efi/compile#0.24#0.26#0.61
build	Compile debug	2026-09-27T15:40:55.9611974Z make[3]: Entering directory '/workdir/openwrt/package/boot/uboot-armsr'
build	Compile debug	2026-09-27T15:40:56.6132477Z rm -rf /workdir/openwrt/bin/targets/armsr/armv8/u-boot-qemu_armv8
build	Compile debug	2026-09-27T15:40:56.6172235Z rmdir /workdir/openwrt/build_dir/target-aarch64_generic_musl/u-boot-qemu_armv8/u-boot-2025.04/.pkgdir/u-boot-qemu_armv8 >/dev/null 2>/dev/null
build	Compile debug	2026-09-27T15:40:56.6203037Z make[3]: [Makefile:40: install-bin-u-boot-qemu_armv8] Error 1 (ignored)
build	Compile debug	2026-09-27T15:40:56.6205078Z if [ -d /workdir/openwrt/build_dir/target-aarch64_generic_musl/u-boot-qemu_armv8/u-boot-2025.04/.pkgdir/u-boot-qemu_armv8 ]; then install -d -m0755 /workdir/openwrt/bin/targets/armsr/armv8/u-boot-qemu_armv8 && cp -fpR /workdir/openwrt/build_dir/target-aarch64_generic_musl/u-boot-qemu_armv8/u-boot-2025.04/.pkgdir/u-boot-qemu_armv8/. /workdir/openwrt/bin/targets/armsr/armv8/u-boot-qemu_armv8/; fi
build	Compile debug	2026-09-27T15:40:56.6269470Z make[3]: Leaving directory '/workdir/openwrt/package/boot/uboot-armsr'
build	Compile debug	2026-09-27T15:40:56.6278560Z time: package/boot/uboot-armsr/qemu_armv8/compile#0.16#0.42#0.70
build	Compile debug	2026-09-27T15:40:56.6713229Z make[3]: Entering directory '/workdir/openwrt/package/utils/e2fsprogs'
build	Compile debug	2026-09-27T15:40:56.7882829Z mkdir -p /workdir/openwrt/staging_dir/target-aarch64_generic_musl/root-armsr/stamp
build	Compile debug	2026-09-27T15:40:56.7922480Z echo '0' | cmp -s - /workdir/openwrt/staging_dir/target-aarch64_generic_musl/pkginfo/libcomerr.version || { mkdir -p /workdir/openwrt/staging_dir/target-aarch64_generic_musl/pkginfo; echo '0' > /workdir/openwrt/staging_dir/target-aarch64_generic_musl/pkginfo/libcomerr.version;  cp /workdir/openwrt/staging_dir/target-aarch64_generic_musl/pkginfo/libcomerr.version /workdir/openwrt/staging_dir/target-aarch64_generic_musl/pkginfo/libcomerr-any.version;  } 
build	Compile debug	2026-09-27T15:40:56.7957099Z SHELL= flock /workdir/openwrt/tmp/.root-copy.flock -c 'cp -fpR /workdir/openwrt/build_dir/target-aarch64_generic_musl/e2fsprogs-1.47.4/.pkgdir/libcomerr/. /workdir/openwrt/staging_dir/target-aarch64_generic_musl/root-armsr/'
build	Compile debug	2026-09-27T15:40:56.8009213Z touch /workdir/openwrt/staging_dir/target-aarch64_generic_musl/root-armsr/stamp/.libcomerr_installed
build	Compile debug	2026-09-27T15:40:56.8036778Z echo "libcomerr" >> /workdir/openwrt/staging_dir/target-aarch64_generic_musl/pkginfo/e2fsprogs.default.install
build	Compile debug	2026-09-27T15:40:56.8069299Z mkdir -p /workdir/openwrt/staging_dir/target-aarch64_generic_musl/root-armsr/stamp
build	Compile debug	2026-09-27T15:40:56.8108197Z echo '2' | cmp -s - /workdir/openwrt/staging_dir/target-aarch64_generic_musl/pkginfo/libss.version || { mkdir -p /workdir/openwrt/staging_dir/target-aarch64_generic_musl/pkginfo; echo '2' > /workdir/openwrt/staging_dir/target-aarch64_generic_musl/pkginfo/libss.version;  cp /workdir/openwrt/staging_dir/target-aarch64_generic_musl/pkginfo/libss.version /workdir/openwrt/staging_dir/target-aarch64_generic_musl/pkginfo/libss-any.version;  } 
build	Compile debug	2026-09-27T15:40:56.8141378Z SHELL= flock /workdir/openwrt/tmp/.root-copy.flock -c 'cp -fpR /workdir/openwrt/build_dir/target-aarch64_generic_musl/e2fsprogs-1.47.4/.pkgdir/libss/. /workdir/openwrt/staging_dir/target-aarch64_generic_musl/root-armsr/'
build	Compile debug	2026-09-27T15:40:56.8194920Z touch /workdir/openwrt/staging_dir/target-aarch64_generic_musl/root-armsr/stamp/.libss_installed
build	Compile debug	2026-09-27T15:40:56.8221638Z echo "libss" >> /workdir/openwrt/staging_dir/target-aarch64_generic_musl/pkginfo/e2fsprogs.default.install
build	Compile debug	2026-09-27T15:40:56.8250927Z mkdir -p /workdir/openwrt/staging_dir/target-aarch64_generic_musl/root-armsr/stamp
build	Compile debug	2026-09-27T15:40:56.8288620Z echo '2' | cmp -s - /workdir/openwrt/staging_dir/target-aarch64_generic_musl/pkginfo/libext2fs.version || { mkdir -p /workdir/openwrt/staging_dir/target-aarch64_generic_musl/pkginfo; echo '2' > /workdir/openwrt/staging_dir/target-aarch64_generic_musl/pkginfo/libext2fs.version;  cp /workdir/openwrt/staging_dir/target-aarch64_generic_musl/pkginfo/libext2fs.version /workdir/openwrt/staging_dir/target-aarch64_generic_musl/pkginfo/libext2fs-any.version;  } 
build	Compile debug	2026-09-27T15:40:56.8321768Z SHELL= flock /workdir/openwrt/tmp/.root-copy.flock -c 'cp -fpR /workdir/openwrt/build_dir/target-aarch64_generic_musl/e2fsprogs-1.47.4/.pkgdir/libext2fs/. /workdir/openwrt/staging_dir/target-aarch64_generic_musl/root-armsr/'
build	Compile debug	2026-09-27T15:40:56.8420930Z touch /workdir/openwrt/staging_dir/target-aarch64_generic_musl/root-armsr/stamp/.libext2fs_installed
build	Compile debug	2026-09-27T15:40:56.8448889Z echo "libext2fs" >> /workdir/openwrt/staging_dir/target-aarch64_generic_musl/pkginfo/e2fsprogs.default.install
build	Compile debug	2026-09-27T15:40:56.8478351Z mkdir -p /workdir/openwrt/staging_dir/target-aarch64_generic_musl/root-armsr/stamp
build	Compile debug	2026-09-27T15:40:56.8517444Z echo '2' | cmp -s - /workdir/openwrt/staging_dir/target-aarch64_generic_musl/pkginfo/libe2p.version || { mkdir -p /workdir/openwrt/staging_dir/target-aarch64_generic_musl/pkginfo; echo '2' > /workdir/openwrt/staging_dir/target-aarch64_generic_musl/pkginfo/libe2p.version;  cp /workdir/openwrt/staging_dir/target-aarch64_generic_musl/pkginfo/libe2p.version /workdir/openwrt/staging_dir/target-aarch64_generic_musl/pkginfo/libe2p-any.version;  } 
build	Compile debug	2026-09-27T15:40:56.8551237Z SHELL= flock /workdir/openwrt/tmp/.root-copy.flock -c 'cp -fpR /workdir/openwrt/build_dir/target-aarch64_generic_musl/e2fsprogs-1.47.4/.pkgdir/libe2p/. /workdir/openwrt/staging_dir/target-aarch64_generic_musl/root-armsr/'
build	Compile debug	2026-09-27T15:40:56.8604792Z touch /workdir/openwrt/staging_dir/target-aarch64_generic_musl/root-armsr/stamp/.libe2p_installed
build	Compile debug	2026-09-27T15:40:56.8631995Z echo "libe2p" >> /workdir/openwrt/staging_dir/target-aarch64_generic_musl/pkginfo/e2fsprogs.default.install
build	Compile debug	2026-09-27T15:40:56.8661204Z mkdir -p /workdir/openwrt/staging_dir/target-aarch64_generic_musl/root-armsr/stamp
build	Compile debug	2026-09-27T15:40:56.8698027Z SHELL= flock /workdir/openwrt/tmp/.root-copy.flock -c 'cp -fpR /workdir/openwrt/build_dir/target-aarch64_generic_musl/e2fsprogs-1.47.4/.pkgdir/e2fsprogs/. /workdir/openwrt/staging_dir/target-aarch64_generic_musl/root-armsr/'
build	Compile debug	2026-09-27T15:40:56.8775389Z touch /workdir/openwrt/staging_dir/target-aarch64_generic_musl/root-armsr/stamp/.e2fsprogs_installed
build	Compile debug	2026-09-27T15:40:56.8802574Z echo "e2fsprogs" >> /workdir/openwrt/staging_dir/target-aarch64_generic_musl/pkginfo/e2fsprogs.default.install
build	Compile debug	2026-09-27T15:40:56.8830559Z mkdir -p /workdir/openwrt/staging_dir/target-aarch64_generic_musl/root-armsr/stamp
build	Compile debug	2026-09-27T15:40:56.8867178Z SHELL= flock /workdir/openwrt/tmp/.root-copy.flock -c 'cp -fpR /workdir/openwrt/build_dir/target-aarch64_generic_musl/e2fsprogs-1.47.4/.pkgdir/chattr/. /workdir/openwrt/staging_dir/target-aarch64_generic_musl/root-armsr/'
build	Compile debug	2026-09-27T15:40:56.8915510Z touch /workdir/openwrt/staging_dir/target-aarch64_generic_musl/root-armsr/stamp/.chattr_installed
build	Compile debug	2026-09-27T15:40:56.8943183Z echo "chattr" >> /workdir/openwrt/staging_dir/target-aarch64_generic_musl/pkginfo/e2fsprogs.default.install
build	Compile debug	2026-09-27T15:40:56.8970930Z mkdir -p /workdir/openwrt/staging_dir/target-aarch64_generic_musl/root-armsr/stamp
build	Compile debug	2026-09-27T15:40:56.9005438Z SHELL= flock /workdir/openwrt/tmp/.root-copy.flock -c 'cp -fpR /workdir/openwrt/build_dir/target-aarch64_generic_musl/e2fsprogs-1.47.4/.pkgdir/lsattr/. /workdir/openwrt/staging_dir/target-aarch64_generic_musl/root-armsr/'
build	Compile debug	2026-09-27T15:40:56.9057180Z touch /workdir/openwrt/staging_dir/target-aarch64_generic_musl/root-armsr/stamp/.lsattr_installed
build	Compile debug	2026-09-27T15:40:56.9084369Z echo "lsattr" >> /workdir/openwrt/staging_dir/target-aarch64_generic_musl/pkginfo/e2fsprogs.default.install
build	Compile debug	2026-09-27T15:40:56.9111590Z make[3]: Leaving directory '/workdir/openwrt/package/utils/e2fsprogs'
build	Compile debug	2026-09-27T15:40:56.9120647Z time: package/utils/e2fsprogs/compile#0.12#0.14#0.27
build	Compile debug	2026-09-27T15:40:56.9532856Z make[3]: Entering directory '/workdir/openwrt/package/emortal/automount'
build	Compile debug	2026-09-27T15:40:57.1192120Z mkdir -p /workdir/openwrt/staging_dir/target-aarch64_generic_musl/root-armsr/stamp
build	Compile debug	2026-09-27T15:40:57.1228770Z SHELL= flock /workdir/openwrt/tmp/.root-copy.flock -c 'cp -fpR /workdir/openwrt/build_dir/target-aarch64_generic_musl/automount-ntfs3-mount/automount/.pkgdir/automount/. /workdir/openwrt/staging_dir/target-aarch64_generic_musl/root-armsr/'
build	Compile debug	2026-09-27T15:40:57.1277136Z touch /workdir/openwrt/staging_dir/target-aarch64_generic_musl/root-armsr/stamp/.automount_installed
build	Compile debug	2026-09-27T15:40:57.1303500Z echo "automount" >> /workdir/openwrt/staging_dir/target-aarch64_generic_musl/pkginfo/automount.ntfs3-mount.install
build	Compile debug	2026-09-27T15:40:57.1330525Z mkdir -p /workdir/openwrt/staging_dir/target-aarch64_generic_musl/root-armsr/stamp
build	Compile debug	2026-09-27T15:40:57.1364727Z SHELL= flock /workdir/openwrt/tmp/.root-copy.flock -c 'cp -fpR /workdir/openwrt/build_dir/target-aarch64_generic_musl/automount-ntfs3-mount/automount/.pkgdir/ntfs3-mount/. /workdir/openwrt/staging_dir/target-aarch64_generic_musl/root-armsr/'
build	Compile debug	2026-09-27T15:40:57.1409818Z touch /workdir/openwrt/staging_dir/target-aarch64_generic_musl/root-armsr/stamp/.ntfs3-mount_installed
build	Compile debug	2026-09-27T15:40:57.1437106Z echo "ntfs3-mount" >> /workdir/openwrt/staging_dir/target-aarch64_generic_musl/pkginfo/automount.ntfs3-mount.install
build	Compile debug	2026-09-27T15:40:57.1462383Z make[3]: Leaving directory '/workdir/openwrt/package/emortal/automount'
build	Compile debug	2026-09-27T15:40:57.1470784Z time: package/emortal/automount/ntfs3-mount/compile#0.14#0.08#0.23
build	Compile debug	2026-09-27T15:40:57.1888273Z make[3]: Entering directory '/workdir/openwrt/feeds/luci/modules/luci-base'
build	Compile debug	2026-09-27T15:40:57.7210566Z [ ! -d ./src/ ] || cp -fpR ./src/* /workdir/openwrt/build_dir/hostpkg/luci-base
build	Compile debug	2026-09-27T15:40:57.7273888Z touch /workdir/openwrt/build_dir/hostpkg/luci-base/.preparedc191aff6103cac460107a9f93a5d1010_6664517399ebbbc92a37c5bb081b5c53
build	Compile debug	2026-09-27T15:40:57.7301116Z touch /workdir/openwrt/build_dir/hostpkg/luci-base/.configured
build	Compile debug	2026-09-27T15:40:57.7445661Z make -C src/ clean po2lmo jsmin
build	Compile debug	2026-09-27T15:40:57.7484227Z make[4]: Entering directory '/workdir/openwrt/feeds/luci/modules/luci-base/src'
build	Compile debug	2026-09-27T15:40:57.7485265Z rm -f contrib/lemon lib/*.o lib/plural_formula.c lib/plural_formula.h *.o core.so jsmin po2lmo version.uc
build	Compile debug	2026-09-27T15:40:57.7503731Z cc    -DNDEBUG -c -o po2lmo.o po2lmo.c
build	Compile debug	2026-09-27T15:40:57.7975482Z cc -std=gnu17 -o contrib/lemon contrib/lemon.c
build	Compile debug	2026-09-27T15:40:58.0317797Z ./contrib/lemon -q lib/plural_formula.y
build	Compile debug	2026-09-27T15:40:58.0337738Z cc    -DNDEBUG -c -o lib/lmo.o lib/lmo.c
build	Compile debug	2026-09-27T15:40:58.0828721Z cc    -DNDEBUG -c -o lib/plural_formula.o lib/plural_formula.c
build	Compile debug	2026-09-27T15:40:58.1111983Z cc  -o po2lmo po2lmo.o lib/lmo.o lib/plural_formula.o
build	Compile debug	2026-09-27T15:40:58.1303915Z cc    -DNDEBUG -c -o jsmin.o jsmin.c
build	Compile debug	2026-09-27T15:40:58.1592963Z cc  -o jsmin jsmin.o
build	Compile debug	2026-09-27T15:40:58.1781978Z make[4]: Leaving directory '/workdir/openwrt/feeds/luci/modules/luci-base/src'
build	Compile debug	2026-09-27T15:40:58.1783294Z touch /workdir/openwrt/build_dir/hostpkg/luci-base/.built
build	Compile debug	2026-09-27T15:40:58.1839012Z install -d -m0755 /workdir/openwrt/staging_dir/hostpkg/bin
build	Compile debug	2026-09-27T15:40:58.1882121Z install -m0755 src/po2lmo /workdir/openwrt/staging_dir/hostpkg/bin/po2lmo
build	Compile debug	2026-09-27T15:40:58.1914527Z install -m0755 src/jsmin /workdir/openwrt/staging_dir/hostpkg/bin/jsmin
build	Compile debug	2026-09-27T15:40:58.1947527Z mkdir -p /workdir/openwrt/staging_dir/hostpkg/stamp
build	Compile debug	2026-09-27T15:40:58.1976440Z touch /workdir/openwrt/build_dir/hostpkg/luci-base/.built
build	Compile debug	2026-09-27T15:40:58.2003403Z touch /workdir/openwrt/staging_dir/hostpkg/stamp/.luci-base_installed 
build	Compile debug	2026-09-27T15:40:58.2030338Z make[3]: Leaving directory '/workdir/openwrt/feeds/luci/modules/luci-base'
build	Compile debug	2026-09-27T15:40:58.2039292Z time: package/feeds/luci/luci-base/host-compile#0.54#0.52#1.05
build	Compile debug	2026-09-27T15:40:58.2170945Z make[3]: Entering directory '/workdir/openwrt/feeds/luci/contrib/package/lucihttp'
build	Compile debug	2026-09-27T15:40:58.3181358Z mkdir -p /workdir/openwrt/staging_dir/target-aarch64_generic_musl/root-armsr/stamp
build	Compile debug	2026-09-27T15:40:58.3217620Z echo '0' | cmp -s - /workdir/openwrt/staging_dir/target-aarch64_generic_musl/pkginfo/liblucihttp.version || { mkdir -p /workdir/openwrt/staging_dir/target-aarch64_generic_musl/pkginfo; echo '0' > /workdir/openwrt/staging_dir/target-aarch64_generic_musl/pkginfo/liblucihttp.version;  cp /workdir/openwrt/staging_dir/target-aarch64_generic_musl/pkginfo/liblucihttp.version /workdir/openwrt/staging_dir/target-aarch64_generic_musl/pkginfo/liblucihttp-any.version;  } 
build	Compile debug	2026-09-27T15:40:58.3250877Z SHELL= flock /workdir/openwrt/tmp/.root-copy.flock -c 'cp -fpR /workdir/openwrt/build_dir/target-aarch64_generic_musl/lucihttp-2023.03.15~9b5b683f/.pkgdir/liblucihttp/. /workdir/openwrt/staging_dir/target-aarch64_generic_musl/root-armsr/'
build	Compile debug	2026-09-27T15:40:58.3304367Z touch /workdir/openwrt/staging_dir/target-aarch64_generic_musl/root-armsr/stamp/.liblucihttp_installed
build	Compile debug	2026-09-27T15:40:58.3331822Z echo "liblucihttp" >> /workdir/openwrt/staging_dir/target-aarch64_generic_musl/pkginfo/lucihttp.default.install
build	Compile debug	2026-09-27T15:40:58.3359866Z mkdir -p /workdir/openwrt/staging_dir/target-aarch64_generic_musl/root-armsr/stamp
build	Compile debug	2026-09-27T15:40:58.3394254Z SHELL= flock /workdir/openwrt/tmp/.root-copy.flock -c 'cp -fpR /workdir/openwrt/build_dir/target-aarch64_generic_musl/lucihttp-2023.03.15~9b5b683f/.pkgdir/liblucihttp-lua/. /workdir/openwrt/staging_dir/target-aarch64_generic_musl/root-armsr/'
build	Compile debug	2026-09-27T15:40:58.3445236Z touch /workdir/openwrt/staging_dir/target-aarch64_generic_musl/root-armsr/stamp/.liblucihttp-lua_installed
build	Compile debug	2026-09-27T15:40:58.3471725Z echo "liblucihttp-lua" >> /workdir/openwrt/staging_dir/target-aarch64_generic_musl/pkginfo/lucihttp.default.install
build	Compile debug	2026-09-27T15:40:58.3497198Z mkdir -p /workdir/openwrt/staging_dir/target-aarch64_generic_musl/root-armsr/stamp
build	Compile debug	2026-09-27T15:40:58.3531954Z SHELL= flock /workdir/openwrt/tmp/.root-copy.flock -c 'cp -fpR /workdir/openwrt/build_dir/target-aarch64_generic_musl/lucihttp-2023.03.15~9b5b683f/.pkgdir/liblucihttp-ucode/. /workdir/openwrt/staging_dir/target-aarch64_generic_musl/root-armsr/'
build	Compile debug	2026-09-27T15:40:58.3580322Z touch /workdir/openwrt/staging_dir/target-aarch64_generic_musl/root-armsr/stamp/.liblucihttp-ucode_installed
build	Compile debug	2026-09-27T15:40:58.3608578Z echo "liblucihttp-ucode" >> /workdir/openwrt/staging_dir/target-aarch64_generic_musl/pkginfo/lucihttp.default.install
build	Compile debug	2026-09-27T15:40:58.3634475Z make[3]: Leaving directory '/workdir/openwrt/feeds/luci/contrib/package/lucihttp'
build	Compile debug	2026-09-27T15:40:58.3643076Z time: package/feeds/luci/lucihttp/compile#0.07#0.08#0.15
build	Compile debug	2026-09-27T15:40:58.3773668Z make[3]: Entering directory '/workdir/openwrt/package/network/utils/iwinfo'
build	Compile debug	2026-09-27T15:40:58.4801345Z mkdir -p /workdir/openwrt/staging_dir/target-aarch64_generic_musl/root-armsr/stamp
build	Compile debug	2026-09-27T15:40:58.4837385Z echo '20230701' | cmp -s - /workdir/openwrt/staging_dir/target-aarch64_generic_musl/pkginfo/libiwinfo.version || { mkdir -p /workdir/openwrt/staging_dir/target-aarch64_generic_musl/pkginfo; echo '20230701' > /workdir/openwrt/staging_dir/target-aarch64_generic_musl/pkginfo/libiwinfo.version;  cp /workdir/openwrt/staging_dir/target-aarch64_generic_musl/pkginfo/libiwinfo.version /workdir/openwrt/staging_dir/target-aarch64_generic_musl/pkginfo/libiwinfo-any.version;  } 
build	Compile debug	2026-09-27T15:40:58.4868822Z SHELL= flock /workdir/openwrt/tmp/.root-copy.flock -c 'cp -fpR /workdir/openwrt/build_dir/target-aarch64_generic_musl/libiwinfo-2026.05.26~66bdd1a0/.pkgdir/libiwinfo/. /workdir/openwrt/staging_dir/target-aarch64_generic_musl/root-armsr/'
build	Compile debug	2026-09-27T15:40:58.4922431Z touch /workdir/openwrt/staging_dir/target-aarch64_generic_musl/root-armsr/stamp/.libiwinfo_installed
build	Compile debug	2026-09-27T15:40:58.4949337Z echo "libiwinfo" >> /workdir/openwrt/staging_dir/target-aarch64_generic_musl/pkginfo/iwinfo.default.install
build	Compile debug	2026-09-27T15:40:58.4977023Z mkdir -p /workdir/openwrt/staging_dir/target-aarch64_generic_musl/root-armsr/stamp
build	Compile debug	2026-09-27T15:40:58.5011183Z SHELL= flock /workdir/openwrt/tmp/.root-copy.flock -c 'cp -fpR /workdir/openwrt/build_dir/target-aarch64_generic_musl/libiwinfo-2026.05.26~66bdd1a0/.pkgdir/libiwinfo-data/. /workdir/openwrt/staging_dir/target-aarch64_generic_musl/root-armsr/'
build	Compile debug	2026-09-27T15:40:58.5062377Z touch /workdir/openwrt/staging_dir/target-aarch64_generic_musl/root-armsr/stamp/.libiwinfo-data_installed
build	Compile debug	2026-09-27T15:40:58.5089028Z echo "libiwinfo-data" >> /workdir/openwrt/staging_dir/target-aarch64_generic_musl/pkginfo/iwinfo.default.install
build	Compile debug	2026-09-27T15:40:58.5114547Z make[3]: Leaving directory '/workdir/openwrt/package/network/utils/iwinfo'
build	Compile debug	2026-09-27T15:40:58.5123187Z time: package/network/utils/iwinfo/compile#0.06#0.08#0.14
build	Compile debug	2026-09-27T15:40:58.5254931Z make[3]: Entering directory '/workdir/openwrt/package/system/rpcd'
build	Compile debug	2026-09-27T15:40:58.6598716Z mkdir -p /workdir/openwrt/staging_dir/target-aarch64_generic_musl/root-armsr/stamp
build	Compile debug	2026-09-27T15:40:58.6633160Z SHELL= flock /workdir/openwrt/tmp/.root-copy.flock -c 'cp -fpR /workdir/openwrt/build_dir/target-aarch64_generic_musl/rpcd-2026.07.19~e37ed9d8/.pkgdir/rpcd/. /workdir/openwrt/staging_dir/target-aarch64_generic_musl/root-armsr/'
build	Compile debug	2026-09-27T15:40:58.6701308Z touch /workdir/openwrt/staging_dir/target-aarch64_generic_musl/root-armsr/stamp/.rpcd_installed
build	Compile debug	2026-09-27T15:40:58.6728225Z echo "rpcd" >> /workdir/openwrt/staging_dir/target-aarch64_generic_musl/pkginfo/rpcd.default.install
build	Compile debug	2026-09-27T15:40:58.6755508Z mkdir -p /workdir/openwrt/staging_dir/target-aarch64_generic_musl/root-armsr/stamp
build	Compile debug	2026-09-27T15:40:58.6789068Z SHELL= flock /workdir/openwrt/tmp/.root-copy.flock -c 'cp -fpR /workdir/openwrt/build_dir/target-aarch64_generic_musl/rpcd-2026.07.19~e37ed9d8/.pkgdir/rpcd-mod-file/. /workdir/openwrt/staging_dir/target-aarch64_generic_musl/root-armsr/'
build	Compile debug	2026-09-27T15:40:58.6844314Z touch /workdir/openwrt/staging_dir/target-aarch64_generic_musl/root-armsr/stamp/.rpcd-mod-file_installed
build	Compile debug	2026-09-27T15:40:58.6871425Z echo "rpcd-mod-file" >> /workdir/openwrt/staging_dir/target-aarch64_generic_musl/pkginfo/rpcd.default.install
build	Compile debug	2026-09-27T15:40:58.6897281Z mkdir -p /workdir/openwrt/staging_dir/target-aarch64_generic_musl/root-armsr/stamp
build	Compile debug	2026-09-27T15:40:58.6930935Z SHELL= flock /workdir/openwrt/tmp/.root-copy.flock -c 'cp -fpR /workdir/openwrt/build_dir/target-aarch64_generic_musl/rpcd-2026.07.19~e37ed9d8/.pkgdir/rpcd-mod-iwinfo/. /workdir/openwrt/staging_dir/target-aarch64_generic_musl/root-armsr/'
build	Compile debug	2026-09-27T15:40:58.6981070Z touch /workdir/openwrt/staging_dir/target-aarch64_generic_musl/root-armsr/stamp/.rpcd-mod-iwinfo_installed
build	Compile debug	2026-09-27T15:40:58.7007246Z echo "rpcd-mod-iwinfo" >> /workdir/openwrt/staging_dir/target-aarch64_generic_musl/pkginfo/rpcd.default.install
build	Compile debug	2026-09-27T15:40:58.7034104Z mkdir -p /workdir/openwrt/staging_dir/target-aarch64_generic_musl/root-armsr/stamp
build	Compile debug	2026-09-27T15:40:58.7068436Z SHELL= flock /workdir/openwrt/tmp/.root-copy.flock -c 'cp -fpR /workdir/openwrt/build_dir/target-aarch64_generic_musl/rpcd-2026.07.19~e37ed9d8/.pkgdir/rpcd-mod-ucode/. /workdir/openwrt/staging_dir/target-aarch64_generic_musl/root-armsr/'
build	Compile debug	2026-09-27T15:40:58.7118445Z touch /workdir/openwrt/staging_dir/target-aarch64_generic_musl/root-armsr/stamp/.rpcd-mod-ucode_installed
build	Compile debug	2026-09-27T15:40:58.7144822Z echo "rpcd-mod-ucode" >> /workdir/openwrt/staging_dir/target-aarch64_generic_musl/pkginfo/rpcd.default.install
build	Compile debug	2026-09-27T15:40:58.7170180Z make[3]: Leaving directory '/workdir/openwrt/package/system/rpcd'
build	Compile debug	2026-09-27T15:40:58.7178986Z time: package/system/rpcd/compile#0.08#0.11#0.20
build	Compile debug	2026-09-27T15:40:58.7593608Z make[3]: Entering directory '/workdir/openwrt/feeds/luci/libs/rpcd-mod-luci'
build	Compile debug	2026-09-27T15:40:58.8252471Z mkdir -p /workdir/openwrt/staging_dir/target-aarch64_generic_musl/root-armsr/stamp
build	Compile debug	2026-09-27T15:40:58.8287415Z SHELL= flock /workdir/openwrt/tmp/.root-copy.flock -c 'cp -fpR /workdir/openwrt/build_dir/target-aarch64_generic_musl/rpcd-mod-luci-20240305/.pkgdir/rpcd-mod-luci/. /workdir/openwrt/staging_dir/target-aarch64_generic_musl/root-armsr/'
build	Compile debug	2026-09-27T15:40:58.8340249Z touch /workdir/openwrt/staging_dir/target-aarch64_generic_musl/root-armsr/stamp/.rpcd-mod-luci_installed
build	Compile debug	2026-09-27T15:40:58.8367085Z echo "rpcd-mod-luci" >> /workdir/openwrt/staging_dir/target-aarch64_generic_musl/pkginfo/rpcd-mod-luci.default.install
build	Compile debug	2026-09-27T15:40:58.8392910Z make[3]: Leaving directory '/workdir/openwrt/feeds/luci/libs/rpcd-mod-luci'
build	Compile debug	2026-09-27T15:40:58.8401165Z time: package/feeds/luci/rpcd-mod-luci/compile#0.06#0.05#0.11
build	Compile debug	2026-09-27T15:40:58.8811100Z make[3]: Entering directory '/workdir/openwrt/feeds/luci/contrib/package/ucode-mod-html'
build	Compile debug	2026-09-27T15:40:59.0479332Z mkdir -p /workdir/openwrt/staging_dir/target-aarch64_generic_musl/root-armsr/stamp
build	Compile debug	2026-09-27T15:40:59.0514045Z SHELL= flock /workdir/openwrt/tmp/.root-copy.flock -c 'cp -fpR /workdir/openwrt/build_dir/target-aarch64_generic_musl/ucode-mod-html/.pkgdir/ucode-mod-html/. /workdir/openwrt/staging_dir/target-aarch64_generic_musl/root-armsr/'
build	Compile debug	2026-09-27T15:40:59.0563856Z touch /workdir/openwrt/staging_dir/target-aarch64_generic_musl/root-armsr/stamp/.ucode-mod-html_installed
build	Compile debug	2026-09-27T15:40:59.0590184Z echo "ucode-mod-html" >> /workdir/openwrt/staging_dir/target-aarch64_generic_musl/pkginfo/ucode-mod-html.default.install
build	Compile debug	2026-09-27T15:40:59.0617205Z make[3]: Leaving directory '/workdir/openwrt/feeds/luci/contrib/package/ucode-mod-html'
build	Compile debug	2026-09-27T15:40:59.0626847Z time: package/feeds/luci/ucode-mod-html/compile#0.14#0.08#0.21
build	Compile debug	2026-09-27T15:40:59.0757870Z make[3]: Entering directory '/workdir/openwrt/feeds/packages/net/cgi-io'
build	Compile debug	2026-09-27T15:40:59.1758380Z mkdir -p /workdir/openwrt/staging_dir/target-aarch64_generic_musl/root-armsr/stamp
build	Compile debug	2026-09-27T15:40:59.1793286Z SHELL= flock /workdir/openwrt/tmp/.root-copy.flock -c 'cp -fpR /workdir/openwrt/build_dir/target-aarch64_generic_musl/cgi-io-2026.07.21~31cb3c89/.pkgdir/cgi-io/. /workdir/openwrt/staging_dir/target-aarch64_generic_musl/root-armsr/'
build	Compile debug	2026-09-27T15:40:59.1852425Z touch /workdir/openwrt/staging_dir/target-aarch64_generic_musl/root-armsr/stamp/.cgi-io_installed
build	Compile debug	2026-09-27T15:40:59.1879511Z echo "cgi-io" >> /workdir/openwrt/staging_dir/target-aarch64_generic_musl/pkginfo/cgi-io.default.install
build	Compile debug	2026-09-27T15:40:59.1907752Z make[3]: Leaving directory '/workdir/openwrt/feeds/packages/net/cgi-io'
build	Compile debug	2026-09-27T15:40:59.1915300Z time: package/feeds/packages/cgi-io/compile#0.05#0.06#0.12
build	Compile debug	2026-09-27T15:40:59.2046804Z make[3]: Entering directory '/workdir/openwrt/feeds/luci/contrib/package/csstidy'
build	Compile debug	2026-09-27T15:40:59.3204616Z make[3]: Leaving directory '/workdir/openwrt/feeds/luci/contrib/package/csstidy'
build	Compile debug	2026-09-27T15:40:59.3211445Z time: package/feeds/luci/csstidy/host-compile#0.06#0.05#0.12
build	Compile debug	2026-09-27T15:40:59.3340032Z make[3]: Entering directory '/workdir/openwrt/package/utils/ucode'
build	Compile debug	2026-09-27T15:40:59.4669988Z make[3]: Leaving directory '/workdir/openwrt/package/utils/ucode'
build	Compile debug	2026-09-27T15:40:59.4682312Z time: package/utils/ucode/host-compile#0.06#0.05#0.14
build	Compile debug	2026-09-27T15:40:59.5147377Z make[3]: Entering directory '/workdir/openwrt/feeds/luci/modules/luci-base'
build	Compile debug	2026-09-27T15:41:00.0761818Z touch /workdir/openwrt/build_dir/target-aarch64_generic_musl/luci-base/.prepared_13f7a0369d2d0378b53ea42e3d352aa4_6664517399ebbbc92a37c5bb081b5c53_check
build	Compile debug	2026-09-27T15:41:00.0789275Z for d in luasrc ucode htdocs root src; do if [ -d ./$d ]; then mkdir -p /workdir/openwrt/build_dir/target-aarch64_generic_musl/luci-base/$d; cp -fpR ./$d/* /workdir/openwrt/build_dir/target-aarch64_generic_musl/luci-base/$d/; fi; done
build	Compile debug	2026-09-27T15:41:00.0977545Z cp -fpR ../../NOTICE /workdir/openwrt/build_dir/target-aarch64_generic_musl/luci-base
build	Compile debug	2026-09-27T15:41:00.1008957Z cp -fpR ../../LICENSE /workdir/openwrt/build_dir/target-aarch64_generic_musl/luci-base
build	Compile debug	2026-09-27T15:41:00.1039943Z true
build	Compile debug	2026-09-27T15:41:00.1060519Z find /workdir/openwrt/build_dir/target-aarch64_generic_musl/luci-base -mindepth 1 -type f -not -name '.*' -not -name 'version.date' -printf '%T@\n' 2>/dev/null | cut -d. -f1 | sort -n | tail -n1 > /workdir/openwrt/build_dir/target-aarch64_generic_musl/luci-base/version.date
build	Compile debug	2026-09-27T15:41:00.1107867Z [ ! -d ./src/ ] || cp -fpR ./src/. /workdir/openwrt/build_dir/target-aarch64_generic_musl/luci-base
build	Compile debug	2026-09-27T15:41:00.1172883Z touch /workdir/openwrt/build_dir/target-aarch64_generic_musl/luci-base/.prepared_13f7a0369d2d0378b53ea42e3d352aa4_6664517399ebbbc92a37c5bb081b5c53
build	Compile debug	2026-09-27T15:41:00.1201531Z rm -f /workdir/openwrt/build_dir/target-aarch64_generic_musl/luci-base/.configured_*
build	Compile debug	2026-09-27T15:41:00.1240139Z rm -f /workdir/openwrt/staging_dir/target-aarch64_generic_musl/stamp/.luci-base_installed
build	Compile debug	2026-09-27T15:41:00.1289439Z touch /workdir/openwrt/build_dir/target-aarch64_generic_musl/luci-base/.configured_98715a68001fc082a2454d67bd205c32
build	Compile debug	2026-09-27T15:41:00.1428901Z rm -f /workdir/openwrt/build_dir/target-aarch64_generic_musl/luci-base/.built
build	Compile debug	2026-09-27T15:41:00.1464828Z touch /workdir/openwrt/build_dir/target-aarch64_generic_musl/luci-base/.built_check
build	Compile debug	2026-09-27T15:41:00.1509254Z CFLAGS="-Os -pipe -mcpu=generic -fno-caller-saves -fno-plt -fhonour-copts -fmacro-prefix-map=/workdir/openwrt/build_dir/target-aarch64_generic_musl/luci-base=luci-base -fmacro-prefix-map=/workdir/openwrt/staging_dir/target-aarch64_generic_musl=staging_dir/target-aarch64_generic_musl -Wl,-z,max-page-size=4096 -Wformat -Werror=format-security -fstack-protector -D_FORTIFY_SOURCE=1 -Wl,-z,now -Wl,-z,relro -Wl,-z,pack-relative-relocs  -I/workdir/openwrt/staging_dir/toolchain-aarch64_generic_gcc-14.4.0_musl/usr/include -I/workdir/openwrt/staging_dir/toolchain-aarch64_generic_gcc-14.4.0_musl/include -I/workdir/openwrt/staging_dir/toolchain-aarch64_generic_gcc-14.4.0_musl/include/fortify " CXXFLAGS="-Os -pipe -mcpu=generic -fno-caller-saves -fno-plt -fhonour-copts -fmacro-prefix-map=/workdir/openwrt/build_dir/target-aarch64_generic_musl/luci-base=luci-base -fmacro-prefix-map=/workdir/openwrt/staging_dir/target-aarch64_generic_musl=staging_dir/target-aarch64_generic_musl -Wl,-z,max-page-size=4096 -Wformat -Werror=format-security -fstack-protector -D_FORTIFY_SOURCE=1 -Wl,-z,now -Wl,-z,relro -Wl,-z,pack-relative-relocs  -I/workdir/openwrt/staging_dir/toolchain-aarch64_generic_gcc-14.4.0_musl/usr/include -I/workdir/openwrt/staging_dir/toolchain-aarch64_generic_gcc-14.4.0_musl/include -I/workdir/openwrt/staging_dir/toolchain-aarch64_generic_gcc-14.4.0_musl/include/fortify " LDFLAGS="-L/workdir/openwrt/staging_dir/toolchain-aarch64_generic_gcc-14.4.0_musl/usr/lib -L/workdir/openwrt/staging_dir/toolchain-aarch64_generic_gcc-14.4.0_musl/lib -fuse-ld=bfd -zmax-page-size=4096 -znow -zrelro -zpack-relative-relocs " FPIC="-DPIC -fPIC" LUCI_VERSION="26.261.08411~adc898b" LUCI_GITBRANCH="LuCI Master" make -j1 -C /workdir/openwrt/build_dir/target-aarch64_generic_musl/luci-base/src/ AR="aarch64-openwrt-linux-musl-gcc-ar" AS="aarch64-openwrt-linux-musl-gcc -c -Os -pipe -mcpu=generic -fno-caller-saves -fno-plt -fhonour-copts -fmacro-prefix-map=/workdir/openwrt/build_dir/target-aarch64_generic_musl/luci-base=luci-base -fmacro-prefix-map=/workdir/openwrt/staging_dir/target-aarch64_generic_musl=staging_dir/target-aarch64_generic_musl -Wl,-z,max-page-size=4096 -Wformat -Werror=format-security -fstack-protector -D_FORTIFY_SOURCE=1 -Wl,-z,now -Wl,-z,relro -Wl,-z,pack-relative-relocs" LD="aarch64-openwrt-linux-musl-ld.bfd" NM="aarch64-openwrt-linux-musl-gcc-nm" CC="aarch64-openwrt-linux-musl-gcc" GCC="aarch64-openwrt-linux-musl-gcc" CXX="aarch64-openwrt-linux-musl-g++" RANLIB="aarch64-openwrt-linux-musl-gcc-ranlib" STRIP=aarch64-openwrt-linux-musl-strip OBJCOPY=aarch64-openwrt-linux-musl-objcopy OBJDUMP=aarch64-openwrt-linux-musl-objdump SIZE=aarch64-openwrt-linux-musl-size CROSS="aarch64-openwrt-linux-musl-" ARCH="aarch64" clean compile;
build	Compile debug	2026-09-27T15:41:00.1531902Z make[4]: Entering directory '/workdir/openwrt/build_dir/target-aarch64_generic_musl/luci-base/src'
build	Compile debug	2026-09-27T15:41:00.1532994Z rm -f contrib/lemon lib/*.o lib/plural_formula.c lib/plural_formula.h *.o core.so jsmin po2lmo version.uc
build	Compile debug	2026-09-27T15:41:00.1555684Z aarch64-openwrt-linux-musl-gcc  -Os -pipe -mcpu=generic -fno-caller-saves -fno-plt -fhonour-copts -fmacro-prefix-map=/workdir/openwrt/build_dir/target-aarch64_generic_musl/luci-base=luci-base -fmacro-prefix-map=/workdir/openwrt/staging_dir/target-aarch64_generic_musl=staging_dir/target-aarch64_generic_musl -Wl,-z,max-page-size=4096 -Wformat -Werror=format-security -fstack-protector -D_FORTIFY_SOURCE=1 -Wl,-z,now -Wl,-z,relro -Wl,-z,pack-relative-relocs  -I/workdir/openwrt/staging_dir/toolchain-aarch64_generic_gcc-14.4.0_musl/usr/include -I/workdir/openwrt/staging_dir/toolchain-aarch64_generic_gcc-14.4.0_musl/include -I/workdir/openwrt/staging_dir/toolchain-aarch64_generic_gcc-14.4.0_musl/include/fortify  -DPIC -fPIC -DNDEBUG -c -o lib/luci.o lib/luci.c
build	Compile debug	2026-09-27T15:41:00.2966262Z cc -std=gnu17 -o contrib/lemon contrib/lemon.c
build	Compile debug	2026-09-27T15:41:00.5304181Z ./contrib/lemon -q lib/plural_formula.y
build	Compile debug	2026-09-27T15:41:00.5328419Z aarch64-openwrt-linux-musl-gcc  -Os -pipe -mcpu=generic -fno-caller-saves -fno-plt -fhonour-copts -fmacro-prefix-map=/workdir/openwrt/build_dir/target-aarch64_generic_musl/luci-base=luci-base -fmacro-prefix-map=/workdir/openwrt/staging_dir/target-aarch64_generic_musl=staging_dir/target-aarch64_generic_musl -Wl,-z,max-page-size=4096 -Wformat -Werror=format-security -fstack-protector -D_FORTIFY_SOURCE=1 -Wl,-z,now -Wl,-z,relro -Wl,-z,pack-relative-relocs  -I/workdir/openwrt/staging_dir/toolchain-aarch64_generic_gcc-14.4.0_musl/usr/include -I/workdir/openwrt/staging_dir/toolchain-aarch64_generic_gcc-14.4.0_musl/include -I/workdir/openwrt/staging_dir/toolchain-aarch64_generic_gcc-14.4.0_musl/include/fortify  -DPIC -fPIC -DNDEBUG -c -o lib/lmo.o lib/lmo.c
build	Compile debug	2026-09-27T15:41:00.6785767Z aarch64-openwrt-linux-musl-gcc  -Os -pipe -mcpu=generic -fno-caller-saves -fno-plt -fhonour-copts -fmacro-prefix-map=/workdir/openwrt/build_dir/target-aarch64_generic_musl/luci-base=luci-base -fmacro-prefix-map=/workdir/openwrt/staging_dir/target-aarch64_generic_musl=staging_dir/target-aarch64_generic_musl -Wl,-z,max-page-size=4096 -Wformat -Werror=format-security -fstack-protector -D_FORTIFY_SOURCE=1 -Wl,-z,now -Wl,-z,relro -Wl,-z,pack-relative-relocs  -I/workdir/openwrt/staging_dir/toolchain-aarch64_generic_gcc-14.4.0_musl/usr/include -I/workdir/openwrt/staging_dir/toolchain-aarch64_generic_gcc-14.4.0_musl/include -I/workdir/openwrt/staging_dir/toolchain-aarch64_generic_gcc-14.4.0_musl/include/fortify  -DPIC -fPIC -DNDEBUG -c -o lib/plural_formula.o lib/plural_formula.c
build	Compile debug	2026-09-27T15:41:00.7393840Z aarch64-openwrt-linux-musl-gcc -L/workdir/openwrt/staging_dir/toolchain-aarch64_generic_gcc-14.4.0_musl/usr/lib -L/workdir/openwrt/staging_dir/toolchain-aarch64_generic_gcc-14.4.0_musl/lib -fuse-ld=bfd -zmax-page-size=4096 -znow -zrelro -zpack-relative-relocs  -shared -lcrypt -o core.so lib/luci.o lib/lmo.o lib/plural_formula.o
build	Compile debug	2026-09-27T15:41:00.7499035Z echo "export const revision = '26.261.08411~adc898b', branch = 'LuCI Master';" > version.uc
build	Compile debug	2026-09-27T15:41:00.7509324Z make[4]: Leaving directory '/workdir/openwrt/build_dir/target-aarch64_generic_musl/luci-base/src'
build	Compile debug	2026-09-27T15:41:00.7521594Z CFLAGS="-Os -pipe -mcpu=generic -fno-caller-saves -fno-plt -fhonour-copts -fmacro-prefix-map=/workdir/openwrt/build_dir/target-aarch64_generic_musl/luci-base=luci-base -fmacro-prefix-map=/workdir/openwrt/staging_dir/target-aarch64_generic_musl=staging_dir/target-aarch64_generic_musl -Wl,-z,max-page-size=4096 -Wformat -Werror=format-security -fstack-protector -D_FORTIFY_SOURCE=1 -Wl,-z,now -Wl,-z,relro -Wl,-z,pack-relative-relocs  -I/workdir/openwrt/staging_dir/toolchain-aarch64_generic_gcc-14.4.0_musl/usr/include -I/workdir/openwrt/staging_dir/toolchain-aarch64_generic_gcc-14.4.0_musl/include -I/workdir/openwrt/staging_dir/toolchain-aarch64_generic_gcc-14.4.0_musl/include/fortify " CXXFLAGS="-Os -pipe -mcpu=generic -fno-caller-saves -fno-plt -fhonour-copts -fmacro-prefix-map=/workdir/openwrt/build_dir/target-aarch64_generic_musl/luci-base=luci-base -fmacro-prefix-map=/workdir/openwrt/staging_dir/target-aarch64_generic_musl=staging_dir/target-aarch64_generic_musl -Wl,-z,max-page-size=4096 -Wformat -Werror=format-security -fstack-protector -D_FORTIFY_SOURCE=1 -Wl,-z,now -Wl,-z,relro -Wl,-z,pack-relative-relocs  -I/workdir/openwrt/staging_dir/toolchain-aarch64_generic_gcc-14.4.0_musl/usr/include -I/workdir/openwrt/staging_dir/toolchain-aarch64_generic_gcc-14.4.0_musl/include -I/workdir/openwrt/staging_dir/toolchain-aarch64_generic_gcc-14.4.0_musl/include/fortify " LDFLAGS="-L/workdir/openwrt/staging_dir/toolchain-aarch64_generic_gcc-14.4.0_musl/usr/lib -L/workdir/openwrt/staging_dir/toolchain-aarch64_generic_gcc-14.4.0_musl/lib -fuse-ld=bfd -zmax-page-size=4096 -znow -zrelro -zpack-relative-relocs " FPIC="-DPIC -fPIC" LUCI_VERSION="26.261.08411~adc898b" LUCI_GITBRANCH="LuCI Master" make -C /workdir/openwrt/build_dir/target-aarch64_generic_musl/luci-base/src/ AR="aarch64-openwrt-linux-musl-gcc-ar" AS="aarch64-openwrt-linux-musl-gcc -c -Os -pipe -mcpu=generic -fno-caller-saves -fno-plt -fhonour-copts -fmacro-prefix-map=/workdir/openwrt/build_dir/target-aarch64_generic_musl/luci-base=luci-base -fmacro-prefix-map=/workdir/openwrt/staging_dir/target-aarch64_generic_musl=staging_dir/target-aarch64_generic_musl -Wl,-z,max-page-size=4096 -Wformat -Werror=format-security -fstack-protector -D_FORTIFY_SOURCE=1 -Wl,-z,now -Wl,-z,relro -Wl,-z,pack-relative-relocs" LD="aarch64-openwrt-linux-musl-ld.bfd" NM="aarch64-openwrt-linux-musl-gcc-nm" CC="aarch64-openwrt-linux-musl-gcc" GCC="aarch64-openwrt-linux-musl-gcc" CXX="aarch64-openwrt-linux-musl-g++" RANLIB="aarch64-openwrt-linux-musl-gcc-ranlib" STRIP=aarch64-openwrt-linux-musl-strip OBJCOPY=aarch64-openwrt-linux-musl-objcopy OBJDUMP=aarch64-openwrt-linux-musl-objdump SIZE=aarch64-openwrt-linux-musl-size CROSS="aarch64-openwrt-linux-musl-" ARCH="aarch64" DESTDIR="/workdir/openwrt/build_dir/target-aarch64_generic_musl/luci-base/ipkg-install"   install;
build	Compile debug	2026-09-27T15:41:00.7548916Z make[4]: Entering directory '/workdir/openwrt/build_dir/target-aarch64_generic_musl/luci-base/src'
build	Compile debug	2026-09-27T15:41:00.7549673Z mkdir -p /workdir/openwrt/build_dir/target-aarch64_generic_musl/luci-base/ipkg-install/usr/lib/ucode/luci
build	Compile debug	2026-09-27T15:41:00.7562931Z cp core.so /workdir/openwrt/build_dir/target-aarch64_generic_musl/luci-base/ipkg-install/usr/lib/ucode/luci/core.so
build	Compile debug	2026-09-27T15:41:00.7576717Z mkdir -p /workdir/openwrt/build_dir/target-aarch64_generic_musl/luci-base/ipkg-install/usr/share/ucode/luci
build	Compile debug	2026-09-27T15:41:00.7589079Z cp version.uc /workdir/openwrt/build_dir/target-aarch64_generic_musl/luci-base/ipkg-install/usr/share/ucode/luci/version.uc
build	Compile debug	2026-09-27T15:41:00.7602267Z make[4]: Leaving directory '/workdir/openwrt/build_dir/target-aarch64_generic_musl/luci-base/src'
build	Compile debug	2026-09-27T15:41:00.7604036Z touch /workdir/openwrt/build_dir/target-aarch64_generic_musl/luci-base/.built
build	Compile debug	2026-09-27T15:41:00.7908068Z rm -rf /workdir/openwrt/build_dir/target-aarch64_generic_musl/luci-base/ipkg-aarch64_generic/luci-base
build	Compile debug	2026-09-27T15:41:00.7946619Z /workdir/openwrt/scripts/ipkg-remove luci-base /workdir/openwrt/bin/packages/aarch64_generic/luci/luci-base-26.261.08411~adc898b.apk
build	Compile debug	2026-09-27T15:41:00.7992840Z removed '/workdir/openwrt/bin/packages/aarch64_generic/luci/luci-base-26.261.08411~adc898b.apk'
build	Compile debug	2026-09-27T15:41:00.7997380Z mkdir -p /workdir/openwrt/bin/targets/armsr/armv8/packages /workdir/openwrt/build_dir/target-aarch64_generic_musl/luci-base/ipkg-aarch64_generic/luci-base /workdir/openwrt/staging_dir/target-aarch64_generic_musl/pkginfo
build	Compile debug	2026-09-27T15:41:00.8028573Z install -d -m0755 /workdir/openwrt/build_dir/target-aarch64_generic_musl/luci-base/ipkg-aarch64_generic/luci-base/usr/share/ucode/luci
build	Compile debug	2026-09-27T15:41:00.8060802Z cp -pR /workdir/openwrt/build_dir/target-aarch64_generic_musl/luci-base/ucode/* /workdir/openwrt/build_dir/target-aarch64_generic_musl/luci-base/ipkg-aarch64_generic/luci-base/usr/share/ucode/luci/
build	Compile debug	2026-09-27T15:41:00.8108306Z find /workdir/openwrt/build_dir/target-aarch64_generic_musl/luci-base/ipkg-aarch64_generic/luci-base/usr/share/ucode/luci/ -type f -name '*.htm' | while read src; do /workdir/openwrt/staging_dir/host/bin/sed -i -e 's/<%# *\([^ ]*\)PKG_VERSION *%>/\126.261.08411~adc898b/g' -e 's/"\(<%= *\(media\|resource\) *%>[^"]*\.\(js\|css\)\)"/"\1?v=26.261.08411~adc898b"/g' "$src"; done; find /workdir/openwrt/build_dir/target-aarch64_generic_musl/luci-base/ipkg-aarch64_generic/luci-base/usr/share/ucode/luci/ -type f -name '*.ut' | while read src; do /workdir/openwrt/staging_dir/host/bin/sed -i -e 's/{# *\([^ ]*\)PKG_VERSION *#}/\126.261.08411~adc898b/g' -e 's/"\({{ *\(media\|resource\) *}}[^"]*\.\(js\|css\)\)"/"\1?v=26.261.08411~adc898b"/g' "$src"; done
build	Compile debug	2026-09-27T15:41:00.8249927Z find /workdir/openwrt/build_dir/target-aarch64_generic_musl/luci-base/ipkg-aarch64_generic/luci-base/usr/share/ucode/luci/ -type f -name '*.ut' | while read src; do ucode -T, -s -cno-interp,dynlink=luci.core,dynlink=digest,dynlink=log,dynlink=nl80211,dynlink=resolv,dynlink=rtnl,dynlink=ubus,dynlink=uci,dynlink=uloop -o "$src.o" "$src" || exit 1; mv "$src.o" "$src" && chmod 0644 "$src"; done
build	Compile debug	2026-09-27T15:41:00.8544535Z install -d -m0755 /workdir/openwrt/build_dir/target-aarch64_generic_musl/luci-base/ipkg-aarch64_generic/luci-base/www
build	Compile debug	2026-09-27T15:41:00.8576506Z cp -pR /workdir/openwrt/build_dir/target-aarch64_generic_musl/luci-base/htdocs/* /workdir/openwrt/build_dir/target-aarch64_generic_musl/luci-base/ipkg-aarch64_generic/luci-base/www/
build	Compile debug	2026-09-27T15:41:00.8644156Z find /workdir/openwrt/build_dir/target-aarch64_generic_musl/luci-base/ipkg-aarch64_generic/luci-base/www/ -type f -name '*.js' | while read src; do if jsmin < "$src" > "$src.o"; then mv "$src.o" "$src"; fi; done
build	Compile debug	2026-09-27T15:41:00.9215132Z find /workdir/openwrt/build_dir/target-aarch64_generic_musl/luci-base/ipkg-aarch64_generic/luci-base/www/ -type f -name '*.css' | while read src; do if csstidy "$src" --template=highest --remove_last_semicolon=true "$src.o"; then mv "$src.o" "$src"; fi; done
build	Compile debug	2026-09-27T15:41:00.9250173Z install -d -m0755 /workdir/openwrt/build_dir/target-aarch64_generic_musl/luci-base/ipkg-aarch64_generic/luci-base/
build	Compile debug	2026-09-27T15:41:00.9281923Z cp -pR /workdir/openwrt/build_dir/target-aarch64_generic_musl/luci-base/root/* /workdir/openwrt/build_dir/target-aarch64_generic_musl/luci-base/ipkg-aarch64_generic/luci-base/
build	Compile debug	2026-09-27T15:41:00.9337203Z CFLAGS="-Os -pipe -mcpu=generic -fno-caller-saves -fno-plt -fhonour-copts -fmacro-prefix-map=/workdir/openwrt/build_dir/target-aarch64_generic_musl/luci-base=luci-base -fmacro-prefix-map=/workdir/openwrt/staging_dir/target-aarch64_generic_musl=staging_dir/target-aarch64_generic_musl -Wl,-z,max-page-size=4096 -Wformat -Werror=format-security -fstack-protector -D_FORTIFY_SOURCE=1 -Wl,-z,now -Wl,-z,relro -Wl,-z,pack-relative-relocs  -I/workdir/openwrt/staging_dir/toolchain-aarch64_generic_gcc-14.4.0_musl/usr/include -I/workdir/openwrt/staging_dir/toolchain-aarch64_generic_gcc-14.4.0_musl/include -I/workdir/openwrt/staging_dir/toolchain-aarch64_generic_gcc-14.4.0_musl/include/fortify " CXXFLAGS="-Os -pipe -mcpu=generic -fno-caller-saves -fno-plt -fhonour-copts -fmacro-prefix-map=/workdir/openwrt/build_dir/target-aarch64_generic_musl/luci-base=luci-base -fmacro-prefix-map=/workdir/openwrt/staging_dir/target-aarch64_generic_musl=staging_dir/target-aarch64_generic_musl -Wl,-z,max-page-size=4096 -Wformat -Werror=format-security -fstack-protector -D_FORTIFY_SOURCE=1 -Wl,-z,now -Wl,-z,relro -Wl,-z,pack-relative-relocs  -I/workdir/openwrt/staging_dir/toolchain-aarch64_generic_gcc-14.4.0_musl/usr/include -I/workdir/openwrt/staging_dir/toolchain-aarch64_generic_gcc-14.4.0_musl/include -I/workdir/openwrt/staging_dir/toolchain-aarch64_generic_gcc-14.4.0_musl/include/fortify " LDFLAGS="-L/workdir/openwrt/staging_dir/toolchain-aarch64_generic_gcc-14.4.0_musl/usr/lib -L/workdir/openwrt/staging_dir/toolchain-aarch64_generic_gcc-14.4.0_musl/lib -fuse-ld=bfd -zmax-page-size=4096 -znow -zrelro -zpack-relative-relocs " FPIC="-DPIC -fPIC" LUCI_VERSION="26.261.08411~adc898b" LUCI_GITBRANCH="LuCI Master" make -C /workdir/openwrt/build_dir/target-aarch64_generic_musl/luci-base/src/ AR="aarch64-openwrt-linux-musl-gcc-ar" AS="aarch64-openwrt-linux-musl-gcc -c -Os -pipe -mcpu=generic -fno-caller-saves -fno-plt -fhonour-copts -fmacro-prefix-map=/workdir/openwrt/build_dir/target-aarch64_generic_musl/luci-base=luci-base -fmacro-prefix-map=/workdir/openwrt/staging_dir/target-aarch64_generic_musl=staging_dir/target-aarch64_generic_musl -Wl,-z,max-page-size=4096 -Wformat -Werror=format-security -fstack-protector -D_FORTIFY_SOURCE=1 -Wl,-z,now -Wl,-z,relro -Wl,-z,pack-relative-relocs" LD="aarch64-openwrt-linux-musl-ld.bfd" NM="aarch64-openwrt-linux-musl-gcc-nm" CC="aarch64-openwrt-linux-musl-gcc" GCC="aarch64-openwrt-linux-musl-gcc" CXX="aarch64-openwrt-linux-musl-g++" RANLIB="aarch64-openwrt-linux-musl-gcc-ranlib" STRIP=aarch64-openwrt-linux-musl-strip OBJCOPY=aarch64-openwrt-linux-musl-objcopy OBJDUMP=aarch64-openwrt-linux-musl-objdump SIZE=aarch64-openwrt-linux-musl-size CROSS="aarch64-openwrt-linux-musl-" ARCH="aarch64" DESTDIR="/workdir/openwrt/build_dir/target-aarch64_generic_musl/luci-base/ipkg-install"   install;
build	Compile debug	2026-09-27T15:41:00.9362798Z make[4]: Entering directory '/workdir/openwrt/build_dir/target-aarch64_generic_musl/luci-base/src'
build	Compile debug	2026-09-27T15:41:00.9363854Z mkdir -p /workdir/openwrt/build_dir/target-aarch64_generic_musl/luci-base/ipkg-install/usr/lib/ucode/luci
build	Compile debug	2026-09-27T15:41:00.9374420Z cp core.so /workdir/openwrt/build_dir/target-aarch64_generic_musl/luci-base/ipkg-install/usr/lib/ucode/luci/core.so
build	Compile debug	2026-09-27T15:41:00.9389772Z mkdir -p /workdir/openwrt/build_dir/target-aarch64_generic_musl/luci-base/ipkg-install/usr/share/ucode/luci
build	Compile debug	2026-09-27T15:41:00.9400799Z cp version.uc /workdir/openwrt/build_dir/target-aarch64_generic_musl/luci-base/ipkg-install/usr/share/ucode/luci/version.uc
build	Compile debug	2026-09-27T15:41:00.9414815Z make[4]: Leaving directory '/workdir/openwrt/build_dir/target-aarch64_generic_musl/luci-base/src'
build	Compile debug	2026-09-27T15:41:00.9416767Z cp -fpR /workdir/openwrt/build_dir/target-aarch64_generic_musl/luci-base/ipkg-install/* /workdir/openwrt/build_dir/target-aarch64_generic_musl/luci-base/ipkg-aarch64_generic/luci-base/
build	Compile debug	2026-09-27T15:41:00.9453179Z find /workdir/openwrt/build_dir/target-aarch64_generic_musl/luci-base/ipkg-aarch64_generic/luci-base -name '.svn' -o -name '.#*' -o -name '*~'| xargs -r rm -rf
build	Compile debug	2026-09-27T15:41:01.2676405Z export CROSS="aarch64-openwrt-linux-musl-"  NO_RENAME=1 ; NM="aarch64-openwrt-linux-musl-nm" STRIP="/workdir/openwrt/staging_dir/host/bin/sstrip -z" STRIP_KMOD="/workdir/openwrt/scripts/strip-kmod.sh" PATCHELF="/workdir/openwrt/staging_dir/host/bin/patchelf" /workdir/openwrt/scripts/rstrip.sh /workdir/openwrt/build_dir/target-aarch64_generic_musl/luci-base/ipkg-aarch64_generic/luci-base
build	Compile debug	2026-09-27T15:41:01.5426847Z rstrip.sh: /workdir/openwrt/build_dir/target-aarch64_generic_musl/luci-base/ipkg-aarch64_generic/luci-base/usr/lib/ucode/luci/core.so: shared object
build	Compile debug	2026-09-27T15:41:01.5532908Z install -d -m0755 /workdir/openwrt/bin/packages/aarch64_generic/luci
build	Compile debug	2026-09-27T15:41:01.5563580Z mkdir -p /workdir/openwrt/build_dir/target-aarch64_generic_musl/luci-base/apk-aarch64_generic/luci-base/
build	Compile debug	2026-09-27T15:41:01.5592763Z mkdir -p /workdir/openwrt/build_dir/target-aarch64_generic_musl/luci-base/ipkg-aarch64_generic/luci-base/lib/apk/packages/
build	Compile debug	2026-09-27T15:41:01.5622562Z (cd /workdir/openwrt/build_dir/target-aarch64_generic_musl/luci-base/apk-aarch64_generic/luci-base; echo "$V_Package_luci_base_conffiles" > conffiles;  echo "$V_Package_luci_base_postinst" > postinst-pkg; chmod 0755 postinst-pkg;)
build	Compile debug	2026-09-27T15:41:01.5659851Z ( echo "#!/bin/sh"; echo "[ \"\${IPKG_NO_SCRIPT}\" = \"1\" ] && exit 0"; echo "[ -s "\${IPKG_INSTROOT}/lib/functions.sh" ] || exit 0"; echo ". \${IPKG_INSTROOT}/lib/functions.sh"; echo 'export root="${IPKG_INSTROOT}"'; echo 'export pkgname="luci-base"'; echo "add_group_and_user"; echo "default_postinst"; [ ! -f /workdir/openwrt/build_dir/target-aarch64_generic_musl/luci-base/apk-aarch64_generic/luci-base/postinst-pkg ] || sed '/^\s*#!/d' "/workdir/openwrt/build_dir/target-aarch64_generic_musl/luci-base/apk-aarch64_generic/luci-base/postinst-pkg"; ) > /workdir/openwrt/build_dir/target-aarch64_generic_musl/luci-base/apk-aarch64_generic/luci-base/post-install;
build	Compile debug	2026-09-27T15:41:01.5695004Z ( echo "#!/bin/sh"; echo 'export PKG_UPGRADE=1'; [ ! -f /workdir/openwrt/build_dir/target-aarch64_generic_musl/luci-base/apk-aarch64_generic/luci-base/post-install ] || sed '/^\s*#!/d' "/workdir/openwrt/build_dir/target-aarch64_generic_musl/luci-base/apk-aarch64_generic/luci-base/post-install"; ) > /workdir/openwrt/build_dir/target-aarch64_generic_musl/luci-base/apk-aarch64_generic/luci-base/post-upgrade;
build	Compile debug	2026-09-27T15:41:01.5731022Z ( echo "#!/bin/sh"; echo "[ -s "\${IPKG_INSTROOT}/lib/functions.sh" ] || exit 0"; echo ". \${IPKG_INSTROOT}/lib/functions.sh"; echo 'export root="${IPKG_INSTROOT}"'; echo 'export pkgname="luci-base"'; echo "default_prerm"; [ ! -f /workdir/openwrt/build_dir/target-aarch64_generic_musl/luci-base/apk-aarch64_generic/luci-base/prerm-pkg ] || sed '/^\s*#!/d' "/workdir/openwrt/build_dir/target-aarch64_generic_musl/luci-base/apk-aarch64_generic/luci-base/prerm-pkg"; ) > /workdir/openwrt/build_dir/target-aarch64_generic_musl/luci-base/apk-aarch64_generic/luci-base/pre-deinstall;
build	Compile debug	2026-09-27T15:41:01.5754333Z [ ! -f /workdir/openwrt/build_dir/target-aarch64_generic_musl/luci-base/apk-aarch64_generic/luci-base/postrm ] || sed -zi 's/^\s*#!/#!/' "/workdir/openwrt/build_dir/target-aarch64_generic_musl/luci-base/apk-aarch64_generic/luci-base/postrm";
build	Compile debug	2026-09-27T15:41:01.5774012Z if [ -n "" ]; then echo  > /workdir/openwrt/build_dir/target-aarch64_generic_musl/luci-base/ipkg-aarch64_generic/luci-base/lib/apk/packages/luci-base.rusers; fi;
build	Compile debug	2026-09-27T15:41:01.5793426Z if [ -n "" ]; then echo  > /workdir/openwrt/build_dir/target-aarch64_generic_musl/luci-base/ipkg-aarch64_generic/luci-base/lib/apk/packages/luci-base.alternatives; fi;
build	Compile debug	2026-09-27T15:41:01.5814483Z (cd /workdir/openwrt/build_dir/target-aarch64_generic_musl/luci-base/ipkg-aarch64_generic/luci-base && find . -type f,l -printf "/%P\n" | sort > /workdir/openwrt/tmp/luci-base.list && mv /workdir/openwrt/tmp/luci-base.list /workdir/openwrt/build_dir/target-aarch64_generic_musl/luci-base/ipkg-aarch64_generic/luci-base/lib/apk/packages/luci-base.list)
build	Compile debug	2026-09-27T15:41:01.5872120Z # Move conffiles to IDIR and build conffiles_static with csums
build	Compile debug	2026-09-27T15:41:01.5895316Z if [ -f /workdir/openwrt/build_dir/target-aarch64_generic_musl/luci-base/apk-aarch64_generic/luci-base/conffiles ]; then mv -f /workdir/openwrt/build_dir/target-aarch64_generic_musl/luci-base/apk-aarch64_generic/luci-base/conffiles /workdir/openwrt/build_dir/target-aarch64_generic_musl/luci-base/ipkg-aarch64_generic/luci-base/lib/apk/packages/luci-base.conffiles; for file in $(cat /workdir/openwrt/build_dir/target-aarch64_generic_musl/luci-base/ipkg-aarch64_generic/luci-base/lib/apk/packages/luci-base.conffiles); do [ -f /workdir/openwrt/build_dir/target-aarch64_generic_musl/luci-base/ipkg-aarch64_generic/luci-base/$file ] || continue; csum=$(/workdir/openwrt/staging_dir/host/bin/mkhash sha256 /workdir/openwrt/build_dir/target-aarch64_generic_musl/luci-base/ipkg-aarch64_generic/luci-base/$file); echo $file $csum >> /workdir/openwrt/build_dir/target-aarch64_generic_musl/luci-base/ipkg-aarch64_generic/luci-base/lib/apk/packages/luci-base.conffiles_static; done; fi
build	Compile debug	2026-09-27T15:41:01.5949448Z # Some package (base-files) manually append stuff to conffiles
build	Compile debug	2026-09-27T15:41:01.5968680Z # Append stuff from it and delete the CONTROL directory since everything else should be migrated
build	Compile debug	2026-09-27T15:41:01.5992043Z if [ -f /workdir/openwrt/build_dir/target-aarch64_generic_musl/luci-base/ipkg-aarch64_generic/luci-base/CONTROL/conffiles ]; then echo $(IDIR_luci-base)/CONTROL/conffiles >> /workdir/openwrt/build_dir/target-aarch64_generic_musl/luci-base/ipkg-aarch64_generic/luci-base/lib/apk/packages/luci-base.conffiles; for file in $(cat /workdir/openwrt/build_dir/target-aarch64_generic_musl/luci-base/ipkg-aarch64_generic/luci-base/CONTROL/conffiles); do [ -f /workdir/openwrt/build_dir/target-aarch64_generic_musl/luci-base/ipkg-aarch64_generic/luci-base/$file ] || continue; csum=$(/workdir/openwrt/staging_dir/host/bin/mkhash sha256 /workdir/openwrt/build_dir/target-aarch64_generic_musl/luci-base/ipkg-aarch64_generic/luci-base/$file); echo $file $csum >> /workdir/openwrt/build_dir/target-aarch64_generic_musl/luci-base/ipkg-aarch64_generic/luci-base/lib/apk/packages/luci-base.conffiles_static; done; rm -rf /workdir/openwrt/build_dir/target-aarch64_generic_musl/luci-base/ipkg-aarch64_generic/luci-base/CONTROL/conffiles; fi
build	Compile debug	2026-09-27T15:41:01.6010246Z if [ -z "$(ls -A /workdir/openwrt/build_dir/target-aarch64_generic_musl/luci-base/ipkg-aarch64_generic/luci-base/CONTROL 2>/dev/null)" ]; then rm -rf /workdir/openwrt/build_dir/target-aarch64_generic_musl/luci-base/ipkg-aarch64_generic/luci-base/CONTROL; else echo "CONTROL directory /workdir/openwrt/build_dir/target-aarch64_generic_musl/luci-base/ipkg-aarch64_generic/luci-base/CONTROL is not empty! This is not right and should be checked!" >&2; exit 1; fi
build	Compile debug	2026-09-27T15:41:01.6060668Z SOURCE_DATE_EPOCH=0 /workdir/openwrt/staging_dir/host/bin/fakeroot /workdir/openwrt/staging_dir/host/bin/apk mkpkg --info "name:luci-base" --info "version:26.261.08411~adc898b" --info "tags:openwrt:section=luci" --info "description:LuCI core runtime" --info "arch:aarch64_generic" --info "license:Apache-2.0" --info "origin:feeds/luci/feeds/luci/modules/luci-base" --info "url:https://github.com/openwrt/luci" --info "maintainer:OpenWrt LuCI community" --info "provides:luci-base-any"  --script "post-install:/workdir/openwrt/build_dir/target-aarch64_generic_musl/luci-base/apk-aarch64_generic/luci-base/post-install" --script "post-upgrade:/workdir/openwrt/build_dir/target-aarch64_generic_musl/luci-base/apk-aarch64_generic/luci-base/post-upgrade" --script "pre-deinstall:/workdir/openwrt/build_dir/target-aarch64_generic_musl/luci-base/apk-aarch64_generic/luci-base/pre-deinstall" --info "depends:ucode>=2026.02.27 libc rpcd rpcd-mod-file rpcd-mod-luci rpcd-mod-ucode cgi-io ucode-mod-fs ucode-mod-log ucode-mod-uci ucode-mod-ubus ucode-mod-html liblucihttp-ucode" --files "/workdir/openwrt/build_dir/target-aarch64_generic_musl/luci-base/ipkg-aarch64_generic/luci-base" --sign /workdir/openwrt/private-key.pem --output "/workdir/openwrt/bin/packages/aarch64_generic/luci/luci-base-26.261.08411~adc898b.apk"
build	Compile debug	2026-09-27T15:41:01.6848355Z rm -rf /workdir/openwrt/build_dir/target-aarch64_generic_musl/luci-base/ipkg-all/luci-i18n-base-zh-cn
build	Compile debug	2026-09-27T15:41:01.6887337Z /workdir/openwrt/scripts/ipkg-remove luci-i18n-base-zh-cn /workdir/openwrt/bin/packages/aarch64_generic/luci/luci-i18n-base-zh-cn-26.261.08411~adc898b.apk
build	Compile debug	2026-09-27T15:41:01.6933846Z removed '/workdir/openwrt/bin/packages/aarch64_generic/luci/luci-i18n-base-zh-cn-26.261.08411~adc898b.apk'
build	Compile debug	2026-09-27T15:41:01.6937437Z mkdir -p /workdir/openwrt/bin/targets/armsr/armv8/packages /workdir/openwrt/build_dir/target-aarch64_generic_musl/luci-base/ipkg-all/luci-i18n-base-zh-cn /workdir/openwrt/staging_dir/target-aarch64_generic_musl/pkginfo
build	Compile debug	2026-09-27T15:41:01.6967647Z install -d -m0755 /workdir/openwrt/build_dir/target-aarch64_generic_musl/luci-base/ipkg-all/luci-i18n-base-zh-cn/etc/uci-defaults
build	Compile debug	2026-09-27T15:41:01.7014598Z echo "uci set luci.languages.zh_cn='简体中文 (Simplified Chinese)'; uci commit luci" > /workdir/openwrt/build_dir/target-aarch64_generic_musl/luci-base/ipkg-all/luci-i18n-base-zh-cn/etc/uci-defaults/luci-i18n-base-zh-cn
build	Compile debug	2026-09-27T15:41:01.7020728Z install -d -m0755 /workdir/openwrt/build_dir/target-aarch64_generic_musl/luci-base/ipkg-all/luci-i18n-base-zh-cn/usr/lib/lua/luci/i18n
build	Compile debug	2026-09-27T15:41:01.7053531Z po2lmo /workdir/openwrt/feeds/luci/modules/luci-base/po/zh_Hans/base.po /workdir/openwrt/build_dir/target-aarch64_generic_musl/luci-base/ipkg-all/luci-i18n-base-zh-cn/usr/lib/lua/luci/i18n/base.zh-cn.lmo;
build	Compile debug	2026-09-27T15:41:01.7164601Z find /workdir/openwrt/build_dir/target-aarch64_generic_musl/luci-base/ipkg-all/luci-i18n-base-zh-cn -name '.svn' -o -name '.#*' -o -name '*~'| xargs -r rm -rf
build	Compile debug	2026-09-27T15:41:01.7499223Z export CROSS="aarch64-openwrt-linux-musl-"  NO_RENAME=1 ; NM="aarch64-openwrt-linux-musl-nm" STRIP="/workdir/openwrt/staging_dir/host/bin/sstrip -z" STRIP_KMOD="/workdir/openwrt/scripts/strip-kmod.sh" PATCHELF="/workdir/openwrt/staging_dir/host/bin/patchelf" /workdir/openwrt/scripts/rstrip.sh /workdir/openwrt/build_dir/target-aarch64_generic_musl/luci-base/ipkg-all/luci-i18n-base-zh-cn
build	Compile debug	2026-09-27T15:41:01.7624597Z install -d -m0755 /workdir/openwrt/bin/packages/aarch64_generic/luci
build	Compile debug	2026-09-27T15:41:01.7655304Z mkdir -p /workdir/openwrt/build_dir/target-aarch64_generic_musl/luci-base/apk-all/luci-i18n-base-zh-cn/
build	Compile debug	2026-09-27T15:41:01.7684610Z mkdir -p /workdir/openwrt/build_dir/target-aarch64_generic_musl/luci-base/ipkg-all/luci-i18n-base-zh-cn/lib/apk/packages/
build	Compile debug	2026-09-27T15:41:01.7714117Z (cd /workdir/openwrt/build_dir/target-aarch64_generic_musl/luci-base/apk-all/luci-i18n-base-zh-cn; )
build	Compile debug	2026-09-27T15:41:01.7739787Z ( echo "#!/bin/sh"; echo "[ \"\${IPKG_NO_SCRIPT}\" = \"1\" ] && exit 0"; echo "[ -s "\${IPKG_INSTROOT}/lib/functions.sh" ] || exit 0"; echo ". \${IPKG_INSTROOT}/lib/functions.sh"; echo 'export root="${IPKG_INSTROOT}"'; echo 'export pkgname="luci-i18n-base-zh-cn"'; echo "add_group_and_user"; echo "default_postinst"; [ ! -f /workdir/openwrt/build_dir/target-aarch64_generic_musl/luci-base/apk-all/luci-i18n-base-zh-cn/postinst-pkg ] || sed '/^\s*#!/d' "/workdir/openwrt/build_dir/target-aarch64_generic_musl/luci-base/apk-all/luci-i18n-base-zh-cn/postinst-pkg"; ) > /workdir/openwrt/build_dir/target-aarch64_generic_musl/luci-base/apk-all/luci-i18n-base-zh-cn/post-install;
build	Compile debug	2026-09-27T15:41:01.7764183Z ( echo "#!/bin/sh"; echo 'export PKG_UPGRADE=1'; [ ! -f /workdir/openwrt/build_dir/target-aarch64_generic_musl/luci-base/apk-all/luci-i18n-base-zh-cn/post-install ] || sed '/^\s*#!/d' "/workdir/openwrt/build_dir/target-aarch64_generic_musl/luci-base/apk-all/luci-i18n-base-zh-cn/post-install"; ) > /workdir/openwrt/build_dir/target-aarch64_generic_musl/luci-base/apk-all/luci-i18n-base-zh-cn/post-upgrade;
build	Compile debug	2026-09-27T15:41:01.7802271Z ( echo "#!/bin/sh"; echo "[ -s "\${IPKG_INSTROOT}/lib/functions.sh" ] || exit 0"; echo ". \${IPKG_INSTROOT}/lib/functions.sh"; echo 'export root="${IPKG_INSTROOT}"'; echo 'export pkgname="luci-i18n-base-zh-cn"'; echo "default_prerm"; [ ! -f /workdir/openwrt/build_dir/target-aarch64_generic_musl/luci-base/apk-all/luci-i18n-base-zh-cn/prerm-pkg ] || sed '/^\s*#!/d' "/workdir/openwrt/build_dir/target-aarch64_generic_musl/luci-base/apk-all/luci-i18n-base-zh-cn/prerm-pkg"; ) > /workdir/openwrt/build_dir/target-aarch64_generic_musl/luci-base/apk-all/luci-i18n-base-zh-cn/pre-deinstall;
build	Compile debug	2026-09-27T15:41:01.7825553Z [ ! -f /workdir/openwrt/build_dir/target-aarch64_generic_musl/luci-base/apk-all/luci-i18n-base-zh-cn/postrm ] || sed -zi 's/^\s*#!/#!/' "/workdir/openwrt/build_dir/target-aarch64_generic_musl/luci-base/apk-all/luci-i18n-base-zh-cn/postrm";
build	Compile debug	2026-09-27T15:41:01.7844545Z if [ -n "" ]; then echo  > /workdir/openwrt/build_dir/target-aarch64_generic_musl/luci-base/ipkg-all/luci-i18n-base-zh-cn/lib/apk/packages/luci-i18n-base-zh-cn.rusers; fi;
build	Compile debug	2026-09-27T15:41:01.7864046Z if [ -n "" ]; then echo  > /workdir/openwrt/build_dir/target-aarch64_generic_musl/luci-base/ipkg-all/luci-i18n-base-zh-cn/lib/apk/packages/luci-i18n-base-zh-cn.alternatives; fi;
build	Compile debug	2026-09-27T15:41:01.7884994Z (cd /workdir/openwrt/build_dir/target-aarch64_generic_musl/luci-base/ipkg-all/luci-i18n-base-zh-cn && find . -type f,l -printf "/%P\n" | sort > /workdir/openwrt/tmp/luci-i18n-base-zh-cn.list && mv /workdir/openwrt/tmp/luci-i18n-base-zh-cn.list /workdir/openwrt/build_dir/target-aarch64_generic_musl/luci-base/ipkg-all/luci-i18n-base-zh-cn/lib/apk/packages/luci-i18n-base-zh-cn.list)
build	Compile debug	2026-09-27T15:41:01.7938679Z # Move conffiles to IDIR and build conffiles_static with csums
build	Compile debug	2026-09-27T15:41:01.7962511Z if [ -f /workdir/openwrt/build_dir/target-aarch64_generic_musl/luci-base/apk-all/luci-i18n-base-zh-cn/conffiles ]; then mv -f /workdir/openwrt/build_dir/target-aarch64_generic_musl/luci-base/apk-all/luci-i18n-base-zh-cn/conffiles /workdir/openwrt/build_dir/target-aarch64_generic_musl/luci-base/ipkg-all/luci-i18n-base-zh-cn/lib/apk/packages/luci-i18n-base-zh-cn.conffiles; for file in $(cat /workdir/openwrt/build_dir/target-aarch64_generic_musl/luci-base/ipkg-all/luci-i18n-base-zh-cn/lib/apk/packages/luci-i18n-base-zh-cn.conffiles); do [ -f /workdir/openwrt/build_dir/target-aarch64_generic_musl/luci-base/ipkg-all/luci-i18n-base-zh-cn/$file ] || continue; csum=$(/workdir/openwrt/staging_dir/host/bin/mkhash sha256 /workdir/openwrt/build_dir/target-aarch64_generic_musl/luci-base/ipkg-all/luci-i18n-base-zh-cn/$file); echo $file $csum >> /workdir/openwrt/build_dir/target-aarch64_generic_musl/luci-base/ipkg-all/luci-i18n-base-zh-cn/lib/apk/packages/luci-i18n-base-zh-cn.conffiles_static; done; fi
build	Compile debug	2026-09-27T15:41:01.7978141Z # Some package (base-files) manually append stuff to conffiles
build	Compile debug	2026-09-27T15:41:01.7997848Z # Append stuff from it and delete the CONTROL directory since everything else should be migrated
build	Compile debug	2026-09-27T15:41:01.8020727Z if [ -f /workdir/openwrt/build_dir/target-aarch64_generic_musl/luci-base/ipkg-all/luci-i18n-base-zh-cn/CONTROL/conffiles ]; then echo $(IDIR_luci-i18n-base-zh-cn)/CONTROL/conffiles >> /workdir/openwrt/build_dir/target-aarch64_generic_musl/luci-base/ipkg-all/luci-i18n-base-zh-cn/lib/apk/packages/luci-i18n-base-zh-cn.conffiles; for file in $(cat /workdir/openwrt/build_dir/target-aarch64_generic_musl/luci-base/ipkg-all/luci-i18n-base-zh-cn/CONTROL/conffiles); do [ -f /workdir/openwrt/build_dir/target-aarch64_generic_musl/luci-base/ipkg-all/luci-i18n-base-zh-cn/$file ] || continue; csum=$(/workdir/openwrt/staging_dir/host/bin/mkhash sha256 /workdir/openwrt/build_dir/target-aarch64_generic_musl/luci-base/ipkg-all/luci-i18n-base-zh-cn/$file); echo $file $csum >> /workdir/openwrt/build_dir/target-aarch64_generic_musl/luci-base/ipkg-all/luci-i18n-base-zh-cn/lib/apk/packages/luci-i18n-base-zh-cn.conffiles_static; done; rm -rf /workdir/openwrt/build_dir/target-aarch64_generic_musl/luci-base/ipkg-all/luci-i18n-base-zh-cn/CONTROL/conffiles; fi
build	Compile debug	2026-09-27T15:41:01.8038325Z if [ -z "$(ls -A /workdir/openwrt/build_dir/target-aarch64_generic_musl/luci-base/ipkg-all/luci-i18n-base-zh-cn/CONTROL 2>/dev/null)" ]; then rm -rf /workdir/openwrt/build_dir/target-aarch64_generic_musl/luci-base/ipkg-all/luci-i18n-base-zh-cn/CONTROL; else echo "CONTROL directory /workdir/openwrt/build_dir/target-aarch64_generic_musl/luci-base/ipkg-all/luci-i18n-base-zh-cn/CONTROL is not empty! This is not right and should be checked!" >&2; exit 1; fi
build	Compile debug	2026-09-27T15:41:01.8090492Z SOURCE_DATE_EPOCH=0 /workdir/openwrt/staging_dir/host/bin/fakeroot /workdir/openwrt/staging_dir/host/bin/apk mkpkg --info "name:luci-i18n-base-zh-cn" --info "version:26.261.08411~adc898b" --info "tags:openwrt:section=luci" --info "description:Translation for luci-base - 简体中文 (Simplified Chinese)" --info "arch:noarch" --info "license:Apache-2.0" --info "origin:feeds/luci/feeds/luci/modules/luci-base" --info "url:" --info "maintainer:" --info "provides:luci-i18n-base-zh-cn-any"  --script "post-install:/workdir/openwrt/build_dir/target-aarch64_generic_musl/luci-base/apk-all/luci-i18n-base-zh-cn/post-install" --script "post-upgrade:/workdir/openwrt/build_dir/target-aarch64_generic_musl/luci-base/apk-all/luci-i18n-base-zh-cn/post-upgrade" --script "pre-deinstall:/workdir/openwrt/build_dir/target-aarch64_generic_musl/luci-base/apk-all/luci-i18n-base-zh-cn/pre-deinstall" --info "depends:libc luci-base" --files "/workdir/openwrt/build_dir/target-aarch64_generic_musl/luci-base/ipkg-all/luci-i18n-base-zh-cn" --sign /workdir/openwrt/private-key.pem --output "/workdir/openwrt/bin/packages/aarch64_generic/luci/luci-i18n-base-zh-cn-26.261.08411~adc898b.apk"
build	Compile debug	2026-09-27T15:41:01.8992475Z rm -rf /workdir/openwrt/build_dir/target-aarch64_generic_musl/luci-base/.pkgdir/luci-base.installed /workdir/openwrt/build_dir/target-aarch64_generic_musl/luci-base/.pkgdir/luci-base
build	Compile debug	2026-09-27T15:41:01.9025174Z mkdir -p /workdir/openwrt/build_dir/target-aarch64_generic_musl/luci-base/.pkgdir/luci-base
build	Compile debug	2026-09-27T15:41:01.9054491Z install -d -m0755 /workdir/openwrt/build_dir/target-aarch64_generic_musl/luci-base/.pkgdir/luci-base/usr/share/ucode/luci
build	Compile debug	2026-09-27T15:41:01.9086823Z cp -pR /workdir/openwrt/build_dir/target-aarch64_generic_musl/luci-base/ucode/* /workdir/openwrt/build_dir/target-aarch64_generic_musl/luci-base/.pkgdir/luci-base/usr/share/ucode/luci/
build	Compile debug	2026-09-27T15:41:01.9133170Z find /workdir/openwrt/build_dir/target-aarch64_generic_musl/luci-base/.pkgdir/luci-base/usr/share/ucode/luci/ -type f -name '*.htm' | while read src; do /workdir/openwrt/staging_dir/host/bin/sed -i -e 's/<%# *\([^ ]*\)PKG_VERSION *%>/\126.261.08411~adc898b/g' -e 's/"\(<%= *\(media\|resource\) *%>[^"]*\.\(js\|css\)\)"/"\1?v=26.261.08411~adc898b"/g' "$src"; done; find /workdir/openwrt/build_dir/target-aarch64_generic_musl/luci-base/.pkgdir/luci-base/usr/share/ucode/luci/ -type f -name '*.ut' | while read src; do /workdir/openwrt/staging_dir/host/bin/sed -i -e 's/{# *\([^ ]*\)PKG_VERSION *#}/\126.261.08411~adc898b/g' -e 's/"\({{ *\(media\|resource\) *}}[^"]*\.\(js\|css\)\)"/"\1?v=26.261.08411~adc898b"/g' "$src"; done
build	Compile debug	2026-09-27T15:41:01.9272367Z find /workdir/openwrt/build_dir/target-aarch64_generic_musl/luci-base/.pkgdir/luci-base/usr/share/ucode/luci/ -type f -name '*.ut' | while read src; do ucode -T, -s -cno-interp,dynlink=luci.core,dynlink=digest,dynlink=log,dynlink=nl80211,dynlink=resolv,dynlink=rtnl,dynlink=ubus,dynlink=uci,dynlink=uloop -o "$src.o" "$src" || exit 1; mv "$src.o" "$src" && chmod 0644 "$src"; done
build	Compile debug	2026-09-27T15:41:01.9565330Z install -d -m0755 /workdir/openwrt/build_dir/target-aarch64_generic_musl/luci-base/.pkgdir/luci-base/www
build	Compile debug	2026-09-27T15:41:01.9597157Z cp -pR /workdir/openwrt/build_dir/target-aarch64_generic_musl/luci-base/htdocs/* /workdir/openwrt/build_dir/target-aarch64_generic_musl/luci-base/.pkgdir/luci-base/www/
build	Compile debug	2026-09-27T15:41:01.9665583Z find /workdir/openwrt/build_dir/target-aarch64_generic_musl/luci-base/.pkgdir/luci-base/www/ -type f -name '*.js' | while read src; do if jsmin < "$src" > "$src.o"; then mv "$src.o" "$src"; fi; done
build	Compile debug	2026-09-27T15:41:02.0250969Z find /workdir/openwrt/build_dir/target-aarch64_generic_musl/luci-base/.pkgdir/luci-base/www/ -type f -name '*.css' | while read src; do if csstidy "$src" --template=highest --remove_last_semicolon=true "$src.o"; then mv "$src.o" "$src"; fi; done
build	Compile debug	2026-09-27T15:41:02.0288087Z install -d -m0755 /workdir/openwrt/build_dir/target-aarch64_generic_musl/luci-base/.pkgdir/luci-base/
build	Compile debug	2026-09-27T15:41:02.0319570Z cp -pR /workdir/openwrt/build_dir/target-aarch64_generic_musl/luci-base/root/* /workdir/openwrt/build_dir/target-aarch64_generic_musl/luci-base/.pkgdir/luci-base/
build	Compile debug	2026-09-27T15:41:02.0394516Z CFLAGS="-Os -pipe -mcpu=generic -fno-caller-saves -fno-plt -fhonour-copts -fmacro-prefix-map=/workdir/openwrt/build_dir/target-aarch64_generic_musl/luci-base=luci-base -fmacro-prefix-map=/workdir/openwrt/staging_dir/target-aarch64_generic_musl=staging_dir/target-aarch64_generic_musl -Wl,-z,max-page-size=4096 -Wformat -Werror=format-security -fstack-protector -D_FORTIFY_SOURCE=1 -Wl,-z,now -Wl,-z,relro -Wl,-z,pack-relative-relocs  -I/workdir/openwrt/staging_dir/toolchain-aarch64_generic_gcc-14.4.0_musl/usr/include -I/workdir/openwrt/staging_dir/toolchain-aarch64_generic_gcc-14.4.0_musl/include -I/workdir/openwrt/staging_dir/toolchain-aarch64_generic_gcc-14.4.0_musl/include/fortify " CXXFLAGS="-Os -pipe -mcpu=generic -fno-caller-saves -fno-plt -fhonour-copts -fmacro-prefix-map=/workdir/openwrt/build_dir/target-aarch64_generic_musl/luci-base=luci-base -fmacro-prefix-map=/workdir/openwrt/staging_dir/target-aarch64_generic_musl=staging_dir/target-aarch64_generic_musl -Wl,-z,max-page-size=4096 -Wformat -Werror=format-security -fstack-protector -D_FORTIFY_SOURCE=1 -Wl,-z,now -Wl,-z,relro -Wl,-z,pack-relative-relocs  -I/workdir/openwrt/staging_dir/toolchain-aarch64_generic_gcc-14.4.0_musl/usr/include -I/workdir/openwrt/staging_dir/toolchain-aarch64_generic_gcc-14.4.0_musl/include -I/workdir/openwrt/staging_dir/toolchain-aarch64_generic_gcc-14.4.0_musl/include/fortify " LDFLAGS="-L/workdir/openwrt/staging_dir/toolchain-aarch64_generic_gcc-14.4.0_musl/usr/lib -L/workdir/openwrt/staging_dir/toolchain-aarch64_generic_gcc-14.4.0_musl/lib -fuse-ld=bfd -zmax-page-size=4096 -znow -zrelro -zpack-relative-relocs " FPIC="-DPIC -fPIC" LUCI_VERSION="26.261.08411~adc898b" LUCI_GITBRANCH="LuCI Master" make -C /workdir/openwrt/build_dir/target-aarch64_generic_musl/luci-base/src/ AR="aarch64-openwrt-linux-musl-gcc-ar" AS="aarch64-openwrt-linux-musl-gcc -c -Os -pipe -mcpu=generic -fno-caller-saves -fno-plt -fhonour-copts -fmacro-prefix-map=/workdir/openwrt/build_dir/target-aarch64_generic_musl/luci-base=luci-base -fmacro-prefix-map=/workdir/openwrt/staging_dir/target-aarch64_generic_musl=staging_dir/target-aarch64_generic_musl -Wl,-z,max-page-size=4096 -Wformat -Werror=format-security -fstack-protector -D_FORTIFY_SOURCE=1 -Wl,-z,now -Wl,-z,relro -Wl,-z,pack-relative-relocs" LD="aarch64-openwrt-linux-musl-ld.bfd" NM="aarch64-openwrt-linux-musl-gcc-nm" CC="aarch64-openwrt-linux-musl-gcc" GCC="aarch64-openwrt-linux-musl-gcc" CXX="aarch64-openwrt-linux-musl-g++" RANLIB="aarch64-openwrt-linux-musl-gcc-ranlib" STRIP=aarch64-openwrt-linux-musl-strip OBJCOPY=aarch64-openwrt-linux-musl-objcopy OBJDUMP=aarch64-openwrt-linux-musl-objdump SIZE=aarch64-openwrt-linux-musl-size CROSS="aarch64-openwrt-linux-musl-" ARCH="aarch64" DESTDIR="/workdir/openwrt/build_dir/target-aarch64_generic_musl/luci-base/ipkg-install"   install;
build	Compile debug	2026-09-27T15:41:02.0439080Z make[4]: Entering directory '/workdir/openwrt/build_dir/target-aarch64_generic_musl/luci-base/src'
build	Compile debug	2026-09-27T15:41:02.0440501Z mkdir -p /workdir/openwrt/build_dir/target-aarch64_generic_musl/luci-base/ipkg-install/usr/lib/ucode/luci
build	Compile debug	2026-09-27T15:41:02.0451580Z cp core.so /workdir/openwrt/build_dir/target-aarch64_generic_musl/luci-base/ipkg-install/usr/lib/ucode/luci/core.so
build	Compile debug	2026-09-27T15:41:02.0472513Z mkdir -p /workdir/openwrt/build_dir/target-aarch64_generic_musl/luci-base/ipkg-install/usr/share/ucode/luci
build	Compile debug	2026-09-27T15:41:02.0482994Z cp version.uc /workdir/openwrt/build_dir/target-aarch64_generic_musl/luci-base/ipkg-install/usr/share/ucode/luci/version.uc
build	Compile debug	2026-09-27T15:41:02.0496661Z make[4]: Leaving directory '/workdir/openwrt/build_dir/target-aarch64_generic_musl/luci-base/src'
build	Compile debug	2026-09-27T15:41:02.0498553Z cp -fpR /workdir/openwrt/build_dir/target-aarch64_generic_musl/luci-base/ipkg-install/* /workdir/openwrt/build_dir/target-aarch64_generic_musl/luci-base/.pkgdir/luci-base/
build	Compile debug	2026-09-27T15:41:02.0534595Z touch /workdir/openwrt/build_dir/target-aarch64_generic_musl/luci-base/.pkgdir/luci-base.installed
build	Compile debug	2026-09-27T15:41:02.0562876Z mkdir -p /workdir/openwrt/staging_dir/target-aarch64_generic_musl/root-armsr/stamp
build	Compile debug	2026-09-27T15:41:02.0623815Z SHELL= flock /workdir/openwrt/tmp/.root-copy.flock -c 'cp -fpR /workdir/openwrt/build_dir/target-aarch64_generic_musl/luci-base/.pkgdir/luci-base/. /workdir/openwrt/staging_dir/target-aarch64_generic_musl/root-armsr/'
build	Compile debug	2026-09-27T15:41:02.0797146Z touch /workdir/openwrt/staging_dir/target-aarch64_generic_musl/root-armsr/stamp/.luci-base_installed
build	Compile debug	2026-09-27T15:41:02.0827174Z echo "luci-base" >> /workdir/openwrt/staging_dir/target-aarch64_generic_musl/pkginfo/luci-base.default.install
build	Compile debug	2026-09-27T15:41:02.0857519Z rm -rf /workdir/openwrt/build_dir/target-aarch64_generic_musl/luci-base/.pkgdir/luci-i18n-base-zh-cn.installed /workdir/openwrt/build_dir/target-aarch64_generic_musl/luci-base/.pkgdir/luci-i18n-base-zh-cn
build	Compile debug	2026-09-27T15:41:02.0889787Z mkdir -p /workdir/openwrt/build_dir/target-aarch64_generic_musl/luci-base/.pkgdir/luci-i18n-base-zh-cn
build	Compile debug	2026-09-27T15:41:02.0919304Z install -d -m0755 /workdir/openwrt/build_dir/target-aarch64_generic_musl/luci-base/.pkgdir/luci-i18n-base-zh-cn/etc/uci-defaults
build	Compile debug	2026-09-27T15:41:02.0951678Z echo "uci set luci.languages.zh_cn='简体中文 (Simplified Chinese)'; uci commit luci" > /workdir/openwrt/build_dir/target-aarch64_generic_musl/luci-base/.pkgdir/luci-i18n-base-zh-cn/etc/uci-defaults/luci-i18n-base-zh-cn
build	Compile debug	2026-09-27T15:41:02.0970823Z install -d -m0755 /workdir/openwrt/build_dir/target-aarch64_generic_musl/luci-base/.pkgdir/luci-i18n-base-zh-cn/usr/lib/lua/luci/i18n
build	Compile debug	2026-09-27T15:41:02.1004093Z po2lmo /workdir/openwrt/feeds/luci/modules/luci-base/po/zh_Hans/base.po /workdir/openwrt/build_dir/target-aarch64_generic_musl/luci-base/.pkgdir/luci-i18n-base-zh-cn/usr/lib/lua/luci/i18n/base.zh-cn.lmo;
build	Compile debug	2026-09-27T15:41:02.1129696Z touch /workdir/openwrt/build_dir/target-aarch64_generic_musl/luci-base/.pkgdir/luci-i18n-base-zh-cn.installed
build	Compile debug	2026-09-27T15:41:02.1157333Z mkdir -p /workdir/openwrt/staging_dir/target-aarch64_generic_musl/root-armsr/stamp
build	Compile debug	2026-09-27T15:41:02.1196587Z SHELL= flock /workdir/openwrt/tmp/.root-copy.flock -c 'cp -fpR /workdir/openwrt/build_dir/target-aarch64_generic_musl/luci-base/.pkgdir/luci-i18n-base-zh-cn/. /workdir/openwrt/staging_dir/target-aarch64_generic_musl/root-armsr/'
build	Compile debug	2026-09-27T15:41:02.1248688Z touch /workdir/openwrt/staging_dir/target-aarch64_generic_musl/root-armsr/stamp/.luci-i18n-base-zh-cn_installed
build	Compile debug	2026-09-27T15:41:02.1275502Z echo "luci-i18n-base-zh-cn" >> /workdir/openwrt/staging_dir/target-aarch64_generic_musl/pkginfo/luci-base.default.install
build	Compile debug	2026-09-27T15:41:02.1303767Z make[3]: Leaving directory '/workdir/openwrt/feeds/luci/modules/luci-base'
build	Compile debug	2026-09-27T15:41:02.1313826Z time: package/feeds/luci/luci-base/compile#1.33#1.39#2.65
build	Compile debug	2026-09-27T15:41:02.1741876Z make[3]: Entering directory '/workdir/openwrt/feeds/luci/applications/luci-app-package-manager'
build	Compile debug	2026-09-27T15:41:02.6732895Z mkdir -p /workdir/openwrt/staging_dir/target-aarch64_generic_musl/root-armsr/stamp
build	Compile debug	2026-09-27T15:41:02.6768816Z SHELL= flock /workdir/openwrt/tmp/.root-copy.flock -c 'cp -fpR /workdir/openwrt/build_dir/target-aarch64_generic_musl/luci-app-package-manager/.pkgdir/luci-app-package-manager/. /workdir/openwrt/staging_dir/target-aarch64_generic_musl/root-armsr/'
build	Compile debug	2026-09-27T15:41:02.6822819Z touch /workdir/openwrt/staging_dir/target-aarch64_generic_musl/root-armsr/stamp/.luci-app-package-manager_installed
build	Compile debug	2026-09-27T15:41:02.6849346Z echo "luci-app-package-manager" >> /workdir/openwrt/staging_dir/target-aarch64_generic_musl/pkginfo/luci-app-package-manager.default.install
build	Compile debug	2026-09-27T15:41:02.6875840Z mkdir -p /workdir/openwrt/staging_dir/target-aarch64_generic_musl/root-armsr/stamp
build	Compile debug	2026-09-27T15:41:02.6909582Z SHELL= flock /workdir/openwrt/tmp/.root-copy.flock -c 'cp -fpR /workdir/openwrt/build_dir/target-aarch64_generic_musl/luci-app-package-manager/.pkgdir/luci-i18n-package-manager-zh-cn/. /workdir/openwrt/staging_dir/target-aarch64_generic_musl/root-armsr/'
build	Compile debug	2026-09-27T15:41:02.6958435Z touch /workdir/openwrt/staging_dir/target-aarch64_generic_musl/root-armsr/stamp/.luci-i18n-package-manager-zh-cn_installed
build	Compile debug	2026-09-27T15:41:02.6985146Z echo "luci-i18n-package-manager-zh-cn" >> /workdir/openwrt/staging_dir/target-aarch64_generic_musl/pkginfo/luci-app-package-manager.default.install
build	Compile debug	2026-09-27T15:41:02.7011432Z make[3]: Leaving directory '/workdir/openwrt/feeds/luci/applications/luci-app-package-manager'
build	Compile debug	2026-09-27T15:41:02.7022603Z time: package/feeds/luci/luci-app-package-manager/compile#0.18#0.39#0.56
build	Compile debug	2026-09-27T15:41:02.7460791Z make[3]: Entering directory '/workdir/openwrt/package/libs/jansson'
build	Compile debug	2026-09-27T15:41:02.8179888Z mkdir -p /workdir/openwrt/staging_dir/target-aarch64_generic_musl/root-armsr/stamp
build	Compile debug	2026-09-27T15:41:02.8214732Z echo '4' | cmp -s - /workdir/openwrt/staging_dir/target-aarch64_generic_musl/pkginfo/jansson.version || { mkdir -p /workdir/openwrt/staging_dir/target-aarch64_generic_musl/pkginfo; echo '4' > /workdir/openwrt/staging_dir/target-aarch64_generic_musl/pkginfo/jansson.version;  cp /workdir/openwrt/staging_dir/target-aarch64_generic_musl/pkginfo/jansson.version /workdir/openwrt/staging_dir/target-aarch64_generic_musl/pkginfo/jansson-any.version;  } 
build	Compile debug	2026-09-27T15:41:02.8247901Z SHELL= flock /workdir/openwrt/tmp/.root-copy.flock -c 'cp -fpR /workdir/openwrt/build_dir/target-aarch64_generic_musl/jansson-2.15.0/.pkgdir/jansson/. /workdir/openwrt/staging_dir/target-aarch64_generic_musl/root-armsr/'
build	Compile debug	2026-09-27T15:41:02.8303681Z touch /workdir/openwrt/staging_dir/target-aarch64_generic_musl/root-armsr/stamp/.jansson_installed
build	Compile debug	2026-09-27T15:41:02.8330622Z echo "jansson" >> /workdir/openwrt/staging_dir/target-aarch64_generic_musl/pkginfo/jansson.default.install
build	Compile debug	2026-09-27T15:41:02.8357799Z make[3]: Leaving directory '/workdir/openwrt/package/libs/jansson'
build	Compile debug	2026-09-27T15:41:02.8366960Z time: package/libs/jansson/compile#0.06#0.06#0.12
build	Compile debug	2026-09-27T15:41:02.8797442Z make[3]: Entering directory '/workdir/openwrt/package/libs/libmnl'
build	Compile debug	2026-09-27T15:41:02.9445597Z mkdir -p /workdir/openwrt/staging_dir/target-aarch64_generic_musl/root-armsr/stamp
build	Compile debug	2026-09-27T15:41:02.9481702Z echo '0' | cmp -s - /workdir/openwrt/staging_dir/target-aarch64_generic_musl/pkginfo/libmnl.version || { mkdir -p /workdir/openwrt/staging_dir/target-aarch64_generic_musl/pkginfo; echo '0' > /workdir/openwrt/staging_dir/target-aarch64_generic_musl/pkginfo/libmnl.version;  cp /workdir/openwrt/staging_dir/target-aarch64_generic_musl/pkginfo/libmnl.version /workdir/openwrt/staging_dir/target-aarch64_generic_musl/pkginfo/libmnl-any.version;  } 
build	Compile debug	2026-09-27T15:41:02.9514604Z SHELL= flock /workdir/openwrt/tmp/.root-copy.flock -c 'cp -fpR /workdir/openwrt/build_dir/target-aarch64_generic_musl/libmnl-1.0.5/.pkgdir/libmnl/. /workdir/openwrt/staging_dir/target-aarch64_generic_musl/root-armsr/'
build	Compile debug	2026-09-27T15:41:02.9568492Z touch /workdir/openwrt/staging_dir/target-aarch64_generic_musl/root-armsr/stamp/.libmnl_installed
build	Compile debug	2026-09-27T15:41:02.9595894Z echo "libmnl" >> /workdir/openwrt/staging_dir/target-aarch64_generic_musl/pkginfo/libmnl.default.install
build	Compile debug	2026-09-27T15:41:02.9624128Z make[3]: Leaving directory '/workdir/openwrt/package/libs/libmnl'
build	Compile debug	2026-09-27T15:41:02.9632784Z time: package/libs/libmnl/compile#0.06#0.05#0.12
build	Compile debug	2026-09-27T15:41:03.0058692Z make[3]: Entering directory '/workdir/openwrt/package/libs/libnftnl'
build	Compile debug	2026-09-27T15:41:03.0857024Z mkdir -p /workdir/openwrt/staging_dir/target-aarch64_generic_musl/root-armsr/stamp
build	Compile debug	2026-09-27T15:41:03.0892084Z echo '11' | cmp -s - /workdir/openwrt/staging_dir/target-aarch64_generic_musl/pkginfo/libnftnl.version || { mkdir -p /workdir/openwrt/staging_dir/target-aarch64_generic_musl/pkginfo; echo '11' > /workdir/openwrt/staging_dir/target-aarch64_generic_musl/pkginfo/libnftnl.version;  cp /workdir/openwrt/staging_dir/target-aarch64_generic_musl/pkginfo/libnftnl.version /workdir/openwrt/staging_dir/target-aarch64_generic_musl/pkginfo/libnftnl-any.version;  } 
build	Compile debug	2026-09-27T15:41:03.0923981Z SHELL= flock /workdir/openwrt/tmp/.root-copy.flock -c 'cp -fpR /workdir/openwrt/build_dir/target-aarch64_generic_musl/libnftnl-1.3.1/.pkgdir/libnftnl/. /workdir/openwrt/staging_dir/target-aarch64_generic_musl/root-armsr/'
build	Compile debug	2026-09-27T15:41:03.0982741Z touch /workdir/openwrt/staging_dir/target-aarch64_generic_musl/root-armsr/stamp/.libnftnl_installed
build	Compile debug	2026-09-27T15:41:03.1010310Z echo "libnftnl" >> /workdir/openwrt/staging_dir/target-aarch64_generic_musl/pkginfo/libnftnl.default.install
build	Compile debug	2026-09-27T15:41:03.1037145Z make[3]: Leaving directory '/workdir/openwrt/package/libs/libnftnl'
build	Compile debug	2026-09-27T15:41:03.1046081Z time: package/libs/libnftnl/compile#0.06#0.06#0.13
build	Compile debug	2026-09-27T15:41:03.1474624Z make[3]: Entering directory '/workdir/openwrt/package/network/utils/nftables'
build	Compile debug	2026-09-27T15:41:03.2454453Z mkdir -p /workdir/openwrt/staging_dir/target-aarch64_generic_musl/root-armsr/stamp
build	Compile debug	2026-09-27T15:41:03.2489563Z SHELL= flock /workdir/openwrt/tmp/.root-copy.flock -c 'cp -fpR /workdir/openwrt/build_dir/target-aarch64_generic_musl/nftables-json/nftables-1.1.6/.pkgdir/nftables-json/. /workdir/openwrt/staging_dir/target-aarch64_generic_musl/root-armsr/'
build	Compile debug	2026-09-27T15:41:03.2553431Z touch /workdir/openwrt/staging_dir/target-aarch64_generic_musl/root-armsr/stamp/.nftables-json_installed
build	Compile debug	2026-09-27T15:41:03.2580684Z echo "nftables-json" >> /workdir/openwrt/staging_dir/target-aarch64_generic_musl/pkginfo/nftables.json.install
build	Compile debug	2026-09-27T15:41:03.2610137Z make[3]: Leaving directory '/workdir/openwrt/package/network/utils/nftables'
build	Compile debug	2026-09-27T15:41:03.2619474Z time: package/network/utils/nftables/json/compile#0.07#0.07#0.15
build	Compile debug	2026-09-27T15:41:03.2748772Z make[3]: Entering directory '/workdir/openwrt/package/turboacc/fullconenat-nft'
build	Compile debug	2026-09-27T15:41:03.3874590Z mkdir -p /workdir/openwrt/staging_dir/target-aarch64_generic_musl/root-armsr/stamp
build	Compile debug	2026-09-27T15:41:03.3912219Z SHELL= flock /workdir/openwrt/tmp/.root-copy.flock -c 'cp -fpR /workdir/openwrt/build_dir/target-aarch64_generic_musl/linux-armsr_armv8/fullconenat-nft-2023.05.17~07d93b62/.pkgdir/kmod-nft-fullcone/. /workdir/openwrt/staging_dir/target-aarch64_generic_musl/root-armsr/'
build	Compile debug	2026-09-27T15:41:03.3973362Z touch /workdir/openwrt/staging_dir/target-aarch64_generic_musl/root-armsr/stamp/.kmod-nft-fullcone_installed
build	Compile debug	2026-09-27T15:41:03.4001609Z echo "kmod-nft-fullcone" >> /workdir/openwrt/staging_dir/target-aarch64_generic_musl/pkginfo/fullconenat-nft.default.install
build	Compile debug	2026-09-27T15:41:03.4029904Z make[3]: Leaving directory '/workdir/openwrt/package/turboacc/fullconenat-nft'
build	Compile debug	2026-09-27T15:41:03.4042278Z time: package/turboacc/fullconenat-nft/compile#0.06#0.07#0.13
build	Compile debug	2026-09-27T15:41:03.4173984Z make[3]: Entering directory '/workdir/openwrt/package/network/config/firewall4'
build	Compile debug	2026-09-27T15:41:03.5146476Z mkdir -p /workdir/openwrt/staging_dir/target-aarch64_generic_musl/root-armsr/stamp
build	Compile debug	2026-09-27T15:41:03.5182389Z SHELL= flock /workdir/openwrt/tmp/.root-copy.flock -c 'cp -fpR /workdir/openwrt/build_dir/target-aarch64_generic_musl/firewall4-2025.03.17~b6e51575/.pkgdir/firewall4/. /workdir/openwrt/staging_dir/target-aarch64_generic_musl/root-armsr/'
build	Compile debug	2026-09-27T15:41:03.5280767Z touch /workdir/openwrt/staging_dir/target-aarch64_generic_musl/root-armsr/stamp/.firewall4_installed
build	Compile debug	2026-09-27T15:41:03.5308529Z echo "firewall4" >> /workdir/openwrt/staging_dir/target-aarch64_generic_musl/pkginfo/firewall4.default.install
build	Compile debug	2026-09-27T15:41:03.5337700Z make[3]: Leaving directory '/workdir/openwrt/package/network/config/firewall4'
build	Compile debug	2026-09-27T15:41:03.5347360Z time: package/network/config/firewall4/compile#0.06#0.06#0.12
build	Compile debug	2026-09-27T15:41:03.5770517Z make[3]: Entering directory '/workdir/openwrt/feeds/luci/applications/luci-app-firewall'
build	Compile debug	2026-09-27T15:41:04.0826385Z mkdir -p /workdir/openwrt/staging_dir/target-aarch64_generic_musl/root-armsr/stamp
build	Compile debug	2026-09-27T15:41:04.0862346Z SHELL= flock /workdir/openwrt/tmp/.root-copy.flock -c 'cp -fpR /workdir/openwrt/build_dir/target-aarch64_generic_musl/luci-app-firewall/.pkgdir/luci-app-firewall/. /workdir/openwrt/staging_dir/target-aarch64_generic_musl/root-armsr/'
build	Compile debug	2026-09-27T15:41:04.0919981Z touch /workdir/openwrt/staging_dir/target-aarch64_generic_musl/root-armsr/stamp/.luci-app-firewall_installed
build	Compile debug	2026-09-27T15:41:04.0947601Z echo "luci-app-firewall" >> /workdir/openwrt/staging_dir/target-aarch64_generic_musl/pkginfo/luci-app-firewall.default.install
build	Compile debug	2026-09-27T15:41:04.0974600Z mkdir -p /workdir/openwrt/staging_dir/target-aarch64_generic_musl/root-armsr/stamp
build	Compile debug	2026-09-27T15:41:04.1009114Z SHELL= flock /workdir/openwrt/tmp/.root-copy.flock -c 'cp -fpR /workdir/openwrt/build_dir/target-aarch64_generic_musl/luci-app-firewall/.pkgdir/luci-i18n-firewall-zh-cn/. /workdir/openwrt/staging_dir/target-aarch64_generic_musl/root-armsr/'
build	Compile debug	2026-09-27T15:41:04.1058474Z touch /workdir/openwrt/staging_dir/target-aarch64_generic_musl/root-armsr/stamp/.luci-i18n-firewall-zh-cn_installed
build	Compile debug	2026-09-27T15:41:04.1085564Z echo "luci-i18n-firewall-zh-cn" >> /workdir/openwrt/staging_dir/target-aarch64_generic_musl/pkginfo/luci-app-firewall.default.install
build	Compile debug	2026-09-27T15:41:04.1111375Z make[3]: Leaving directory '/workdir/openwrt/feeds/luci/applications/luci-app-firewall'
build	Compile debug	2026-09-27T15:41:04.1120810Z time: package/feeds/luci/luci-app-firewall/compile#0.19#0.38#0.57
build	Compile debug	2026-09-27T15:41:04.1547950Z make[3]: Entering directory '/workdir/openwrt/feeds/luci/libs/luci-lib-uqr'
build	Compile debug	2026-09-27T15:41:04.3425695Z mkdir -p /workdir/openwrt/staging_dir/target-aarch64_generic_musl/root-armsr/stamp
build	Compile debug	2026-09-27T15:41:04.3462675Z SHELL= flock /workdir/openwrt/tmp/.root-copy.flock -c 'cp -fpR /workdir/openwrt/build_dir/target-aarch64_generic_musl/luci-lib-uqr/.pkgdir/luci-lib-uqr/. /workdir/openwrt/staging_dir/target-aarch64_generic_musl/root-armsr/'
build	Compile debug	2026-09-27T15:41:04.3515075Z touch /workdir/openwrt/staging_dir/target-aarch64_generic_musl/root-armsr/stamp/.luci-lib-uqr_installed
build	Compile debug	2026-09-27T15:41:04.3542166Z echo "luci-lib-uqr" >> /workdir/openwrt/staging_dir/target-aarch64_generic_musl/pkginfo/luci-lib-uqr.default.install
build	Compile debug	2026-09-27T15:41:04.3569524Z make[3]: Leaving directory '/workdir/openwrt/feeds/luci/libs/luci-lib-uqr'
build	Compile debug	2026-09-27T15:41:04.3579043Z time: package/feeds/luci/luci-lib-uqr/compile#0.09#0.14#0.24
build	Compile debug	2026-09-27T15:41:04.4007758Z make[3]: Entering directory '/workdir/openwrt/feeds/luci/modules/luci-mod-network'
build	Compile debug	2026-09-27T15:41:04.5900399Z mkdir -p /workdir/openwrt/staging_dir/target-aarch64_generic_musl/root-armsr/stamp
build	Compile debug	2026-09-27T15:41:04.5935289Z SHELL= flock /workdir/openwrt/tmp/.root-copy.flock -c 'cp -fpR /workdir/openwrt/build_dir/target-aarch64_generic_musl/luci-mod-network/.pkgdir/luci-mod-network/. /workdir/openwrt/staging_dir/target-aarch64_generic_musl/root-armsr/'
build	Compile debug	2026-09-27T15:41:04.6000823Z touch /workdir/openwrt/staging_dir/target-aarch64_generic_musl/root-armsr/stamp/.luci-mod-network_installed
build	Compile debug	2026-09-27T15:41:04.6028250Z echo "luci-mod-network" >> /workdir/openwrt/staging_dir/target-aarch64_generic_musl/pkginfo/luci-mod-network.default.install
build	Compile debug	2026-09-27T15:41:04.6054982Z make[3]: Leaving directory '/workdir/openwrt/feeds/luci/modules/luci-mod-network'
build	Compile debug	2026-09-27T15:41:04.6063800Z time: package/feeds/luci/luci-mod-network/compile#0.09#0.15#0.24
build	Compile debug	2026-09-27T15:41:04.6489362Z make[3]: Entering directory '/workdir/openwrt/feeds/luci/modules/luci-mod-status'
build	Compile debug	2026-09-27T15:41:04.8990784Z mkdir -p /workdir/openwrt/staging_dir/target-aarch64_generic_musl/root-armsr/stamp
build	Compile debug	2026-09-27T15:41:04.9026324Z SHELL= flock /workdir/openwrt/tmp/.root-copy.flock -c 'cp -fpR /workdir/openwrt/build_dir/target-aarch64_generic_musl/luci-mod-status/.pkgdir/luci-mod-status/. /workdir/openwrt/staging_dir/target-aarch64_generic_musl/root-armsr/'
build	Compile debug	2026-09-27T15:41:04.9100518Z touch /workdir/openwrt/staging_dir/target-aarch64_generic_musl/root-armsr/stamp/.luci-mod-status_installed
build	Compile debug	2026-09-27T15:41:04.9128214Z echo "luci-mod-status" >> /workdir/openwrt/staging_dir/target-aarch64_generic_musl/pkginfo/luci-mod-status.default.install
build	Compile debug	2026-09-27T15:41:04.9156065Z make[3]: Leaving directory '/workdir/openwrt/feeds/luci/modules/luci-mod-status'
build	Compile debug	2026-09-27T15:41:04.9166133Z time: package/feeds/luci/luci-mod-status/compile#0.12#0.19#0.30
build	Compile debug	2026-09-27T15:41:04.9582601Z make[3]: Entering directory '/workdir/openwrt/feeds/luci/modules/luci-mod-system'
build	Compile debug	2026-09-27T15:41:05.1473647Z mkdir -p /workdir/openwrt/staging_dir/target-aarch64_generic_musl/root-armsr/stamp
build	Compile debug	2026-09-27T15:41:05.1508511Z SHELL= flock /workdir/openwrt/tmp/.root-copy.flock -c 'cp -fpR /workdir/openwrt/build_dir/target-aarch64_generic_musl/luci-mod-system/.pkgdir/luci-mod-system/. /workdir/openwrt/staging_dir/target-aarch64_generic_musl/root-armsr/'
build	Compile debug	2026-09-27T15:41:05.1574175Z touch /workdir/openwrt/staging_dir/target-aarch64_generic_musl/root-armsr/stamp/.luci-mod-system_installed
build	Compile debug	2026-09-27T15:41:05.1601213Z echo "luci-mod-system" >> /workdir/openwrt/staging_dir/target-aarch64_generic_musl/pkginfo/luci-mod-system.default.install
build	Compile debug	2026-09-27T15:41:05.1627974Z make[3]: Leaving directory '/workdir/openwrt/feeds/luci/modules/luci-mod-system'
build	Compile debug	2026-09-27T15:41:05.1636919Z time: package/feeds/luci/luci-mod-system/compile#0.07#0.16#0.24
build	Compile debug	2026-09-27T15:41:05.2054321Z make[3]: Entering directory '/workdir/openwrt/feeds/luci/modules/luci-mod-admin-full'
build	Compile debug	2026-09-27T15:41:05.5009577Z mkdir -p /workdir/openwrt/staging_dir/target-aarch64_generic_musl/root-armsr/stamp
build	Compile debug	2026-09-27T15:41:05.5044855Z SHELL= flock /workdir/openwrt/tmp/.root-copy.flock -c 'cp -fpR /workdir/openwrt/build_dir/target-aarch64_generic_musl/luci-mod-admin-full/.pkgdir/luci-mod-admin-full/. /workdir/openwrt/staging_dir/target-aarch64_generic_musl/root-armsr/'
build	Compile debug	2026-09-27T15:41:05.5090076Z touch /workdir/openwrt/staging_dir/target-aarch64_generic_musl/root-armsr/stamp/.luci-mod-admin-full_installed
build	Compile debug	2026-09-27T15:41:05.5117542Z echo "luci-mod-admin-full" >> /workdir/openwrt/staging_dir/target-aarch64_generic_musl/pkginfo/luci-mod-admin-full.default.install
build	Compile debug	2026-09-27T15:41:05.5144207Z make[3]: Leaving directory '/workdir/openwrt/feeds/luci/modules/luci-mod-admin-full'
build	Compile debug	2026-09-27T15:41:05.5153219Z time: package/feeds/luci/luci-mod-admin-full/compile#0.18#0.16#0.34
build	Compile debug	2026-09-27T15:41:05.5566744Z make[3]: Entering directory '/workdir/openwrt/feeds/luci/protocols/luci-proto-ppp'
build	Compile debug	2026-09-27T15:41:05.7436383Z mkdir -p /workdir/openwrt/staging_dir/target-aarch64_generic_musl/root-armsr/stamp
build	Compile debug	2026-09-27T15:41:05.7470886Z SHELL= flock /workdir/openwrt/tmp/.root-copy.flock -c 'cp -fpR /workdir/openwrt/build_dir/target-aarch64_generic_musl/luci-proto-ppp/.pkgdir/luci-proto-ppp/. /workdir/openwrt/staging_dir/target-aarch64_generic_musl/root-armsr/'
build	Compile debug	2026-09-27T15:41:05.7528673Z touch /workdir/openwrt/staging_dir/target-aarch64_generic_musl/root-armsr/stamp/.luci-proto-ppp_installed
build	Compile debug	2026-09-27T15:41:05.7554264Z echo "luci-proto-ppp" >> /workdir/openwrt/staging_dir/target-aarch64_generic_musl/pkginfo/luci-proto-ppp.default.install
build	Compile debug	2026-09-27T15:41:05.7580719Z make[3]: Leaving directory '/workdir/openwrt/feeds/luci/protocols/luci-proto-ppp'
build	Compile debug	2026-09-27T15:41:05.7591252Z time: package/feeds/luci/luci-proto-ppp/compile#0.08#0.16#0.23
build	Compile debug	2026-09-27T15:41:05.8005869Z make[3]: Entering directory '/workdir/openwrt/feeds/luci/themes/luci-theme-bootstrap'
build	Compile debug	2026-09-27T15:41:05.9886800Z mkdir -p /workdir/openwrt/staging_dir/target-aarch64_generic_musl/root-armsr/stamp
build	Compile debug	2026-09-27T15:41:05.9921158Z SHELL= flock /workdir/openwrt/tmp/.root-copy.flock -c 'cp -fpR /workdir/openwrt/build_dir/target-aarch64_generic_musl/luci-theme-bootstrap/.pkgdir/luci-theme-bootstrap/. /workdir/openwrt/staging_dir/target-aarch64_generic_musl/root-armsr/'
build	Compile debug	2026-09-27T15:41:05.9982053Z touch /workdir/openwrt/staging_dir/target-aarch64_generic_musl/root-armsr/stamp/.luci-theme-bootstrap_installed
build	Compile debug	2026-09-27T15:41:06.0009918Z echo "luci-theme-bootstrap" >> /workdir/openwrt/staging_dir/target-aarch64_generic_musl/pkginfo/luci-theme-bootstrap.default.install
build	Compile debug	2026-09-27T15:41:06.0035718Z make[3]: Leaving directory '/workdir/openwrt/feeds/luci/themes/luci-theme-bootstrap'
build	Compile debug	2026-09-27T15:41:06.0044331Z time: package/feeds/luci/luci-theme-bootstrap/compile#0.10#0.14#0.24
build	Compile debug	2026-09-27T15:41:06.0457686Z make[3]: Entering directory '/workdir/openwrt/feeds/luci/libs/rpcd-mod-rrdns'
build	Compile debug	2026-09-27T15:41:06.1090530Z mkdir -p /workdir/openwrt/staging_dir/target-aarch64_generic_musl/root-armsr/stamp
build	Compile debug	2026-09-27T15:41:06.1124742Z SHELL= flock /workdir/openwrt/tmp/.root-copy.flock -c 'cp -fpR /workdir/openwrt/build_dir/target-aarch64_generic_musl/rpcd-mod-rrdns-20170710/.pkgdir/rpcd-mod-rrdns/. /workdir/openwrt/staging_dir/target-aarch64_generic_musl/root-armsr/'
build	Compile debug	2026-09-27T15:41:06.1180717Z touch /workdir/openwrt/staging_dir/target-aarch64_generic_musl/root-armsr/stamp/.rpcd-mod-rrdns_installed
build	Compile debug	2026-09-27T15:41:06.1208325Z echo "rpcd-mod-rrdns" >> /workdir/openwrt/staging_dir/target-aarch64_generic_musl/pkginfo/rpcd-mod-rrdns.default.install
build	Compile debug	2026-09-27T15:41:06.1234133Z make[3]: Leaving directory '/workdir/openwrt/feeds/luci/libs/rpcd-mod-rrdns'
build	Compile debug	2026-09-27T15:41:06.1244511Z time: package/feeds/luci/rpcd-mod-rrdns/compile#0.05#0.06#0.11
build	Compile debug	2026-09-27T15:41:06.1668536Z make[3]: Entering directory '/workdir/openwrt/package/libs/openssl'
build	Compile debug	2026-09-27T15:41:06.1669460Z Package/openssl/add-module 1='provider'; 2='legacy'; 3='/usr/lib/ossl-modules' 4=''
build	Compile debug	2026-09-27T15:41:06.1670404Z MOD_TYPE='provider'; MOD_NAME='legacy'; MOD_DIR='/usr/lib/ossl-modules' OSSL_PKG='libopenssl-legacy'
build	Compile debug	2026-09-27T15:41:06.1671156Z Package/openssl/add-module 1='engine'; 2='afalg'; 3='/usr/lib/engines-3' 4=''
build	Compile debug	2026-09-27T15:41:06.1671761Z MOD_TYPE='engine'; MOD_NAME='afalg'; MOD_DIR='/usr/lib/engines-3' OSSL_PKG='libopenssl-afalg'
build	Compile debug	2026-09-27T15:41:06.1672324Z Package/openssl/add-module 1='engine'; 2='devcrypto'; 3='/usr/lib/engines-3' 4=''
build	Compile debug	2026-09-27T15:41:06.1672929Z MOD_TYPE='engine'; MOD_NAME='devcrypto'; MOD_DIR='/usr/lib/engines-3' OSSL_PKG='libopenssl-devcrypto'
build	Compile debug	2026-09-27T15:41:06.1673687Z Package/openssl/add-module 1='engine'; 2='padlock'; 3='/usr/lib/engines-3' 4=''
build	Compile debug	2026-09-27T15:41:06.1674238Z MOD_TYPE='engine'; MOD_NAME='padlock'; MOD_DIR='/usr/lib/engines-3' OSSL_PKG='libopenssl-padlock'
build	Compile debug	2026-09-27T15:41:06.5139983Z mkdir -p /workdir/openwrt/staging_dir/target-aarch64_generic_musl/root-armsr/stamp
build	Compile debug	2026-09-27T15:41:06.5177677Z echo '3' | cmp -s - /workdir/openwrt/staging_dir/target-aarch64_generic_musl/pkginfo/libopenssl.version || { mkdir -p /workdir/openwrt/staging_dir/target-aarch64_generic_musl/pkginfo; echo '3' > /workdir/openwrt/staging_dir/target-aarch64_generic_musl/pkginfo/libopenssl.version;  cp /workdir/openwrt/staging_dir/target-aarch64_generic_musl/pkginfo/libopenssl.version /workdir/openwrt/staging_dir/target-aarch64_generic_musl/pkginfo/libopenssl-any.version;  } 
build	Compile debug	2026-09-27T15:41:06.5210496Z SHELL= flock /workdir/openwrt/tmp/.root-copy.flock -c 'cp -fpR /workdir/openwrt/build_dir/target-aarch64_generic_musl/openssl-3.5.8/.pkgdir/libopenssl/. /workdir/openwrt/staging_dir/target-aarch64_generic_musl/root-armsr/'
build	Compile debug	2026-09-27T15:41:06.5335703Z touch /workdir/openwrt/staging_dir/target-aarch64_generic_musl/root-armsr/stamp/.libopenssl_installed
build	Compile debug	2026-09-27T15:41:06.5363423Z echo "libopenssl" >> /workdir/openwrt/staging_dir/target-aarch64_generic_musl/pkginfo/openssl.default.install
build	Compile debug	2026-09-27T15:41:06.5393738Z mkdir -p /workdir/openwrt/staging_dir/target-aarch64_generic_musl/root-armsr/stamp
build	Compile debug	2026-09-27T15:41:06.5430040Z SHELL= flock /workdir/openwrt/tmp/.root-copy.flock -c 'cp -fpR /workdir/openwrt/build_dir/target-aarch64_generic_musl/openssl-3.5.8/.pkgdir/libopenssl-conf/. /workdir/openwrt/staging_dir/target-aarch64_generic_musl/root-armsr/'
build	Compile debug	2026-09-27T15:41:06.5485606Z touch /workdir/openwrt/staging_dir/target-aarch64_generic_musl/root-armsr/stamp/.libopenssl-conf_installed
build	Compile debug	2026-09-27T15:41:06.5512747Z echo "libopenssl-conf" >> /workdir/openwrt/staging_dir/target-aarch64_generic_musl/pkginfo/openssl.default.install
build	Compile debug	2026-09-27T15:41:06.5539335Z mkdir -p /workdir/openwrt/staging_dir/target-aarch64_generic_musl/root-armsr/stamp
build	Compile debug	2026-09-27T15:41:06.5573602Z SHELL= flock /workdir/openwrt/tmp/.root-copy.flock -c 'cp -fpR /workdir/openwrt/build_dir/target-aarch64_generic_musl/openssl-3.5.8/.pkgdir/libopenssl-legacy/. /workdir/openwrt/staging_dir/target-aarch64_generic_musl/root-armsr/'
build	Compile debug	2026-09-27T15:41:06.5631522Z touch /workdir/openwrt/staging_dir/target-aarch64_generic_musl/root-armsr/stamp/.libopenssl-legacy_installed
build	Compile debug	2026-09-27T15:41:06.5658433Z echo "libopenssl-legacy" >> /workdir/openwrt/staging_dir/target-aarch64_generic_musl/pkginfo/openssl.default.install
build	Compile debug	2026-09-27T15:41:06.5683964Z mkdir -p /workdir/openwrt/staging_dir/target-aarch64_generic_musl/root-armsr/stamp
build	Compile debug	2026-09-27T15:41:06.5717369Z SHELL= flock /workdir/openwrt/tmp/.root-copy.flock -c 'cp -fpR /workdir/openwrt/build_dir/target-aarch64_generic_musl/openssl-3.5.8/.pkgdir/openssl-util/. /workdir/openwrt/staging_dir/target-aarch64_generic_musl/root-armsr/'
build	Compile debug	2026-09-27T15:41:06.5780545Z touch /workdir/openwrt/staging_dir/target-aarch64_generic_musl/root-armsr/stamp/.openssl-util_installed
build	Compile debug	2026-09-27T15:41:06.5807648Z echo "openssl-util" >> /workdir/openwrt/staging_dir/target-aarch64_generic_musl/pkginfo/openssl.default.install
build	Compile debug	2026-09-27T15:41:06.5833102Z make[3]: Leaving directory '/workdir/openwrt/package/libs/openssl'
build	Compile debug	2026-09-27T15:41:06.5842434Z time: package/libs/openssl/compile#0.10#0.18#0.45
build	Compile debug	2026-09-27T15:41:06.5974674Z make[3]: Entering directory '/workdir/openwrt/package/libs/ustream-ssl'
build	Compile debug	2026-09-27T15:41:06.6955849Z mkdir -p /workdir/openwrt/staging_dir/target-aarch64_generic_musl/root-armsr/stamp
build	Compile debug	2026-09-27T15:41:06.6989952Z echo '20201210' | cmp -s - /workdir/openwrt/staging_dir/target-aarch64_generic_musl/pkginfo/libustream-openssl.version || { mkdir -p /workdir/openwrt/staging_dir/target-aarch64_generic_musl/pkginfo; echo '20201210' > /workdir/openwrt/staging_dir/target-aarch64_generic_musl/pkginfo/libustream-openssl.version;  cp /workdir/openwrt/staging_dir/target-aarch64_generic_musl/pkginfo/libustream-openssl.version /workdir/openwrt/staging_dir/target-aarch64_generic_musl/pkginfo/libustream-openssl-any.version;  } 
build	Compile debug	2026-09-27T15:41:06.7021775Z SHELL= flock /workdir/openwrt/tmp/.root-copy.flock -c 'cp -fpR /workdir/openwrt/build_dir/target-aarch64_generic_musl/ustream-ssl-openssl/ustream-ssl-2026.03.01~99f1c0db/.pkgdir/libustream-openssl/. /workdir/openwrt/staging_dir/target-aarch64_generic_musl/root-armsr/'
build	Compile debug	2026-09-27T15:41:06.7082691Z touch /workdir/openwrt/staging_dir/target-aarch64_generic_musl/root-armsr/stamp/.libustream-openssl_installed
build	Compile debug	2026-09-27T15:41:06.7110290Z echo "libustream-openssl" >> /workdir/openwrt/staging_dir/target-aarch64_generic_musl/pkginfo/ustream-ssl.openssl.install
build	Compile debug	2026-09-27T15:41:06.7136523Z make[3]: Leaving directory '/workdir/openwrt/package/libs/ustream-ssl'
build	Compile debug	2026-09-27T15:41:06.7145604Z time: package/libs/ustream-ssl/openssl/compile#0.06#0.06#0.12
build	Compile debug	2026-09-27T15:41:06.7272762Z make[3]: Entering directory '/workdir/openwrt/package/network/services/uhttpd'
build	Compile debug	2026-09-27T15:41:06.8379390Z mkdir -p /workdir/openwrt/staging_dir/target-aarch64_generic_musl/root-armsr/stamp
build	Compile debug	2026-09-27T15:41:06.8412948Z SHELL= flock /workdir/openwrt/tmp/.root-copy.flock -c 'cp -fpR /workdir/openwrt/build_dir/target-aarch64_generic_musl/uhttpd-2026.08.03~60f64bec/.pkgdir/uhttpd/. /workdir/openwrt/staging_dir/target-aarch64_generic_musl/root-armsr/'
build	Compile debug	2026-09-27T15:41:06.8478242Z touch /workdir/openwrt/staging_dir/target-aarch64_generic_musl/root-armsr/stamp/.uhttpd_installed
build	Compile debug	2026-09-27T15:41:06.8505246Z echo "uhttpd" >> /workdir/openwrt/staging_dir/target-aarch64_generic_musl/pkginfo/uhttpd.default.install
build	Compile debug	2026-09-27T15:41:06.8531896Z mkdir -p /workdir/openwrt/staging_dir/target-aarch64_generic_musl/root-armsr/stamp
build	Compile debug	2026-09-27T15:41:06.8565805Z SHELL= flock /workdir/openwrt/tmp/.root-copy.flock -c 'cp -fpR /workdir/openwrt/build_dir/target-aarch64_generic_musl/uhttpd-2026.08.03~60f64bec/.pkgdir/uhttpd-mod-ubus/. /workdir/openwrt/staging_dir/target-aarch64_generic_musl/root-armsr/'
build	Compile debug	2026-09-27T15:41:06.8623395Z touch /workdir/openwrt/staging_dir/target-aarch64_generic_musl/root-armsr/stamp/.uhttpd-mod-ubus_installed
build	Compile debug	2026-09-27T15:41:06.8650422Z echo "uhttpd-mod-ubus" >> /workdir/openwrt/staging_dir/target-aarch64_generic_musl/pkginfo/uhttpd.default.install
build	Compile debug	2026-09-27T15:41:06.8675701Z make[3]: Leaving directory '/workdir/openwrt/package/network/services/uhttpd'
build	Compile debug	2026-09-27T15:41:06.8684538Z time: package/network/services/uhttpd/compile#0.07#0.07#0.14
build	Compile debug	2026-09-27T15:41:06.9096696Z make[3]: Entering directory '/workdir/openwrt/feeds/luci/protocols/luci-proto-ipv6'
build	Compile debug	2026-09-27T15:41:07.0957494Z mkdir -p /workdir/openwrt/staging_dir/target-aarch64_generic_musl/root-armsr/stamp
build	Compile debug	2026-09-27T15:41:07.0991916Z SHELL= flock /workdir/openwrt/tmp/.root-copy.flock -c 'cp -fpR /workdir/openwrt/build_dir/target-aarch64_generic_musl/luci-proto-ipv6/.pkgdir/luci-proto-ipv6/. /workdir/openwrt/staging_dir/target-aarch64_generic_musl/root-armsr/'
build	Compile debug	2026-09-27T15:41:07.1049779Z touch /workdir/openwrt/staging_dir/target-aarch64_generic_musl/root-armsr/stamp/.luci-proto-ipv6_installed
build	Compile debug	2026-09-27T15:41:07.1077217Z echo "luci-proto-ipv6" >> /workdir/openwrt/staging_dir/target-aarch64_generic_musl/pkginfo/luci-proto-ipv6.default.install
build	Compile debug	2026-09-27T15:41:07.1102511Z make[3]: Leaving directory '/workdir/openwrt/feeds/luci/protocols/luci-proto-ipv6'
build	Compile debug	2026-09-27T15:41:07.1111560Z time: package/feeds/luci/luci-proto-ipv6/compile#0.08#0.15#0.23
build	Compile debug	2026-09-27T15:41:07.1523361Z make[3]: Entering directory '/workdir/openwrt/feeds/luci/collections/luci-light'
build	Compile debug	2026-09-27T15:41:07.4431636Z mkdir -p /workdir/openwrt/staging_dir/target-aarch64_generic_musl/root-armsr/stamp
build	Compile debug	2026-09-27T15:41:07.4466398Z SHELL= flock /workdir/openwrt/tmp/.root-copy.flock -c 'cp -fpR /workdir/openwrt/build_dir/target-aarch64_generic_musl/luci-light/.pkgdir/luci-light/. /workdir/openwrt/staging_dir/target-aarch64_generic_musl/root-armsr/'
build	Compile debug	2026-09-27T15:41:07.4510696Z touch /workdir/openwrt/staging_dir/target-aarch64_generic_musl/root-armsr/stamp/.luci-light_installed
build	Compile debug	2026-09-27T15:41:07.4538496Z echo "luci-light" >> /workdir/openwrt/staging_dir/target-aarch64_generic_musl/pkginfo/luci-light.default.install
build	Compile debug	2026-09-27T15:41:07.4563881Z make[3]: Leaving directory '/workdir/openwrt/feeds/luci/collections/luci-light'
build	Compile debug	2026-09-27T15:41:07.4572193Z time: package/feeds/luci/luci-light/compile#0.16#0.18#0.34
build	Compile debug	2026-09-27T15:41:07.4992126Z make[3]: Entering directory '/workdir/openwrt/feeds/luci/collections/luci'
build	Compile debug	2026-09-27T15:41:07.7893173Z mkdir -p /workdir/openwrt/staging_dir/target-aarch64_generic_musl/root-armsr/stamp
build	Compile debug	2026-09-27T15:41:07.7927098Z SHELL= flock /workdir/openwrt/tmp/.root-copy.flock -c 'cp -fpR /workdir/openwrt/build_dir/target-aarch64_generic_musl/luci/.pkgdir/luci/. /workdir/openwrt/staging_dir/target-aarch64_generic_musl/root-armsr/'
build	Compile debug	2026-09-27T15:41:07.7971870Z touch /workdir/openwrt/staging_dir/target-aarch64_generic_musl/root-armsr/stamp/.luci_installed
build	Compile debug	2026-09-27T15:41:07.7998331Z echo "luci" >> /workdir/openwrt/staging_dir/target-aarch64_generic_musl/pkginfo/luci.default.install
build	Compile debug	2026-09-27T15:41:07.8023533Z make[3]: Leaving directory '/workdir/openwrt/feeds/luci/collections/luci'
build	Compile debug	2026-09-27T15:41:07.8033068Z time: package/feeds/luci/luci/compile#0.15#0.18#0.34
build	Compile debug	2026-09-27T15:41:07.8452390Z make[3]: Entering directory '/workdir/openwrt/package/emortal/default-settings'
build	Compile debug	2026-09-27T15:41:08.0062187Z mkdir -p /workdir/openwrt/staging_dir/target-aarch64_generic_musl/root-armsr/stamp
build	Compile debug	2026-09-27T15:41:08.0096727Z SHELL= flock /workdir/openwrt/tmp/.root-copy.flock -c 'cp -fpR /workdir/openwrt/build_dir/target-aarch64_generic_musl/default-settings/.pkgdir/default-settings/. /workdir/openwrt/staging_dir/target-aarch64_generic_musl/root-armsr/'
build	Compile debug	2026-09-27T15:41:08.0142938Z touch /workdir/openwrt/staging_dir/target-aarch64_generic_musl/root-armsr/stamp/.default-settings_installed
build	Compile debug	2026-09-27T15:41:08.0170253Z echo "default-settings" >> /workdir/openwrt/staging_dir/target-aarch64_generic_musl/pkginfo/default-settings.default.install
build	Compile debug	2026-09-27T15:41:08.0196876Z mkdir -p /workdir/openwrt/staging_dir/target-aarch64_generic_musl/root-armsr/stamp
build	Compile debug	2026-09-27T15:41:08.0230613Z SHELL= flock /workdir/openwrt/tmp/.root-copy.flock -c 'cp -fpR /workdir/openwrt/build_dir/target-aarch64_generic_musl/default-settings/.pkgdir/default-settings-chn/. /workdir/openwrt/staging_dir/target-aarch64_generic_musl/root-armsr/'
build	Compile debug	2026-09-27T15:41:08.0278422Z touch /workdir/openwrt/staging_dir/target-aarch64_generic_musl/root-armsr/stamp/.default-settings-chn_installed
build	Compile debug	2026-09-27T15:41:08.0305468Z echo "default-settings-chn" >> /workdir/openwrt/staging_dir/target-aarch64_generic_musl/pkginfo/default-settings.default.install
build	Compile debug	2026-09-27T15:41:08.0330796Z make[3]: Leaving directory '/workdir/openwrt/package/emortal/default-settings'
build	Compile debug	2026-09-27T15:41:08.0339118Z time: package/emortal/default-settings/compile#0.14#0.08#0.22
build	Compile debug	2026-09-27T15:41:08.0755285Z make[3]: Entering directory '/workdir/openwrt/feeds/packages/utils/attr'
build	Compile debug	2026-09-27T15:41:08.1413469Z mkdir -p /workdir/openwrt/staging_dir/target-aarch64_generic_musl/root-armsr/stamp
build	Compile debug	2026-09-27T15:41:08.1447400Z SHELL= flock /workdir/openwrt/tmp/.root-copy.flock -c 'cp -fpR /workdir/openwrt/build_dir/target-aarch64_generic_musl/attr-2.5.2/.pkgdir/attr/. /workdir/openwrt/staging_dir/target-aarch64_generic_musl/root-armsr/'
build	Compile debug	2026-09-27T15:41:08.1500664Z touch /workdir/openwrt/staging_dir/target-aarch64_generic_musl/root-armsr/stamp/.attr_installed
build	Compile debug	2026-09-27T15:41:08.1527290Z echo "attr" >> /workdir/openwrt/staging_dir/target-aarch64_generic_musl/pkginfo/attr.default.install
build	Compile debug	2026-09-27T15:41:08.1553450Z mkdir -p /workdir/openwrt/staging_dir/target-aarch64_generic_musl/root-armsr/stamp
build	Compile debug	2026-09-27T15:41:08.1587115Z SHELL= flock /workdir/openwrt/tmp/.root-copy.flock -c 'cp -fpR /workdir/openwrt/build_dir/target-aarch64_generic_musl/attr-2.5.2/.pkgdir/libattr/. /workdir/openwrt/staging_dir/target-aarch64_generic_musl/root-armsr/'
build	Compile debug	2026-09-27T15:41:08.1638544Z touch /workdir/openwrt/staging_dir/target-aarch64_generic_musl/root-armsr/stamp/.libattr_installed
build	Compile debug	2026-09-27T15:41:08.1665668Z echo "libattr" >> /workdir/openwrt/staging_dir/target-aarch64_generic_musl/pkginfo/attr.default.install
build	Compile debug	2026-09-27T15:41:08.1690462Z make[3]: Leaving directory '/workdir/openwrt/feeds/packages/utils/attr'
build	Compile debug	2026-09-27T15:41:08.1699023Z time: package/feeds/packages/attr/compile#0.06#0.06#0.13
build	Compile debug	2026-09-27T15:41:08.2112483Z make[3]: Entering directory '/workdir/openwrt/feeds/packages/utils/acl'
build	Compile debug	2026-09-27T15:41:08.2801535Z make[3]: Leaving directory '/workdir/openwrt/feeds/packages/utils/acl'
build	Compile debug	2026-09-27T15:41:08.2808723Z time: package/feeds/packages/acl/compile#0.05#0.04#0.10
build	Compile debug	2026-09-27T15:41:08.3228354Z make[3]: Entering directory '/workdir/openwrt/feeds/packages/libs/lzo'
build	Compile debug	2026-09-27T15:41:08.3941227Z mkdir -p /workdir/openwrt/staging_dir/target-aarch64_generic_musl/root-armsr/stamp
build	Compile debug	2026-09-27T15:41:08.3975293Z echo '2' | cmp -s - /workdir/openwrt/staging_dir/target-aarch64_generic_musl/pkginfo/liblzo.version || { mkdir -p /workdir/openwrt/staging_dir/target-aarch64_generic_musl/pkginfo; echo '2' > /workdir/openwrt/staging_dir/target-aarch64_generic_musl/pkginfo/liblzo.version;  cp /workdir/openwrt/staging_dir/target-aarch64_generic_musl/pkginfo/liblzo.version /workdir/openwrt/staging_dir/target-aarch64_generic_musl/pkginfo/liblzo-any.version;  } 
build	Compile debug	2026-09-27T15:41:08.4008372Z SHELL= flock /workdir/openwrt/tmp/.root-copy.flock -c 'cp -fpR /workdir/openwrt/build_dir/target-aarch64_generic_musl/lzo-2.10/.pkgdir/liblzo/. /workdir/openwrt/staging_dir/target-aarch64_generic_musl/root-armsr/'
build	Compile debug	2026-09-27T15:41:08.4061043Z touch /workdir/openwrt/staging_dir/target-aarch64_generic_musl/root-armsr/stamp/.liblzo_installed
build	Compile debug	2026-09-27T15:41:08.4087896Z echo "liblzo" >> /workdir/openwrt/staging_dir/target-aarch64_generic_musl/pkginfo/lzo.default.install
build	Compile debug	2026-09-27T15:41:08.4114116Z make[3]: Leaving directory '/workdir/openwrt/feeds/packages/libs/lzo'
build	Compile debug	2026-09-27T15:41:08.4122797Z time: package/feeds/packages/lzo/compile#0.07#0.05#0.12
build	Compile debug	2026-09-27T15:41:08.4552706Z make[3]: Entering directory '/workdir/openwrt/feeds/packages/utils/zstd'
build	Compile debug	2026-09-27T15:41:08.5306782Z mkdir -p /workdir/openwrt/staging_dir/target-aarch64_generic_musl/root-armsr/stamp
build	Compile debug	2026-09-27T15:41:08.5340539Z SHELL= flock /workdir/openwrt/tmp/.root-copy.flock -c 'cp -fpR /workdir/openwrt/build_dir/target-aarch64_generic_musl/zstd-1.5.7/.pkgdir/libzstd/. /workdir/openwrt/staging_dir/target-aarch64_generic_musl/root-armsr/'
build	Compile debug	2026-09-27T15:41:08.5402016Z touch /workdir/openwrt/staging_dir/target-aarch64_generic_musl/root-armsr/stamp/.libzstd_installed
build	Compile debug	2026-09-27T15:41:08.5429285Z echo "libzstd" >> /workdir/openwrt/staging_dir/target-aarch64_generic_musl/pkginfo/zstd.default.install
build	Compile debug	2026-09-27T15:41:08.5455816Z make[3]: Leaving directory '/workdir/openwrt/feeds/packages/utils/zstd'
build	Compile debug	2026-09-27T15:41:08.5464314Z time: package/feeds/packages/zstd/compile#0.06#0.06#0.12
build	Compile debug	2026-09-27T15:41:08.5870258Z make[3]: Entering directory '/workdir/openwrt/feeds/packages/utils/btrfs-progs'
build	Compile debug	2026-09-27T15:41:08.6804113Z mkdir -p /workdir/openwrt/staging_dir/target-aarch64_generic_musl/root-armsr/stamp
build	Compile debug	2026-09-27T15:41:08.6843815Z SHELL= flock /workdir/openwrt/tmp/.root-copy.flock -c 'cp -fpR /workdir/openwrt/build_dir/target-aarch64_generic_musl/btrfs-progs-v6.11/.pkgdir/btrfs-progs/. /workdir/openwrt/staging_dir/target-aarch64_generic_musl/root-armsr/'
build	Compile debug	2026-09-27T15:41:08.6942056Z touch /workdir/openwrt/staging_dir/target-aarch64_generic_musl/root-armsr/stamp/.btrfs-progs_installed
build	Compile debug	2026-09-27T15:41:08.6969842Z echo "btrfs-progs" >> /workdir/openwrt/staging_dir/target-aarch64_generic_musl/pkginfo/btrfs-progs.default.install
build	Compile debug	2026-09-27T15:41:08.7000789Z make[3]: Leaving directory '/workdir/openwrt/feeds/packages/utils/btrfs-progs'
build	Compile debug	2026-09-27T15:41:08.7009685Z time: package/feeds/packages/btrfs-progs/compile#0.06#0.07#0.14
build	Compile debug	2026-09-27T15:41:08.7018222Z make[2]: Circular package/feeds/packages/containerd/compile <- package/feeds/packages/dockerd/compile dependency dropped.
build	Compile debug	2026-09-27T15:41:08.7446786Z make[3]: Entering directory '/workdir/openwrt/feeds/packages/lang/golang/golang-bootstrap'
build	Compile debug	2026-09-27T15:41:09.7304068Z make[3]: Leaving directory '/workdir/openwrt/feeds/packages/lang/golang/golang-bootstrap'
build	Compile debug	2026-09-27T15:41:09.7312462Z time: package/feeds/packages/golang-bootstrap/host-compile#0.30#0.57#1.02
build	Compile debug	2026-09-27T15:41:09.7752156Z make[3]: Entering directory '/workdir/openwrt/feeds/packages/lang/golang/golang1.27'
build	Compile debug	2026-09-27T15:41:10.1960307Z make[3]: Leaving directory '/workdir/openwrt/feeds/packages/lang/golang/golang1.27'
build	Compile debug	2026-09-27T15:41:10.1968123Z time: package/feeds/packages/golang1.27/host-compile#0.23#0.19#0.46
build	Compile debug	2026-09-27T15:41:10.2385883Z make[3]: Entering directory '/workdir/openwrt/feeds/packages/lang/golang/golang'
build	Compile debug	2026-09-27T15:41:10.2952116Z make[3]: Leaving directory '/workdir/openwrt/feeds/packages/lang/golang/golang'
build	Compile debug	2026-09-27T15:41:10.2960284Z time: package/feeds/packages/golang/host-compile#0.05#0.04#0.09
build	Compile debug	2026-09-27T15:41:10.3385237Z make[3]: Entering directory '/workdir/openwrt/package/devel/gperf'
build	Compile debug	2026-09-27T15:41:10.4339209Z make[3]: Leaving directory '/workdir/openwrt/package/devel/gperf'
build	Compile debug	2026-09-27T15:41:10.4347025Z time: package/devel/gperf/host-compile#0.06#0.06#0.13
build	Compile debug	2026-09-27T15:41:10.4765306Z make[3]: Entering directory '/workdir/openwrt/feeds/packages/libs/libseccomp'
build	Compile debug	2026-09-27T15:41:10.5479219Z mkdir -p /workdir/openwrt/staging_dir/target-aarch64_generic_musl/root-armsr/stamp
build	Compile debug	2026-09-27T15:41:10.5513576Z SHELL= flock /workdir/openwrt/tmp/.root-copy.flock -c 'cp -fpR /workdir/openwrt/build_dir/target-aarch64_generic_musl/libseccomp-2.5.5/.pkgdir/libseccomp/. /workdir/openwrt/staging_dir/target-aarch64_generic_musl/root-armsr/'
build	Compile debug	2026-09-27T15:41:10.5568123Z touch /workdir/openwrt/staging_dir/target-aarch64_generic_musl/root-armsr/stamp/.libseccomp_installed
build	Compile debug	2026-09-27T15:41:10.5595347Z echo "libseccomp" >> /workdir/openwrt/staging_dir/target-aarch64_generic_musl/pkginfo/libseccomp.default.install
build	Compile debug	2026-09-27T15:41:10.5621096Z make[3]: Leaving directory '/workdir/openwrt/feeds/packages/libs/libseccomp'
build	Compile debug	2026-09-27T15:41:10.5629087Z time: package/feeds/packages/libseccomp/compile#0.05#0.07#0.12
build	Compile debug	2026-09-27T15:41:10.6053115Z make[3]: Entering directory '/workdir/openwrt/feeds/packages/utils/runc'
build	Compile debug	2026-09-27T15:41:10.7031545Z mkdir -p /workdir/openwrt/staging_dir/target-aarch64_generic_musl/root-armsr/stamp
build	Compile debug	2026-09-27T15:41:10.7066934Z SHELL= flock /workdir/openwrt/tmp/.root-copy.flock -c 'cp -fpR /workdir/openwrt/build_dir/target-aarch64_generic_musl/runc-1.5.1/.pkgdir/runc/. /workdir/openwrt/staging_dir/target-aarch64_generic_musl/root-armsr/'
build	Compile debug	2026-09-27T15:41:10.7249305Z touch /workdir/openwrt/staging_dir/target-aarch64_generic_musl/root-armsr/stamp/.runc_installed
build	Compile debug	2026-09-27T15:41:10.7279637Z echo "runc" >> /workdir/openwrt/staging_dir/target-aarch64_generic_musl/pkginfo/runc.default.install
build	Compile debug	2026-09-27T15:41:10.7312980Z make[3]: Leaving directory '/workdir/openwrt/feeds/packages/utils/runc'
build	Compile debug	2026-09-27T15:41:10.7322111Z time: package/feeds/packages/runc/compile#0.06#0.09#0.16
build	Compile debug	2026-09-27T15:41:10.7763184Z make[3]: Entering directory '/workdir/openwrt/feeds/packages/utils/containerd'
build	Compile debug	2026-09-27T15:41:11.0047974Z mkdir -p /workdir/openwrt/staging_dir/target-aarch64_generic_musl/root-armsr/stamp
build	Compile debug	2026-09-27T15:41:11.0082042Z SHELL= flock /workdir/openwrt/tmp/.root-copy.flock -c 'cp -fpR /workdir/openwrt/build_dir/target-aarch64_generic_musl/containerd-2.3.5/.pkgdir/containerd/. /workdir/openwrt/staging_dir/target-aarch64_generic_musl/root-armsr/'
build	Compile debug	2026-09-27T15:41:11.0875770Z touch /workdir/openwrt/staging_dir/target-aarch64_generic_musl/root-armsr/stamp/.containerd_installed
build	Compile debug	2026-09-27T15:41:11.0904523Z echo "containerd" >> /workdir/openwrt/staging_dir/target-aarch64_generic_musl/pkginfo/containerd.default.install
build	Compile debug	2026-09-27T15:41:11.0936223Z make[3]: Leaving directory '/workdir/openwrt/feeds/packages/utils/containerd'
build	Compile debug	2026-09-27T15:41:11.0945215Z time: package/feeds/packages/containerd/compile#0.11#0.18#0.35
build	Compile debug	2026-09-27T15:41:11.0954106Z make[2]: Circular package/feeds/packages/tini/compile <- package/feeds/packages/dockerd/compile dependency dropped.
build	Compile debug	2026-09-27T15:41:11.1367163Z make[3]: Entering directory '/workdir/openwrt/feeds/packages/utils/tini'
build	Compile debug	2026-09-27T15:41:11.1996644Z mkdir -p /workdir/openwrt/staging_dir/target-aarch64_generic_musl/root-armsr/stamp
build	Compile debug	2026-09-27T15:41:11.2029647Z SHELL= flock /workdir/openwrt/tmp/.root-copy.flock -c 'cp -fpR /workdir/openwrt/build_dir/target-aarch64_generic_musl/tini-0.19.0/.pkgdir/tini/. /workdir/openwrt/staging_dir/target-aarch64_generic_musl/root-armsr/'
build	Compile debug	2026-09-27T15:41:11.2086544Z touch /workdir/openwrt/staging_dir/target-aarch64_generic_musl/root-armsr/stamp/.tini_installed
build	Compile debug	2026-09-27T15:41:11.2113378Z echo "tini" >> /workdir/openwrt/staging_dir/target-aarch64_generic_musl/pkginfo/tini.default.install
build	Compile debug	2026-09-27T15:41:11.2140386Z make[3]: Leaving directory '/workdir/openwrt/feeds/packages/utils/tini'
build	Compile debug	2026-09-27T15:41:11.2148344Z time: package/feeds/packages/tini/compile#0.05#0.05#0.11
build	Compile debug	2026-09-27T15:41:11.2563366Z make[3]: Entering directory '/workdir/openwrt/package/system/ca-certificates'
build	Compile debug	2026-09-27T15:41:11.3246765Z mkdir -p /workdir/openwrt/staging_dir/target-aarch64_generic_musl/root-armsr/stamp
build	Compile debug	2026-09-27T15:41:11.3280237Z SHELL= flock /workdir/openwrt/tmp/.root-copy.flock -c 'cp -fpR /workdir/openwrt/build_dir/target-aarch64_generic_musl/ca-certificates-20260816/.pkgdir/ca-bundle/. /workdir/openwrt/staging_dir/target-aarch64_generic_musl/root-armsr/'
build	Compile debug	2026-09-27T15:41:11.3337197Z touch /workdir/openwrt/staging_dir/target-aarch64_generic_musl/root-armsr/stamp/.ca-bundle_installed
build	Compile debug	2026-09-27T15:41:11.3363905Z echo "ca-bundle" >> /workdir/openwrt/staging_dir/target-aarch64_generic_musl/pkginfo/ca-certificates.default.install
build	Compile debug	2026-09-27T15:41:11.3390168Z mkdir -p /workdir/openwrt/staging_dir/target-aarch64_generic_musl/root-armsr/stamp
build	Compile debug	2026-09-27T15:41:11.3423427Z SHELL= flock /workdir/openwrt/tmp/.root-copy.flock -c 'cp -fpR /workdir/openwrt/build_dir/target-aarch64_generic_musl/ca-certificates-20260816/.pkgdir/ca-certificates/. /workdir/openwrt/staging_dir/target-aarch64_generic_musl/root-armsr/'
build	Compile debug	2026-09-27T15:41:11.3670658Z touch /workdir/openwrt/staging_dir/target-aarch64_generic_musl/root-armsr/stamp/.ca-certificates_installed
build	Compile debug	2026-09-27T15:41:11.3698928Z echo "ca-certificates" >> /workdir/openwrt/staging_dir/target-aarch64_generic_musl/pkginfo/ca-certificates.default.install
build	Compile debug	2026-09-27T15:41:11.3727344Z make[3]: Leaving directory '/workdir/openwrt/package/system/ca-certificates'
build	Compile debug	2026-09-27T15:41:11.3736312Z time: package/system/ca-certificates/compile#0.06#0.08#0.15
build	Compile debug	2026-09-27T15:41:11.4154309Z make[3]: Entering directory '/workdir/openwrt/feeds/packages/utils/dockerd'
build	Compile debug	2026-09-27T15:41:11.7487517Z mkdir -p /workdir/openwrt/staging_dir/target-aarch64_generic_musl/root-armsr/stamp
build	Compile debug	2026-09-27T15:41:11.7522192Z SHELL= flock /workdir/openwrt/tmp/.root-copy.flock -c 'cp -fpR /workdir/openwrt/build_dir/target-aarch64_generic_musl/dockerd-29.8.1/.pkgdir/dockerd/. /workdir/openwrt/staging_dir/target-aarch64_generic_musl/root-armsr/'
build	Compile debug	2026-09-27T15:41:11.8507725Z touch /workdir/openwrt/staging_dir/target-aarch64_generic_musl/root-armsr/stamp/.dockerd_installed
build	Compile debug	2026-09-27T15:41:11.8539357Z echo "dockerd" >> /workdir/openwrt/staging_dir/target-aarch64_generic_musl/pkginfo/dockerd.default.install
build	Compile debug	2026-09-27T15:41:11.8571068Z make[3]: Leaving directory '/workdir/openwrt/feeds/packages/utils/dockerd'
build	Compile debug	2026-09-27T15:41:11.8581869Z time: package/feeds/packages/dockerd/compile#0.18#0.24#0.47
build	Compile debug	2026-09-27T15:41:11.9062151Z make[3]: Entering directory '/workdir/openwrt/feeds/packages/utils/docker'
build	Compile debug	2026-09-27T15:41:12.0391086Z mkdir -p /workdir/openwrt/staging_dir/target-aarch64_generic_musl/root-armsr/stamp
build	Compile debug	2026-09-27T15:41:12.0426325Z SHELL= flock /workdir/openwrt/tmp/.root-copy.flock -c 'cp -fpR /workdir/openwrt/build_dir/target-aarch64_generic_musl/docker-29.8.1/.pkgdir/docker/. /workdir/openwrt/staging_dir/target-aarch64_generic_musl/root-armsr/'
build	Compile debug	2026-09-27T15:41:12.0549219Z touch /workdir/openwrt/staging_dir/target-aarch64_generic_musl/root-armsr/stamp/.docker_installed
build	Compile debug	2026-09-27T15:41:12.0577608Z echo "docker" >> /workdir/openwrt/staging_dir/target-aarch64_generic_musl/pkginfo/docker.default.install
build	Compile debug	2026-09-27T15:41:12.0606562Z make[3]: Leaving directory '/workdir/openwrt/feeds/packages/utils/docker'
build	Compile debug	2026-09-27T15:41:12.0615474Z time: package/feeds/packages/docker/compile#0.09#0.10#0.19
build	Compile debug	2026-09-27T15:41:12.1045712Z make[3]: Entering directory '/workdir/openwrt/feeds/packages/utils/docker-compose'
build	Compile debug	2026-09-27T15:41:12.1757082Z mkdir -p /workdir/openwrt/staging_dir/target-aarch64_generic_musl/root-armsr/stamp
build	Compile debug	2026-09-27T15:41:12.1792564Z SHELL= flock /workdir/openwrt/tmp/.root-copy.flock -c 'cp -fpR /workdir/openwrt/build_dir/target-aarch64_generic_musl/compose-5.5.0/.pkgdir/docker-compose/. /workdir/openwrt/staging_dir/target-aarch64_generic_musl/root-armsr/'
build	Compile debug	2026-09-27T15:41:12.1946816Z touch /workdir/openwrt/staging_dir/target-aarch64_generic_musl/root-armsr/stamp/.docker-compose_installed
build	Compile debug	2026-09-27T15:41:12.1977171Z echo "docker-compose" >> /workdir/openwrt/staging_dir/target-aarch64_generic_musl/pkginfo/docker-compose.default.install
build	Compile debug	2026-09-27T15:41:12.2007956Z make[3]: Leaving directory '/workdir/openwrt/feeds/packages/utils/docker-compose'
build	Compile debug	2026-09-27T15:41:12.2016715Z time: package/feeds/packages/docker-compose/compile#0.07#0.06#0.13
build	Compile debug	2026-09-27T15:41:12.2454868Z make[3]: Entering directory '/workdir/openwrt/feeds/packages/libs/libuv'
build	Compile debug	2026-09-27T15:41:12.3193932Z mkdir -p /workdir/openwrt/staging_dir/target-aarch64_generic_musl/root-armsr/stamp
build	Compile debug	2026-09-27T15:41:12.3229619Z echo '1' | cmp -s - /workdir/openwrt/staging_dir/target-aarch64_generic_musl/pkginfo/libuv.version || { mkdir -p /workdir/openwrt/staging_dir/target-aarch64_generic_musl/pkginfo; echo '1' > /workdir/openwrt/staging_dir/target-aarch64_generic_musl/pkginfo/libuv.version;  cp /workdir/openwrt/staging_dir/target-aarch64_generic_musl/pkginfo/libuv.version /workdir/openwrt/staging_dir/target-aarch64_generic_musl/pkginfo/libuv-any.version;  } 
build	Compile debug	2026-09-27T15:41:12.3261685Z SHELL= flock /workdir/openwrt/tmp/.root-copy.flock -c 'cp -fpR /workdir/openwrt/build_dir/target-aarch64_generic_musl/libuv-v1.48.0/.pkgdir/libuv/. /workdir/openwrt/staging_dir/target-aarch64_generic_musl/root-armsr/'
build	Compile debug	2026-09-27T15:41:12.3318159Z touch /workdir/openwrt/staging_dir/target-aarch64_generic_musl/root-armsr/stamp/.libuv_installed
build	Compile debug	2026-09-27T15:41:12.3345078Z echo "libuv" >> /workdir/openwrt/staging_dir/target-aarch64_generic_musl/pkginfo/libuv.default.install
build	Compile debug	2026-09-27T15:41:12.3371973Z make[3]: Leaving directory '/workdir/openwrt/feeds/packages/libs/libuv'
build	Compile debug	2026-09-27T15:41:12.3380511Z time: package/feeds/packages/libuv/compile#0.06#0.06#0.13
build	Compile debug	2026-09-27T15:41:12.3804726Z make[3]: Entering directory '/workdir/openwrt/package/libs/libcap'
build	Compile debug	2026-09-27T15:41:12.4660558Z mkdir -p /workdir/openwrt/staging_dir/target-aarch64_generic_musl/root-armsr/stamp
build	Compile debug	2026-09-27T15:41:12.4697184Z SHELL= flock /workdir/openwrt/tmp/.root-copy.flock -c 'cp -fpR /workdir/openwrt/build_dir/target-aarch64_generic_musl/libcap-2.69/.pkgdir/libcap/. /workdir/openwrt/staging_dir/target-aarch64_generic_musl/root-armsr/'
build	Compile debug	2026-09-27T15:41:12.4751274Z touch /workdir/openwrt/staging_dir/target-aarch64_generic_musl/root-armsr/stamp/.libcap_installed
build	Compile debug	2026-09-27T15:41:12.4778324Z echo "libcap" >> /workdir/openwrt/staging_dir/target-aarch64_generic_musl/pkginfo/libcap.default.install
build	Compile debug	2026-09-27T15:41:12.4805410Z make[3]: Leaving directory '/workdir/openwrt/package/libs/libcap'
build	Compile debug	2026-09-27T15:41:12.4814642Z time: package/libs/libcap/compile#0.06#0.06#0.13
build	Compile debug	2026-09-27T15:41:12.5239627Z make[3]: Entering directory '/workdir/openwrt/package/libs/mbedtls'
build	Compile debug	2026-09-27T15:41:12.6561944Z make[3]: Leaving directory '/workdir/openwrt/package/libs/mbedtls'
build	Compile debug	2026-09-27T15:41:12.6570139Z time: package/libs/mbedtls/compile#0.08#0.07#0.17
build	Compile debug	2026-09-27T15:41:12.6992259Z make[3]: Entering directory '/workdir/openwrt/feeds/packages/libs/libwebsockets'
build	Compile debug	2026-09-27T15:41:12.8028743Z mkdir -p /workdir/openwrt/staging_dir/target-aarch64_generic_musl/root-armsr/stamp
build	Compile debug	2026-09-27T15:41:12.8064275Z SHELL= flock /workdir/openwrt/tmp/.root-copy.flock -c 'cp -fpR /workdir/openwrt/build_dir/target-aarch64_generic_musl/libwebsockets-full/libwebsockets-4.5.8/.pkgdir/libwebsockets-full/. /workdir/openwrt/staging_dir/target-aarch64_generic_musl/root-armsr/'
build	Compile debug	2026-09-27T15:41:12.8132126Z touch /workdir/openwrt/staging_dir/target-aarch64_generic_musl/root-armsr/stamp/.libwebsockets-full_installed
build	Compile debug	2026-09-27T15:41:12.8159220Z echo "libwebsockets-full" >> /workdir/openwrt/staging_dir/target-aarch64_generic_musl/pkginfo/libwebsockets.full.install
build	Compile debug	2026-09-27T15:41:12.8185422Z make[3]: Leaving directory '/workdir/openwrt/feeds/packages/libs/libwebsockets'
build	Compile debug	2026-09-27T15:41:12.8193810Z time: package/feeds/packages/libwebsockets/full/compile#0.07#0.08#0.15
build	Compile debug	2026-09-27T15:41:12.8614811Z make[3]: Entering directory '/workdir/openwrt/feeds/packages/utils/ttyd'
build	Compile debug	2026-09-27T15:41:12.9331374Z mkdir -p /workdir/openwrt/staging_dir/target-aarch64_generic_musl/root-armsr/stamp
build	Compile debug	2026-09-27T15:41:12.9366304Z SHELL= flock /workdir/openwrt/tmp/.root-copy.flock -c 'cp -fpR /workdir/openwrt/build_dir/target-aarch64_generic_musl/ttyd-1.7.7/.pkgdir/ttyd/. /workdir/openwrt/staging_dir/target-aarch64_generic_musl/root-armsr/'
build	Compile debug	2026-09-27T15:41:12.9431807Z touch /workdir/openwrt/staging_dir/target-aarch64_generic_musl/root-armsr/stamp/.ttyd_installed
build	Compile debug	2026-09-27T15:41:12.9458310Z echo "ttyd" >> /workdir/openwrt/staging_dir/target-aarch64_generic_musl/pkginfo/ttyd.default.install
build	Compile debug	2026-09-27T15:41:12.9485094Z make[3]: Leaving directory '/workdir/openwrt/feeds/packages/utils/ttyd'
build	Compile debug	2026-09-27T15:41:12.9492876Z time: package/feeds/packages/ttyd/compile#0.05#0.07#0.12
build	Compile debug	2026-09-27T15:41:12.9902110Z make[3]: Entering directory '/workdir/openwrt/feeds/luci/applications/luci-app-dockerman'
build	Compile debug	2026-09-27T15:41:13.4694916Z mkdir -p /workdir/openwrt/staging_dir/target-aarch64_generic_musl/root-armsr/stamp
build	Compile debug	2026-09-27T15:41:13.4729872Z SHELL= flock /workdir/openwrt/tmp/.root-copy.flock -c 'cp -fpR /workdir/openwrt/build_dir/target-aarch64_generic_musl/luci-app-dockerman/.pkgdir/luci-app-dockerman/. /workdir/openwrt/staging_dir/target-aarch64_generic_musl/root-armsr/'
build	Compile debug	2026-09-27T15:41:13.4797217Z touch /workdir/openwrt/staging_dir/target-aarch64_generic_musl/root-armsr/stamp/.luci-app-dockerman_installed
build	Compile debug	2026-09-27T15:41:13.4823590Z echo "luci-app-dockerman" >> /workdir/openwrt/staging_dir/target-aarch64_generic_musl/pkginfo/luci-app-dockerman.default.install
build	Compile debug	2026-09-27T15:41:13.4849238Z mkdir -p /workdir/openwrt/staging_dir/target-aarch64_generic_musl/root-armsr/stamp
build	Compile debug	2026-09-27T15:41:13.4884367Z SHELL= flock /workdir/openwrt/tmp/.root-copy.flock -c 'cp -fpR /workdir/openwrt/build_dir/target-aarch64_generic_musl/luci-app-dockerman/.pkgdir/luci-i18n-dockerman-zh-cn/. /workdir/openwrt/staging_dir/target-aarch64_generic_musl/root-armsr/'
build	Compile debug	2026-09-27T15:41:13.4933630Z touch /workdir/openwrt/staging_dir/target-aarch64_generic_musl/root-armsr/stamp/.luci-i18n-dockerman-zh-cn_installed
build	Compile debug	2026-09-27T15:41:13.4960843Z echo "luci-i18n-dockerman-zh-cn" >> /workdir/openwrt/staging_dir/target-aarch64_generic_musl/pkginfo/luci-app-dockerman.default.install
build	Compile debug	2026-09-27T15:41:13.4986928Z make[3]: Leaving directory '/workdir/openwrt/feeds/luci/applications/luci-app-dockerman'
build	Compile debug	2026-09-27T15:41:13.4994986Z time: package/feeds/luci/luci-app-dockerman/compile#0.20#0.35#0.54
build	Compile debug	2026-09-27T15:41:13.5415668Z make[3]: Entering directory '/workdir/openwrt/package/libs/readline'
build	Compile debug	2026-09-27T15:41:13.6505908Z mkdir -p /workdir/openwrt/staging_dir/target-aarch64_generic_musl/root-armsr/stamp
build	Compile debug	2026-09-27T15:41:13.6543303Z echo '8' | cmp -s - /workdir/openwrt/staging_dir/target-aarch64_generic_musl/pkginfo/libreadline.version || { mkdir -p /workdir/openwrt/staging_dir/target-aarch64_generic_musl/pkginfo; echo '8' > /workdir/openwrt/staging_dir/target-aarch64_generic_musl/pkginfo/libreadline.version;  cp /workdir/openwrt/staging_dir/target-aarch64_generic_musl/pkginfo/libreadline.version /workdir/openwrt/staging_dir/target-aarch64_generic_musl/pkginfo/libreadline-any.version;  } 
build	Compile debug	2026-09-27T15:41:13.6575166Z SHELL= flock /workdir/openwrt/tmp/.root-copy.flock -c 'cp -fpR /workdir/openwrt/build_dir/target-aarch64_generic_musl/readline-8.3/.pkgdir/libreadline/. /workdir/openwrt/staging_dir/target-aarch64_generic_musl/root-armsr/'
build	Compile debug	2026-09-27T15:41:13.6637874Z touch /workdir/openwrt/staging_dir/target-aarch64_generic_musl/root-armsr/stamp/.libreadline_installed
build	Compile debug	2026-09-27T15:41:13.6664807Z echo "libreadline" >> /workdir/openwrt/staging_dir/target-aarch64_generic_musl/pkginfo/readline.default.install
build	Compile debug	2026-09-27T15:41:13.6689841Z make[3]: Leaving directory '/workdir/openwrt/package/libs/readline'
build	Compile debug	2026-09-27T15:41:13.6698005Z time: package/libs/readline/compile#0.08#0.07#0.16
build	Compile debug	2026-09-27T15:41:13.7121797Z make[3]: Entering directory '/workdir/openwrt/feeds/packages/utils/bash'
build	Compile debug	2026-09-27T15:41:13.7986944Z mkdir -p /workdir/openwrt/staging_dir/target-aarch64_generic_musl/root-armsr/stamp
build	Compile debug	2026-09-27T15:41:13.8020869Z SHELL= flock /workdir/openwrt/tmp/.root-copy.flock -c 'cp -fpR /workdir/openwrt/build_dir/target-aarch64_generic_musl/bash-5.3/.pkgdir/bash/. /workdir/openwrt/staging_dir/target-aarch64_generic_musl/root-armsr/'
build	Compile debug	2026-09-27T15:41:13.8101089Z touch /workdir/openwrt/staging_dir/target-aarch64_generic_musl/root-armsr/stamp/.bash_installed
build	Compile debug	2026-09-27T15:41:13.8128622Z echo "bash" >> /workdir/openwrt/staging_dir/target-aarch64_generic_musl/pkginfo/bash.default.install
build	Compile debug	2026-09-27T15:41:13.8155143Z make[3]: Leaving directory '/workdir/openwrt/feeds/packages/utils/bash'
build	Compile debug	2026-09-27T15:41:13.8172085Z time: package/feeds/packages/bash/compile#0.06#0.07#0.14
build	Compile debug	2026-09-27T15:41:13.8650053Z make[3]: Entering directory '/workdir/openwrt/feeds/packages/libs/nghttp2'
build	Compile debug	2026-09-27T15:41:13.9580906Z mkdir -p /workdir/openwrt/staging_dir/target-aarch64_generic_musl/root-armsr/stamp
build	Compile debug	2026-09-27T15:41:13.9610175Z echo '14' | cmp -s - /workdir/openwrt/staging_dir/target-aarch64_generic_musl/pkginfo/libnghttp2.version || { mkdir -p /workdir/openwrt/staging_dir/target-aarch64_generic_musl/pkginfo; echo '14' > /workdir/openwrt/staging_dir/target-aarch64_generic_musl/pkginfo/libnghttp2.version;  cp /workdir/openwrt/staging_dir/target-aarch64_generic_musl/pkginfo/libnghttp2.version /workdir/openwrt/staging_dir/target-aarch64_generic_musl/pkginfo/libnghttp2-any.version;  } 
build	Compile debug	2026-09-27T15:41:13.9642072Z SHELL= flock /workdir/openwrt/tmp/.root-copy.flock -c 'cp -fpR /workdir/openwrt/build_dir/target-aarch64_generic_musl/nghttp2-1.70.0/.pkgdir/libnghttp2/. /workdir/openwrt/staging_dir/target-aarch64_generic_musl/root-armsr/'
build	Compile debug	2026-09-27T15:41:13.9698408Z touch /workdir/openwrt/staging_dir/target-aarch64_generic_musl/root-armsr/stamp/.libnghttp2_installed
build	Compile debug	2026-09-27T15:41:13.9725589Z echo "libnghttp2" >> /workdir/openwrt/staging_dir/target-aarch64_generic_musl/pkginfo/nghttp2.default.install
build	Compile debug	2026-09-27T15:41:13.9753099Z make[3]: Leaving directory '/workdir/openwrt/feeds/packages/libs/nghttp2'
build	Compile debug	2026-09-27T15:41:13.9762059Z time: package/feeds/packages/nghttp2/compile#0.06#0.08#0.15
build	Compile debug	2026-09-27T15:41:14.0184851Z make[3]: Entering directory '/workdir/openwrt/feeds/packages/net/curl'
build	Compile debug	2026-09-27T15:41:14.1730533Z mkdir -p /workdir/openwrt/staging_dir/target-aarch64_generic_musl/root-armsr/stamp
build	Compile debug	2026-09-27T15:41:14.1767014Z echo '4' | cmp -s - /workdir/openwrt/staging_dir/target-aarch64_generic_musl/pkginfo/libcurl.version || { mkdir -p /workdir/openwrt/staging_dir/target-aarch64_generic_musl/pkginfo; echo '4' > /workdir/openwrt/staging_dir/target-aarch64_generic_musl/pkginfo/libcurl.version;  cp /workdir/openwrt/staging_dir/target-aarch64_generic_musl/pkginfo/libcurl.version /workdir/openwrt/staging_dir/target-aarch64_generic_musl/pkginfo/libcurl-any.version;  } 
build	Compile debug	2026-09-27T15:41:14.1798597Z SHELL= flock /workdir/openwrt/tmp/.root-copy.flock -c 'cp -fpR /workdir/openwrt/build_dir/target-aarch64_generic_musl/curl-8.21.0/.pkgdir/libcurl/. /workdir/openwrt/staging_dir/target-aarch64_generic_musl/root-armsr/'
build	Compile debug	2026-09-27T15:41:14.1858701Z touch /workdir/openwrt/staging_dir/target-aarch64_generic_musl/root-armsr/stamp/.libcurl_installed
build	Compile debug	2026-09-27T15:41:14.1886859Z echo "libcurl" >> /workdir/openwrt/staging_dir/target-aarch64_generic_musl/pkginfo/curl.default.install
build	Compile debug	2026-09-27T15:41:14.1914094Z mkdir -p /workdir/openwrt/staging_dir/target-aarch64_generic_musl/root-armsr/stamp
build	Compile debug	2026-09-27T15:41:14.1947378Z SHELL= flock /workdir/openwrt/tmp/.root-copy.flock -c 'cp -fpR /workdir/openwrt/build_dir/target-aarch64_generic_musl/curl-8.21.0/.pkgdir/curl/. /workdir/openwrt/staging_dir/target-aarch64_generic_musl/root-armsr/'
build	Compile debug	2026-09-27T15:41:14.1997096Z touch /workdir/openwrt/staging_dir/target-aarch64_generic_musl/root-armsr/stamp/.curl_installed
build	Compile debug	2026-09-27T15:41:14.2024173Z echo "curl" >> /workdir/openwrt/staging_dir/target-aarch64_generic_musl/pkginfo/curl.default.install
build	Compile debug	2026-09-27T15:41:14.2049856Z make[3]: Leaving directory '/workdir/openwrt/feeds/packages/net/curl'
build	Compile debug	2026-09-27T15:41:14.2059317Z time: package/feeds/packages/curl/compile#0.06#0.12#0.22
build	Compile debug	2026-09-27T15:41:14.2489520Z make[3]: Entering directory '/workdir/openwrt/feeds/packages/libs/protobuf/protobuf-compat'
build	Compile debug	2026-09-27T15:41:14.3545523Z mkdir -p /workdir/openwrt/staging_dir/target-aarch64_generic_musl/root-armsr/stamp
build	Compile debug	2026-09-27T15:41:14.3582761Z SHELL= flock /workdir/openwrt/tmp/.root-copy.flock -c 'cp -fpR /workdir/openwrt/build_dir/target-aarch64_generic_musl/protobuf-3.17.3/.pkgdir/protobuf-compat/. /workdir/openwrt/staging_dir/target-aarch64_generic_musl/root-armsr/'
build	Compile debug	2026-09-27T15:41:14.3693402Z touch /workdir/openwrt/staging_dir/target-aarch64_generic_musl/root-armsr/stamp/.protobuf-compat_installed
build	Compile debug	2026-09-27T15:41:14.3721298Z echo "protobuf-compat" >> /workdir/openwrt/staging_dir/target-aarch64_generic_musl/pkginfo/protobuf-compat.default.install
build	Compile debug	2026-09-27T15:41:14.3751245Z mkdir -p /workdir/openwrt/staging_dir/target-aarch64_generic_musl/root-armsr/stamp
build	Compile debug	2026-09-27T15:41:14.3787229Z SHELL= flock /workdir/openwrt/tmp/.root-copy.flock -c 'cp -fpR /workdir/openwrt/build_dir/target-aarch64_generic_musl/protobuf-3.17.3/.pkgdir/protobuf-compat-lite/. /workdir/openwrt/staging_dir/target-aarch64_generic_musl/root-armsr/'
build	Compile debug	2026-09-27T15:41:14.3846798Z touch /workdir/openwrt/staging_dir/target-aarch64_generic_musl/root-armsr/stamp/.protobuf-compat-lite_installed
build	Compile debug	2026-09-27T15:41:14.3873353Z echo "protobuf-compat-lite" >> /workdir/openwrt/staging_dir/target-aarch64_generic_musl/pkginfo/protobuf-compat.default.install
build	Compile debug	2026-09-27T15:41:14.3899182Z make[3]: Leaving directory '/workdir/openwrt/feeds/packages/libs/protobuf/protobuf-compat'
build	Compile debug	2026-09-27T15:41:14.3908043Z time: package/feeds/packages/protobuf-compat/compile#0.07#0.09#0.18
build	Compile debug	2026-09-27T15:41:14.4331015Z make[3]: Entering directory '/workdir/openwrt/feeds/packages/libs/protobuf/protobuf-compat'
build	Compile debug	2026-09-27T15:41:14.5285624Z make[3]: Leaving directory '/workdir/openwrt/feeds/packages/libs/protobuf/protobuf-compat'
build	Compile debug	2026-09-27T15:41:14.5293279Z time: package/feeds/packages/protobuf-compat/host-compile#0.05#0.05#0.13
build	Compile debug	2026-09-27T15:41:14.5721773Z make[3]: Entering directory '/workdir/openwrt/feeds/packages/admin/netdata'
build	Compile debug	2026-09-27T15:41:14.7078292Z mkdir -p /workdir/openwrt/staging_dir/target-aarch64_generic_musl/root-armsr/stamp
build	Compile debug	2026-09-27T15:41:14.7113832Z SHELL= flock /workdir/openwrt/tmp/.root-copy.flock -c 'cp -fpR /workdir/openwrt/build_dir/target-aarch64_generic_musl/netdata-v1.38.1/.pkgdir/netdata/. /workdir/openwrt/staging_dir/target-aarch64_generic_musl/root-armsr/'
build	Compile debug	2026-09-27T15:41:14.8458173Z touch /workdir/openwrt/staging_dir/target-aarch64_generic_musl/root-armsr/stamp/.netdata_installed
build	Compile debug	2026-09-27T15:41:14.8498289Z echo "netdata" >> /workdir/openwrt/staging_dir/target-aarch64_generic_musl/pkginfo/netdata.default.install
build	Compile debug	2026-09-27T15:41:14.8537445Z make[3]: Leaving directory '/workdir/openwrt/feeds/packages/admin/netdata'
build	Compile debug	2026-09-27T15:41:14.8547473Z time: package/feeds/packages/netdata/compile#0.09#0.16#0.32
build	Compile debug	2026-09-27T15:41:14.9060152Z make[3]: Entering directory '/workdir/openwrt/feeds/luci/applications/luci-app-netdata'
build	Compile debug	2026-09-27T15:41:15.1034508Z mkdir -p /workdir/openwrt/staging_dir/target-aarch64_generic_musl/root-armsr/stamp
build	Compile debug	2026-09-27T15:41:15.1069611Z SHELL= flock /workdir/openwrt/tmp/.root-copy.flock -c 'cp -fpR /workdir/openwrt/build_dir/target-aarch64_generic_musl/luci-app-netdata/.pkgdir/luci-app-netdata/. /workdir/openwrt/staging_dir/target-aarch64_generic_musl/root-armsr/'
build	Compile debug	2026-09-27T15:41:15.1124922Z touch /workdir/openwrt/staging_dir/target-aarch64_generic_musl/root-armsr/stamp/.luci-app-netdata_installed
build	Compile debug	2026-09-27T15:41:15.1152156Z echo "luci-app-netdata" >> /workdir/openwrt/staging_dir/target-aarch64_generic_musl/pkginfo/luci-app-netdata.default.install
build	Compile debug	2026-09-27T15:41:15.1179590Z mkdir -p /workdir/openwrt/staging_dir/target-aarch64_generic_musl/root-armsr/stamp
build	Compile debug	2026-09-27T15:41:15.1213625Z SHELL= flock /workdir/openwrt/tmp/.root-copy.flock -c 'cp -fpR /workdir/openwrt/build_dir/target-aarch64_generic_musl/luci-app-netdata/.pkgdir/luci-i18n-netdata-zh-cn/. /workdir/openwrt/staging_dir/target-aarch64_generic_musl/root-armsr/'
build	Compile debug	2026-09-27T15:41:15.1268397Z touch /workdir/openwrt/staging_dir/target-aarch64_generic_musl/root-armsr/stamp/.luci-i18n-netdata-zh-cn_installed
build	Compile debug	2026-09-27T15:41:15.1295046Z echo "luci-i18n-netdata-zh-cn" >> /workdir/openwrt/staging_dir/target-aarch64_generic_musl/pkginfo/luci-app-netdata.default.install
build	Compile debug	2026-09-27T15:41:15.1321845Z make[3]: Leaving directory '/workdir/openwrt/feeds/luci/applications/luci-app-netdata'
build	Compile debug	2026-09-27T15:41:15.1331113Z time: package/feeds/luci/luci-app-netdata/compile#0.10#0.16#0.27
build	Compile debug	2026-09-27T15:41:15.1765642Z make[3]: Entering directory '/workdir/openwrt/feeds/packages/libs/boost'
build	Compile debug	2026-09-27T15:41:15.2250171Z Selected Boost API aapcs for architecture aarch64 and cpu type "generic" 
build	Compile debug	2026-09-27T15:41:16.6924788Z make[3]: Leaving directory '/workdir/openwrt/feeds/packages/libs/boost'
build	Compile debug	2026-09-27T15:41:16.6933836Z time: package/feeds/packages/boost/host-compile#0.31#0.96#1.55
build	Compile debug	2026-09-27T15:41:16.7415823Z make[3]: Entering directory '/workdir/openwrt/feeds/packages/libs/boost'
build	Compile debug	2026-09-27T15:41:16.7888569Z Selected Boost API aapcs for architecture aarch64 and cpu type "generic" 
build	Compile debug	2026-09-27T15:41:18.4434234Z make[3]: Leaving directory '/workdir/openwrt/feeds/packages/libs/boost'
build	Compile debug	2026-09-27T15:41:18.4442461Z time: package/feeds/packages/boost/compile#0.44#0.98#1.74
build	Compile debug	2026-09-27T15:41:18.4878216Z make[3]: Entering directory '/workdir/openwrt/feeds/packages/libs/libtorrent-rasterbar'
build	Compile debug	2026-09-27T15:41:18.5804500Z mkdir -p /workdir/openwrt/staging_dir/target-aarch64_generic_musl/root-armsr/stamp
build	Compile debug	2026-09-27T15:41:18.5838596Z SHELL= flock /workdir/openwrt/tmp/.root-copy.flock -c 'cp -fpR /workdir/openwrt/build_dir/target-aarch64_generic_musl/libtorrent-rasterbar-2.0.11/.pkgdir/libtorrent-rasterbar/. /workdir/openwrt/staging_dir/target-aarch64_generic_musl/root-armsr/'
build	Compile debug	2026-09-27T15:41:18.5948679Z touch /workdir/openwrt/staging_dir/target-aarch64_generic_musl/root-armsr/stamp/.libtorrent-rasterbar_installed
build	Compile debug	2026-09-27T15:41:18.5976598Z echo "libtorrent-rasterbar" >> /workdir/openwrt/staging_dir/target-aarch64_generic_musl/pkginfo/libtorrent-rasterbar.default.install
build	Compile debug	2026-09-27T15:41:18.6003658Z make[3]: Leaving directory '/workdir/openwrt/feeds/packages/libs/libtorrent-rasterbar'
build	Compile debug	2026-09-27T15:41:18.6012216Z time: package/feeds/packages/libtorrent-rasterbar/compile#0.06#0.07#0.15
build	Compile debug	2026-09-27T15:41:18.6449154Z make[3]: Entering directory '/workdir/openwrt/feeds/packages/libs/libpng'
build	Compile debug	2026-09-27T15:41:18.7214070Z make[3]: Leaving directory '/workdir/openwrt/feeds/packages/libs/libpng'
build	Compile debug	2026-09-27T15:41:18.7221040Z time: package/feeds/packages/libpng/compile#0.05#0.06#0.11
build	Compile debug	2026-09-27T15:41:18.7642477Z make[3]: Entering directory '/workdir/openwrt/feeds/packages/libs/freetype'
build	Compile debug	2026-09-27T15:41:18.8483598Z make[3]: Leaving directory '/workdir/openwrt/feeds/packages/libs/freetype'
build	Compile debug	2026-09-27T15:41:18.8491250Z time: package/feeds/packages/freetype/compile#0.06#0.05#0.12
build	Compile debug	2026-09-27T15:41:18.8909702Z make[3]: Entering directory '/workdir/openwrt/feeds/packages/net/krb5'
build	Compile debug	2026-09-27T15:41:19.0179479Z mkdir -p /workdir/openwrt/staging_dir/target-aarch64_generic_musl/root-armsr/stamp
build	Compile debug	2026-09-27T15:41:19.0213425Z SHELL= flock /workdir/openwrt/tmp/.root-copy.flock -c 'cp -fpR /workdir/openwrt/build_dir/target-aarch64_generic_musl/krb5-1.22.2/.pkgdir/krb5-libs/. /workdir/openwrt/staging_dir/target-aarch64_generic_musl/root-armsr/'
build	Compile debug	2026-09-27T15:41:19.0315283Z touch /workdir/openwrt/staging_dir/target-aarch64_generic_musl/root-armsr/stamp/.krb5-libs_installed
build	Compile debug	2026-09-27T15:41:19.0342787Z echo "krb5-libs" >> /workdir/openwrt/staging_dir/target-aarch64_generic_musl/pkginfo/krb5.default.install
build	Compile debug	2026-09-27T15:41:19.0369227Z make[3]: Leaving directory '/workdir/openwrt/feeds/packages/net/krb5'
build	Compile debug	2026-09-27T15:41:19.0377607Z time: package/feeds/packages/krb5/compile#0.07#0.11#0.18
build	Compile debug	2026-09-27T15:41:19.0809523Z make[3]: Entering directory '/workdir/openwrt/feeds/packages/libs/libdouble-conversion'
build	Compile debug	2026-09-27T15:41:19.1471352Z mkdir -p /workdir/openwrt/staging_dir/target-aarch64_generic_musl/root-armsr/stamp
build	Compile debug	2026-09-27T15:41:19.1506226Z SHELL= flock /workdir/openwrt/tmp/.root-copy.flock -c 'cp -fpR /workdir/openwrt/build_dir/target-aarch64_generic_musl/double-conversion-3.4.0/.pkgdir/libdouble-conversion/. /workdir/openwrt/staging_dir/target-aarch64_generic_musl/root-armsr/'
build	Compile debug	2026-09-27T15:41:19.1559341Z touch /workdir/openwrt/staging_dir/target-aarch64_generic_musl/root-armsr/stamp/.libdouble-conversion_installed
build	Compile debug	2026-09-27T15:41:19.1587259Z echo "libdouble-conversion" >> /workdir/openwrt/staging_dir/target-aarch64_generic_musl/pkginfo/libdouble-conversion.default.install
build	Compile debug	2026-09-27T15:41:19.1612956Z make[3]: Leaving directory '/workdir/openwrt/feeds/packages/libs/libdouble-conversion'
build	Compile debug	2026-09-27T15:41:19.1620950Z time: package/feeds/packages/libdouble-conversion/compile#0.05#0.06#0.11
build	Compile debug	2026-09-27T15:41:19.2037932Z make[3]: Entering directory '/workdir/openwrt/feeds/packages/libs/libpciaccess'
build	Compile debug	2026-09-27T15:41:19.2636211Z make[3]: Leaving directory '/workdir/openwrt/feeds/packages/libs/libpciaccess'
build	Compile debug	2026-09-27T15:41:19.2643121Z time: package/feeds/packages/libpciaccess/compile#0.05#0.04#0.09
build	Compile debug	2026-09-27T15:41:19.3062074Z make[3]: Entering directory '/workdir/openwrt/feeds/packages/libs/libdrm'
build	Compile debug	2026-09-27T15:41:19.3756199Z make[3]: Leaving directory '/workdir/openwrt/feeds/packages/libs/libdrm'
build	Compile debug	2026-09-27T15:41:19.3762886Z time: package/feeds/packages/libdrm/compile#0.05#0.05#0.10
build	Compile debug	2026-09-27T15:41:19.4185564Z make[3]: Entering directory '/workdir/openwrt/feeds/packages/libs/qt6base'
build	Compile debug	2026-09-27T15:41:19.9036979Z make[3]: Leaving directory '/workdir/openwrt/feeds/packages/libs/qt6base'
build	Compile debug	2026-09-27T15:41:19.9044054Z time: package/feeds/packages/qt6base/host-compile#0.14#0.31#0.52
build	Compile debug	2026-09-27T15:41:19.9543225Z make[3]: Entering directory '/workdir/openwrt/feeds/packages/libs/sqlite3'
build	Compile debug	2026-09-27T15:41:20.0283315Z mkdir -p /workdir/openwrt/staging_dir/target-aarch64_generic_musl/root-armsr/stamp
build	Compile debug	2026-09-27T15:41:20.0327357Z echo '0' | cmp -s - /workdir/openwrt/staging_dir/target-aarch64_generic_musl/pkginfo/libsqlite3.version || { mkdir -p /workdir/openwrt/staging_dir/target-aarch64_generic_musl/pkginfo; echo '0' > /workdir/openwrt/staging_dir/target-aarch64_generic_musl/pkginfo/libsqlite3.version;  cp /workdir/openwrt/staging_dir/target-aarch64_generic_musl/pkginfo/libsqlite3.version /workdir/openwrt/staging_dir/target-aarch64_generic_musl/pkginfo/libsqlite3-any.version;  } 
build	Compile debug	2026-09-27T15:41:20.0384526Z SHELL= flock /workdir/openwrt/tmp/.root-copy.flock -c 'cp -fpR /workdir/openwrt/build_dir/target-aarch64_generic_musl/sqlite-autoconf-3530400/.pkgdir/libsqlite3/. /workdir/openwrt/staging_dir/target-aarch64_generic_musl/root-armsr/'
build	Compile debug	2026-09-27T15:41:20.0651707Z touch /workdir/openwrt/staging_dir/target-aarch64_generic_musl/root-armsr/stamp/.libsqlite3_installed
build	Compile debug	2026-09-27T15:41:20.0681350Z echo "libsqlite3" >> /workdir/openwrt/staging_dir/target-aarch64_generic_musl/pkginfo/sqlite3.default.install
build	Compile debug	2026-09-27T15:41:20.0718015Z make[3]: Leaving directory '/workdir/openwrt/feeds/packages/libs/sqlite3'
build	Compile debug	2026-09-27T15:41:20.0727635Z time: package/feeds/packages/sqlite3/compile#0.07#0.06#0.16
build	Compile debug	2026-09-27T15:41:20.1159272Z make[3]: Entering directory '/workdir/openwrt/feeds/packages/libs/qt6base'
build	Compile debug	2026-09-27T15:41:20.5555755Z mkdir -p /workdir/openwrt/staging_dir/target-aarch64_generic_musl/root-armsr/stamp
build	Compile debug	2026-09-27T15:41:20.5590406Z SHELL= flock /workdir/openwrt/tmp/.root-copy.flock -c 'cp -fpR /workdir/openwrt/build_dir/target-aarch64_generic_musl/qtbase-everywhere-src-6.9.3/.pkgdir/libQt6Core/. /workdir/openwrt/staging_dir/target-aarch64_generic_musl/root-armsr/'
build	Compile debug	2026-09-27T15:41:20.5662628Z touch /workdir/openwrt/staging_dir/target-aarch64_generic_musl/root-armsr/stamp/.libQt6Core_installed
build	Compile debug	2026-09-27T15:41:20.5689720Z echo "libQt6Core" >> /workdir/openwrt/staging_dir/target-aarch64_generic_musl/pkginfo/qt6base.default.install
build	Compile debug	2026-09-27T15:41:20.5716606Z mkdir -p /workdir/openwrt/staging_dir/target-aarch64_generic_musl/root-armsr/stamp
build	Compile debug	2026-09-27T15:41:20.5752316Z SHELL= flock /workdir/openwrt/tmp/.root-copy.flock -c 'cp -fpR /workdir/openwrt/build_dir/target-aarch64_generic_musl/qtbase-everywhere-src-6.9.3/.pkgdir/libQt6Network/. /workdir/openwrt/staging_dir/target-aarch64_generic_musl/root-armsr/'
build	Compile debug	2026-09-27T15:41:20.5805444Z touch /workdir/openwrt/staging_dir/target-aarch64_generic_musl/root-armsr/stamp/.libQt6Network_installed
build	Compile debug	2026-09-27T15:41:20.5831923Z echo "libQt6Network" >> /workdir/openwrt/staging_dir/target-aarch64_generic_musl/pkginfo/qt6base.default.install
build	Compile debug	2026-09-27T15:41:20.5856603Z mkdir -p /workdir/openwrt/staging_dir/target-aarch64_generic_musl/root-armsr/stamp
build	Compile debug	2026-09-27T15:41:20.5890036Z SHELL= flock /workdir/openwrt/tmp/.root-copy.flock -c 'cp -fpR /workdir/openwrt/build_dir/target-aarch64_generic_musl/qtbase-everywhere-src-6.9.3/.pkgdir/libQt6Sql/. /workdir/openwrt/staging_dir/target-aarch64_generic_musl/root-armsr/'
build	Compile debug	2026-09-27T15:41:20.5940006Z touch /workdir/openwrt/staging_dir/target-aarch64_generic_musl/root-armsr/stamp/.libQt6Sql_installed
build	Compile debug	2026-09-27T15:41:20.5966544Z echo "libQt6Sql" >> /workdir/openwrt/staging_dir/target-aarch64_generic_musl/pkginfo/qt6base.default.install
build	Compile debug	2026-09-27T15:41:20.5991068Z mkdir -p /workdir/openwrt/staging_dir/target-aarch64_generic_musl/root-armsr/stamp
build	Compile debug	2026-09-27T15:41:20.6025609Z SHELL= flock /workdir/openwrt/tmp/.root-copy.flock -c 'cp -fpR /workdir/openwrt/build_dir/target-aarch64_generic_musl/qtbase-everywhere-src-6.9.3/.pkgdir/libQt6Xml/. /workdir/openwrt/staging_dir/target-aarch64_generic_musl/root-armsr/'
build	Compile debug	2026-09-27T15:41:20.6074590Z touch /workdir/openwrt/staging_dir/target-aarch64_generic_musl/root-armsr/stamp/.libQt6Xml_installed
build	Compile debug	2026-09-27T15:41:20.6101844Z echo "libQt6Xml" >> /workdir/openwrt/staging_dir/target-aarch64_generic_musl/pkginfo/qt6base.default.install
build	Compile debug	2026-09-27T15:41:20.6126907Z mkdir -p /workdir/openwrt/staging_dir/target-aarch64_generic_musl/root-armsr/stamp
build	Compile debug	2026-09-27T15:41:20.6160316Z SHELL= flock /workdir/openwrt/tmp/.root-copy.flock -c 'cp -fpR /workdir/openwrt/build_dir/target-aarch64_generic_musl/qtbase-everywhere-src-6.9.3/.pkgdir/qt6-plugin-libqsqlite/. /workdir/openwrt/staging_dir/target-aarch64_generic_musl/root-armsr/'
build	Compile debug	2026-09-27T15:41:20.6209074Z touch /workdir/openwrt/staging_dir/target-aarch64_generic_musl/root-armsr/stamp/.qt6-plugin-libqsqlite_installed
build	Compile debug	2026-09-27T15:41:20.6235701Z echo "qt6-plugin-libqsqlite" >> /workdir/openwrt/staging_dir/target-aarch64_generic_musl/pkginfo/qt6base.default.install
build	Compile debug	2026-09-27T15:41:20.6261683Z mkdir -p /workdir/openwrt/staging_dir/target-aarch64_generic_musl/root-armsr/stamp
build	Compile debug	2026-09-27T15:41:20.6295221Z SHELL= flock /workdir/openwrt/tmp/.root-copy.flock -c 'cp -fpR /workdir/openwrt/build_dir/target-aarch64_generic_musl/qtbase-everywhere-src-6.9.3/.pkgdir/qt6-plugin-libqopensslbackend/. /workdir/openwrt/staging_dir/target-aarch64_generic_musl/root-armsr/'
build	Compile debug	2026-09-27T15:41:20.6344205Z touch /workdir/openwrt/staging_dir/target-aarch64_generic_musl/root-armsr/stamp/.qt6-plugin-libqopensslbackend_installed
build	Compile debug	2026-09-27T15:41:20.6371425Z echo "qt6-plugin-libqopensslbackend" >> /workdir/openwrt/staging_dir/target-aarch64_generic_musl/pkginfo/qt6base.default.install
build	Compile debug	2026-09-27T15:41:20.6397345Z make[3]: Leaving directory '/workdir/openwrt/feeds/packages/libs/qt6base'
build	Compile debug	2026-09-27T15:41:20.6405009Z time: package/feeds/packages/qt6base/compile#0.19#0.35#0.56
build	Compile debug	2026-09-27T15:41:20.6827210Z make[3]: Entering directory '/workdir/openwrt/package/libs/libiconv-full'
build	Compile debug	2026-09-27T15:41:20.8069324Z make[3]: Leaving directory '/workdir/openwrt/package/libs/libiconv-full'
build	Compile debug	2026-09-27T15:41:20.8076411Z time: package/libs/libiconv-full/host-compile#0.10#0.05#0.16
build	Compile debug	2026-09-27T15:41:20.8494945Z make[3]: Entering directory '/workdir/openwrt/package/libs/libxml2'
build	Compile debug	2026-09-27T15:41:20.9764700Z make[3]: Leaving directory '/workdir/openwrt/package/libs/libxml2'
build	Compile debug	2026-09-27T15:41:20.9771849Z time: package/libs/libxml2/host-compile#0.05#0.07#0.16
build	Compile debug	2026-09-27T15:41:21.0194630Z make[3]: Entering directory '/workdir/openwrt/feeds/packages/utils/qt6tools'
build	Compile debug	2026-09-27T15:41:21.1335683Z make[3]: Leaving directory '/workdir/openwrt/feeds/packages/utils/qt6tools'
build	Compile debug	2026-09-27T15:41:21.1342626Z time: package/feeds/packages/qt6tools/host-compile#0.06#0.07#0.15
build	Compile debug	2026-09-27T15:41:21.1767031Z make[3]: Entering directory '/workdir/openwrt/feeds/packages/net/qbittorrent'
build	Compile debug	2026-09-27T15:41:21.2539859Z mkdir -p /workdir/openwrt/staging_dir/target-aarch64_generic_musl/root-armsr/stamp
build	Compile debug	2026-09-27T15:41:21.2573434Z SHELL= flock /workdir/openwrt/tmp/.root-copy.flock -c 'cp -fpR /workdir/openwrt/build_dir/target-aarch64_generic_musl/qBittorrent-release-5.2.3/.pkgdir/qbittorrent/. /workdir/openwrt/staging_dir/target-aarch64_generic_musl/root-armsr/'
build	Compile debug	2026-09-27T15:41:21.2642839Z touch /workdir/openwrt/staging_dir/target-aarch64_generic_musl/root-armsr/stamp/.qbittorrent_installed
build	Compile debug	2026-09-27T15:41:21.2670516Z echo "qbittorrent" >> /workdir/openwrt/staging_dir/target-aarch64_generic_musl/pkginfo/qbittorrent.default.install
build	Compile debug	2026-09-27T15:41:21.2696951Z make[3]: Leaving directory '/workdir/openwrt/feeds/packages/net/qbittorrent'
build	Compile debug	2026-09-27T15:41:21.2704632Z time: package/feeds/packages/qbittorrent/compile#0.06#0.06#0.13
build	Compile debug	2026-09-27T15:41:21.3113412Z make[3]: Entering directory '/workdir/openwrt/feeds/luci/applications/luci-app-qbittorrent'
build	Compile debug	2026-09-27T15:41:21.5083092Z mkdir -p /workdir/openwrt/staging_dir/target-aarch64_generic_musl/root-armsr/stamp
build	Compile debug	2026-09-27T15:41:21.5117039Z SHELL= flock /workdir/openwrt/tmp/.root-copy.flock -c 'cp -fpR /workdir/openwrt/build_dir/target-aarch64_generic_musl/luci-app-qbittorrent/.pkgdir/luci-app-qbittorrent/. /workdir/openwrt/staging_dir/target-aarch64_generic_musl/root-armsr/'
build	Compile debug	2026-09-27T15:41:21.5170784Z touch /workdir/openwrt/staging_dir/target-aarch64_generic_musl/root-armsr/stamp/.luci-app-qbittorrent_installed
build	Compile debug	2026-09-27T15:41:21.5198187Z echo "luci-app-qbittorrent" >> /workdir/openwrt/staging_dir/target-aarch64_generic_musl/pkginfo/luci-app-qbittorrent.default.install
build	Compile debug	2026-09-27T15:41:21.5223999Z mkdir -p /workdir/openwrt/staging_dir/target-aarch64_generic_musl/root-armsr/stamp
build	Compile debug	2026-09-27T15:41:21.5258049Z SHELL= flock /workdir/openwrt/tmp/.root-copy.flock -c 'cp -fpR /workdir/openwrt/build_dir/target-aarch64_generic_musl/luci-app-qbittorrent/.pkgdir/luci-i18n-qbittorrent-zh-cn/. /workdir/openwrt/staging_dir/target-aarch64_generic_musl/root-armsr/'
build	Compile debug	2026-09-27T15:41:21.5307519Z touch /workdir/openwrt/staging_dir/target-aarch64_generic_musl/root-armsr/stamp/.luci-i18n-qbittorrent-zh-cn_installed
build	Compile debug	2026-09-27T15:41:21.5334542Z echo "luci-i18n-qbittorrent-zh-cn" >> /workdir/openwrt/staging_dir/target-aarch64_generic_musl/pkginfo/luci-app-qbittorrent.default.install
build	Compile debug	2026-09-27T15:41:21.5360354Z make[3]: Leaving directory '/workdir/openwrt/feeds/luci/applications/luci-app-qbittorrent'
build	Compile debug	2026-09-27T15:41:21.5368277Z time: package/feeds/luci/luci-app-qbittorrent/compile#0.10#0.16#0.26
build	Compile debug	2026-09-27T15:41:21.5786987Z make[3]: Entering directory '/workdir/openwrt/feeds/luci/libs/luci-lib-ip'
build	Compile debug	2026-09-27T15:41:21.8192687Z rm -f /workdir/openwrt/build_dir/target-aarch64_generic_musl/luci-lib-ip/.built
build	Compile debug	2026-09-27T15:41:21.8226770Z touch /workdir/openwrt/build_dir/target-aarch64_generic_musl/luci-lib-ip/.built_check
build	Compile debug	2026-09-27T15:41:21.8263597Z CFLAGS="-Os -pipe -mcpu=generic -fno-caller-saves -fno-plt -fhonour-copts -fmacro-prefix-map=/workdir/openwrt/build_dir/target-aarch64_generic_musl/luci-lib-ip=luci-lib-ip -fmacro-prefix-map=/workdir/openwrt/staging_dir/target-aarch64_generic_musl=staging_dir/target-aarch64_generic_musl -Wl,-z,max-page-size=4096 -Wformat -Werror=format-security -fstack-protector -D_FORTIFY_SOURCE=1 -Wl,-z,now -Wl,-z,relro -Wl,-z,pack-relative-relocs  -I/workdir/openwrt/staging_dir/toolchain-aarch64_generic_gcc-14.4.0_musl/usr/include -I/workdir/openwrt/staging_dir/toolchain-aarch64_generic_gcc-14.4.0_musl/include -I/workdir/openwrt/staging_dir/toolchain-aarch64_generic_gcc-14.4.0_musl/include/fortify " CXXFLAGS="-Os -pipe -mcpu=generic -fno-caller-saves -fno-plt -fhonour-copts -fmacro-prefix-map=/workdir/openwrt/build_dir/target-aarch64_generic_musl/luci-lib-ip=luci-lib-ip -fmacro-prefix-map=/workdir/openwrt/staging_dir/target-aarch64_generic_musl=staging_dir/target-aarch64_generic_musl -Wl,-z,max-page-size=4096 -Wformat -Werror=format-security -fstack-protector -D_FORTIFY_SOURCE=1 -Wl,-z,now -Wl,-z,relro -Wl,-z,pack-relative-relocs  -I/workdir/openwrt/staging_dir/toolchain-aarch64_generic_gcc-14.4.0_musl/usr/include -I/workdir/openwrt/staging_dir/toolchain-aarch64_generic_gcc-14.4.0_musl/include -I/workdir/openwrt/staging_dir/toolchain-aarch64_generic_gcc-14.4.0_musl/include/fortify " LDFLAGS="-L/workdir/openwrt/staging_dir/toolchain-aarch64_generic_gcc-14.4.0_musl/usr/lib -L/workdir/openwrt/staging_dir/toolchain-aarch64_generic_gcc-14.4.0_musl/lib -fuse-ld=bfd -zmax-page-size=4096 -znow -zrelro -zpack-relative-relocs " FPIC="-DPIC -fPIC" LUCI_VERSION="26.261.08411~adc898b" LUCI_GITBRANCH="LuCI Master" make -j1 -C /workdir/openwrt/build_dir/target-aarch64_generic_musl/luci-lib-ip/src/ AR="aarch64-openwrt-linux-musl-gcc-ar" AS="aarch64-openwrt-linux-musl-gcc -c -Os -pipe -mcpu=generic -fno-caller-saves -fno-plt -fhonour-copts -fmacro-prefix-map=/workdir/openwrt/build_dir/target-aarch64_generic_musl/luci-lib-ip=luci-lib-ip -fmacro-prefix-map=/workdir/openwrt/staging_dir/target-aarch64_generic_musl=staging_dir/target-aarch64_generic_musl -Wl,-z,max-page-size=4096 -Wformat -Werror=format-security -fstack-protector -D_FORTIFY_SOURCE=1 -Wl,-z,now -Wl,-z,relro -Wl,-z,pack-relative-relocs" LD="aarch64-openwrt-linux-musl-ld.bfd" NM="aarch64-openwrt-linux-musl-gcc-nm" CC="aarch64-openwrt-linux-musl-gcc" GCC="aarch64-openwrt-linux-musl-gcc" CXX="aarch64-openwrt-linux-musl-g++" RANLIB="aarch64-openwrt-linux-musl-gcc-ranlib" STRIP=aarch64-openwrt-linux-musl-strip OBJCOPY=aarch64-openwrt-linux-musl-objcopy OBJDUMP=aarch64-openwrt-linux-musl-objdump SIZE=aarch64-openwrt-linux-musl-size CROSS="aarch64-openwrt-linux-musl-" ARCH="aarch64" clean compile;
build	Compile debug	2026-09-27T15:41:21.8288713Z make[4]: Entering directory '/workdir/openwrt/build_dir/target-aarch64_generic_musl/luci-lib-ip/src'
build	Compile debug	2026-09-27T15:41:21.8289517Z rm -f *.o *.so
build	Compile debug	2026-09-27T15:41:21.8309814Z aarch64-openwrt-linux-musl-gcc  -Os -pipe -mcpu=generic -fno-caller-saves -fno-plt -fhonour-copts -fmacro-prefix-map=/workdir/openwrt/build_dir/target-aarch64_generic_musl/luci-lib-ip=luci-lib-ip -fmacro-prefix-map=/workdir/openwrt/staging_dir/target-aarch64_generic_musl=staging_dir/target-aarch64_generic_musl -Wl,-z,max-page-size=4096 -Wformat -Werror=format-security -fstack-protector -D_FORTIFY_SOURCE=1 -Wl,-z,now -Wl,-z,relro -Wl,-z,pack-relative-relocs  -I/workdir/openwrt/staging_dir/toolchain-aarch64_generic_gcc-14.4.0_musl/usr/include -I/workdir/openwrt/staging_dir/toolchain-aarch64_generic_gcc-14.4.0_musl/include -I/workdir/openwrt/staging_dir/toolchain-aarch64_generic_gcc-14.4.0_musl/include/fortify   -std=gnu99 -I/workdir/openwrt/staging_dir/target-aarch64_generic_musl/usr/include/libnl-tiny/ -DPIC -fPIC -c -o ip.o ip.c
build	Compile debug	2026-09-27T15:41:22.3006506Z aarch64-openwrt-linux-musl-gcc -L/workdir/openwrt/staging_dir/toolchain-aarch64_generic_gcc-14.4.0_musl/usr/lib -L/workdir/openwrt/staging_dir/toolchain-aarch64_generic_gcc-14.4.0_musl/lib -fuse-ld=bfd -zmax-page-size=4096 -znow -zrelro -zpack-relative-relocs  -shared -o ip.so ip.o -llua -lm -lnl-tiny -DPIC -fPIC
build	Compile debug	2026-09-27T15:41:22.3119660Z make[4]: Leaving directory '/workdir/openwrt/build_dir/target-aarch64_generic_musl/luci-lib-ip/src'
build	Compile debug	2026-09-27T15:41:22.3131839Z CFLAGS="-Os -pipe -mcpu=generic -fno-caller-saves -fno-plt -fhonour-copts -fmacro-prefix-map=/workdir/openwrt/build_dir/target-aarch64_generic_musl/luci-lib-ip=luci-lib-ip -fmacro-prefix-map=/workdir/openwrt/staging_dir/target-aarch64_generic_musl=staging_dir/target-aarch64_generic_musl -Wl,-z,max-page-size=4096 -Wformat -Werror=format-security -fstack-protector -D_FORTIFY_SOURCE=1 -Wl,-z,now -Wl,-z,relro -Wl,-z,pack-relative-relocs  -I/workdir/openwrt/staging_dir/toolchain-aarch64_generic_gcc-14.4.0_musl/usr/include -I/workdir/openwrt/staging_dir/toolchain-aarch64_generic_gcc-14.4.0_musl/include -I/workdir/openwrt/staging_dir/toolchain-aarch64_generic_gcc-14.4.0_musl/include/fortify " CXXFLAGS="-Os -pipe -mcpu=generic -fno-caller-saves -fno-plt -fhonour-copts -fmacro-prefix-map=/workdir/openwrt/build_dir/target-aarch64_generic_musl/luci-lib-ip=luci-lib-ip -fmacro-prefix-map=/workdir/openwrt/staging_dir/target-aarch64_generic_musl=staging_dir/target-aarch64_generic_musl -Wl,-z,max-page-size=4096 -Wformat -Werror=format-security -fstack-protector -D_FORTIFY_SOURCE=1 -Wl,-z,now -Wl,-z,relro -Wl,-z,pack-relative-relocs  -I/workdir/openwrt/staging_dir/toolchain-aarch64_generic_gcc-14.4.0_musl/usr/include -I/workdir/openwrt/staging_dir/toolchain-aarch64_generic_gcc-14.4.0_musl/include -I/workdir/openwrt/staging_dir/toolchain-aarch64_generic_gcc-14.4.0_musl/include/fortify " LDFLAGS="-L/workdir/openwrt/staging_dir/toolchain-aarch64_generic_gcc-14.4.0_musl/usr/lib -L/workdir/openwrt/staging_dir/toolchain-aarch64_generic_gcc-14.4.0_musl/lib -fuse-ld=bfd -zmax-page-size=4096 -znow -zrelro -zpack-relative-relocs " FPIC="-DPIC -fPIC" LUCI_VERSION="26.261.08411~adc898b" LUCI_GITBRANCH="LuCI Master" make -C /workdir/openwrt/build_dir/target-aarch64_generic_musl/luci-lib-ip/src/ AR="aarch64-openwrt-linux-musl-gcc-ar" AS="aarch64-openwrt-linux-musl-gcc -c -Os -pipe -mcpu=generic -fno-caller-saves -fno-plt -fhonour-copts -fmacro-prefix-map=/workdir/openwrt/build_dir/target-aarch64_generic_musl/luci-lib-ip=luci-lib-ip -fmacro-prefix-map=/workdir/openwrt/staging_dir/target-aarch64_generic_musl=staging_dir/target-aarch64_generic_musl -Wl,-z,max-page-size=4096 -Wformat -Werror=format-security -fstack-protector -D_FORTIFY_SOURCE=1 -Wl,-z,now -Wl,-z,relro -Wl,-z,pack-relative-relocs" LD="aarch64-openwrt-linux-musl-ld.bfd" NM="aarch64-openwrt-linux-musl-gcc-nm" CC="aarch64-openwrt-linux-musl-gcc" GCC="aarch64-openwrt-linux-musl-gcc" CXX="aarch64-openwrt-linux-musl-g++" RANLIB="aarch64-openwrt-linux-musl-gcc-ranlib" STRIP=aarch64-openwrt-linux-musl-strip OBJCOPY=aarch64-openwrt-linux-musl-objcopy OBJDUMP=aarch64-openwrt-linux-musl-objdump SIZE=aarch64-openwrt-linux-musl-size CROSS="aarch64-openwrt-linux-musl-" ARCH="aarch64" DESTDIR="/workdir/openwrt/build_dir/target-aarch64_generic_musl/luci-lib-ip/ipkg-install"   install;
build	Compile debug	2026-09-27T15:41:22.3157049Z make[4]: Entering directory '/workdir/openwrt/build_dir/target-aarch64_generic_musl/luci-lib-ip/src'
build	Compile debug	2026-09-27T15:41:22.3159422Z aarch64-openwrt-linux-musl-gcc -L/workdir/openwrt/staging_dir/toolchain-aarch64_generic_gcc-14.4.0_musl/usr/lib -L/workdir/openwrt/staging_dir/toolchain-aarch64_generic_gcc-14.4.0_musl/lib -fuse-ld=bfd -zmax-page-size=4096 -znow -zrelro -zpack-relative-relocs  -shared -o ip.so ip.o -llua -lm -lnl-tiny -DPIC -fPIC
build	Compile debug	2026-09-27T15:41:22.3263247Z mkdir -p /workdir/openwrt/build_dir/target-aarch64_generic_musl/luci-lib-ip/ipkg-install/usr/lib/lua/luci
build	Compile debug	2026-09-27T15:41:22.3276264Z cp ip.so /workdir/openwrt/build_dir/target-aarch64_generic_musl/luci-lib-ip/ipkg-install/usr/lib/lua/luci/ip.so
build	Compile debug	2026-09-27T15:41:22.3291340Z make[4]: Leaving directory '/workdir/openwrt/build_dir/target-aarch64_generic_musl/luci-lib-ip/src'
build	Compile debug	2026-09-27T15:41:22.3292934Z touch /workdir/openwrt/build_dir/target-aarch64_generic_musl/luci-lib-ip/.built
build	Compile debug	2026-09-27T15:41:22.3600478Z rm -rf /workdir/openwrt/build_dir/target-aarch64_generic_musl/luci-lib-ip/ipkg-aarch64_generic/luci-lib-ip
build	Compile debug	2026-09-27T15:41:22.3641457Z /workdir/openwrt/scripts/ipkg-remove luci-lib-ip /workdir/openwrt/bin/packages/aarch64_generic/luci/luci-lib-ip-26.261.08411~adc898b.apk
build	Compile debug	2026-09-27T15:41:22.3686551Z removed '/workdir/openwrt/bin/packages/aarch64_generic/luci/luci-lib-ip-26.261.08411~adc898b.apk'
build	Compile debug	2026-09-27T15:41:22.3690682Z mkdir -p /workdir/openwrt/bin/targets/armsr/armv8/packages /workdir/openwrt/build_dir/target-aarch64_generic_musl/luci-lib-ip/ipkg-aarch64_generic/luci-lib-ip /workdir/openwrt/staging_dir/target-aarch64_generic_musl/pkginfo
build	Compile debug	2026-09-27T15:41:22.3737357Z CFLAGS="-Os -pipe -mcpu=generic -fno-caller-saves -fno-plt -fhonour-copts -fmacro-prefix-map=/workdir/openwrt/build_dir/target-aarch64_generic_musl/luci-lib-ip=luci-lib-ip -fmacro-prefix-map=/workdir/openwrt/staging_dir/target-aarch64_generic_musl=staging_dir/target-aarch64_generic_musl -Wl,-z,max-page-size=4096 -Wformat -Werror=format-security -fstack-protector -D_FORTIFY_SOURCE=1 -Wl,-z,now -Wl,-z,relro -Wl,-z,pack-relative-relocs  -I/workdir/openwrt/staging_dir/toolchain-aarch64_generic_gcc-14.4.0_musl/usr/include -I/workdir/openwrt/staging_dir/toolchain-aarch64_generic_gcc-14.4.0_musl/include -I/workdir/openwrt/staging_dir/toolchain-aarch64_generic_gcc-14.4.0_musl/include/fortify " CXXFLAGS="-Os -pipe -mcpu=generic -fno-caller-saves -fno-plt -fhonour-copts -fmacro-prefix-map=/workdir/openwrt/build_dir/target-aarch64_generic_musl/luci-lib-ip=luci-lib-ip -fmacro-prefix-map=/workdir/openwrt/staging_dir/target-aarch64_generic_musl=staging_dir/target-aarch64_generic_musl -Wl,-z,max-page-size=4096 -Wformat -Werror=format-security -fstack-protector -D_FORTIFY_SOURCE=1 -Wl,-z,now -Wl,-z,relro -Wl,-z,pack-relative-relocs  -I/workdir/openwrt/staging_dir/toolchain-aarch64_generic_gcc-14.4.0_musl/usr/include -I/workdir/openwrt/staging_dir/toolchain-aarch64_generic_gcc-14.4.0_musl/include -I/workdir/openwrt/staging_dir/toolchain-aarch64_generic_gcc-14.4.0_musl/include/fortify " LDFLAGS="-L/workdir/openwrt/staging_dir/toolchain-aarch64_generic_gcc-14.4.0_musl/usr/lib -L/workdir/openwrt/staging_dir/toolchain-aarch64_generic_gcc-14.4.0_musl/lib -fuse-ld=bfd -zmax-page-size=4096 -znow -zrelro -zpack-relative-relocs " FPIC="-DPIC -fPIC" LUCI_VERSION="26.261.08411~adc898b" LUCI_GITBRANCH="LuCI Master" make -C /workdir/openwrt/build_dir/target-aarch64_generic_musl/luci-lib-ip/src/ AR="aarch64-openwrt-linux-musl-gcc-ar" AS="aarch64-openwrt-linux-musl-gcc -c -Os -pipe -mcpu=generic -fno-caller-saves -fno-plt -fhonour-copts -fmacro-prefix-map=/workdir/openwrt/build_dir/target-aarch64_generic_musl/luci-lib-ip=luci-lib-ip -fmacro-prefix-map=/workdir/openwrt/staging_dir/target-aarch64_generic_musl=staging_dir/target-aarch64_generic_musl -Wl,-z,max-page-size=4096 -Wformat -Werror=format-security -fstack-protector -D_FORTIFY_SOURCE=1 -Wl,-z,now -Wl,-z,relro -Wl,-z,pack-relative-relocs" LD="aarch64-openwrt-linux-musl-ld.bfd" NM="aarch64-openwrt-linux-musl-gcc-nm" CC="aarch64-openwrt-linux-musl-gcc" GCC="aarch64-openwrt-linux-musl-gcc" CXX="aarch64-openwrt-linux-musl-g++" RANLIB="aarch64-openwrt-linux-musl-gcc-ranlib" STRIP=aarch64-openwrt-linux-musl-strip OBJCOPY=aarch64-openwrt-linux-musl-objcopy OBJDUMP=aarch64-openwrt-linux-musl-objdump SIZE=aarch64-openwrt-linux-musl-size CROSS="aarch64-openwrt-linux-musl-" ARCH="aarch64" DESTDIR="/workdir/openwrt/build_dir/target-aarch64_generic_musl/luci-lib-ip/ipkg-install"   install;
build	Compile debug	2026-09-27T15:41:22.3762740Z make[4]: Entering directory '/workdir/openwrt/build_dir/target-aarch64_generic_musl/luci-lib-ip/src'
build	Compile debug	2026-09-27T15:41:22.3764910Z aarch64-openwrt-linux-musl-gcc -L/workdir/openwrt/staging_dir/toolchain-aarch64_generic_gcc-14.4.0_musl/usr/lib -L/workdir/openwrt/staging_dir/toolchain-aarch64_generic_gcc-14.4.0_musl/lib -fuse-ld=bfd -zmax-page-size=4096 -znow -zrelro -zpack-relative-relocs  -shared -o ip.so ip.o -llua -lm -lnl-tiny -DPIC -fPIC
build	Compile debug	2026-09-27T15:41:22.3869352Z mkdir -p /workdir/openwrt/build_dir/target-aarch64_generic_musl/luci-lib-ip/ipkg-install/usr/lib/lua/luci
build	Compile debug	2026-09-27T15:41:22.3881915Z cp ip.so /workdir/openwrt/build_dir/target-aarch64_generic_musl/luci-lib-ip/ipkg-install/usr/lib/lua/luci/ip.so
build	Compile debug	2026-09-27T15:41:22.3896657Z make[4]: Leaving directory '/workdir/openwrt/build_dir/target-aarch64_generic_musl/luci-lib-ip/src'
build	Compile debug	2026-09-27T15:41:22.3898915Z cp -fpR /workdir/openwrt/build_dir/target-aarch64_generic_musl/luci-lib-ip/ipkg-install/* /workdir/openwrt/build_dir/target-aarch64_generic_musl/luci-lib-ip/ipkg-aarch64_generic/luci-lib-ip/
build	Compile debug	2026-09-27T15:41:22.3933803Z find /workdir/openwrt/build_dir/target-aarch64_generic_musl/luci-lib-ip/ipkg-aarch64_generic/luci-lib-ip -name '.svn' -o -name '.#*' -o -name '*~'| xargs -r rm -rf
build	Compile debug	2026-09-27T15:41:22.4231787Z export CROSS="aarch64-openwrt-linux-musl-"  NO_RENAME=1 ; NM="aarch64-openwrt-linux-musl-nm" STRIP="/workdir/openwrt/staging_dir/host/bin/sstrip -z" STRIP_KMOD="/workdir/openwrt/scripts/strip-kmod.sh" PATCHELF="/workdir/openwrt/staging_dir/host/bin/patchelf" /workdir/openwrt/scripts/rstrip.sh /workdir/openwrt/build_dir/target-aarch64_generic_musl/luci-lib-ip/ipkg-aarch64_generic/luci-lib-ip
build	Compile debug	2026-09-27T15:41:22.4300091Z rstrip.sh: /workdir/openwrt/build_dir/target-aarch64_generic_musl/luci-lib-ip/ipkg-aarch64_generic/luci-lib-ip/usr/lib/lua/luci/ip.so: shared object
build	Compile debug	2026-09-27T15:41:22.4364184Z install -d -m0755 /workdir/openwrt/bin/packages/aarch64_generic/luci
build	Compile debug	2026-09-27T15:41:22.4395081Z mkdir -p /workdir/openwrt/build_dir/target-aarch64_generic_musl/luci-lib-ip/apk-aarch64_generic/luci-lib-ip/
build	Compile debug	2026-09-27T15:41:22.4424729Z mkdir -p /workdir/openwrt/build_dir/target-aarch64_generic_musl/luci-lib-ip/ipkg-aarch64_generic/luci-lib-ip/lib/apk/packages/
build	Compile debug	2026-09-27T15:41:22.4455028Z (cd /workdir/openwrt/build_dir/target-aarch64_generic_musl/luci-lib-ip/apk-aarch64_generic/luci-lib-ip; echo "$V_Package_luci_lib_ip_postinst" > postinst-pkg; chmod 0755 postinst-pkg;)
build	Compile debug	2026-09-27T15:41:22.4492918Z ( echo "#!/bin/sh"; echo "[ \"\${IPKG_NO_SCRIPT}\" = \"1\" ] && exit 0"; echo "[ -s "\${IPKG_INSTROOT}/lib/functions.sh" ] || exit 0"; echo ". \${IPKG_INSTROOT}/lib/functions.sh"; echo 'export root="${IPKG_INSTROOT}"'; echo 'export pkgname="luci-lib-ip"'; echo "add_group_and_user"; echo "default_postinst"; [ ! -f /workdir/openwrt/build_dir/target-aarch64_generic_musl/luci-lib-ip/apk-aarch64_generic/luci-lib-ip/postinst-pkg ] || sed '/^\s*#!/d' "/workdir/openwrt/build_dir/target-aarch64_generic_musl/luci-lib-ip/apk-aarch64_generic/luci-lib-ip/postinst-pkg"; ) > /workdir/openwrt/build_dir/target-aarch64_generic_musl/luci-lib-ip/apk-aarch64_generic/luci-lib-ip/post-install;
build	Compile debug	2026-09-27T15:41:22.4529171Z ( echo "#!/bin/sh"; echo 'export PKG_UPGRADE=1'; [ ! -f /workdir/openwrt/build_dir/target-aarch64_generic_musl/luci-lib-ip/apk-aarch64_generic/luci-lib-ip/post-install ] || sed '/^\s*#!/d' "/workdir/openwrt/build_dir/target-aarch64_generic_musl/luci-lib-ip/apk-aarch64_generic/luci-lib-ip/post-install"; ) > /workdir/openwrt/build_dir/target-aarch64_generic_musl/luci-lib-ip/apk-aarch64_generic/luci-lib-ip/post-upgrade;
build	Compile debug	2026-09-27T15:41:22.4566365Z ( echo "#!/bin/sh"; echo "[ -s "\${IPKG_INSTROOT}/lib/functions.sh" ] || exit 0"; echo ". \${IPKG_INSTROOT}/lib/functions.sh"; echo 'export root="${IPKG_INSTROOT}"'; echo 'export pkgname="luci-lib-ip"'; echo "default_prerm"; [ ! -f /workdir/openwrt/build_dir/target-aarch64_generic_musl/luci-lib-ip/apk-aarch64_generic/luci-lib-ip/prerm-pkg ] || sed '/^\s*#!/d' "/workdir/openwrt/build_dir/target-aarch64_generic_musl/luci-lib-ip/apk-aarch64_generic/luci-lib-ip/prerm-pkg"; ) > /workdir/openwrt/build_dir/target-aarch64_generic_musl/luci-lib-ip/apk-aarch64_generic/luci-lib-ip/pre-deinstall;
build	Compile debug	2026-09-27T15:41:22.4590672Z [ ! -f /workdir/openwrt/build_dir/target-aarch64_generic_musl/luci-lib-ip/apk-aarch64_generic/luci-lib-ip/postrm ] || sed -zi 's/^\s*#!/#!/' "/workdir/openwrt/build_dir/target-aarch64_generic_musl/luci-lib-ip/apk-aarch64_generic/luci-lib-ip/postrm";
build	Compile debug	2026-09-27T15:41:22.4610246Z if [ -n "" ]; then echo  > /workdir/openwrt/build_dir/target-aarch64_generic_musl/luci-lib-ip/ipkg-aarch64_generic/luci-lib-ip/lib/apk/packages/luci-lib-ip.rusers; fi;
build	Compile debug	2026-09-27T15:41:22.4630330Z if [ -n "" ]; then echo  > /workdir/openwrt/build_dir/target-aarch64_generic_musl/luci-lib-ip/ipkg-aarch64_generic/luci-lib-ip/lib/apk/packages/luci-lib-ip.alternatives; fi;
build	Compile debug	2026-09-27T15:41:22.4651299Z (cd /workdir/openwrt/build_dir/target-aarch64_generic_musl/luci-lib-ip/ipkg-aarch64_generic/luci-lib-ip && find . -type f,l -printf "/%P\n" | sort > /workdir/openwrt/tmp/luci-lib-ip.list && mv /workdir/openwrt/tmp/luci-lib-ip.list /workdir/openwrt/build_dir/target-aarch64_generic_musl/luci-lib-ip/ipkg-aarch64_generic/luci-lib-ip/lib/apk/packages/luci-lib-ip.list)
build	Compile debug	2026-09-27T15:41:22.4703408Z # Move conffiles to IDIR and build conffiles_static with csums
build	Compile debug	2026-09-27T15:41:22.4727030Z if [ -f /workdir/openwrt/build_dir/target-aarch64_generic_musl/luci-lib-ip/apk-aarch64_generic/luci-lib-ip/conffiles ]; then mv -f /workdir/openwrt/build_dir/target-aarch64_generic_musl/luci-lib-ip/apk-aarch64_generic/luci-lib-ip/conffiles /workdir/openwrt/build_dir/target-aarch64_generic_musl/luci-lib-ip/ipkg-aarch64_generic/luci-lib-ip/lib/apk/packages/luci-lib-ip.conffiles; for file in $(cat /workdir/openwrt/build_dir/target-aarch64_generic_musl/luci-lib-ip/ipkg-aarch64_generic/luci-lib-ip/lib/apk/packages/luci-lib-ip.conffiles); do [ -f /workdir/openwrt/build_dir/target-aarch64_generic_musl/luci-lib-ip/ipkg-aarch64_generic/luci-lib-ip/$file ] || continue; csum=$(/workdir/openwrt/staging_dir/host/bin/mkhash sha256 /workdir/openwrt/build_dir/target-aarch64_generic_musl/luci-lib-ip/ipkg-aarch64_generic/luci-lib-ip/$file); echo $file $csum >> /workdir/openwrt/build_dir/target-aarch64_generic_musl/luci-lib-ip/ipkg-aarch64_generic/luci-lib-ip/lib/apk/packages/luci-lib-ip.conffiles_static; done; fi
build	Compile debug	2026-09-27T15:41:22.4747561Z # Some package (base-files) manually append stuff to conffiles
build	Compile debug	2026-09-27T15:41:22.4763705Z # Append stuff from it and delete the CONTROL directory since everything else should be migrated
build	Compile debug	2026-09-27T15:41:22.4791848Z if [ -f /workdir/openwrt/build_dir/target-aarch64_generic_musl/luci-lib-ip/ipkg-aarch64_generic/luci-lib-ip/CONTROL/conffiles ]; then echo $(IDIR_luci-lib-ip)/CONTROL/conffiles >> /workdir/openwrt/build_dir/target-aarch64_generic_musl/luci-lib-ip/ipkg-aarch64_generic/luci-lib-ip/lib/apk/packages/luci-lib-ip.conffiles; for file in $(cat /workdir/openwrt/build_dir/target-aarch64_generic_musl/luci-lib-ip/ipkg-aarch64_generic/luci-lib-ip/CONTROL/conffiles); do [ -f /workdir/openwrt/build_dir/target-aarch64_generic_musl/luci-lib-ip/ipkg-aarch64_generic/luci-lib-ip/$file ] || continue; csum=$(/workdir/openwrt/staging_dir/host/bin/mkhash sha256 /workdir/openwrt/build_dir/target-aarch64_generic_musl/luci-lib-ip/ipkg-aarch64_generic/luci-lib-ip/$file); echo $file $csum >> /workdir/openwrt/build_dir/target-aarch64_generic_musl/luci-lib-ip/ipkg-aarch64_generic/luci-lib-ip/lib/apk/packages/luci-lib-ip.conffiles_static; done; rm -rf /workdir/openwrt/build_dir/target-aarch64_generic_musl/luci-lib-ip/ipkg-aarch64_generic/luci-lib-ip/CONTROL/conffiles; fi
build	Compile debug	2026-09-27T15:41:22.4831315Z if [ -z "$(ls -A /workdir/openwrt/build_dir/target-aarch64_generic_musl/luci-lib-ip/ipkg-aarch64_generic/luci-lib-ip/CONTROL 2>/dev/null)" ]; then rm -rf /workdir/openwrt/build_dir/target-aarch64_generic_musl/luci-lib-ip/ipkg-aarch64_generic/luci-lib-ip/CONTROL; else echo "CONTROL directory /workdir/openwrt/build_dir/target-aarch64_generic_musl/luci-lib-ip/ipkg-aarch64_generic/luci-lib-ip/CONTROL is not empty! This is not right and should be checked!" >&2; exit 1; fi
build	Compile debug	2026-09-27T15:41:22.4884825Z SOURCE_DATE_EPOCH=0 /workdir/openwrt/staging_dir/host/bin/fakeroot /workdir/openwrt/staging_dir/host/bin/apk mkpkg --info "name:luci-lib-ip" --info "version:26.261.08411~adc898b" --info "tags:openwrt:section=luci" --info "description:Lua library for IP calculation and routing information" --info "arch:aarch64_generic" --info "license:Apache-2.0" --info "origin:feeds/luci/feeds/luci/libs/luci-lib-ip" --info "url:https://github.com/openwrt/luci" --info "maintainer:OpenWrt LuCI community" --info "provides:luci-lib-ip-any"  --script "post-install:/workdir/openwrt/build_dir/target-aarch64_generic_musl/luci-lib-ip/apk-aarch64_generic/luci-lib-ip/post-install" --script "post-upgrade:/workdir/openwrt/build_dir/target-aarch64_generic_musl/luci-lib-ip/apk-aarch64_generic/luci-lib-ip/post-upgrade" --script "pre-deinstall:/workdir/openwrt/build_dir/target-aarch64_generic_musl/luci-lib-ip/apk-aarch64_generic/luci-lib-ip/pre-deinstall" --info "depends:libc liblua5.1.5 libnl-tiny1" --files "/workdir/openwrt/build_dir/target-aarch64_generic_musl/luci-lib-ip/ipkg-aarch64_generic/luci-lib-ip" --sign /workdir/openwrt/private-key.pem --output "/workdir/openwrt/bin/packages/aarch64_generic/luci/luci-lib-ip-26.261.08411~adc898b.apk"
build	Compile debug	2026-09-27T15:41:22.5295737Z rm -rf /workdir/openwrt/build_dir/target-aarch64_generic_musl/luci-lib-ip/.pkgdir/luci-lib-ip.installed /workdir/openwrt/build_dir/target-aarch64_generic_musl/luci-lib-ip/.pkgdir/luci-lib-ip
build	Compile debug	2026-09-27T15:41:22.5330763Z mkdir -p /workdir/openwrt/build_dir/target-aarch64_generic_musl/luci-lib-ip/.pkgdir/luci-lib-ip
build	Compile debug	2026-09-27T15:41:22.5376249Z CFLAGS="-Os -pipe -mcpu=generic -fno-caller-saves -fno-plt -fhonour-copts -fmacro-prefix-map=/workdir/openwrt/build_dir/target-aarch64_generic_musl/luci-lib-ip=luci-lib-ip -fmacro-prefix-map=/workdir/openwrt/staging_dir/target-aarch64_generic_musl=staging_dir/target-aarch64_generic_musl -Wl,-z,max-page-size=4096 -Wformat -Werror=format-security -fstack-protector -D_FORTIFY_SOURCE=1 -Wl,-z,now -Wl,-z,relro -Wl,-z,pack-relative-relocs  -I/workdir/openwrt/staging_dir/toolchain-aarch64_generic_gcc-14.4.0_musl/usr/include -I/workdir/openwrt/staging_dir/toolchain-aarch64_generic_gcc-14.4.0_musl/include -I/workdir/openwrt/staging_dir/toolchain-aarch64_generic_gcc-14.4.0_musl/include/fortify " CXXFLAGS="-Os -pipe -mcpu=generic -fno-caller-saves -fno-plt -fhonour-copts -fmacro-prefix-map=/workdir/openwrt/build_dir/target-aarch64_generic_musl/luci-lib-ip=luci-lib-ip -fmacro-prefix-map=/workdir/openwrt/staging_dir/target-aarch64_generic_musl=staging_dir/target-aarch64_generic_musl -Wl,-z,max-page-size=4096 -Wformat -Werror=format-security -fstack-protector -D_FORTIFY_SOURCE=1 -Wl,-z,now -Wl,-z,relro -Wl,-z,pack-relative-relocs  -I/workdir/openwrt/staging_dir/toolchain-aarch64_generic_gcc-14.4.0_musl/usr/include -I/workdir/openwrt/staging_dir/toolchain-aarch64_generic_gcc-14.4.0_musl/include -I/workdir/openwrt/staging_dir/toolchain-aarch64_generic_gcc-14.4.0_musl/include/fortify " LDFLAGS="-L/workdir/openwrt/staging_dir/toolchain-aarch64_generic_gcc-14.4.0_musl/usr/lib -L/workdir/openwrt/staging_dir/toolchain-aarch64_generic_gcc-14.4.0_musl/lib -fuse-ld=bfd -zmax-page-size=4096 -znow -zrelro -zpack-relative-relocs " FPIC="-DPIC -fPIC" LUCI_VERSION="26.261.08411~adc898b" LUCI_GITBRANCH="LuCI Master" make -C /workdir/openwrt/build_dir/target-aarch64_generic_musl/luci-lib-ip/src/ AR="aarch64-openwrt-linux-musl-gcc-ar" AS="aarch64-openwrt-linux-musl-gcc -c -Os -pipe -mcpu=generic -fno-caller-saves -fno-plt -fhonour-copts -fmacro-prefix-map=/workdir/openwrt/build_dir/target-aarch64_generic_musl/luci-lib-ip=luci-lib-ip -fmacro-prefix-map=/workdir/openwrt/staging_dir/target-aarch64_generic_musl=staging_dir/target-aarch64_generic_musl -Wl,-z,max-page-size=4096 -Wformat -Werror=format-security -fstack-protector -D_FORTIFY_SOURCE=1 -Wl,-z,now -Wl,-z,relro -Wl,-z,pack-relative-relocs" LD="aarch64-openwrt-linux-musl-ld.bfd" NM="aarch64-openwrt-linux-musl-gcc-nm" CC="aarch64-openwrt-linux-musl-gcc" GCC="aarch64-openwrt-linux-musl-gcc" CXX="aarch64-openwrt-linux-musl-g++" RANLIB="aarch64-openwrt-linux-musl-gcc-ranlib" STRIP=aarch64-openwrt-linux-musl-strip OBJCOPY=aarch64-openwrt-linux-musl-objcopy OBJDUMP=aarch64-openwrt-linux-musl-objdump SIZE=aarch64-openwrt-linux-musl-size CROSS="aarch64-openwrt-linux-musl-" ARCH="aarch64" DESTDIR="/workdir/openwrt/build_dir/target-aarch64_generic_musl/luci-lib-ip/ipkg-install"   install;
build	Compile debug	2026-09-27T15:41:22.5398645Z make[4]: Entering directory '/workdir/openwrt/build_dir/target-aarch64_generic_musl/luci-lib-ip/src'
build	Compile debug	2026-09-27T15:41:22.5400798Z aarch64-openwrt-linux-musl-gcc -L/workdir/openwrt/staging_dir/toolchain-aarch64_generic_gcc-14.4.0_musl/usr/lib -L/workdir/openwrt/staging_dir/toolchain-aarch64_generic_gcc-14.4.0_musl/lib -fuse-ld=bfd -zmax-page-size=4096 -znow -zrelro -zpack-relative-relocs  -shared -o ip.so ip.o -llua -lm -lnl-tiny -DPIC -fPIC
build	Compile debug	2026-09-27T15:41:22.5540174Z mkdir -p /workdir/openwrt/build_dir/target-aarch64_generic_musl/luci-lib-ip/ipkg-install/usr/lib/lua/luci
build	Compile debug	2026-09-27T15:41:22.5552923Z cp ip.so /workdir/openwrt/build_dir/target-aarch64_generic_musl/luci-lib-ip/ipkg-install/usr/lib/lua/luci/ip.so
build	Compile debug	2026-09-27T15:41:22.5567526Z make[4]: Leaving directory '/workdir/openwrt/build_dir/target-aarch64_generic_musl/luci-lib-ip/src'
build	Compile debug	2026-09-27T15:41:22.5569591Z cp -fpR /workdir/openwrt/build_dir/target-aarch64_generic_musl/luci-lib-ip/ipkg-install/* /workdir/openwrt/build_dir/target-aarch64_generic_musl/luci-lib-ip/.pkgdir/luci-lib-ip/
build	Compile debug	2026-09-27T15:41:22.5604368Z touch /workdir/openwrt/build_dir/target-aarch64_generic_musl/luci-lib-ip/.pkgdir/luci-lib-ip.installed
build	Compile debug	2026-09-27T15:41:22.5631677Z mkdir -p /workdir/openwrt/staging_dir/target-aarch64_generic_musl/root-armsr/stamp
build	Compile debug	2026-09-27T15:41:22.5668441Z SHELL= flock /workdir/openwrt/tmp/.root-copy.flock -c 'cp -fpR /workdir/openwrt/build_dir/target-aarch64_generic_musl/luci-lib-ip/.pkgdir/luci-lib-ip/. /workdir/openwrt/staging_dir/target-aarch64_generic_musl/root-armsr/'
build	Compile debug	2026-09-27T15:41:22.5726767Z touch /workdir/openwrt/staging_dir/target-aarch64_generic_musl/root-armsr/stamp/.luci-lib-ip_installed
build	Compile debug	2026-09-27T15:41:22.5756766Z echo "luci-lib-ip" >> /workdir/openwrt/staging_dir/target-aarch64_generic_musl/pkginfo/luci-lib-ip.default.install
build	Compile debug	2026-09-27T15:41:22.5783116Z make[3]: Leaving directory '/workdir/openwrt/feeds/luci/libs/luci-lib-ip'
build	Compile debug	2026-09-27T15:41:22.5791586Z time: package/feeds/luci/luci-lib-ip/compile#0.68#0.39#1.03
build	Compile debug	2026-09-27T15:41:22.6500331Z make[3]: Entering directory '/workdir/openwrt/feeds/luci/libs/luci-lib-jsonc'
build	Compile debug	2026-09-27T15:41:23.0053924Z rm -f /workdir/openwrt/build_dir/target-aarch64_generic_musl/luci-lib-jsonc/.built
build	Compile debug	2026-09-27T15:41:23.0088769Z touch /workdir/openwrt/build_dir/target-aarch64_generic_musl/luci-lib-jsonc/.built_check
build	Compile debug	2026-09-27T15:41:23.0125877Z CFLAGS="-Os -pipe -mcpu=generic -fno-caller-saves -fno-plt -fhonour-copts -fmacro-prefix-map=/workdir/openwrt/build_dir/target-aarch64_generic_musl/luci-lib-jsonc=luci-lib-jsonc -fmacro-prefix-map=/workdir/openwrt/staging_dir/target-aarch64_generic_musl=staging_dir/target-aarch64_generic_musl -Wl,-z,max-page-size=4096 -Wformat -Werror=format-security -fstack-protector -D_FORTIFY_SOURCE=1 -Wl,-z,now -Wl,-z,relro -Wl,-z,pack-relative-relocs  -I/workdir/openwrt/staging_dir/toolchain-aarch64_generic_gcc-14.4.0_musl/usr/include -I/workdir/openwrt/staging_dir/toolchain-aarch64_generic_gcc-14.4.0_musl/include -I/workdir/openwrt/staging_dir/toolchain-aarch64_generic_gcc-14.4.0_musl/include/fortify " CXXFLAGS="-Os -pipe -mcpu=generic -fno-caller-saves -fno-plt -fhonour-copts -fmacro-prefix-map=/workdir/openwrt/build_dir/target-aarch64_generic_musl/luci-lib-jsonc=luci-lib-jsonc -fmacro-prefix-map=/workdir/openwrt/staging_dir/target-aarch64_generic_musl=staging_dir/target-aarch64_generic_musl -Wl,-z,max-page-size=4096 -Wformat -Werror=format-security -fstack-protector -D_FORTIFY_SOURCE=1 -Wl,-z,now -Wl,-z,relro -Wl,-z,pack-relative-relocs  -I/workdir/openwrt/staging_dir/toolchain-aarch64_generic_gcc-14.4.0_musl/usr/include -I/workdir/openwrt/staging_dir/toolchain-aarch64_generic_gcc-14.4.0_musl/include -I/workdir/openwrt/staging_dir/toolchain-aarch64_generic_gcc-14.4.0_musl/include/fortify " LDFLAGS="-L/workdir/openwrt/staging_dir/toolchain-aarch64_generic_gcc-14.4.0_musl/usr/lib -L/workdir/openwrt/staging_dir/toolchain-aarch64_generic_gcc-14.4.0_musl/lib -fuse-ld=bfd -zmax-page-size=4096 -znow -zrelro -zpack-relative-relocs " FPIC="-DPIC -fPIC" LUCI_VERSION="26.261.08411~adc898b" LUCI_GITBRANCH="LuCI Master" make -j1 -C /workdir/openwrt/build_dir/target-aarch64_generic_musl/luci-lib-jsonc/src/ AR="aarch64-openwrt-linux-musl-gcc-ar" AS="aarch64-openwrt-linux-musl-gcc -c -Os -pipe -mcpu=generic -fno-caller-saves -fno-plt -fhonour-copts -fmacro-prefix-map=/workdir/openwrt/build_dir/target-aarch64_generic_musl/luci-lib-jsonc=luci-lib-jsonc -fmacro-prefix-map=/workdir/openwrt/staging_dir/target-aarch64_generic_musl=staging_dir/target-aarch64_generic_musl -Wl,-z,max-page-size=4096 -Wformat -Werror=format-security -fstack-protector -D_FORTIFY_SOURCE=1 -Wl,-z,now -Wl,-z,relro -Wl,-z,pack-relative-relocs" LD="aarch64-openwrt-linux-musl-ld.bfd" NM="aarch64-openwrt-linux-musl-gcc-nm" CC="aarch64-openwrt-linux-musl-gcc" GCC="aarch64-openwrt-linux-musl-gcc" CXX="aarch64-openwrt-linux-musl-g++" RANLIB="aarch64-openwrt-linux-musl-gcc-ranlib" STRIP=aarch64-openwrt-linux-musl-strip OBJCOPY=aarch64-openwrt-linux-musl-objcopy OBJDUMP=aarch64-openwrt-linux-musl-objdump SIZE=aarch64-openwrt-linux-musl-size CROSS="aarch64-openwrt-linux-musl-" ARCH="aarch64" clean compile;
build	Compile debug	2026-09-27T15:41:23.1108761Z make[4]: Entering directory '/workdir/openwrt/build_dir/target-aarch64_generic_musl/luci-lib-jsonc/src'
build	Compile debug	2026-09-27T15:41:23.1109436Z rm -f *.o *.so
build	Compile debug	2026-09-27T15:41:23.1134757Z aarch64-openwrt-linux-musl-gcc  -Os -pipe -mcpu=generic -fno-caller-saves -fno-plt -fhonour-copts -fmacro-prefix-map=/workdir/openwrt/build_dir/target-aarch64_generic_musl/luci-lib-jsonc=luci-lib-jsonc -fmacro-prefix-map=/workdir/openwrt/staging_dir/target-aarch64_generic_musl=staging_dir/target-aarch64_generic_musl -Wl,-z,max-page-size=4096 -Wformat -Werror=format-security -fstack-protector -D_FORTIFY_SOURCE=1 -Wl,-z,now -Wl,-z,relro -Wl,-z,pack-relative-relocs  -I/workdir/openwrt/staging_dir/toolchain-aarch64_generic_gcc-14.4.0_musl/usr/include -I/workdir/openwrt/staging_dir/toolchain-aarch64_generic_gcc-14.4.0_musl/include -I/workdir/openwrt/staging_dir/toolchain-aarch64_generic_gcc-14.4.0_musl/include/fortify   -std=gnu99 -I/workdir/openwrt/staging_dir/target-aarch64_generic_musl/usr/include/json-c/ -DPIC -fPIC -c -o jsonc.o jsonc.c
build	Compile debug	2026-09-27T15:41:23.2842166Z aarch64-openwrt-linux-musl-gcc -L/workdir/openwrt/staging_dir/toolchain-aarch64_generic_gcc-14.4.0_musl/usr/lib -L/workdir/openwrt/staging_dir/toolchain-aarch64_generic_gcc-14.4.0_musl/lib -fuse-ld=bfd -zmax-page-size=4096 -znow -zrelro -zpack-relative-relocs  -shared -o jsonc.so jsonc.o -llua -lm -ljson-c -DPIC -fPIC
build	Compile debug	2026-09-27T15:41:23.2949667Z make[4]: Leaving directory '/workdir/openwrt/build_dir/target-aarch64_generic_musl/luci-lib-jsonc/src'
build	Compile debug	2026-09-27T15:41:23.2961663Z CFLAGS="-Os -pipe -mcpu=generic -fno-caller-saves -fno-plt -fhonour-copts -fmacro-prefix-map=/workdir/openwrt/build_dir/target-aarch64_generic_musl/luci-lib-jsonc=luci-lib-jsonc -fmacro-prefix-map=/workdir/openwrt/staging_dir/target-aarch64_generic_musl=staging_dir/target-aarch64_generic_musl -Wl,-z,max-page-size=4096 -Wformat -Werror=format-security -fstack-protector -D_FORTIFY_SOURCE=1 -Wl,-z,now -Wl,-z,relro -Wl,-z,pack-relative-relocs  -I/workdir/openwrt/staging_dir/toolchain-aarch64_generic_gcc-14.4.0_musl/usr/include -I/workdir/openwrt/staging_dir/toolchain-aarch64_generic_gcc-14.4.0_musl/include -I/workdir/openwrt/staging_dir/toolchain-aarch64_generic_gcc-14.4.0_musl/include/fortify " CXXFLAGS="-Os -pipe -mcpu=generic -fno-caller-saves -fno-plt -fhonour-copts -fmacro-prefix-map=/workdir/openwrt/build_dir/target-aarch64_generic_musl/luci-lib-jsonc=luci-lib-jsonc -fmacro-prefix-map=/workdir/openwrt/staging_dir/target-aarch64_generic_musl=staging_dir/target-aarch64_generic_musl -Wl,-z,max-page-size=4096 -Wformat -Werror=format-security -fstack-protector -D_FORTIFY_SOURCE=1 -Wl,-z,now -Wl,-z,relro -Wl,-z,pack-relative-relocs  -I/workdir/openwrt/staging_dir/toolchain-aarch64_generic_gcc-14.4.0_musl/usr/include -I/workdir/openwrt/staging_dir/toolchain-aarch64_generic_gcc-14.4.0_musl/include -I/workdir/openwrt/staging_dir/toolchain-aarch64_generic_gcc-14.4.0_musl/include/fortify " LDFLAGS="-L/workdir/openwrt/staging_dir/toolchain-aarch64_generic_gcc-14.4.0_musl/usr/lib -L/workdir/openwrt/staging_dir/toolchain-aarch64_generic_gcc-14.4.0_musl/lib -fuse-ld=bfd -zmax-page-size=4096 -znow -zrelro -zpack-relative-relocs " FPIC="-DPIC -fPIC" LUCI_VERSION="26.261.08411~adc898b" LUCI_GITBRANCH="LuCI Master" make -C /workdir/openwrt/build_dir/target-aarch64_generic_musl/luci-lib-jsonc/src/ AR="aarch64-openwrt-linux-musl-gcc-ar" AS="aarch64-openwrt-linux-musl-gcc -c -Os -pipe -mcpu=generic -fno-caller-saves -fno-plt -fhonour-copts -fmacro-prefix-map=/workdir/openwrt/build_dir/target-aarch64_generic_musl/luci-lib-jsonc=luci-lib-jsonc -fmacro-prefix-map=/workdir/openwrt/staging_dir/target-aarch64_generic_musl=staging_dir/target-aarch64_generic_musl -Wl,-z,max-page-size=4096 -Wformat -Werror=format-security -fstack-protector -D_FORTIFY_SOURCE=1 -Wl,-z,now -Wl,-z,relro -Wl,-z,pack-relative-relocs" LD="aarch64-openwrt-linux-musl-ld.bfd" NM="aarch64-openwrt-linux-musl-gcc-nm" CC="aarch64-openwrt-linux-musl-gcc" GCC="aarch64-openwrt-linux-musl-gcc" CXX="aarch64-openwrt-linux-musl-g++" RANLIB="aarch64-openwrt-linux-musl-gcc-ranlib" STRIP=aarch64-openwrt-linux-musl-strip OBJCOPY=aarch64-openwrt-linux-musl-objcopy OBJDUMP=aarch64-openwrt-linux-musl-objdump SIZE=aarch64-openwrt-linux-musl-size CROSS="aarch64-openwrt-linux-musl-" ARCH="aarch64" DESTDIR="/workdir/openwrt/build_dir/target-aarch64_generic_musl/luci-lib-jsonc/ipkg-install"   install;
build	Compile debug	2026-09-27T15:41:23.2987663Z make[4]: Entering directory '/workdir/openwrt/build_dir/target-aarch64_generic_musl/luci-lib-jsonc/src'
build	Compile debug	2026-09-27T15:41:23.2989874Z aarch64-openwrt-linux-musl-gcc -L/workdir/openwrt/staging_dir/toolchain-aarch64_generic_gcc-14.4.0_musl/usr/lib -L/workdir/openwrt/staging_dir/toolchain-aarch64_generic_gcc-14.4.0_musl/lib -fuse-ld=bfd -zmax-page-size=4096 -znow -zrelro -zpack-relative-relocs  -shared -o jsonc.so jsonc.o -llua -lm -ljson-c -DPIC -fPIC
build	Compile debug	2026-09-27T15:41:23.3095232Z mkdir -p /workdir/openwrt/build_dir/target-aarch64_generic_musl/luci-lib-jsonc/ipkg-install/usr/lib/lua/luci
build	Compile debug	2026-09-27T15:41:23.3108729Z cp jsonc.so /workdir/openwrt/build_dir/target-aarch64_generic_musl/luci-lib-jsonc/ipkg-install/usr/lib/lua/luci/jsonc.so
build	Compile debug	2026-09-27T15:41:23.3123889Z make[4]: Leaving directory '/workdir/openwrt/build_dir/target-aarch64_generic_musl/luci-lib-jsonc/src'
build	Compile debug	2026-09-27T15:41:23.3125698Z touch /workdir/openwrt/build_dir/target-aarch64_generic_musl/luci-lib-jsonc/.built
build	Compile debug	2026-09-27T15:41:23.3434723Z rm -rf /workdir/openwrt/build_dir/target-aarch64_generic_musl/luci-lib-jsonc/ipkg-aarch64_generic/luci-lib-jsonc
build	Compile debug	2026-09-27T15:41:23.3476774Z /workdir/openwrt/scripts/ipkg-remove luci-lib-jsonc /workdir/openwrt/bin/packages/aarch64_generic/luci/luci-lib-jsonc-26.261.08411~adc898b.apk
build	Compile debug	2026-09-27T15:41:23.3523491Z removed '/workdir/openwrt/bin/packages/aarch64_generic/luci/luci-lib-jsonc-26.261.08411~adc898b.apk'
build	Compile debug	2026-09-27T15:41:23.3528270Z mkdir -p /workdir/openwrt/bin/targets/armsr/armv8/packages /workdir/openwrt/build_dir/target-aarch64_generic_musl/luci-lib-jsonc/ipkg-aarch64_generic/luci-lib-jsonc /workdir/openwrt/staging_dir/target-aarch64_generic_musl/pkginfo
build	Compile debug	2026-09-27T15:41:23.3568522Z CFLAGS="-Os -pipe -mcpu=generic -fno-caller-saves -fno-plt -fhonour-copts -fmacro-prefix-map=/workdir/openwrt/build_dir/target-aarch64_generic_musl/luci-lib-jsonc=luci-lib-jsonc -fmacro-prefix-map=/workdir/openwrt/staging_dir/target-aarch64_generic_musl=staging_dir/target-aarch64_generic_musl -Wl,-z,max-page-size=4096 -Wformat -Werror=format-security -fstack-protector -D_FORTIFY_SOURCE=1 -Wl,-z,now -Wl,-z,relro -Wl,-z,pack-relative-relocs  -I/workdir/openwrt/staging_dir/toolchain-aarch64_generic_gcc-14.4.0_musl/usr/include -I/workdir/openwrt/staging_dir/toolchain-aarch64_generic_gcc-14.4.0_musl/include -I/workdir/openwrt/staging_dir/toolchain-aarch64_generic_gcc-14.4.0_musl/include/fortify " CXXFLAGS="-Os -pipe -mcpu=generic -fno-caller-saves -fno-plt -fhonour-copts -fmacro-prefix-map=/workdir/openwrt/build_dir/target-aarch64_generic_musl/luci-lib-jsonc=luci-lib-jsonc -fmacro-prefix-map=/workdir/openwrt/staging_dir/target-aarch64_generic_musl=staging_dir/target-aarch64_generic_musl -Wl,-z,max-page-size=4096 -Wformat -Werror=format-security -fstack-protector -D_FORTIFY_SOURCE=1 -Wl,-z,now -Wl,-z,relro -Wl,-z,pack-relative-relocs  -I/workdir/openwrt/staging_dir/toolchain-aarch64_generic_gcc-14.4.0_musl/usr/include -I/workdir/openwrt/staging_dir/toolchain-aarch64_generic_gcc-14.4.0_musl/include -I/workdir/openwrt/staging_dir/toolchain-aarch64_generic_gcc-14.4.0_musl/include/fortify " LDFLAGS="-L/workdir/openwrt/staging_dir/toolchain-aarch64_generic_gcc-14.4.0_musl/usr/lib -L/workdir/openwrt/staging_dir/toolchain-aarch64_generic_gcc-14.4.0_musl/lib -fuse-ld=bfd -zmax-page-size=4096 -znow -zrelro -zpack-relative-relocs " FPIC="-DPIC -fPIC" LUCI_VERSION="26.261.08411~adc898b" LUCI_GITBRANCH="LuCI Master" make -C /workdir/openwrt/build_dir/target-aarch64_generic_musl/luci-lib-jsonc/src/ AR="aarch64-openwrt-linux-musl-gcc-ar" AS="aarch64-openwrt-linux-musl-gcc -c -Os -pipe -mcpu=generic -fno-caller-saves -fno-plt -fhonour-copts -fmacro-prefix-map=/workdir/openwrt/build_dir/target-aarch64_generic_musl/luci-lib-jsonc=luci-lib-jsonc -fmacro-prefix-map=/workdir/openwrt/staging_dir/target-aarch64_generic_musl=staging_dir/target-aarch64_generic_musl -Wl,-z,max-page-size=4096 -Wformat -Werror=format-security -fstack-protector -D_FORTIFY_SOURCE=1 -Wl,-z,now -Wl,-z,relro -Wl,-z,pack-relative-relocs" LD="aarch64-openwrt-linux-musl-ld.bfd" NM="aarch64-openwrt-linux-musl-gcc-nm" CC="aarch64-openwrt-linux-musl-gcc" GCC="aarch64-openwrt-linux-musl-gcc" CXX="aarch64-openwrt-linux-musl-g++" RANLIB="aarch64-openwrt-linux-musl-gcc-ranlib" STRIP=aarch64-openwrt-linux-musl-strip OBJCOPY=aarch64-openwrt-linux-musl-objcopy OBJDUMP=aarch64-openwrt-linux-musl-objdump SIZE=aarch64-openwrt-linux-musl-size CROSS="aarch64-openwrt-linux-musl-" ARCH="aarch64" DESTDIR="/workdir/openwrt/build_dir/target-aarch64_generic_musl/luci-lib-jsonc/ipkg-install"   install;
build	Compile debug	2026-09-27T15:41:23.3591662Z make[4]: Entering directory '/workdir/openwrt/build_dir/target-aarch64_generic_musl/luci-lib-jsonc/src'
build	Compile debug	2026-09-27T15:41:23.3593697Z aarch64-openwrt-linux-musl-gcc -L/workdir/openwrt/staging_dir/toolchain-aarch64_generic_gcc-14.4.0_musl/usr/lib -L/workdir/openwrt/staging_dir/toolchain-aarch64_generic_gcc-14.4.0_musl/lib -fuse-ld=bfd -zmax-page-size=4096 -znow -zrelro -zpack-relative-relocs  -shared -o jsonc.so jsonc.o -llua -lm -ljson-c -DPIC -fPIC
build	Compile debug	2026-09-27T15:41:23.3700827Z mkdir -p /workdir/openwrt/build_dir/target-aarch64_generic_musl/luci-lib-jsonc/ipkg-install/usr/lib/lua/luci
build	Compile debug	2026-09-27T15:41:23.3713008Z cp jsonc.so /workdir/openwrt/build_dir/target-aarch64_generic_musl/luci-lib-jsonc/ipkg-install/usr/lib/lua/luci/jsonc.so
build	Compile debug	2026-09-27T15:41:23.3728040Z make[4]: Leaving directory '/workdir/openwrt/build_dir/target-aarch64_generic_musl/luci-lib-jsonc/src'
build	Compile debug	2026-09-27T15:41:23.3730245Z cp -fpR /workdir/openwrt/build_dir/target-aarch64_generic_musl/luci-lib-jsonc/ipkg-install/* /workdir/openwrt/build_dir/target-aarch64_generic_musl/luci-lib-jsonc/ipkg-aarch64_generic/luci-lib-jsonc/
build	Compile debug	2026-09-27T15:41:23.3765418Z find /workdir/openwrt/build_dir/target-aarch64_generic_musl/luci-lib-jsonc/ipkg-aarch64_generic/luci-lib-jsonc -name '.svn' -o -name '.#*' -o -name '*~'| xargs -r rm -rf
build	Compile debug	2026-09-27T15:41:23.4069431Z export CROSS="aarch64-openwrt-linux-musl-"  NO_RENAME=1 ; NM="aarch64-openwrt-linux-musl-nm" STRIP="/workdir/openwrt/staging_dir/host/bin/sstrip -z" STRIP_KMOD="/workdir/openwrt/scripts/strip-kmod.sh" PATCHELF="/workdir/openwrt/staging_dir/host/bin/patchelf" /workdir/openwrt/scripts/rstrip.sh /workdir/openwrt/build_dir/target-aarch64_generic_musl/luci-lib-jsonc/ipkg-aarch64_generic/luci-lib-jsonc
build	Compile debug	2026-09-27T15:41:23.4138252Z rstrip.sh: /workdir/openwrt/build_dir/target-aarch64_generic_musl/luci-lib-jsonc/ipkg-aarch64_generic/luci-lib-jsonc/usr/lib/lua/luci/jsonc.so: shared object
build	Compile debug	2026-09-27T15:41:23.4202338Z install -d -m0755 /workdir/openwrt/bin/packages/aarch64_generic/luci
build	Compile debug	2026-09-27T15:41:23.4233645Z mkdir -p /workdir/openwrt/build_dir/target-aarch64_generic_musl/luci-lib-jsonc/apk-aarch64_generic/luci-lib-jsonc/
build	Compile debug	2026-09-27T15:41:23.4263357Z mkdir -p /workdir/openwrt/build_dir/target-aarch64_generic_musl/luci-lib-jsonc/ipkg-aarch64_generic/luci-lib-jsonc/lib/apk/packages/
build	Compile debug	2026-09-27T15:41:23.4294124Z (cd /workdir/openwrt/build_dir/target-aarch64_generic_musl/luci-lib-jsonc/apk-aarch64_generic/luci-lib-jsonc; echo "$V_Package_luci_lib_jsonc_postinst" > postinst-pkg; chmod 0755 postinst-pkg;)
build	Compile debug	2026-09-27T15:41:23.4332201Z ( echo "#!/bin/sh"; echo "[ \"\${IPKG_NO_SCRIPT}\" = \"1\" ] && exit 0"; echo "[ -s "\${IPKG_INSTROOT}/lib/functions.sh" ] || exit 0"; echo ". \${IPKG_INSTROOT}/lib/functions.sh"; echo 'export root="${IPKG_INSTROOT}"'; echo 'export pkgname="luci-lib-jsonc"'; echo "add_group_and_user"; echo "default_postinst"; [ ! -f /workdir/openwrt/build_dir/target-aarch64_generic_musl/luci-lib-jsonc/apk-aarch64_generic/luci-lib-jsonc/postinst-pkg ] || sed '/^\s*#!/d' "/workdir/openwrt/build_dir/target-aarch64_generic_musl/luci-lib-jsonc/apk-aarch64_generic/luci-lib-jsonc/postinst-pkg"; ) > /workdir/openwrt/build_dir/target-aarch64_generic_musl/luci-lib-jsonc/apk-aarch64_generic/luci-lib-jsonc/post-install;
build	Compile debug	2026-09-27T15:41:23.4368920Z ( echo "#!/bin/sh"; echo 'export PKG_UPGRADE=1'; [ ! -f /workdir/openwrt/build_dir/target-aarch64_generic_musl/luci-lib-jsonc/apk-aarch64_generic/luci-lib-jsonc/post-install ] || sed '/^\s*#!/d' "/workdir/openwrt/build_dir/target-aarch64_generic_musl/luci-lib-jsonc/apk-aarch64_generic/luci-lib-jsonc/post-install"; ) > /workdir/openwrt/build_dir/target-aarch64_generic_musl/luci-lib-jsonc/apk-aarch64_generic/luci-lib-jsonc/post-upgrade;
build	Compile debug	2026-09-27T15:41:23.4405750Z ( echo "#!/bin/sh"; echo "[ -s "\${IPKG_INSTROOT}/lib/functions.sh" ] || exit 0"; echo ". \${IPKG_INSTROOT}/lib/functions.sh"; echo 'export root="${IPKG_INSTROOT}"'; echo 'export pkgname="luci-lib-jsonc"'; echo "default_prerm"; [ ! -f /workdir/openwrt/build_dir/target-aarch64_generic_musl/luci-lib-jsonc/apk-aarch64_generic/luci-lib-jsonc/prerm-pkg ] || sed '/^\s*#!/d' "/workdir/openwrt/build_dir/target-aarch64_generic_musl/luci-lib-jsonc/apk-aarch64_generic/luci-lib-jsonc/prerm-pkg"; ) > /workdir/openwrt/build_dir/target-aarch64_generic_musl/luci-lib-jsonc/apk-aarch64_generic/luci-lib-jsonc/pre-deinstall;
build	Compile debug	2026-09-27T15:41:23.4430618Z [ ! -f /workdir/openwrt/build_dir/target-aarch64_generic_musl/luci-lib-jsonc/apk-aarch64_generic/luci-lib-jsonc/postrm ] || sed -zi 's/^\s*#!/#!/' "/workdir/openwrt/build_dir/target-aarch64_generic_musl/luci-lib-jsonc/apk-aarch64_generic/luci-lib-jsonc/postrm";
build	Compile debug	2026-09-27T15:41:23.4449706Z if [ -n "" ]; then echo  > /workdir/openwrt/build_dir/target-aarch64_generic_musl/luci-lib-jsonc/ipkg-aarch64_generic/luci-lib-jsonc/lib/apk/packages/luci-lib-jsonc.rusers; fi;
build	Compile debug	2026-09-27T15:41:23.4469122Z if [ -n "" ]; then echo  > /workdir/openwrt/build_dir/target-aarch64_generic_musl/luci-lib-jsonc/ipkg-aarch64_generic/luci-lib-jsonc/lib/apk/packages/luci-lib-jsonc.alternatives; fi;
build	Compile debug	2026-09-27T15:41:23.4490991Z (cd /workdir/openwrt/build_dir/target-aarch64_generic_musl/luci-lib-jsonc/ipkg-aarch64_generic/luci-lib-jsonc && find . -type f,l -printf "/%P\n" | sort > /workdir/openwrt/tmp/luci-lib-jsonc.list && mv /workdir/openwrt/tmp/luci-lib-jsonc.list /workdir/openwrt/build_dir/target-aarch64_generic_musl/luci-lib-jsonc/ipkg-aarch64_generic/luci-lib-jsonc/lib/apk/packages/luci-lib-jsonc.list)
build	Compile debug	2026-09-27T15:41:23.4542365Z # Move conffiles to IDIR and build conffiles_static with csums
build	Compile debug	2026-09-27T15:41:23.4565567Z if [ -f /workdir/openwrt/build_dir/target-aarch64_generic_musl/luci-lib-jsonc/apk-aarch64_generic/luci-lib-jsonc/conffiles ]; then mv -f /workdir/openwrt/build_dir/target-aarch64_generic_musl/luci-lib-jsonc/apk-aarch64_generic/luci-lib-jsonc/conffiles /workdir/openwrt/build_dir/target-aarch64_generic_musl/luci-lib-jsonc/ipkg-aarch64_generic/luci-lib-jsonc/lib/apk/packages/luci-lib-jsonc.conffiles; for file in $(cat /workdir/openwrt/build_dir/target-aarch64_generic_musl/luci-lib-jsonc/ipkg-aarch64_generic/luci-lib-jsonc/lib/apk/packages/luci-lib-jsonc.conffiles); do [ -f /workdir/openwrt/build_dir/target-aarch64_generic_musl/luci-lib-jsonc/ipkg-aarch64_generic/luci-lib-jsonc/$file ] || continue; csum=$(/workdir/openwrt/staging_dir/host/bin/mkhash sha256 /workdir/openwrt/build_dir/target-aarch64_generic_musl/luci-lib-jsonc/ipkg-aarch64_generic/luci-lib-jsonc/$file); echo $file $csum >> /workdir/openwrt/build_dir/target-aarch64_generic_musl/luci-lib-jsonc/ipkg-aarch64_generic/luci-lib-jsonc/lib/apk/packages/luci-lib-jsonc.conffiles_static; done; fi
build	Compile debug	2026-09-27T15:41:23.4580901Z # Some package (base-files) manually append stuff to conffiles
build	Compile debug	2026-09-27T15:41:23.4600566Z # Append stuff from it and delete the CONTROL directory since everything else should be migrated
build	Compile debug	2026-09-27T15:41:23.4625479Z if [ -f /workdir/openwrt/build_dir/target-aarch64_generic_musl/luci-lib-jsonc/ipkg-aarch64_generic/luci-lib-jsonc/CONTROL/conffiles ]; then echo $(IDIR_luci-lib-jsonc)/CONTROL/conffiles >> /workdir/openwrt/build_dir/target-aarch64_generic_musl/luci-lib-jsonc/ipkg-aarch64_generic/luci-lib-jsonc/lib/apk/packages/luci-lib-jsonc.conffiles; for file in $(cat /workdir/openwrt/build_dir/target-aarch64_generic_musl/luci-lib-jsonc/ipkg-aarch64_generic/luci-lib-jsonc/CONTROL/conffiles); do [ -f /workdir/openwrt/build_dir/target-aarch64_generic_musl/luci-lib-jsonc/ipkg-aarch64_generic/luci-lib-jsonc/$file ] || continue; csum=$(/workdir/openwrt/staging_dir/host/bin/mkhash sha256 /workdir/openwrt/build_dir/target-aarch64_generic_musl/luci-lib-jsonc/ipkg-aarch64_generic/luci-lib-jsonc/$file); echo $file $csum >> /workdir/openwrt/build_dir/target-aarch64_generic_musl/luci-lib-jsonc/ipkg-aarch64_generic/luci-lib-jsonc/lib/apk/packages/luci-lib-jsonc.conffiles_static; done; rm -rf /workdir/openwrt/build_dir/target-aarch64_generic_musl/luci-lib-jsonc/ipkg-aarch64_generic/luci-lib-jsonc/CONTROL/conffiles; fi
build	Compile debug	2026-09-27T15:41:23.4643538Z if [ -z "$(ls -A /workdir/openwrt/build_dir/target-aarch64_generic_musl/luci-lib-jsonc/ipkg-aarch64_generic/luci-lib-jsonc/CONTROL 2>/dev/null)" ]; then rm -rf /workdir/openwrt/build_dir/target-aarch64_generic_musl/luci-lib-jsonc/ipkg-aarch64_generic/luci-lib-jsonc/CONTROL; else echo "CONTROL directory /workdir/openwrt/build_dir/target-aarch64_generic_musl/luci-lib-jsonc/ipkg-aarch64_generic/luci-lib-jsonc/CONTROL is not empty! This is not right and should be checked!" >&2; exit 1; fi
build	Compile debug	2026-09-27T15:41:23.4693990Z SOURCE_DATE_EPOCH=0 /workdir/openwrt/staging_dir/host/bin/fakeroot /workdir/openwrt/staging_dir/host/bin/apk mkpkg --info "name:luci-lib-jsonc" --info "version:26.261.08411~adc898b" --info "tags:openwrt:section=luci" --info "description:Lua binding for JSON-C" --info "arch:aarch64_generic" --info "license:Apache-2.0" --info "origin:feeds/luci/feeds/luci/libs/luci-lib-jsonc" --info "url:https://github.com/openwrt/luci" --info "maintainer:OpenWrt LuCI community" --info "provides:luci-lib-jsonc-any"  --script "post-install:/workdir/openwrt/build_dir/target-aarch64_generic_musl/luci-lib-jsonc/apk-aarch64_generic/luci-lib-jsonc/post-install" --script "post-upgrade:/workdir/openwrt/build_dir/target-aarch64_generic_musl/luci-lib-jsonc/apk-aarch64_generic/luci-lib-jsonc/post-upgrade" --script "pre-deinstall:/workdir/openwrt/build_dir/target-aarch64_generic_musl/luci-lib-jsonc/apk-aarch64_generic/luci-lib-jsonc/pre-deinstall" --info "depends:libc liblua5.1.5 libjson-c5" --files "/workdir/openwrt/build_dir/target-aarch64_generic_musl/luci-lib-jsonc/ipkg-aarch64_generic/luci-lib-jsonc" --sign /workdir/openwrt/private-key.pem --output "/workdir/openwrt/bin/packages/aarch64_generic/luci/luci-lib-jsonc-26.261.08411~adc898b.apk"
build	Compile debug	2026-09-27T15:41:23.5017707Z rm -rf /workdir/openwrt/build_dir/target-aarch64_generic_musl/luci-lib-jsonc/.pkgdir/luci-lib-jsonc.installed /workdir/openwrt/build_dir/target-aarch64_generic_musl/luci-lib-jsonc/.pkgdir/luci-lib-jsonc
build	Compile debug	2026-09-27T15:41:23.5051967Z mkdir -p /workdir/openwrt/build_dir/target-aarch64_generic_musl/luci-lib-jsonc/.pkgdir/luci-lib-jsonc
build	Compile debug	2026-09-27T15:41:23.5091248Z CFLAGS="-Os -pipe -mcpu=generic -fno-caller-saves -fno-plt -fhonour-copts -fmacro-prefix-map=/workdir/openwrt/build_dir/target-aarch64_generic_musl/luci-lib-jsonc=luci-lib-jsonc -fmacro-prefix-map=/workdir/openwrt/staging_dir/target-aarch64_generic_musl=staging_dir/target-aarch64_generic_musl -Wl,-z,max-page-size=4096 -Wformat -Werror=format-security -fstack-protector -D_FORTIFY_SOURCE=1 -Wl,-z,now -Wl,-z,relro -Wl,-z,pack-relative-relocs  -I/workdir/openwrt/staging_dir/toolchain-aarch64_generic_gcc-14.4.0_musl/usr/include -I/workdir/openwrt/staging_dir/toolchain-aarch64_generic_gcc-14.4.0_musl/include -I/workdir/openwrt/staging_dir/toolchain-aarch64_generic_gcc-14.4.0_musl/include/fortify " CXXFLAGS="-Os -pipe -mcpu=generic -fno-caller-saves -fno-plt -fhonour-copts -fmacro-prefix-map=/workdir/openwrt/build_dir/target-aarch64_generic_musl/luci-lib-jsonc=luci-lib-jsonc -fmacro-prefix-map=/workdir/openwrt/staging_dir/target-aarch64_generic_musl=staging_dir/target-aarch64_generic_musl -Wl,-z,max-page-size=4096 -Wformat -Werror=format-security -fstack-protector -D_FORTIFY_SOURCE=1 -Wl,-z,now -Wl,-z,relro -Wl,-z,pack-relative-relocs  -I/workdir/openwrt/staging_dir/toolchain-aarch64_generic_gcc-14.4.0_musl/usr/include -I/workdir/openwrt/staging_dir/toolchain-aarch64_generic_gcc-14.4.0_musl/include -I/workdir/openwrt/staging_dir/toolchain-aarch64_generic_gcc-14.4.0_musl/include/fortify " LDFLAGS="-L/workdir/openwrt/staging_dir/toolchain-aarch64_generic_gcc-14.4.0_musl/usr/lib -L/workdir/openwrt/staging_dir/toolchain-aarch64_generic_gcc-14.4.0_musl/lib -fuse-ld=bfd -zmax-page-size=4096 -znow -zrelro -zpack-relative-relocs " FPIC="-DPIC -fPIC" LUCI_VERSION="26.261.08411~adc898b" LUCI_GITBRANCH="LuCI Master" make -C /workdir/openwrt/build_dir/target-aarch64_generic_musl/luci-lib-jsonc/src/ AR="aarch64-openwrt-linux-musl-gcc-ar" AS="aarch64-openwrt-linux-musl-gcc -c -Os -pipe -mcpu=generic -fno-caller-saves -fno-plt -fhonour-copts -fmacro-prefix-map=/workdir/openwrt/build_dir/target-aarch64_generic_musl/luci-lib-jsonc=luci-lib-jsonc -fmacro-prefix-map=/workdir/openwrt/staging_dir/target-aarch64_generic_musl=staging_dir/target-aarch64_generic_musl -Wl,-z,max-page-size=4096 -Wformat -Werror=format-security -fstack-protector -D_FORTIFY_SOURCE=1 -Wl,-z,now -Wl,-z,relro -Wl,-z,pack-relative-relocs" LD="aarch64-openwrt-linux-musl-ld.bfd" NM="aarch64-openwrt-linux-musl-gcc-nm" CC="aarch64-openwrt-linux-musl-gcc" GCC="aarch64-openwrt-linux-musl-gcc" CXX="aarch64-openwrt-linux-musl-g++" RANLIB="aarch64-openwrt-linux-musl-gcc-ranlib" STRIP=aarch64-openwrt-linux-musl-strip OBJCOPY=aarch64-openwrt-linux-musl-objcopy OBJDUMP=aarch64-openwrt-linux-musl-objdump SIZE=aarch64-openwrt-linux-musl-size CROSS="aarch64-openwrt-linux-musl-" ARCH="aarch64" DESTDIR="/workdir/openwrt/build_dir/target-aarch64_generic_musl/luci-lib-jsonc/ipkg-install"   install;
build	Compile debug	2026-09-27T15:41:23.5114204Z make[4]: Entering directory '/workdir/openwrt/build_dir/target-aarch64_generic_musl/luci-lib-jsonc/src'
build	Compile debug	2026-09-27T15:41:23.5116565Z aarch64-openwrt-linux-musl-gcc -L/workdir/openwrt/staging_dir/toolchain-aarch64_generic_gcc-14.4.0_musl/usr/lib -L/workdir/openwrt/staging_dir/toolchain-aarch64_generic_gcc-14.4.0_musl/lib -fuse-ld=bfd -zmax-page-size=4096 -znow -zrelro -zpack-relative-relocs  -shared -o jsonc.so jsonc.o -llua -lm -ljson-c -DPIC -fPIC
build	Compile debug	2026-09-27T15:41:23.5223691Z mkdir -p /workdir/openwrt/build_dir/target-aarch64_generic_musl/luci-lib-jsonc/ipkg-install/usr/lib/lua/luci
build	Compile debug	2026-09-27T15:41:23.5235704Z cp jsonc.so /workdir/openwrt/build_dir/target-aarch64_generic_musl/luci-lib-jsonc/ipkg-install/usr/lib/lua/luci/jsonc.so
build	Compile debug	2026-09-27T15:41:23.5250541Z make[4]: Leaving directory '/workdir/openwrt/build_dir/target-aarch64_generic_musl/luci-lib-jsonc/src'
build	Compile debug	2026-09-27T15:41:23.5252762Z cp -fpR /workdir/openwrt/build_dir/target-aarch64_generic_musl/luci-lib-jsonc/ipkg-install/* /workdir/openwrt/build_dir/target-aarch64_generic_musl/luci-lib-jsonc/.pkgdir/luci-lib-jsonc/
build	Compile debug	2026-09-27T15:41:23.5287423Z touch /workdir/openwrt/build_dir/target-aarch64_generic_musl/luci-lib-jsonc/.pkgdir/luci-lib-jsonc.installed
build	Compile debug	2026-09-27T15:41:23.5315167Z mkdir -p /workdir/openwrt/staging_dir/target-aarch64_generic_musl/root-armsr/stamp
build	Compile debug	2026-09-27T15:41:23.5352881Z SHELL= flock /workdir/openwrt/tmp/.root-copy.flock -c 'cp -fpR /workdir/openwrt/build_dir/target-aarch64_generic_musl/luci-lib-jsonc/.pkgdir/luci-lib-jsonc/. /workdir/openwrt/staging_dir/target-aarch64_generic_musl/root-armsr/'
build	Compile debug	2026-09-27T15:41:23.5400240Z touch /workdir/openwrt/staging_dir/target-aarch64_generic_musl/root-armsr/stamp/.luci-lib-jsonc_installed
build	Compile debug	2026-09-27T15:41:23.5427612Z echo "luci-lib-jsonc" >> /workdir/openwrt/staging_dir/target-aarch64_generic_musl/pkginfo/luci-lib-jsonc.default.install
build	Compile debug	2026-09-27T15:41:23.5454426Z make[3]: Leaving directory '/workdir/openwrt/feeds/luci/libs/luci-lib-jsonc'
build	Compile debug	2026-09-27T15:41:23.5462824Z time: package/feeds/luci/luci-lib-jsonc/compile#0.34#0.38#0.96
build	Compile debug	2026-09-27T15:41:23.5880397Z make[3]: Entering directory '/workdir/openwrt/feeds/luci/libs/luci-lib-nixio'
build	Compile debug	2026-09-27T15:41:23.8287114Z rm -f /workdir/openwrt/build_dir/target-aarch64_generic_musl/luci-lib-nixio/.built
build	Compile debug	2026-09-27T15:41:23.8320760Z touch /workdir/openwrt/build_dir/target-aarch64_generic_musl/luci-lib-nixio/.built_check
build	Compile debug	2026-09-27T15:41:23.8357466Z CFLAGS="-Os -pipe -mcpu=generic -fno-caller-saves -fno-plt -fhonour-copts -fmacro-prefix-map=/workdir/openwrt/build_dir/target-aarch64_generic_musl/luci-lib-nixio=luci-lib-nixio -fmacro-prefix-map=/workdir/openwrt/staging_dir/target-aarch64_generic_musl=staging_dir/target-aarch64_generic_musl -Wl,-z,max-page-size=4096 -Wformat -Werror=format-security -fstack-protector -D_FORTIFY_SOURCE=1 -Wl,-z,now -Wl,-z,relro -Wl,-z,pack-relative-relocs  -I/workdir/openwrt/staging_dir/toolchain-aarch64_generic_gcc-14.4.0_musl/usr/include -I/workdir/openwrt/staging_dir/toolchain-aarch64_generic_gcc-14.4.0_musl/include -I/workdir/openwrt/staging_dir/toolchain-aarch64_generic_gcc-14.4.0_musl/include/fortify " CXXFLAGS="-Os -pipe -mcpu=generic -fno-caller-saves -fno-plt -fhonour-copts -fmacro-prefix-map=/workdir/openwrt/build_dir/target-aarch64_generic_musl/luci-lib-nixio=luci-lib-nixio -fmacro-prefix-map=/workdir/openwrt/staging_dir/target-aarch64_generic_musl=staging_dir/target-aarch64_generic_musl -Wl,-z,max-page-size=4096 -Wformat -Werror=format-security -fstack-protector -D_FORTIFY_SOURCE=1 -Wl,-z,now -Wl,-z,relro -Wl,-z,pack-relative-relocs  -I/workdir/openwrt/staging_dir/toolchain-aarch64_generic_gcc-14.4.0_musl/usr/include -I/workdir/openwrt/staging_dir/toolchain-aarch64_generic_gcc-14.4.0_musl/include -I/workdir/openwrt/staging_dir/toolchain-aarch64_generic_gcc-14.4.0_musl/include/fortify " LDFLAGS="-L/workdir/openwrt/staging_dir/toolchain-aarch64_generic_gcc-14.4.0_musl/usr/lib -L/workdir/openwrt/staging_dir/toolchain-aarch64_generic_gcc-14.4.0_musl/lib -fuse-ld=bfd -zmax-page-size=4096 -znow -zrelro -zpack-relative-relocs " FPIC="-DPIC -fPIC" LUCI_VERSION="26.261.08411~adc898b" LUCI_GITBRANCH="LuCI Master" make -j1 -C /workdir/openwrt/build_dir/target-aarch64_generic_musl/luci-lib-nixio/src/ AR="aarch64-openwrt-linux-musl-gcc-ar" AS="aarch64-openwrt-linux-musl-gcc -c -Os -pipe -mcpu=generic -fno-caller-saves -fno-plt -fhonour-copts -fmacro-prefix-map=/workdir/openwrt/build_dir/target-aarch64_generic_musl/luci-lib-nixio=luci-lib-nixio -fmacro-prefix-map=/workdir/openwrt/staging_dir/target-aarch64_generic_musl=staging_dir/target-aarch64_generic_musl -Wl,-z,max-page-size=4096 -Wformat -Werror=format-security -fstack-protector -D_FORTIFY_SOURCE=1 -Wl,-z,now -Wl,-z,relro -Wl,-z,pack-relative-relocs" LD="aarch64-openwrt-linux-musl-ld.bfd" NM="aarch64-openwrt-linux-musl-gcc-nm" CC="aarch64-openwrt-linux-musl-gcc" GCC="aarch64-openwrt-linux-musl-gcc" CXX="aarch64-openwrt-linux-musl-g++" RANLIB="aarch64-openwrt-linux-musl-gcc-ranlib" STRIP=aarch64-openwrt-linux-musl-strip OBJCOPY=aarch64-openwrt-linux-musl-objcopy OBJDUMP=aarch64-openwrt-linux-musl-objdump SIZE=aarch64-openwrt-linux-musl-size CROSS="aarch64-openwrt-linux-musl-" ARCH="aarch64" clean compile;
build	Compile debug	2026-09-27T15:41:23.8380760Z make[4]: Entering directory '/workdir/openwrt/build_dir/target-aarch64_generic_musl/luci-lib-nixio/src'
build	Compile debug	2026-09-27T15:41:23.8690059Z rm -f *.o *.so *.a *.dll
build	Compile debug	2026-09-27T15:41:23.8715416Z aarch64-openwrt-linux-musl-gcc  -Os -pipe -mcpu=generic -fno-caller-saves -fno-plt -fhonour-copts -fmacro-prefix-map=/workdir/openwrt/build_dir/target-aarch64_generic_musl/luci-lib-nixio=luci-lib-nixio -fmacro-prefix-map=/workdir/openwrt/staging_dir/target-aarch64_generic_musl=staging_dir/target-aarch64_generic_musl -Wl,-z,max-page-size=4096 -Wformat -Werror=format-security -fstack-protector -D_FORTIFY_SOURCE=1 -Wl,-z,now -Wl,-z,relro -Wl,-z,pack-relative-relocs  -I/workdir/openwrt/staging_dir/toolchain-aarch64_generic_gcc-14.4.0_musl/usr/include -I/workdir/openwrt/staging_dir/toolchain-aarch64_generic_gcc-14.4.0_musl/include -I/workdir/openwrt/staging_dir/toolchain-aarch64_generic_gcc-14.4.0_musl/include/fortify  -std=gnu99 -DNO_TLS  -DPIC -fPIC -c -o nixio.o nixio.c
build	Compile debug	2026-09-27T15:41:23.9561623Z aarch64-openwrt-linux-musl-gcc  -Os -pipe -mcpu=generic -fno-caller-saves -fno-plt -fhonour-copts -fmacro-prefix-map=/workdir/openwrt/build_dir/target-aarch64_generic_musl/luci-lib-nixio=luci-lib-nixio -fmacro-prefix-map=/workdir/openwrt/staging_dir/target-aarch64_generic_musl=staging_dir/target-aarch64_generic_musl -Wl,-z,max-page-size=4096 -Wformat -Werror=format-security -fstack-protector -D_FORTIFY_SOURCE=1 -Wl,-z,now -Wl,-z,relro -Wl,-z,pack-relative-relocs  -I/workdir/openwrt/staging_dir/toolchain-aarch64_generic_gcc-14.4.0_musl/usr/include -I/workdir/openwrt/staging_dir/toolchain-aarch64_generic_gcc-14.4.0_musl/include -I/workdir/openwrt/staging_dir/toolchain-aarch64_generic_gcc-14.4.0_musl/include/fortify  -std=gnu99 -DNO_TLS  -DPIC -fPIC -c -o socket.o socket.c
build	Compile debug	2026-09-27T15:41:24.0159633Z aarch64-openwrt-linux-musl-gcc  -Os -pipe -mcpu=generic -fno-caller-saves -fno-plt -fhonour-copts -fmacro-prefix-map=/workdir/openwrt/build_dir/target-aarch64_generic_musl/luci-lib-nixio=luci-lib-nixio -fmacro-prefix-map=/workdir/openwrt/staging_dir/target-aarch64_generic_musl=staging_dir/target-aarch64_generic_musl -Wl,-z,max-page-size=4096 -Wformat -Werror=format-security -fstack-protector -D_FORTIFY_SOURCE=1 -Wl,-z,now -Wl,-z,relro -Wl,-z,pack-relative-relocs  -I/workdir/openwrt/staging_dir/toolchain-aarch64_generic_gcc-14.4.0_musl/usr/include -I/workdir/openwrt/staging_dir/toolchain-aarch64_generic_gcc-14.4.0_musl/include -I/workdir/openwrt/staging_dir/toolchain-aarch64_generic_gcc-14.4.0_musl/include/fortify  -std=gnu99 -DNO_TLS  -DPIC -fPIC -c -o sockopt.o sockopt.c
build	Compile debug	2026-09-27T15:41:24.1368625Z aarch64-openwrt-linux-musl-gcc  -Os -pipe -mcpu=generic -fno-caller-saves -fno-plt -fhonour-copts -fmacro-prefix-map=/workdir/openwrt/build_dir/target-aarch64_generic_musl/luci-lib-nixio=luci-lib-nixio -fmacro-prefix-map=/workdir/openwrt/staging_dir/target-aarch64_generic_musl=staging_dir/target-aarch64_generic_musl -Wl,-z,max-page-size=4096 -Wformat -Werror=format-security -fstack-protector -D_FORTIFY_SOURCE=1 -Wl,-z,now -Wl,-z,relro -Wl,-z,pack-relative-relocs  -I/workdir/openwrt/staging_dir/toolchain-aarch64_generic_gcc-14.4.0_musl/usr/include -I/workdir/openwrt/staging_dir/toolchain-aarch64_generic_gcc-14.4.0_musl/include -I/workdir/openwrt/staging_dir/toolchain-aarch64_generic_gcc-14.4.0_musl/include/fortify  -std=gnu99 -DNO_TLS  -DPIC -fPIC -c -o bind.o bind.c
build	Compile debug	2026-09-27T15:41:24.2313898Z aarch64-openwrt-linux-musl-gcc  -Os -pipe -mcpu=generic -fno-caller-saves -fno-plt -fhonour-copts -fmacro-prefix-map=/workdir/openwrt/build_dir/target-aarch64_generic_musl/luci-lib-nixio=luci-lib-nixio -fmacro-prefix-map=/workdir/openwrt/staging_dir/target-aarch64_generic_musl=staging_dir/target-aarch64_generic_musl -Wl,-z,max-page-size=4096 -Wformat -Werror=format-security -fstack-protector -D_FORTIFY_SOURCE=1 -Wl,-z,now -Wl,-z,relro -Wl,-z,pack-relative-relocs  -I/workdir/openwrt/staging_dir/toolchain-aarch64_generic_gcc-14.4.0_musl/usr/include -I/workdir/openwrt/staging_dir/toolchain-aarch64_generic_gcc-14.4.0_musl/include -I/workdir/openwrt/staging_dir/toolchain-aarch64_generic_gcc-14.4.0_musl/include/fortify  -std=gnu99 -DNO_TLS  -DPIC -fPIC -c -o address.o address.c
build	Compile debug	2026-09-27T15:41:24.3715035Z aarch64-openwrt-linux-musl-gcc  -Os -pipe -mcpu=generic -fno-caller-saves -fno-plt -fhonour-copts -fmacro-prefix-map=/workdir/openwrt/build_dir/target-aarch64_generic_musl/luci-lib-nixio=luci-lib-nixio -fmacro-prefix-map=/workdir/openwrt/staging_dir/target-aarch64_generic_musl=staging_dir/target-aarch64_generic_musl -Wl,-z,max-page-size=4096 -Wformat -Werror=format-security -fstack-protector -D_FORTIFY_SOURCE=1 -Wl,-z,now -Wl,-z,relro -Wl,-z,pack-relative-relocs  -I/workdir/openwrt/staging_dir/toolchain-aarch64_generic_gcc-14.4.0_musl/usr/include -I/workdir/openwrt/staging_dir/toolchain-aarch64_generic_gcc-14.4.0_musl/include -I/workdir/openwrt/staging_dir/toolchain-aarch64_generic_gcc-14.4.0_musl/include/fortify  -std=gnu99 -DNO_TLS  -DPIC -fPIC -c -o protoent.o protoent.c
build	Compile debug	2026-09-27T15:41:24.4174355Z aarch64-openwrt-linux-musl-gcc  -Os -pipe -mcpu=generic -fno-caller-saves -fno-plt -fhonour-copts -fmacro-prefix-map=/workdir/openwrt/build_dir/target-aarch64_generic_musl/luci-lib-nixio=luci-lib-nixio -fmacro-prefix-map=/workdir/openwrt/staging_dir/target-aarch64_generic_musl=staging_dir/target-aarch64_generic_musl -Wl,-z,max-page-size=4096 -Wformat -Werror=format-security -fstack-protector -D_FORTIFY_SOURCE=1 -Wl,-z,now -Wl,-z,relro -Wl,-z,pack-relative-relocs  -I/workdir/openwrt/staging_dir/toolchain-aarch64_generic_gcc-14.4.0_musl/usr/include -I/workdir/openwrt/staging_dir/toolchain-aarch64_generic_gcc-14.4.0_musl/include -I/workdir/openwrt/staging_dir/toolchain-aarch64_generic_gcc-14.4.0_musl/include/fortify  -std=gnu99 -DNO_TLS  -DPIC -fPIC -c -o poll.o poll.c
build	Compile debug	2026-09-27T15:41:24.4919100Z aarch64-openwrt-linux-musl-gcc  -Os -pipe -mcpu=generic -fno-caller-saves -fno-plt -fhonour-copts -fmacro-prefix-map=/workdir/openwrt/build_dir/target-aarch64_generic_musl/luci-lib-nixio=luci-lib-nixio -fmacro-prefix-map=/workdir/openwrt/staging_dir/target-aarch64_generic_musl=staging_dir/target-aarch64_generic_musl -Wl,-z,max-page-size=4096 -Wformat -Werror=format-security -fstack-protector -D_FORTIFY_SOURCE=1 -Wl,-z,now -Wl,-z,relro -Wl,-z,pack-relative-relocs  -I/workdir/openwrt/staging_dir/toolchain-aarch64_generic_gcc-14.4.0_musl/usr/include -I/workdir/openwrt/staging_dir/toolchain-aarch64_generic_gcc-14.4.0_musl/include -I/workdir/openwrt/staging_dir/toolchain-aarch64_generic_gcc-14.4.0_musl/include/fortify  -std=gnu99 -DNO_TLS  -DPIC -fPIC -c -o io.o io.c
build	Compile debug	2026-09-27T15:41:24.5628593Z aarch64-openwrt-linux-musl-gcc  -Os -pipe -mcpu=generic -fno-caller-saves -fno-plt -fhonour-copts -fmacro-prefix-map=/workdir/openwrt/build_dir/target-aarch64_generic_musl/luci-lib-nixio=luci-lib-nixio -fmacro-prefix-map=/workdir/openwrt/staging_dir/target-aarch64_generic_musl=staging_dir/target-aarch64_generic_musl -Wl,-z,max-page-size=4096 -Wformat -Werror=format-security -fstack-protector -D_FORTIFY_SOURCE=1 -Wl,-z,now -Wl,-z,relro -Wl,-z,pack-relative-relocs  -I/workdir/openwrt/staging_dir/toolchain-aarch64_generic_gcc-14.4.0_musl/usr/include -I/workdir/openwrt/staging_dir/toolchain-aarch64_generic_gcc-14.4.0_musl/include -I/workdir/openwrt/staging_dir/toolchain-aarch64_generic_gcc-14.4.0_musl/include/fortify  -std=gnu99 -DNO_TLS  -DPIC -fPIC -c -o file.o file.c
build	Compile debug	2026-09-27T15:41:24.6995586Z aarch64-openwrt-linux-musl-gcc  -Os -pipe -mcpu=generic -fno-caller-saves -fno-plt -fhonour-copts -fmacro-prefix-map=/workdir/openwrt/build_dir/target-aarch64_generic_musl/luci-lib-nixio=luci-lib-nixio -fmacro-prefix-map=/workdir/openwrt/staging_dir/target-aarch64_generic_musl=staging_dir/target-aarch64_generic_musl -Wl,-z,max-page-size=4096 -Wformat -Werror=format-security -fstack-protector -D_FORTIFY_SOURCE=1 -Wl,-z,now -Wl,-z,relro -Wl,-z,pack-relative-relocs  -I/workdir/openwrt/staging_dir/toolchain-aarch64_generic_gcc-14.4.0_musl/usr/include -I/workdir/openwrt/staging_dir/toolchain-aarch64_generic_gcc-14.4.0_musl/include -I/workdir/openwrt/staging_dir/toolchain-aarch64_generic_gcc-14.4.0_musl/include/fortify  -std=gnu99 -DNO_TLS  -DPIC -fPIC -c -o splice.o splice.c
build	Compile debug	2026-09-27T15:41:24.7498067Z aarch64-openwrt-linux-musl-gcc  -Os -pipe -mcpu=generic -fno-caller-saves -fno-plt -fhonour-copts -fmacro-prefix-map=/workdir/openwrt/build_dir/target-aarch64_generic_musl/luci-lib-nixio=luci-lib-nixio -fmacro-prefix-map=/workdir/openwrt/staging_dir/target-aarch64_generic_musl=staging_dir/target-aarch64_generic_musl -Wl,-z,max-page-size=4096 -Wformat -Werror=format-security -fstack-protector -D_FORTIFY_SOURCE=1 -Wl,-z,now -Wl,-z,relro -Wl,-z,pack-relative-relocs  -I/workdir/openwrt/staging_dir/toolchain-aarch64_generic_gcc-14.4.0_musl/usr/include -I/workdir/openwrt/staging_dir/toolchain-aarch64_generic_gcc-14.4.0_musl/include -I/workdir/openwrt/staging_dir/toolchain-aarch64_generic_gcc-14.4.0_musl/include/fortify  -std=gnu99 -DNO_TLS  -DPIC -fPIC -c -o process.o process.c
build	Compile debug	2026-09-27T15:41:24.8947915Z aarch64-openwrt-linux-musl-gcc  -Os -pipe -mcpu=generic -fno-caller-saves -fno-plt -fhonour-copts -fmacro-prefix-map=/workdir/openwrt/build_dir/target-aarch64_generic_musl/luci-lib-nixio=luci-lib-nixio -fmacro-prefix-map=/workdir/openwrt/staging_dir/target-aarch64_generic_musl=staging_dir/target-aarch64_generic_musl -Wl,-z,max-page-size=4096 -Wformat -Werror=format-security -fstack-protector -D_FORTIFY_SOURCE=1 -Wl,-z,now -Wl,-z,relro -Wl,-z,pack-relative-relocs  -I/workdir/openwrt/staging_dir/toolchain-aarch64_generic_gcc-14.4.0_musl/usr/include -I/workdir/openwrt/staging_dir/toolchain-aarch64_generic_gcc-14.4.0_musl/include -I/workdir/openwrt/staging_dir/toolchain-aarch64_generic_gcc-14.4.0_musl/include/fortify  -std=gnu99 -DNO_TLS  -DPIC -fPIC -c -o syslog.o syslog.c
build	Compile debug	2026-09-27T15:41:24.9461939Z aarch64-openwrt-linux-musl-gcc  -Os -pipe -mcpu=generic -fno-caller-saves -fno-plt -fhonour-copts -fmacro-prefix-map=/workdir/openwrt/build_dir/target-aarch64_generic_musl/luci-lib-nixio=luci-lib-nixio -fmacro-prefix-map=/workdir/openwrt/staging_dir/target-aarch64_generic_musl=staging_dir/target-aarch64_generic_musl -Wl,-z,max-page-size=4096 -Wformat -Werror=format-security -fstack-protector -D_FORTIFY_SOURCE=1 -Wl,-z,now -Wl,-z,relro -Wl,-z,pack-relative-relocs  -I/workdir/openwrt/staging_dir/toolchain-aarch64_generic_gcc-14.4.0_musl/usr/include -I/workdir/openwrt/staging_dir/toolchain-aarch64_generic_gcc-14.4.0_musl/include -I/workdir/openwrt/staging_dir/toolchain-aarch64_generic_gcc-14.4.0_musl/include/fortify  -std=gnu99 -DNO_TLS  -DPIC -fPIC -c -o bit.o bit.c
build	Compile debug	2026-09-27T15:41:25.0159730Z aarch64-openwrt-linux-musl-gcc  -Os -pipe -mcpu=generic -fno-caller-saves -fno-plt -fhonour-copts -fmacro-prefix-map=/workdir/openwrt/build_dir/target-aarch64_generic_musl/luci-lib-nixio=luci-lib-nixio -fmacro-prefix-map=/workdir/openwrt/staging_dir/target-aarch64_generic_musl=staging_dir/target-aarch64_generic_musl -Wl,-z,max-page-size=4096 -Wformat -Werror=format-security -fstack-protector -D_FORTIFY_SOURCE=1 -Wl,-z,now -Wl,-z,relro -Wl,-z,pack-relative-relocs  -I/workdir/openwrt/staging_dir/toolchain-aarch64_generic_gcc-14.4.0_musl/usr/include -I/workdir/openwrt/staging_dir/toolchain-aarch64_generic_gcc-14.4.0_musl/include -I/workdir/openwrt/staging_dir/toolchain-aarch64_generic_gcc-14.4.0_musl/include/fortify  -std=gnu99 -DNO_TLS  -DPIC -fPIC -c -o binary.o binary.c
build	Compile debug	2026-09-27T15:41:25.1114521Z aarch64-openwrt-linux-musl-gcc  -Os -pipe -mcpu=generic -fno-caller-saves -fno-plt -fhonour-copts -fmacro-prefix-map=/workdir/openwrt/build_dir/target-aarch64_generic_musl/luci-lib-nixio=luci-lib-nixio -fmacro-prefix-map=/workdir/openwrt/staging_dir/target-aarch64_generic_musl=staging_dir/target-aarch64_generic_musl -Wl,-z,max-page-size=4096 -Wformat -Werror=format-security -fstack-protector -D_FORTIFY_SOURCE=1 -Wl,-z,now -Wl,-z,relro -Wl,-z,pack-relative-relocs  -I/workdir/openwrt/staging_dir/toolchain-aarch64_generic_gcc-14.4.0_musl/usr/include -I/workdir/openwrt/staging_dir/toolchain-aarch64_generic_gcc-14.4.0_musl/include -I/workdir/openwrt/staging_dir/toolchain-aarch64_generic_gcc-14.4.0_musl/include/fortify  -std=gnu99 -DNO_TLS  -DPIC -fPIC -c -o fs.o fs.c
build	Compile debug	2026-09-27T15:41:25.3083410Z aarch64-openwrt-linux-musl-gcc  -Os -pipe -mcpu=generic -fno-caller-saves -fno-plt -fhonour-copts -fmacro-prefix-map=/workdir/openwrt/build_dir/target-aarch64_generic_musl/luci-lib-nixio=luci-lib-nixio -fmacro-prefix-map=/workdir/openwrt/staging_dir/target-aarch64_generic_musl=staging_dir/target-aarch64_generic_musl -Wl,-z,max-page-size=4096 -Wformat -Werror=format-security -fstack-protector -D_FORTIFY_SOURCE=1 -Wl,-z,now -Wl,-z,relro -Wl,-z,pack-relative-relocs  -I/workdir/openwrt/staging_dir/toolchain-aarch64_generic_gcc-14.4.0_musl/usr/include -I/workdir/openwrt/staging_dir/toolchain-aarch64_generic_gcc-14.4.0_musl/include -I/workdir/openwrt/staging_dir/toolchain-aarch64_generic_gcc-14.4.0_musl/include/fortify  -std=gnu99 -DNO_TLS  -DPIC -fPIC -c -o user.o user.c
build	Compile debug	2026-09-27T15:41:25.3932457Z aarch64-openwrt-linux-musl-gcc -L/workdir/openwrt/staging_dir/toolchain-aarch64_generic_gcc-14.4.0_musl/usr/lib -L/workdir/openwrt/staging_dir/toolchain-aarch64_generic_gcc-14.4.0_musl/lib -fuse-ld=bfd -zmax-page-size=4096 -znow -zrelro -zpack-relative-relocs   -o nixio.so nixio.o socket.o sockopt.o bind.o address.o protoent.o poll.o io.o file.o splice.o process.o syslog.o bit.o binary.o fs.o user.o  -llua -lm -ldl -lcrypt -shared  -DPIC -fPIC
build	Compile debug	2026-09-27T15:41:25.4072018Z mkdir -p dist/usr/lib/lua
build	Compile debug	2026-09-27T15:41:25.4083347Z cp nixio.so dist/usr/lib/lua/nixio.so
build	Compile debug	2026-09-27T15:41:25.4099283Z make[4]: Leaving directory '/workdir/openwrt/build_dir/target-aarch64_generic_musl/luci-lib-nixio/src'
build	Compile debug	2026-09-27T15:41:25.4111532Z CFLAGS="-Os -pipe -mcpu=generic -fno-caller-saves -fno-plt -fhonour-copts -fmacro-prefix-map=/workdir/openwrt/build_dir/target-aarch64_generic_musl/luci-lib-nixio=luci-lib-nixio -fmacro-prefix-map=/workdir/openwrt/staging_dir/target-aarch64_generic_musl=staging_dir/target-aarch64_generic_musl -Wl,-z,max-page-size=4096 -Wformat -Werror=format-security -fstack-protector -D_FORTIFY_SOURCE=1 -Wl,-z,now -Wl,-z,relro -Wl,-z,pack-relative-relocs  -I/workdir/openwrt/staging_dir/toolchain-aarch64_generic_gcc-14.4.0_musl/usr/include -I/workdir/openwrt/staging_dir/toolchain-aarch64_generic_gcc-14.4.0_musl/include -I/workdir/openwrt/staging_dir/toolchain-aarch64_generic_gcc-14.4.0_musl/include/fortify " CXXFLAGS="-Os -pipe -mcpu=generic -fno-caller-saves -fno-plt -fhonour-copts -fmacro-prefix-map=/workdir/openwrt/build_dir/target-aarch64_generic_musl/luci-lib-nixio=luci-lib-nixio -fmacro-prefix-map=/workdir/openwrt/staging_dir/target-aarch64_generic_musl=staging_dir/target-aarch64_generic_musl -Wl,-z,max-page-size=4096 -Wformat -Werror=format-security -fstack-protector -D_FORTIFY_SOURCE=1 -Wl,-z,now -Wl,-z,relro -Wl,-z,pack-relative-relocs  -I/workdir/openwrt/staging_dir/toolchain-aarch64_generic_gcc-14.4.0_musl/usr/include -I/workdir/openwrt/staging_dir/toolchain-aarch64_generic_gcc-14.4.0_musl/include -I/workdir/openwrt/staging_dir/toolchain-aarch64_generic_gcc-14.4.0_musl/include/fortify " LDFLAGS="-L/workdir/openwrt/staging_dir/toolchain-aarch64_generic_gcc-14.4.0_musl/usr/lib -L/workdir/openwrt/staging_dir/toolchain-aarch64_generic_gcc-14.4.0_musl/lib -fuse-ld=bfd -zmax-page-size=4096 -znow -zrelro -zpack-relative-relocs " FPIC="-DPIC -fPIC" LUCI_VERSION="26.261.08411~adc898b" LUCI_GITBRANCH="LuCI Master" make -C /workdir/openwrt/build_dir/target-aarch64_generic_musl/luci-lib-nixio/src/ AR="aarch64-openwrt-linux-musl-gcc-ar" AS="aarch64-openwrt-linux-musl-gcc -c -Os -pipe -mcpu=generic -fno-caller-saves -fno-plt -fhonour-copts -fmacro-prefix-map=/workdir/openwrt/build_dir/target-aarch64_generic_musl/luci-lib-nixio=luci-lib-nixio -fmacro-prefix-map=/workdir/openwrt/staging_dir/target-aarch64_generic_musl=staging_dir/target-aarch64_generic_musl -Wl,-z,max-page-size=4096 -Wformat -Werror=format-security -fstack-protector -D_FORTIFY_SOURCE=1 -Wl,-z,now -Wl,-z,relro -Wl,-z,pack-relative-relocs" LD="aarch64-openwrt-linux-musl-ld.bfd" NM="aarch64-openwrt-linux-musl-gcc-nm" CC="aarch64-openwrt-linux-musl-gcc" GCC="aarch64-openwrt-linux-musl-gcc" CXX="aarch64-openwrt-linux-musl-g++" RANLIB="aarch64-openwrt-linux-musl-gcc-ranlib" STRIP=aarch64-openwrt-linux-musl-strip OBJCOPY=aarch64-openwrt-linux-musl-objcopy OBJDUMP=aarch64-openwrt-linux-musl-objdump SIZE=aarch64-openwrt-linux-musl-size CROSS="aarch64-openwrt-linux-musl-" ARCH="aarch64" DESTDIR="/workdir/openwrt/build_dir/target-aarch64_generic_musl/luci-lib-nixio/ipkg-install"   install;
build	Compile debug	2026-09-27T15:41:25.4133937Z make[4]: Entering directory '/workdir/openwrt/build_dir/target-aarch64_generic_musl/luci-lib-nixio/src'
build	Compile debug	2026-09-27T15:41:25.4439422Z aarch64-openwrt-linux-musl-gcc -L/workdir/openwrt/staging_dir/toolchain-aarch64_generic_gcc-14.4.0_musl/usr/lib -L/workdir/openwrt/staging_dir/toolchain-aarch64_generic_gcc-14.4.0_musl/lib -fuse-ld=bfd -zmax-page-size=4096 -znow -zrelro -zpack-relative-relocs   -o nixio.so nixio.o socket.o sockopt.o bind.o address.o protoent.o poll.o io.o file.o splice.o process.o syslog.o bit.o binary.o fs.o user.o  -llua -lm -ldl -lcrypt -shared  -DPIC -fPIC
build	Compile debug	2026-09-27T15:41:25.4574812Z mkdir -p dist/usr/lib/lua
build	Compile debug	2026-09-27T15:41:25.4585914Z cp nixio.so dist/usr/lib/lua/nixio.so
build	Compile debug	2026-09-27T15:41:25.4601674Z mkdir -p /workdir/openwrt/build_dir/target-aarch64_generic_musl/luci-lib-nixio/ipkg-install
build	Compile debug	2026-09-27T15:41:25.4613829Z cp -pR dist/* /workdir/openwrt/build_dir/target-aarch64_generic_musl/luci-lib-nixio/ipkg-install/
build	Compile debug	2026-09-27T15:41:25.4639191Z make[4]: Leaving directory '/workdir/openwrt/build_dir/target-aarch64_generic_musl/luci-lib-nixio/src'
build	Compile debug	2026-09-27T15:41:25.4640795Z touch /workdir/openwrt/build_dir/target-aarch64_generic_musl/luci-lib-nixio/.built
build	Compile debug	2026-09-27T15:41:25.4944773Z rm -rf /workdir/openwrt/build_dir/target-aarch64_generic_musl/luci-lib-nixio/ipkg-aarch64_generic/luci-lib-nixio
build	Compile debug	2026-09-27T15:41:25.4987733Z /workdir/openwrt/scripts/ipkg-remove luci-lib-nixio /workdir/openwrt/bin/packages/aarch64_generic/luci/luci-lib-nixio-26.261.08411~adc898b.apk
build	Compile debug	2026-09-27T15:41:25.5034144Z removed '/workdir/openwrt/bin/packages/aarch64_generic/luci/luci-lib-nixio-26.261.08411~adc898b.apk'
build	Compile debug	2026-09-27T15:41:25.5038015Z mkdir -p /workdir/openwrt/bin/targets/armsr/armv8/packages /workdir/openwrt/build_dir/target-aarch64_generic_musl/luci-lib-nixio/ipkg-aarch64_generic/luci-lib-nixio /workdir/openwrt/staging_dir/target-aarch64_generic_musl/pkginfo
build	Compile debug	2026-09-27T15:41:25.5067993Z install -d -m0755 /workdir/openwrt/build_dir/target-aarch64_generic_musl/luci-lib-nixio/ipkg-aarch64_generic/luci-lib-nixio/
build	Compile debug	2026-09-27T15:41:25.5098870Z cp -pR /workdir/openwrt/build_dir/target-aarch64_generic_musl/luci-lib-nixio/root/* /workdir/openwrt/build_dir/target-aarch64_generic_musl/luci-lib-nixio/ipkg-aarch64_generic/luci-lib-nixio/
build	Compile debug	2026-09-27T15:41:25.5153885Z CFLAGS="-Os -pipe -mcpu=generic -fno-caller-saves -fno-plt -fhonour-copts -fmacro-prefix-map=/workdir/openwrt/build_dir/target-aarch64_generic_musl/luci-lib-nixio=luci-lib-nixio -fmacro-prefix-map=/workdir/openwrt/staging_dir/target-aarch64_generic_musl=staging_dir/target-aarch64_generic_musl -Wl,-z,max-page-size=4096 -Wformat -Werror=format-security -fstack-protector -D_FORTIFY_SOURCE=1 -Wl,-z,now -Wl,-z,relro -Wl,-z,pack-relative-relocs  -I/workdir/openwrt/staging_dir/toolchain-aarch64_generic_gcc-14.4.0_musl/usr/include -I/workdir/openwrt/staging_dir/toolchain-aarch64_generic_gcc-14.4.0_musl/include -I/workdir/openwrt/staging_dir/toolchain-aarch64_generic_gcc-14.4.0_musl/include/fortify " CXXFLAGS="-Os -pipe -mcpu=generic -fno-caller-saves -fno-plt -fhonour-copts -fmacro-prefix-map=/workdir/openwrt/build_dir/target-aarch64_generic_musl/luci-lib-nixio=luci-lib-nixio -fmacro-prefix-map=/workdir/openwrt/staging_dir/target-aarch64_generic_musl=staging_dir/target-aarch64_generic_musl -Wl,-z,max-page-size=4096 -Wformat -Werror=format-security -fstack-protector -D_FORTIFY_SOURCE=1 -Wl,-z,now -Wl,-z,relro -Wl,-z,pack-relative-relocs  -I/workdir/openwrt/staging_dir/toolchain-aarch64_generic_gcc-14.4.0_musl/usr/include -I/workdir/openwrt/staging_dir/toolchain-aarch64_generic_gcc-14.4.0_musl/include -I/workdir/openwrt/staging_dir/toolchain-aarch64_generic_gcc-14.4.0_musl/include/fortify " LDFLAGS="-L/workdir/openwrt/staging_dir/toolchain-aarch64_generic_gcc-14.4.0_musl/usr/lib -L/workdir/openwrt/staging_dir/toolchain-aarch64_generic_gcc-14.4.0_musl/lib -fuse-ld=bfd -zmax-page-size=4096 -znow -zrelro -zpack-relative-relocs " FPIC="-DPIC -fPIC" LUCI_VERSION="26.261.08411~adc898b" LUCI_GITBRANCH="LuCI Master" make -C /workdir/openwrt/build_dir/target-aarch64_generic_musl/luci-lib-nixio/src/ AR="aarch64-openwrt-linux-musl-gcc-ar" AS="aarch64-openwrt-linux-musl-gcc -c -Os -pipe -mcpu=generic -fno-caller-saves -fno-plt -fhonour-copts -fmacro-prefix-map=/workdir/openwrt/build_dir/target-aarch64_generic_musl/luci-lib-nixio=luci-lib-nixio -fmacro-prefix-map=/workdir/openwrt/staging_dir/target-aarch64_generic_musl=staging_dir/target-aarch64_generic_musl -Wl,-z,max-page-size=4096 -Wformat -Werror=format-security -fstack-protector -D_FORTIFY_SOURCE=1 -Wl,-z,now -Wl,-z,relro -Wl,-z,pack-relative-relocs" LD="aarch64-openwrt-linux-musl-ld.bfd" NM="aarch64-openwrt-linux-musl-gcc-nm" CC="aarch64-openwrt-linux-musl-gcc" GCC="aarch64-openwrt-linux-musl-gcc" CXX="aarch64-openwrt-linux-musl-g++" RANLIB="aarch64-openwrt-linux-musl-gcc-ranlib" STRIP=aarch64-openwrt-linux-musl-strip OBJCOPY=aarch64-openwrt-linux-musl-objcopy OBJDUMP=aarch64-openwrt-linux-musl-objdump SIZE=aarch64-openwrt-linux-musl-size CROSS="aarch64-openwrt-linux-musl-" ARCH="aarch64" DESTDIR="/workdir/openwrt/build_dir/target-aarch64_generic_musl/luci-lib-nixio/ipkg-install"   install;
build	Compile debug	2026-09-27T15:41:25.5174534Z make[4]: Entering directory '/workdir/openwrt/build_dir/target-aarch64_generic_musl/luci-lib-nixio/src'
build	Compile debug	2026-09-27T15:41:25.5476195Z aarch64-openwrt-linux-musl-gcc -L/workdir/openwrt/staging_dir/toolchain-aarch64_generic_gcc-14.4.0_musl/usr/lib -L/workdir/openwrt/staging_dir/toolchain-aarch64_generic_gcc-14.4.0_musl/lib -fuse-ld=bfd -zmax-page-size=4096 -znow -zrelro -zpack-relative-relocs   -o nixio.so nixio.o socket.o sockopt.o bind.o address.o protoent.o poll.o io.o file.o splice.o process.o syslog.o bit.o binary.o fs.o user.o  -llua -lm -ldl -lcrypt -shared  -DPIC -fPIC
build	Compile debug	2026-09-27T15:41:25.5611982Z mkdir -p dist/usr/lib/lua
build	Compile debug	2026-09-27T15:41:25.5622936Z cp nixio.so dist/usr/lib/lua/nixio.so
build	Compile debug	2026-09-27T15:41:25.5638632Z mkdir -p /workdir/openwrt/build_dir/target-aarch64_generic_musl/luci-lib-nixio/ipkg-install
build	Compile debug	2026-09-27T15:41:25.5650163Z cp -pR dist/* /workdir/openwrt/build_dir/target-aarch64_generic_musl/luci-lib-nixio/ipkg-install/
build	Compile debug	2026-09-27T15:41:25.5674331Z make[4]: Leaving directory '/workdir/openwrt/build_dir/target-aarch64_generic_musl/luci-lib-nixio/src'
build	Compile debug	2026-09-27T15:41:25.5676911Z cp -fpR /workdir/openwrt/build_dir/target-aarch64_generic_musl/luci-lib-nixio/ipkg-install/* /workdir/openwrt/build_dir/target-aarch64_generic_musl/luci-lib-nixio/ipkg-aarch64_generic/luci-lib-nixio/
build	Compile debug	2026-09-27T15:41:25.5711309Z find /workdir/openwrt/build_dir/target-aarch64_generic_musl/luci-lib-nixio/ipkg-aarch64_generic/luci-lib-nixio -name '.svn' -o -name '.#*' -o -name '*~'| xargs -r rm -rf
build	Compile debug	2026-09-27T15:41:25.6169564Z export CROSS="aarch64-openwrt-linux-musl-"  NO_RENAME=1 ; NM="aarch64-openwrt-linux-musl-nm" STRIP="/workdir/openwrt/staging_dir/host/bin/sstrip -z" STRIP_KMOD="/workdir/openwrt/scripts/strip-kmod.sh" PATCHELF="/workdir/openwrt/staging_dir/host/bin/patchelf" /workdir/openwrt/scripts/rstrip.sh /workdir/openwrt/build_dir/target-aarch64_generic_musl/luci-lib-nixio/ipkg-aarch64_generic/luci-lib-nixio
build	Compile debug	2026-09-27T15:41:25.6412103Z rstrip.sh: /workdir/openwrt/build_dir/target-aarch64_generic_musl/luci-lib-nixio/ipkg-aarch64_generic/luci-lib-nixio/usr/lib/lua/nixio.so: shared object
build	Compile debug	2026-09-27T15:41:25.6478463Z install -d -m0755 /workdir/openwrt/bin/packages/aarch64_generic/luci
build	Compile debug	2026-09-27T15:41:25.6509221Z mkdir -p /workdir/openwrt/build_dir/target-aarch64_generic_musl/luci-lib-nixio/apk-aarch64_generic/luci-lib-nixio/
build	Compile debug	2026-09-27T15:41:25.6538571Z mkdir -p /workdir/openwrt/build_dir/target-aarch64_generic_musl/luci-lib-nixio/ipkg-aarch64_generic/luci-lib-nixio/lib/apk/packages/
build	Compile debug	2026-09-27T15:41:25.6568659Z (cd /workdir/openwrt/build_dir/target-aarch64_generic_musl/luci-lib-nixio/apk-aarch64_generic/luci-lib-nixio; echo "$V_Package_luci_lib_nixio_postinst" > postinst-pkg; chmod 0755 postinst-pkg;)
build	Compile debug	2026-09-27T15:41:25.6605755Z ( echo "#!/bin/sh"; echo "[ \"\${IPKG_NO_SCRIPT}\" = \"1\" ] && exit 0"; echo "[ -s "\${IPKG_INSTROOT}/lib/functions.sh" ] || exit 0"; echo ". \${IPKG_INSTROOT}/lib/functions.sh"; echo 'export root="${IPKG_INSTROOT}"'; echo 'export pkgname="luci-lib-nixio"'; echo "add_group_and_user"; echo "default_postinst"; [ ! -f /workdir/openwrt/build_dir/target-aarch64_generic_musl/luci-lib-nixio/apk-aarch64_generic/luci-lib-nixio/postinst-pkg ] || sed '/^\s*#!/d' "/workdir/openwrt/build_dir/target-aarch64_generic_musl/luci-lib-nixio/apk-aarch64_generic/luci-lib-nixio/postinst-pkg"; ) > /workdir/openwrt/build_dir/target-aarch64_generic_musl/luci-lib-nixio/apk-aarch64_generic/luci-lib-nixio/post-install;
build	Compile debug	2026-09-27T15:41:25.6642145Z ( echo "#!/bin/sh"; echo 'export PKG_UPGRADE=1'; [ ! -f /workdir/openwrt/build_dir/target-aarch64_generic_musl/luci-lib-nixio/apk-aarch64_generic/luci-lib-nixio/post-install ] || sed '/^\s*#!/d' "/workdir/openwrt/build_dir/target-aarch64_generic_musl/luci-lib-nixio/apk-aarch64_generic/luci-lib-nixio/post-install"; ) > /workdir/openwrt/build_dir/target-aarch64_generic_musl/luci-lib-nixio/apk-aarch64_generic/luci-lib-nixio/post-upgrade;
build	Compile debug	2026-09-27T15:41:25.6680277Z ( echo "#!/bin/sh"; echo "[ -s "\${IPKG_INSTROOT}/lib/functions.sh" ] || exit 0"; echo ". \${IPKG_INSTROOT}/lib/functions.sh"; echo 'export root="${IPKG_INSTROOT}"'; echo 'export pkgname="luci-lib-nixio"'; echo "default_prerm"; [ ! -f /workdir/openwrt/build_dir/target-aarch64_generic_musl/luci-lib-nixio/apk-aarch64_generic/luci-lib-nixio/prerm-pkg ] || sed '/^\s*#!/d' "/workdir/openwrt/build_dir/target-aarch64_generic_musl/luci-lib-nixio/apk-aarch64_generic/luci-lib-nixio/prerm-pkg"; ) > /workdir/openwrt/build_dir/target-aarch64_generic_musl/luci-lib-nixio/apk-aarch64_generic/luci-lib-nixio/pre-deinstall;
build	Compile debug	2026-09-27T15:41:25.6704319Z [ ! -f /workdir/openwrt/build_dir/target-aarch64_generic_musl/luci-lib-nixio/apk-aarch64_generic/luci-lib-nixio/postrm ] || sed -zi 's/^\s*#!/#!/' "/workdir/openwrt/build_dir/target-aarch64_generic_musl/luci-lib-nixio/apk-aarch64_generic/luci-lib-nixio/postrm";
build	Compile debug	2026-09-27T15:41:25.6723281Z if [ -n "" ]; then echo  > /workdir/openwrt/build_dir/target-aarch64_generic_musl/luci-lib-nixio/ipkg-aarch64_generic/luci-lib-nixio/lib/apk/packages/luci-lib-nixio.rusers; fi;
build	Compile debug	2026-09-27T15:41:25.6743196Z if [ -n "" ]; then echo  > /workdir/openwrt/build_dir/target-aarch64_generic_musl/luci-lib-nixio/ipkg-aarch64_generic/luci-lib-nixio/lib/apk/packages/luci-lib-nixio.alternatives; fi;
build	Compile debug	2026-09-27T15:41:25.6764811Z (cd /workdir/openwrt/build_dir/target-aarch64_generic_musl/luci-lib-nixio/ipkg-aarch64_generic/luci-lib-nixio && find . -type f,l -printf "/%P\n" | sort > /workdir/openwrt/tmp/luci-lib-nixio.list && mv /workdir/openwrt/tmp/luci-lib-nixio.list /workdir/openwrt/build_dir/target-aarch64_generic_musl/luci-lib-nixio/ipkg-aarch64_generic/luci-lib-nixio/lib/apk/packages/luci-lib-nixio.list)
build	Compile debug	2026-09-27T15:41:25.6817643Z # Move conffiles to IDIR and build conffiles_static with csums
build	Compile debug	2026-09-27T15:41:25.6841260Z if [ -f /workdir/openwrt/build_dir/target-aarch64_generic_musl/luci-lib-nixio/apk-aarch64_generic/luci-lib-nixio/conffiles ]; then mv -f /workdir/openwrt/build_dir/target-aarch64_generic_musl/luci-lib-nixio/apk-aarch64_generic/luci-lib-nixio/conffiles /workdir/openwrt/build_dir/target-aarch64_generic_musl/luci-lib-nixio/ipkg-aarch64_generic/luci-lib-nixio/lib/apk/packages/luci-lib-nixio.conffiles; for file in $(cat /workdir/openwrt/build_dir/target-aarch64_generic_musl/luci-lib-nixio/ipkg-aarch64_generic/luci-lib-nixio/lib/apk/packages/luci-lib-nixio.conffiles); do [ -f /workdir/openwrt/build_dir/target-aarch64_generic_musl/luci-lib-nixio/ipkg-aarch64_generic/luci-lib-nixio/$file ] || continue; csum=$(/workdir/openwrt/staging_dir/host/bin/mkhash sha256 /workdir/openwrt/build_dir/target-aarch64_generic_musl/luci-lib-nixio/ipkg-aarch64_generic/luci-lib-nixio/$file); echo $file $csum >> /workdir/openwrt/build_dir/target-aarch64_generic_musl/luci-lib-nixio/ipkg-aarch64_generic/luci-lib-nixio/lib/apk/packages/luci-lib-nixio.conffiles_static; done; fi
build	Compile debug	2026-09-27T15:41:25.6857424Z # Some package (base-files) manually append stuff to conffiles
build	Compile debug	2026-09-27T15:41:25.6876781Z # Append stuff from it and delete the CONTROL directory since everything else should be migrated
build	Compile debug	2026-09-27T15:41:25.6899611Z if [ -f /workdir/openwrt/build_dir/target-aarch64_generic_musl/luci-lib-nixio/ipkg-aarch64_generic/luci-lib-nixio/CONTROL/conffiles ]; then echo $(IDIR_luci-lib-nixio)/CONTROL/conffiles >> /workdir/openwrt/build_dir/target-aarch64_generic_musl/luci-lib-nixio/ipkg-aarch64_generic/luci-lib-nixio/lib/apk/packages/luci-lib-nixio.conffiles; for file in $(cat /workdir/openwrt/build_dir/target-aarch64_generic_musl/luci-lib-nixio/ipkg-aarch64_generic/luci-lib-nixio/CONTROL/conffiles); do [ -f /workdir/openwrt/build_dir/target-aarch64_generic_musl/luci-lib-nixio/ipkg-aarch64_generic/luci-lib-nixio/$file ] || continue; csum=$(/workdir/openwrt/staging_dir/host/bin/mkhash sha256 /workdir/openwrt/build_dir/target-aarch64_generic_musl/luci-lib-nixio/ipkg-aarch64_generic/luci-lib-nixio/$file); echo $file $csum >> /workdir/openwrt/build_dir/target-aarch64_generic_musl/luci-lib-nixio/ipkg-aarch64_generic/luci-lib-nixio/lib/apk/packages/luci-lib-nixio.conffiles_static; done; rm -rf /workdir/openwrt/build_dir/target-aarch64_generic_musl/luci-lib-nixio/ipkg-aarch64_generic/luci-lib-nixio/CONTROL/conffiles; fi
build	Compile debug	2026-09-27T15:41:25.6917784Z if [ -z "$(ls -A /workdir/openwrt/build_dir/target-aarch64_generic_musl/luci-lib-nixio/ipkg-aarch64_generic/luci-lib-nixio/CONTROL 2>/dev/null)" ]; then rm -rf /workdir/openwrt/build_dir/target-aarch64_generic_musl/luci-lib-nixio/ipkg-aarch64_generic/luci-lib-nixio/CONTROL; else echo "CONTROL directory /workdir/openwrt/build_dir/target-aarch64_generic_musl/luci-lib-nixio/ipkg-aarch64_generic/luci-lib-nixio/CONTROL is not empty! This is not right and should be checked!" >&2; exit 1; fi
build	Compile debug	2026-09-27T15:41:25.6968132Z SOURCE_DATE_EPOCH=0 /workdir/openwrt/staging_dir/host/bin/fakeroot /workdir/openwrt/staging_dir/host/bin/apk mkpkg --info "name:luci-lib-nixio" --info "version:26.261.08411~adc898b" --info "tags:openwrt:section=luci" --info "description:NIXIO POSIX library" --info "arch:aarch64_generic" --info "license:Apache-2.0" --info "origin:feeds/luci/feeds/luci/libs/luci-lib-nixio" --info "url:https://github.com/openwrt/luci" --info "maintainer:OpenWrt LuCI community" --info "provides:luci-lib-nixio-any"  --script "post-install:/workdir/openwrt/build_dir/target-aarch64_generic_musl/luci-lib-nixio/apk-aarch64_generic/luci-lib-nixio/post-install" --script "post-upgrade:/workdir/openwrt/build_dir/target-aarch64_generic_musl/luci-lib-nixio/apk-aarch64_generic/luci-lib-nixio/post-upgrade" --script "pre-deinstall:/workdir/openwrt/build_dir/target-aarch64_generic_musl/luci-lib-nixio/apk-aarch64_generic/luci-lib-nixio/pre-deinstall" --info "depends:libc liblua5.1.5" --files "/workdir/openwrt/build_dir/target-aarch64_generic_musl/luci-lib-nixio/ipkg-aarch64_generic/luci-lib-nixio" --sign /workdir/openwrt/private-key.pem --output "/workdir/openwrt/bin/packages/aarch64_generic/luci/luci-lib-nixio-26.261.08411~adc898b.apk"
build	Compile debug	2026-09-27T15:41:25.7434375Z rm -rf /workdir/openwrt/build_dir/target-aarch64_generic_musl/luci-lib-nixio/.pkgdir/luci-lib-nixio.installed /workdir/openwrt/build_dir/target-aarch64_generic_musl/luci-lib-nixio/.pkgdir/luci-lib-nixio
build	Compile debug	2026-09-27T15:41:25.7469441Z mkdir -p /workdir/openwrt/build_dir/target-aarch64_generic_musl/luci-lib-nixio/.pkgdir/luci-lib-nixio
build	Compile debug	2026-09-27T15:41:25.7499172Z install -d -m0755 /workdir/openwrt/build_dir/target-aarch64_generic_musl/luci-lib-nixio/.pkgdir/luci-lib-nixio/
build	Compile debug	2026-09-27T15:41:25.7530698Z cp -pR /workdir/openwrt/build_dir/target-aarch64_generic_musl/luci-lib-nixio/root/* /workdir/openwrt/build_dir/target-aarch64_generic_musl/luci-lib-nixio/.pkgdir/luci-lib-nixio/
build	Compile debug	2026-09-27T15:41:25.7579404Z CFLAGS="-Os -pipe -mcpu=generic -fno-caller-saves -fno-plt -fhonour-copts -fmacro-prefix-map=/workdir/openwrt/build_dir/target-aarch64_generic_musl/luci-lib-nixio=luci-lib-nixio -fmacro-prefix-map=/workdir/openwrt/staging_dir/target-aarch64_generic_musl=staging_dir/target-aarch64_generic_musl -Wl,-z,max-page-size=4096 -Wformat -Werror=format-security -fstack-protector -D_FORTIFY_SOURCE=1 -Wl,-z,now -Wl,-z,relro -Wl,-z,pack-relative-relocs  -I/workdir/openwrt/staging_dir/toolchain-aarch64_generic_gcc-14.4.0_musl/usr/include -I/workdir/openwrt/staging_dir/toolchain-aarch64_generic_gcc-14.4.0_musl/include -I/workdir/openwrt/staging_dir/toolchain-aarch64_generic_gcc-14.4.0_musl/include/fortify " CXXFLAGS="-Os -pipe -mcpu=generic -fno-caller-saves -fno-plt -fhonour-copts -fmacro-prefix-map=/workdir/openwrt/build_dir/target-aarch64_generic_musl/luci-lib-nixio=luci-lib-nixio -fmacro-prefix-map=/workdir/openwrt/staging_dir/target-aarch64_generic_musl=staging_dir/target-aarch64_generic_musl -Wl,-z,max-page-size=4096 -Wformat -Werror=format-security -fstack-protector -D_FORTIFY_SOURCE=1 -Wl,-z,now -Wl,-z,relro -Wl,-z,pack-relative-relocs  -I/workdir/openwrt/staging_dir/toolchain-aarch64_generic_gcc-14.4.0_musl/usr/include -I/workdir/openwrt/staging_dir/toolchain-aarch64_generic_gcc-14.4.0_musl/include -I/workdir/openwrt/staging_dir/toolchain-aarch64_generic_gcc-14.4.0_musl/include/fortify " LDFLAGS="-L/workdir/openwrt/staging_dir/toolchain-aarch64_generic_gcc-14.4.0_musl/usr/lib -L/workdir/openwrt/staging_dir/toolchain-aarch64_generic_gcc-14.4.0_musl/lib -fuse-ld=bfd -zmax-page-size=4096 -znow -zrelro -zpack-relative-relocs " FPIC="-DPIC -fPIC" LUCI_VERSION="26.261.08411~adc898b" LUCI_GITBRANCH="LuCI Master" make -C /workdir/openwrt/build_dir/target-aarch64_generic_musl/luci-lib-nixio/src/ AR="aarch64-openwrt-linux-musl-gcc-ar" AS="aarch64-openwrt-linux-musl-gcc -c -Os -pipe -mcpu=generic -fno-caller-saves -fno-plt -fhonour-copts -fmacro-prefix-map=/workdir/openwrt/build_dir/target-aarch64_generic_musl/luci-lib-nixio=luci-lib-nixio -fmacro-prefix-map=/workdir/openwrt/staging_dir/target-aarch64_generic_musl=staging_dir/target-aarch64_generic_musl -Wl,-z,max-page-size=4096 -Wformat -Werror=format-security -fstack-protector -D_FORTIFY_SOURCE=1 -Wl,-z,now -Wl,-z,relro -Wl,-z,pack-relative-relocs" LD="aarch64-openwrt-linux-musl-ld.bfd" NM="aarch64-openwrt-linux-musl-gcc-nm" CC="aarch64-openwrt-linux-musl-gcc" GCC="aarch64-openwrt-linux-musl-gcc" CXX="aarch64-openwrt-linux-musl-g++" RANLIB="aarch64-openwrt-linux-musl-gcc-ranlib" STRIP=aarch64-openwrt-linux-musl-strip OBJCOPY=aarch64-openwrt-linux-musl-objcopy OBJDUMP=aarch64-openwrt-linux-musl-objdump SIZE=aarch64-openwrt-linux-musl-size CROSS="aarch64-openwrt-linux-musl-" ARCH="aarch64" DESTDIR="/workdir/openwrt/build_dir/target-aarch64_generic_musl/luci-lib-nixio/ipkg-install"   install;
build	Compile debug	2026-09-27T15:41:25.7599805Z make[4]: Entering directory '/workdir/openwrt/build_dir/target-aarch64_generic_musl/luci-lib-nixio/src'
build	Compile debug	2026-09-27T15:41:25.7900081Z aarch64-openwrt-linux-musl-gcc -L/workdir/openwrt/staging_dir/toolchain-aarch64_generic_gcc-14.4.0_musl/usr/lib -L/workdir/openwrt/staging_dir/toolchain-aarch64_generic_gcc-14.4.0_musl/lib -fuse-ld=bfd -zmax-page-size=4096 -znow -zrelro -zpack-relative-relocs   -o nixio.so nixio.o socket.o sockopt.o bind.o address.o protoent.o poll.o io.o file.o splice.o process.o syslog.o bit.o binary.o fs.o user.o  -llua -lm -ldl -lcrypt -shared  -DPIC -fPIC
build	Compile debug	2026-09-27T15:41:25.8036401Z mkdir -p dist/usr/lib/lua
build	Compile debug	2026-09-27T15:41:25.8047921Z cp nixio.so dist/usr/lib/lua/nixio.so
build	Compile debug	2026-09-27T15:41:25.8062929Z mkdir -p /workdir/openwrt/build_dir/target-aarch64_generic_musl/luci-lib-nixio/ipkg-install
build	Compile debug	2026-09-27T15:41:25.8074276Z cp -pR dist/* /workdir/openwrt/build_dir/target-aarch64_generic_musl/luci-lib-nixio/ipkg-install/
build	Compile debug	2026-09-27T15:41:25.8098325Z make[4]: Leaving directory '/workdir/openwrt/build_dir/target-aarch64_generic_musl/luci-lib-nixio/src'
build	Compile debug	2026-09-27T15:41:25.8100288Z cp -fpR /workdir/openwrt/build_dir/target-aarch64_generic_musl/luci-lib-nixio/ipkg-install/* /workdir/openwrt/build_dir/target-aarch64_generic_musl/luci-lib-nixio/.pkgdir/luci-lib-nixio/
build	Compile debug	2026-09-27T15:41:25.8134119Z touch /workdir/openwrt/build_dir/target-aarch64_generic_musl/luci-lib-nixio/.pkgdir/luci-lib-nixio.installed
build	Compile debug	2026-09-27T15:41:25.8160976Z mkdir -p /workdir/openwrt/staging_dir/target-aarch64_generic_musl/root-armsr/stamp
build	Compile debug	2026-09-27T15:41:25.8199631Z SHELL= flock /workdir/openwrt/tmp/.root-copy.flock -c 'cp -fpR /workdir/openwrt/build_dir/target-aarch64_generic_musl/luci-lib-nixio/.pkgdir/luci-lib-nixio/. /workdir/openwrt/staging_dir/target-aarch64_generic_musl/root-armsr/'
build	Compile debug	2026-09-27T15:41:25.8250320Z touch /workdir/openwrt/staging_dir/target-aarch64_generic_musl/root-armsr/stamp/.luci-lib-nixio_installed
build	Compile debug	2026-09-27T15:41:25.8277540Z echo "luci-lib-nixio" >> /workdir/openwrt/staging_dir/target-aarch64_generic_musl/pkginfo/luci-lib-nixio.default.install
build	Compile debug	2026-09-27T15:41:25.8303522Z make[3]: Leaving directory '/workdir/openwrt/feeds/luci/libs/luci-lib-nixio'
build	Compile debug	2026-09-27T15:41:25.8311908Z time: package/feeds/luci/luci-lib-nixio/compile#1.68#0.70#2.27
build	Compile debug	2026-09-27T15:41:25.8733863Z make[3]: Entering directory '/workdir/openwrt/feeds/luci/libs/luci-lib-base'
build	Compile debug	2026-09-27T15:41:26.0620520Z mkdir -p /workdir/openwrt/staging_dir/target-aarch64_generic_musl/root-armsr/stamp
build	Compile debug	2026-09-27T15:41:26.0654694Z SHELL= flock /workdir/openwrt/tmp/.root-copy.flock -c 'cp -fpR /workdir/openwrt/build_dir/target-aarch64_generic_musl/luci-lib-base/.pkgdir/luci-lib-base/. /workdir/openwrt/staging_dir/target-aarch64_generic_musl/root-armsr/'
build	Compile debug	2026-09-27T15:41:26.0710732Z touch /workdir/openwrt/staging_dir/target-aarch64_generic_musl/root-armsr/stamp/.luci-lib-base_installed
build	Compile debug	2026-09-27T15:41:26.0737739Z echo "luci-lib-base" >> /workdir/openwrt/staging_dir/target-aarch64_generic_musl/pkginfo/luci-lib-base.default.install
build	Compile debug	2026-09-27T15:41:26.0763514Z make[3]: Leaving directory '/workdir/openwrt/feeds/luci/libs/luci-lib-base'
build	Compile debug	2026-09-27T15:41:26.0772246Z time: package/feeds/luci/luci-lib-base/compile#0.09#0.14#0.24
build	Compile debug	2026-09-27T15:41:26.1196356Z make[3]: Entering directory '/workdir/openwrt/feeds/luci/contrib/package/ucode-mod-lua'
build	Compile debug	2026-09-27T15:41:26.2859649Z mkdir -p /workdir/openwrt/staging_dir/target-aarch64_generic_musl/root-armsr/stamp
build	Compile debug	2026-09-27T15:41:26.2893161Z SHELL= flock /workdir/openwrt/tmp/.root-copy.flock -c 'cp -fpR /workdir/openwrt/build_dir/target-aarch64_generic_musl/ucode-mod-lua/.pkgdir/ucode-mod-lua/. /workdir/openwrt/staging_dir/target-aarch64_generic_musl/root-armsr/'
build	Compile debug	2026-09-27T15:41:26.2945165Z touch /workdir/openwrt/staging_dir/target-aarch64_generic_musl/root-armsr/stamp/.ucode-mod-lua_installed
build	Compile debug	2026-09-27T15:41:26.2972244Z echo "ucode-mod-lua" >> /workdir/openwrt/staging_dir/target-aarch64_generic_musl/pkginfo/ucode-mod-lua.default.install
build	Compile debug	2026-09-27T15:41:26.2998680Z make[3]: Leaving directory '/workdir/openwrt/feeds/luci/contrib/package/ucode-mod-lua'
build	Compile debug	2026-09-27T15:41:26.3007109Z time: package/feeds/luci/ucode-mod-lua/compile#0.13#0.08#0.21
build	Compile debug	2026-09-27T15:41:26.3427236Z make[3]: Entering directory '/workdir/openwrt/feeds/luci/modules/luci-lua-runtime'
build	Compile debug	2026-09-27T15:41:26.5877567Z mkdir -p /workdir/openwrt/staging_dir/target-aarch64_generic_musl/root-armsr/stamp
build	Compile debug	2026-09-27T15:41:26.5911510Z SHELL= flock /workdir/openwrt/tmp/.root-copy.flock -c 'cp -fpR /workdir/openwrt/build_dir/target-aarch64_generic_musl/luci-lua-runtime/.pkgdir/luci-lua-runtime/. /workdir/openwrt/staging_dir/target-aarch64_generic_musl/root-armsr/'
build	Compile debug	2026-09-27T15:41:26.5975197Z touch /workdir/openwrt/staging_dir/target-aarch64_generic_musl/root-armsr/stamp/.luci-lua-runtime_installed
build	Compile debug	2026-09-27T15:41:26.6001675Z echo "luci-lua-runtime" >> /workdir/openwrt/staging_dir/target-aarch64_generic_musl/pkginfo/luci-lua-runtime.default.install
build	Compile debug	2026-09-27T15:41:26.6028233Z make[3]: Leaving directory '/workdir/openwrt/feeds/luci/modules/luci-lua-runtime'
build	Compile debug	2026-09-27T15:41:26.6036991Z time: package/feeds/luci/luci-lua-runtime/compile#0.10#0.19#0.29
build	Compile debug	2026-09-27T15:41:26.6460259Z make[3]: Entering directory '/workdir/openwrt/feeds/luci/modules/luci-compat'
build	Compile debug	2026-09-27T15:41:26.8346867Z mkdir -p /workdir/openwrt/staging_dir/target-aarch64_generic_musl/root-armsr/stamp
build	Compile debug	2026-09-27T15:41:26.8380584Z SHELL= flock /workdir/openwrt/tmp/.root-copy.flock -c 'cp -fpR /workdir/openwrt/build_dir/target-aarch64_generic_musl/luci-compat/.pkgdir/luci-compat/. /workdir/openwrt/staging_dir/target-aarch64_generic_musl/root-armsr/'
build	Compile debug	2026-09-27T15:41:26.8480938Z touch /workdir/openwrt/staging_dir/target-aarch64_generic_musl/root-armsr/stamp/.luci-compat_installed
build	Compile debug	2026-09-27T15:41:26.8508387Z echo "luci-compat" >> /workdir/openwrt/staging_dir/target-aarch64_generic_musl/pkginfo/luci-compat.default.install
build	Compile debug	2026-09-27T15:41:26.8535376Z make[3]: Leaving directory '/workdir/openwrt/feeds/luci/modules/luci-compat'
build	Compile debug	2026-09-27T15:41:26.8543841Z time: package/feeds/luci/luci-compat/compile#0.10#0.14#0.24
build	Compile debug	2026-09-27T15:41:26.8673733Z make[3]: Entering directory '/workdir/openwrt/package/libs/uclient'
build	Compile debug	2026-09-27T15:41:26.9640389Z mkdir -p /workdir/openwrt/staging_dir/target-aarch64_generic_musl/root-armsr/stamp
build	Compile debug	2026-09-27T15:41:26.9676315Z echo '20201210' | cmp -s - /workdir/openwrt/staging_dir/target-aarch64_generic_musl/pkginfo/libuclient.version || { mkdir -p /workdir/openwrt/staging_dir/target-aarch64_generic_musl/pkginfo; echo '20201210' > /workdir/openwrt/staging_dir/target-aarch64_generic_musl/pkginfo/libuclient.version;  cp /workdir/openwrt/staging_dir/target-aarch64_generic_musl/pkginfo/libuclient.version /workdir/openwrt/staging_dir/target-aarch64_generic_musl/pkginfo/libuclient-any.version;  } 
build	Compile debug	2026-09-27T15:41:26.9707934Z SHELL= flock /workdir/openwrt/tmp/.root-copy.flock -c 'cp -fpR /workdir/openwrt/build_dir/target-aarch64_generic_musl/uclient-2026.06.07~daad21fa/.pkgdir/libuclient/. /workdir/openwrt/staging_dir/target-aarch64_generic_musl/root-armsr/'
build	Compile debug	2026-09-27T15:41:26.9765910Z touch /workdir/openwrt/staging_dir/target-aarch64_generic_musl/root-armsr/stamp/.libuclient_installed
build	Compile debug	2026-09-27T15:41:26.9793421Z echo "libuclient" >> /workdir/openwrt/staging_dir/target-aarch64_generic_musl/pkginfo/uclient.default.install
build	Compile debug	2026-09-27T15:41:26.9821145Z mkdir -p /workdir/openwrt/staging_dir/target-aarch64_generic_musl/root-armsr/stamp
build	Compile debug	2026-09-27T15:41:26.9855894Z SHELL= flock /workdir/openwrt/tmp/.root-copy.flock -c 'cp -fpR /workdir/openwrt/build_dir/target-aarch64_generic_musl/uclient-2026.06.07~daad21fa/.pkgdir/uclient-fetch/. /workdir/openwrt/staging_dir/target-aarch64_generic_musl/root-armsr/'
build	Compile debug	2026-09-27T15:41:26.9911912Z touch /workdir/openwrt/staging_dir/target-aarch64_generic_musl/root-armsr/stamp/.uclient-fetch_installed
build	Compile debug	2026-09-27T15:41:26.9939858Z echo "uclient-fetch" >> /workdir/openwrt/staging_dir/target-aarch64_generic_musl/pkginfo/uclient.default.install
build	Compile debug	2026-09-27T15:41:26.9965312Z make[3]: Leaving directory '/workdir/openwrt/package/libs/uclient'
build	Compile debug	2026-09-27T15:41:26.9973834Z time: package/libs/uclient/compile#0.06#0.07#0.13
build	Compile debug	2026-09-27T15:41:27.0389070Z make[3]: Entering directory '/workdir/openwrt/feeds/luci/themes/luci-theme-argon'
build	Compile debug	2026-09-27T15:41:27.1004277Z mkdir -p /workdir/openwrt/staging_dir/target-aarch64_generic_musl/root-armsr/stamp
build	Compile debug	2026-09-27T15:41:27.1038725Z SHELL= flock /workdir/openwrt/tmp/.root-copy.flock -c 'cp -fpR /workdir/openwrt/build_dir/target-aarch64_generic_musl/luci-theme-argon/.pkgdir/luci-theme-argon/. /workdir/openwrt/staging_dir/target-aarch64_generic_musl/root-armsr/'
build	Compile debug	2026-09-27T15:41:27.1160687Z touch /workdir/openwrt/staging_dir/target-aarch64_generic_musl/root-armsr/stamp/.luci-theme-argon_installed
build	Compile debug	2026-09-27T15:41:27.1187412Z echo "luci-theme-argon" >> /workdir/openwrt/staging_dir/target-aarch64_generic_musl/pkginfo/luci-theme-argon.default.install
build	Compile debug	2026-09-27T15:41:27.1214576Z make[3]: Leaving directory '/workdir/openwrt/feeds/luci/themes/luci-theme-argon'
build	Compile debug	2026-09-27T15:41:27.1223314Z time: package/feeds/luci/luci-theme-argon/compile#0.06#0.05#0.12
build	Compile debug	2026-09-27T15:41:27.1641449Z make[3]: Entering directory '/workdir/openwrt/feeds/packages/libs/libpam'
build	Compile debug	2026-09-27T15:41:27.2574631Z make[3]: Leaving directory '/workdir/openwrt/feeds/packages/libs/libpam'
build	Compile debug	2026-09-27T15:41:27.2582822Z time: package/feeds/packages/libpam/compile#0.05#0.06#0.13
build	Compile debug	2026-09-27T15:41:27.3008291Z make[3]: Entering directory '/workdir/openwrt/feeds/packages/net/3proxy'
build	Compile debug	2026-09-27T15:41:27.3691336Z mkdir -p /workdir/openwrt/staging_dir/target-aarch64_generic_musl/root-armsr/stamp
build	Compile debug	2026-09-27T15:41:27.3726699Z SHELL= flock /workdir/openwrt/tmp/.root-copy.flock -c 'cp -fpR /workdir/openwrt/build_dir/target-aarch64_generic_musl/3proxy-0.9.5/.pkgdir/3proxy/. /workdir/openwrt/staging_dir/target-aarch64_generic_musl/root-armsr/'
build	Compile debug	2026-09-27T15:41:27.3798357Z touch /workdir/openwrt/staging_dir/target-aarch64_generic_musl/root-armsr/stamp/.3proxy_installed
build	Compile debug	2026-09-27T15:41:27.3824628Z echo "3proxy" >> /workdir/openwrt/staging_dir/target-aarch64_generic_musl/pkginfo/3proxy.default.install
build	Compile debug	2026-09-27T15:41:27.3851648Z make[3]: Leaving directory '/workdir/openwrt/feeds/packages/net/3proxy'
build	Compile debug	2026-09-27T15:41:27.3860299Z time: package/feeds/packages/3proxy/compile#0.06#0.05#0.12
build	Compile debug	2026-09-27T15:41:27.4271073Z make[3]: Entering directory '/workdir/openwrt/feeds/packages/utils/acpid'
build	Compile debug	2026-09-27T15:41:27.4926510Z mkdir -p /workdir/openwrt/staging_dir/target-aarch64_generic_musl/root-armsr/stamp
build	Compile debug	2026-09-27T15:41:27.4960319Z SHELL= flock /workdir/openwrt/tmp/.root-copy.flock -c 'cp -fpR /workdir/openwrt/build_dir/target-aarch64_generic_musl/acpid-2.0.34/.pkgdir/acpid/. /workdir/openwrt/staging_dir/target-aarch64_generic_musl/root-armsr/'
build	Compile debug	2026-09-27T15:41:27.5027236Z touch /workdir/openwrt/staging_dir/target-aarch64_generic_musl/root-armsr/stamp/.acpid_installed
build	Compile debug	2026-09-27T15:41:27.5053931Z echo "acpid" >> /workdir/openwrt/staging_dir/target-aarch64_generic_musl/pkginfo/acpid.default.install
build	Compile debug	2026-09-27T15:41:27.5079870Z make[3]: Leaving directory '/workdir/openwrt/feeds/packages/utils/acpid'
build	Compile debug	2026-09-27T15:41:27.5088337Z time: package/feeds/packages/acpid/compile#0.06#0.05#0.11
build	Compile debug	2026-09-27T15:41:27.5505171Z make[3]: Entering directory '/workdir/openwrt/feeds/packages/net/aria2'
build	Compile debug	2026-09-27T15:41:27.6615658Z mkdir -p /workdir/openwrt/staging_dir/target-aarch64_generic_musl/root-armsr/stamp
build	Compile debug	2026-09-27T15:41:27.6651366Z SHELL= flock /workdir/openwrt/tmp/.root-copy.flock -c 'cp -fpR /workdir/openwrt/build_dir/target-aarch64_generic_musl/aria2-1.37.0/.pkgdir/aria2/. /workdir/openwrt/staging_dir/target-aarch64_generic_musl/root-armsr/'
build	Compile debug	2026-09-27T15:41:27.6732137Z touch /workdir/openwrt/staging_dir/target-aarch64_generic_musl/root-armsr/stamp/.aria2_installed
build	Compile debug	2026-09-27T15:41:27.6759765Z echo "aria2" >> /workdir/openwrt/staging_dir/target-aarch64_generic_musl/pkginfo/aria2.default.install
build	Compile debug	2026-09-27T15:41:27.6786574Z mkdir -p /workdir/openwrt/staging_dir/target-aarch64_generic_musl/root-armsr/stamp
build	Compile debug	2026-09-27T15:41:27.6820843Z SHELL= flock /workdir/openwrt/tmp/.root-copy.flock -c 'cp -fpR /workdir/openwrt/build_dir/target-aarch64_generic_musl/aria2-1.37.0/.pkgdir/aria2-openssl/. /workdir/openwrt/staging_dir/target-aarch64_generic_musl/root-armsr/'
build	Compile debug	2026-09-27T15:41:27.6865846Z touch /workdir/openwrt/staging_dir/target-aarch64_generic_musl/root-armsr/stamp/.aria2-openssl_installed
build	Compile debug	2026-09-27T15:41:27.6892639Z echo "aria2-openssl" >> /workdir/openwrt/staging_dir/target-aarch64_generic_musl/pkginfo/aria2.default.install
build	Compile debug	2026-09-27T15:41:27.6918132Z make[3]: Leaving directory '/workdir/openwrt/feeds/packages/net/aria2'
build	Compile debug	2026-09-27T15:41:27.6927254Z time: package/feeds/packages/aria2/compile#0.07#0.08#0.17
build	Compile debug	2026-09-27T15:41:27.7341614Z make[3]: Entering directory '/workdir/openwrt/feeds/packages/net/ariang'
build	Compile debug	2026-09-27T15:41:27.7962117Z mkdir -p /workdir/openwrt/staging_dir/target-aarch64_generic_musl/root-armsr/stamp
build	Compile debug	2026-09-27T15:41:27.7995734Z SHELL= flock /workdir/openwrt/tmp/.root-copy.flock -c 'cp -fpR /workdir/openwrt/build_dir/target-aarch64_generic_musl/ariang-1.3.14/.pkgdir/ariang/. /workdir/openwrt/staging_dir/target-aarch64_generic_musl/root-armsr/'
build	Compile debug	2026-09-27T15:41:27.8126765Z touch /workdir/openwrt/staging_dir/target-aarch64_generic_musl/root-armsr/stamp/.ariang_installed
build	Compile debug	2026-09-27T15:41:27.8153768Z echo "ariang" >> /workdir/openwrt/staging_dir/target-aarch64_generic_musl/pkginfo/ariang.default.install
build	Compile debug	2026-09-27T15:41:27.8182241Z make[3]: Leaving directory '/workdir/openwrt/feeds/packages/net/ariang'
build	Compile debug	2026-09-27T15:41:27.8190954Z time: package/feeds/packages/ariang/compile#0.05#0.06#0.12
build	Compile debug	2026-09-27T15:41:27.8601715Z make[3]: Entering directory '/workdir/openwrt/feeds/packages/libs/liburcu'
build	Compile debug	2026-09-27T15:41:27.9339747Z mkdir -p /workdir/openwrt/staging_dir/target-aarch64_generic_musl/root-armsr/stamp
build	Compile debug	2026-09-27T15:41:27.9373278Z SHELL= flock /workdir/openwrt/tmp/.root-copy.flock -c 'cp -fpR /workdir/openwrt/build_dir/target-aarch64_generic_musl/userspace-rcu-0.15.6/.pkgdir/liburcu/. /workdir/openwrt/staging_dir/target-aarch64_generic_musl/root-armsr/'
build	Compile debug	2026-09-27T15:41:27.9439884Z touch /workdir/openwrt/staging_dir/target-aarch64_generic_musl/root-armsr/stamp/.liburcu_installed
build	Compile debug	2026-09-27T15:41:27.9466885Z echo "liburcu" >> /workdir/openwrt/staging_dir/target-aarch64_generic_musl/pkginfo/liburcu.default.install
build	Compile debug	2026-09-27T15:41:27.9493047Z make[3]: Leaving directory '/workdir/openwrt/feeds/packages/libs/liburcu'
build	Compile debug	2026-09-27T15:41:27.9501697Z time: package/feeds/packages/liburcu/compile#0.06#0.06#0.12
build	Compile debug	2026-09-27T15:41:27.9919977Z make[3]: Entering directory '/workdir/openwrt/feeds/packages/net/bind'
build	Compile debug	2026-09-27T15:41:28.1719055Z mkdir -p /workdir/openwrt/staging_dir/target-aarch64_generic_musl/root-armsr/stamp
build	Compile debug	2026-09-27T15:41:28.1753670Z SHELL= flock /workdir/openwrt/tmp/.root-copy.flock -c 'cp -fpR /workdir/openwrt/build_dir/target-aarch64_generic_musl/bind-9.20.26/.pkgdir/bind-libs/. /workdir/openwrt/staging_dir/target-aarch64_generic_musl/root-armsr/'
build	Compile debug	2026-09-27T15:41:28.1878181Z touch /workdir/openwrt/staging_dir/target-aarch64_generic_musl/root-armsr/stamp/.bind-libs_installed
build	Compile debug	2026-09-27T15:41:28.1907134Z echo "bind-libs" >> /workdir/openwrt/staging_dir/target-aarch64_generic_musl/pkginfo/bind.default.install
build	Compile debug	2026-09-27T15:41:28.1937936Z mkdir -p /workdir/openwrt/staging_dir/target-aarch64_generic_musl/root-armsr/stamp
build	Compile debug	2026-09-27T15:41:28.1976777Z SHELL= flock /workdir/openwrt/tmp/.root-copy.flock -c 'cp -fpR /workdir/openwrt/build_dir/target-aarch64_generic_musl/bind-9.20.26/.pkgdir/bind-host/. /workdir/openwrt/staging_dir/target-aarch64_generic_musl/root-armsr/'
build	Compile debug	2026-09-27T15:41:28.2033832Z touch /workdir/openwrt/staging_dir/target-aarch64_generic_musl/root-armsr/stamp/.bind-host_installed
build	Compile debug	2026-09-27T15:41:28.2062093Z echo "bind-host" >> /workdir/openwrt/staging_dir/target-aarch64_generic_musl/pkginfo/bind.default.install
build	Compile debug	2026-09-27T15:41:28.2090726Z make[3]: Leaving directory '/workdir/openwrt/feeds/packages/net/bind'
build	Compile debug	2026-09-27T15:41:28.2101898Z time: package/feeds/packages/bind/compile#0.08#0.14#0.25
build	Compile debug	2026-09-27T15:41:28.2547384Z make[3]: Entering directory '/workdir/openwrt/package/libs/gmp'
build	Compile debug	2026-09-27T15:41:28.4383756Z mkdir -p /workdir/openwrt/staging_dir/target-aarch64_generic_musl/root-armsr/stamp
build	Compile debug	2026-09-27T15:41:28.4422053Z echo '10' | cmp -s - /workdir/openwrt/staging_dir/target-aarch64_generic_musl/pkginfo/libgmp.version || { mkdir -p /workdir/openwrt/staging_dir/target-aarch64_generic_musl/pkginfo; echo '10' > /workdir/openwrt/staging_dir/target-aarch64_generic_musl/pkginfo/libgmp.version;  cp /workdir/openwrt/staging_dir/target-aarch64_generic_musl/pkginfo/libgmp.version /workdir/openwrt/staging_dir/target-aarch64_generic_musl/pkginfo/libgmp-any.version;  } 
build	Compile debug	2026-09-27T15:41:28.4455751Z SHELL= flock /workdir/openwrt/tmp/.root-copy.flock -c 'cp -fpR /workdir/openwrt/build_dir/target-aarch64_generic_musl/gmp-6.3.0/.pkgdir/libgmp/. /workdir/openwrt/staging_dir/target-aarch64_generic_musl/root-armsr/'
build	Compile debug	2026-09-27T15:41:28.4516179Z touch /workdir/openwrt/staging_dir/target-aarch64_generic_musl/root-armsr/stamp/.libgmp_installed
build	Compile debug	2026-09-27T15:41:28.4543093Z echo "libgmp" >> /workdir/openwrt/staging_dir/target-aarch64_generic_musl/pkginfo/gmp.default.install
build	Compile debug	2026-09-27T15:41:28.4571589Z make[3]: Leaving directory '/workdir/openwrt/package/libs/gmp'
build	Compile debug	2026-09-27T15:41:28.4580895Z time: package/libs/gmp/compile#0.11#0.09#0.24
build	Compile debug	2026-09-27T15:41:28.5019325Z make[3]: Entering directory '/workdir/openwrt/feeds/packages/utils/coreutils'
build	Compile debug	2026-09-27T15:41:28.6404389Z mkdir -p /workdir/openwrt/staging_dir/target-aarch64_generic_musl/root-armsr/stamp
build	Compile debug	2026-09-27T15:41:28.6440289Z SHELL= flock /workdir/openwrt/tmp/.root-copy.flock -c 'cp -fpR /workdir/openwrt/build_dir/target-aarch64_generic_musl/coreutils-9.11/.pkgdir/coreutils/. /workdir/openwrt/staging_dir/target-aarch64_generic_musl/root-armsr/'
build	Compile debug	2026-09-27T15:41:28.6487943Z touch /workdir/openwrt/staging_dir/target-aarch64_generic_musl/root-armsr/stamp/.coreutils_installed
build	Compile debug	2026-09-27T15:41:28.6514713Z echo "coreutils" >> /workdir/openwrt/staging_dir/target-aarch64_generic_musl/pkginfo/coreutils.default.install
build	Compile debug	2026-09-27T15:41:28.6542353Z mkdir -p /workdir/openwrt/staging_dir/target-aarch64_generic_musl/root-armsr/stamp
build	Compile debug	2026-09-27T15:41:28.6576420Z SHELL= flock /workdir/openwrt/tmp/.root-copy.flock -c 'cp -fpR /workdir/openwrt/build_dir/target-aarch64_generic_musl/coreutils-9.11/.pkgdir/coreutils-base64/. /workdir/openwrt/staging_dir/target-aarch64_generic_musl/root-armsr/'
build	Compile debug	2026-09-27T15:41:28.6626409Z touch /workdir/openwrt/staging_dir/target-aarch64_generic_musl/root-armsr/stamp/.coreutils-base64_installed
build	Compile debug	2026-09-27T15:41:28.6653514Z echo "coreutils-base64" >> /workdir/openwrt/staging_dir/target-aarch64_generic_musl/pkginfo/coreutils.default.install
build	Compile debug	2026-09-27T15:41:28.6679526Z mkdir -p /workdir/openwrt/staging_dir/target-aarch64_generic_musl/root-armsr/stamp
build	Compile debug	2026-09-27T15:41:28.6712916Z SHELL= flock /workdir/openwrt/tmp/.root-copy.flock -c 'cp -fpR /workdir/openwrt/build_dir/target-aarch64_generic_musl/coreutils-9.11/.pkgdir/coreutils-nohup/. /workdir/openwrt/staging_dir/target-aarch64_generic_musl/root-armsr/'
build	Compile debug	2026-09-27T15:41:28.6764723Z touch /workdir/openwrt/staging_dir/target-aarch64_generic_musl/root-armsr/stamp/.coreutils-nohup_installed
build	Compile debug	2026-09-27T15:41:28.6792180Z echo "coreutils-nohup" >> /workdir/openwrt/staging_dir/target-aarch64_generic_musl/pkginfo/coreutils.default.install
build	Compile debug	2026-09-27T15:41:28.6817765Z mkdir -p /workdir/openwrt/staging_dir/target-aarch64_generic_musl/root-armsr/stamp
build	Compile debug	2026-09-27T15:41:28.6851765Z SHELL= flock /workdir/openwrt/tmp/.root-copy.flock -c 'cp -fpR /workdir/openwrt/build_dir/target-aarch64_generic_musl/coreutils-9.11/.pkgdir/coreutils-timeout/. /workdir/openwrt/staging_dir/target-aarch64_generic_musl/root-armsr/'
build	Compile debug	2026-09-27T15:41:28.6906225Z touch /workdir/openwrt/staging_dir/target-aarch64_generic_musl/root-armsr/stamp/.coreutils-timeout_installed
build	Compile debug	2026-09-27T15:41:28.6932907Z echo "coreutils-timeout" >> /workdir/openwrt/staging_dir/target-aarch64_generic_musl/pkginfo/coreutils.default.install
build	Compile debug	2026-09-27T15:41:28.6958411Z make[3]: Leaving directory '/workdir/openwrt/feeds/packages/utils/coreutils'
build	Compile debug	2026-09-27T15:41:28.6967872Z time: package/feeds/packages/coreutils/compile#0.10#0.11#0.23
build	Compile debug	2026-09-27T15:41:28.7394233Z make[3]: Entering directory '/workdir/openwrt/feeds/packages/utils/dosfstools'
build	Compile debug	2026-09-27T15:41:28.8052451Z mkdir -p /workdir/openwrt/staging_dir/target-aarch64_generic_musl/root-armsr/stamp
build	Compile debug	2026-09-27T15:41:28.8087112Z SHELL= flock /workdir/openwrt/tmp/.root-copy.flock -c 'cp -fpR /workdir/openwrt/build_dir/target-aarch64_generic_musl/dosfstools-4.2/.pkgdir/dosfstools/. /workdir/openwrt/staging_dir/target-aarch64_generic_musl/root-armsr/'
build	Compile debug	2026-09-27T15:41:28.8144825Z touch /workdir/openwrt/staging_dir/target-aarch64_generic_musl/root-armsr/stamp/.dosfstools_installed
build	Compile debug	2026-09-27T15:41:28.8172241Z echo "dosfstools" >> /workdir/openwrt/staging_dir/target-aarch64_generic_musl/pkginfo/dosfstools.default.install
build	Compile debug	2026-09-27T15:41:28.8198086Z make[3]: Leaving directory '/workdir/openwrt/feeds/packages/utils/dosfstools'
build	Compile debug	2026-09-27T15:41:28.8207181Z time: package/feeds/packages/dosfstools/compile#0.05#0.06#0.11
build	Compile debug	2026-09-27T15:41:28.8626907Z make[3]: Entering directory '/workdir/openwrt/feeds/packages/libs/expat'
build	Compile debug	2026-09-27T15:41:28.9300639Z mkdir -p /workdir/openwrt/staging_dir/target-aarch64_generic_musl/root-armsr/stamp
build	Compile debug	2026-09-27T15:41:28.9340979Z SHELL= flock /workdir/openwrt/tmp/.root-copy.flock -c 'cp -fpR /workdir/openwrt/build_dir/target-aarch64_generic_musl/expat-2.8.2/.pkgdir/libexpat/. /workdir/openwrt/staging_dir/target-aarch64_generic_musl/root-armsr/'
build	Compile debug	2026-09-27T15:41:28.9398322Z touch /workdir/openwrt/staging_dir/target-aarch64_generic_musl/root-armsr/stamp/.libexpat_installed
build	Compile debug	2026-09-27T15:41:28.9426366Z echo "libexpat" >> /workdir/openwrt/staging_dir/target-aarch64_generic_musl/pkginfo/expat.default.install
build	Compile debug	2026-09-27T15:41:28.9457688Z make[3]: Leaving directory '/workdir/openwrt/feeds/packages/libs/expat'
build	Compile debug	2026-09-27T15:41:28.9466318Z time: package/feeds/packages/expat/compile#0.06#0.05#0.12
build	Compile debug	2026-09-27T15:41:28.9596225Z make[3]: Entering directory '/workdir/openwrt/feeds/packages/utils/fuse3'
build	Compile debug	2026-09-27T15:41:29.0792677Z mkdir -p /workdir/openwrt/staging_dir/target-aarch64_generic_musl/root-armsr/stamp
build	Compile debug	2026-09-27T15:41:29.0829234Z echo '3' | cmp -s - /workdir/openwrt/staging_dir/target-aarch64_generic_musl/pkginfo/libfuse3.version || { mkdir -p /workdir/openwrt/staging_dir/target-aarch64_generic_musl/pkginfo; echo '3' > /workdir/openwrt/staging_dir/target-aarch64_generic_musl/pkginfo/libfuse3.version;  cp /workdir/openwrt/staging_dir/target-aarch64_generic_musl/pkginfo/libfuse3.version /workdir/openwrt/staging_dir/target-aarch64_generic_musl/pkginfo/libfuse3-any.version;  } 
build	Compile debug	2026-09-27T15:41:29.0860668Z SHELL= flock /workdir/openwrt/tmp/.root-copy.flock -c 'cp -fpR /workdir/openwrt/build_dir/target-aarch64_generic_musl/fuse-3.18.2/.pkgdir/libfuse3/. /workdir/openwrt/staging_dir/target-aarch64_generic_musl/root-armsr/'
build	Compile debug	2026-09-27T15:41:29.0918774Z touch /workdir/openwrt/staging_dir/target-aarch64_generic_musl/root-armsr/stamp/.libfuse3_installed
build	Compile debug	2026-09-27T15:41:29.0946281Z echo "libfuse3" >> /workdir/openwrt/staging_dir/target-aarch64_generic_musl/pkginfo/fuse3.default.install
build	Compile debug	2026-09-27T15:41:29.0974533Z mkdir -p /workdir/openwrt/staging_dir/target-aarch64_generic_musl/root-armsr/stamp
build	Compile debug	2026-09-27T15:41:29.1010722Z SHELL= flock /workdir/openwrt/tmp/.root-copy.flock -c 'cp -fpR /workdir/openwrt/build_dir/target-aarch64_generic_musl/fuse-3.18.2/.pkgdir/fuse3-utils/. /workdir/openwrt/staging_dir/target-aarch64_generic_musl/root-armsr/'
build	Compile debug	2026-09-27T15:41:29.1069310Z touch /workdir/openwrt/staging_dir/target-aarch64_generic_musl/root-armsr/stamp/.fuse3-utils_installed
build	Compile debug	2026-09-27T15:41:29.1096410Z echo "fuse3-utils" >> /workdir/openwrt/staging_dir/target-aarch64_generic_musl/pkginfo/fuse3.default.install
build	Compile debug	2026-09-27T15:41:29.1122535Z make[3]: Leaving directory '/workdir/openwrt/feeds/packages/utils/fuse3'
build	Compile debug	2026-09-27T15:41:29.1131106Z time: package/feeds/packages/fuse3/compile#0.07#0.08#0.16
build	Compile debug	2026-09-27T15:41:29.1547046Z make[3]: Entering directory '/workdir/openwrt/feeds/packages/utils/gawk'
build	Compile debug	2026-09-27T15:41:29.2569022Z mkdir -p /workdir/openwrt/staging_dir/target-aarch64_generic_musl/root-armsr/stamp
build	Compile debug	2026-09-27T15:41:29.2603960Z SHELL= flock /workdir/openwrt/tmp/.root-copy.flock -c 'cp -fpR /workdir/openwrt/build_dir/target-aarch64_generic_musl/gawk-5.4.1/.pkgdir/gawk/. /workdir/openwrt/staging_dir/target-aarch64_generic_musl/root-armsr/'
build	Compile debug	2026-09-27T15:41:29.2726371Z touch /workdir/openwrt/staging_dir/target-aarch64_generic_musl/root-armsr/stamp/.gawk_installed
build	Compile debug	2026-09-27T15:41:29.2752931Z echo "gawk" >> /workdir/openwrt/staging_dir/target-aarch64_generic_musl/pkginfo/gawk.default.install
build	Compile debug	2026-09-27T15:41:29.2781796Z make[3]: Leaving directory '/workdir/openwrt/feeds/packages/utils/gawk'
build	Compile debug	2026-09-27T15:41:29.2789920Z time: package/feeds/packages/gawk/compile#0.06#0.08#0.16
build	Compile debug	2026-09-27T15:41:29.3204853Z make[3]: Entering directory '/workdir/openwrt/feeds/packages/lang/lua/lua5.4'
build	Compile debug	2026-09-27T15:41:29.3862377Z mkdir -p /workdir/openwrt/staging_dir/target-aarch64_generic_musl/root-armsr/stamp
build	Compile debug	2026-09-27T15:41:29.3896439Z echo '5.4' | cmp -s - /workdir/openwrt/staging_dir/target-aarch64_generic_musl/pkginfo/liblua5.4.version || { mkdir -p /workdir/openwrt/staging_dir/target-aarch64_generic_musl/pkginfo; echo '5.4' > /workdir/openwrt/staging_dir/target-aarch64_generic_musl/pkginfo/liblua5.4.version;  cp /workdir/openwrt/staging_dir/target-aarch64_generic_musl/pkginfo/liblua5.4.version /workdir/openwrt/staging_dir/target-aarch64_generic_musl/pkginfo/liblua5.4-any.version;  } 
build	Compile debug	2026-09-27T15:41:29.3928870Z SHELL= flock /workdir/openwrt/tmp/.root-copy.flock -c 'cp -fpR /workdir/openwrt/build_dir/target-aarch64_generic_musl/lua-5.4.7/.pkgdir/liblua5.4/. /workdir/openwrt/staging_dir/target-aarch64_generic_musl/root-armsr/'
build	Compile debug	2026-09-27T15:41:29.3982726Z touch /workdir/openwrt/staging_dir/target-aarch64_generic_musl/root-armsr/stamp/.liblua5.4_installed
build	Compile debug	2026-09-27T15:41:29.4010546Z echo "liblua5.4" >> /workdir/openwrt/staging_dir/target-aarch64_generic_musl/pkginfo/lua5.4.default.install
build	Compile debug	2026-09-27T15:41:29.4036402Z make[3]: Leaving directory '/workdir/openwrt/feeds/packages/lang/lua/lua5.4'
build	Compile debug	2026-09-27T15:41:29.4044352Z time: package/feeds/packages/lua5.4/compile#0.05#0.06#0.12
build	Compile debug	2026-09-27T15:41:29.4468569Z make[3]: Entering directory '/workdir/openwrt/package/libs/libtool'
build	Compile debug	2026-09-27T15:41:29.5125872Z mkdir -p /workdir/openwrt/staging_dir/target-aarch64_generic_musl/root-armsr/stamp
build	Compile debug	2026-09-27T15:41:29.5161440Z echo '7' | cmp -s - /workdir/openwrt/staging_dir/target-aarch64_generic_musl/pkginfo/libltdl.version || { mkdir -p /workdir/openwrt/staging_dir/target-aarch64_generic_musl/pkginfo; echo '7' > /workdir/openwrt/staging_dir/target-aarch64_generic_musl/pkginfo/libltdl.version;  cp /workdir/openwrt/staging_dir/target-aarch64_generic_musl/pkginfo/libltdl.version /workdir/openwrt/staging_dir/target-aarch64_generic_musl/pkginfo/libltdl-any.version;  } 
build	Compile debug	2026-09-27T15:41:29.5193218Z SHELL= flock /workdir/openwrt/tmp/.root-copy.flock -c 'cp -fpR /workdir/openwrt/build_dir/target-aarch64_generic_musl/libtool-2.5.4/.pkgdir/libltdl/. /workdir/openwrt/staging_dir/target-aarch64_generic_musl/root-armsr/'
build	Compile debug	2026-09-27T15:41:29.5245255Z touch /workdir/openwrt/staging_dir/target-aarch64_generic_musl/root-armsr/stamp/.libltdl_installed
build	Compile debug	2026-09-27T15:41:29.5272524Z echo "libltdl" >> /workdir/openwrt/staging_dir/target-aarch64_generic_musl/pkginfo/libtool.default.install
build	Compile debug	2026-09-27T15:41:29.5299570Z make[3]: Leaving directory '/workdir/openwrt/package/libs/libtool'
build	Compile debug	2026-09-27T15:41:29.5314796Z time: package/libs/libtool/compile#0.06#0.05#0.12
build	Compile debug	2026-09-27T15:41:29.5730566Z make[3]: Entering directory '/workdir/openwrt/feeds/packages/net/haproxy'
build	Compile debug	2026-09-27T15:41:29.6788904Z mkdir -p /workdir/openwrt/staging_dir/target-aarch64_generic_musl/root-armsr/stamp
build	Compile debug	2026-09-27T15:41:29.6823548Z SHELL= flock /workdir/openwrt/tmp/.root-copy.flock -c 'cp -fpR /workdir/openwrt/build_dir/target-aarch64_generic_musl/haproxy-ssl/haproxy-3.4.2/.pkgdir/haproxy/. /workdir/openwrt/staging_dir/target-aarch64_generic_musl/root-armsr/'
build	Compile debug	2026-09-27T15:41:29.7221439Z touch /workdir/openwrt/staging_dir/target-aarch64_generic_musl/root-armsr/stamp/.haproxy_installed
build	Compile debug	2026-09-27T15:41:29.7253983Z echo "haproxy" >> /workdir/openwrt/staging_dir/target-aarch64_generic_musl/pkginfo/haproxy.ssl.install
build	Compile debug	2026-09-27T15:41:29.7284830Z make[3]: Leaving directory '/workdir/openwrt/feeds/packages/net/haproxy'
build	Compile debug	2026-09-27T15:41:29.7294924Z time: package/feeds/packages/haproxy/ssl/compile#0.07#0.10#0.19
build	Compile debug	2026-09-27T15:41:29.7742417Z make[3]: Entering directory '/workdir/openwrt/package/libs/sysfsutils'
build	Compile debug	2026-09-27T15:41:29.8409705Z mkdir -p /workdir/openwrt/staging_dir/target-aarch64_generic_musl/root-armsr/stamp
build	Compile debug	2026-09-27T15:41:29.8444959Z echo '2' | cmp -s - /workdir/openwrt/staging_dir/target-aarch64_generic_musl/pkginfo/libsysfs.version || { mkdir -p /workdir/openwrt/staging_dir/target-aarch64_generic_musl/pkginfo; echo '2' > /workdir/openwrt/staging_dir/target-aarch64_generic_musl/pkginfo/libsysfs.version;  cp /workdir/openwrt/staging_dir/target-aarch64_generic_musl/pkginfo/libsysfs.version /workdir/openwrt/staging_dir/target-aarch64_generic_musl/pkginfo/libsysfs-any.version;  } 
build	Compile debug	2026-09-27T15:41:29.8477526Z SHELL= flock /workdir/openwrt/tmp/.root-copy.flock -c 'cp -fpR /workdir/openwrt/build_dir/target-aarch64_generic_musl/sysfsutils-2.1.0/.pkgdir/libsysfs/. /workdir/openwrt/staging_dir/target-aarch64_generic_musl/root-armsr/'
build	Compile debug	2026-09-27T15:41:29.8530770Z touch /workdir/openwrt/staging_dir/target-aarch64_generic_musl/root-armsr/stamp/.libsysfs_installed
build	Compile debug	2026-09-27T15:41:29.8558173Z echo "libsysfs" >> /workdir/openwrt/staging_dir/target-aarch64_generic_musl/pkginfo/sysfsutils.default.install
build	Compile debug	2026-09-27T15:41:29.8585370Z mkdir -p /workdir/openwrt/staging_dir/target-aarch64_generic_musl/root-armsr/stamp
build	Compile debug	2026-09-27T15:41:29.8618739Z SHELL= flock /workdir/openwrt/tmp/.root-copy.flock -c 'cp -fpR /workdir/openwrt/build_dir/target-aarch64_generic_musl/sysfsutils-2.1.0/.pkgdir/sysfsutils/. /workdir/openwrt/staging_dir/target-aarch64_generic_musl/root-armsr/'
build	Compile debug	2026-09-27T15:41:29.8680120Z touch /workdir/openwrt/staging_dir/target-aarch64_generic_musl/root-armsr/stamp/.sysfsutils_installed
build	Compile debug	2026-09-27T15:41:29.8707894Z echo "sysfsutils" >> /workdir/openwrt/staging_dir/target-aarch64_generic_musl/pkginfo/sysfsutils.default.install
build	Compile debug	2026-09-27T15:41:29.8735039Z make[3]: Leaving directory '/workdir/openwrt/package/libs/sysfsutils'
build	Compile debug	2026-09-27T15:41:29.8744729Z time: package/libs/sysfsutils/compile#0.06#0.07#0.13
build	Compile debug	2026-09-27T15:41:29.9178551Z make[3]: Entering directory '/workdir/openwrt/feeds/packages/utils/lm-sensors'
build	Compile debug	2026-09-27T15:41:29.9873791Z mkdir -p /workdir/openwrt/staging_dir/target-aarch64_generic_musl/root-armsr/stamp
build	Compile debug	2026-09-27T15:41:29.9908592Z echo '5' | cmp -s - /workdir/openwrt/staging_dir/target-aarch64_generic_musl/pkginfo/libsensors.version || { mkdir -p /workdir/openwrt/staging_dir/target-aarch64_generic_musl/pkginfo; echo '5' > /workdir/openwrt/staging_dir/target-aarch64_generic_musl/pkginfo/libsensors.version;  cp /workdir/openwrt/staging_dir/target-aarch64_generic_musl/pkginfo/libsensors.version /workdir/openwrt/staging_dir/target-aarch64_generic_musl/pkginfo/libsensors-any.version;  } 
build	Compile debug	2026-09-27T15:41:29.9940971Z SHELL= flock /workdir/openwrt/tmp/.root-copy.flock -c 'cp -fpR /workdir/openwrt/build_dir/target-aarch64_generic_musl/lm-sensors-3-6-2/.pkgdir/libsensors/. /workdir/openwrt/staging_dir/target-aarch64_generic_musl/root-armsr/'
build	Compile debug	2026-09-27T15:41:29.9993750Z touch /workdir/openwrt/staging_dir/target-aarch64_generic_musl/root-armsr/stamp/.libsensors_installed
build	Compile debug	2026-09-27T15:41:30.0020690Z echo "libsensors" >> /workdir/openwrt/staging_dir/target-aarch64_generic_musl/pkginfo/lm-sensors.default.install
build	Compile debug	2026-09-27T15:41:30.0047527Z make[3]: Leaving directory '/workdir/openwrt/feeds/packages/utils/lm-sensors'
build	Compile debug	2026-09-27T15:41:30.0055882Z time: package/feeds/packages/lm-sensors/compile#0.05#0.06#0.12
build	Compile debug	2026-09-27T15:41:30.0468567Z make[3]: Entering directory '/workdir/openwrt/feeds/packages/admin/htop'
build	Compile debug	2026-09-27T15:41:30.1197075Z mkdir -p /workdir/openwrt/staging_dir/target-aarch64_generic_musl/root-armsr/stamp
build	Compile debug	2026-09-27T15:41:30.1232362Z SHELL= flock /workdir/openwrt/tmp/.root-copy.flock -c 'cp -fpR /workdir/openwrt/build_dir/target-aarch64_generic_musl/htop-3.5.1/.pkgdir/htop/. /workdir/openwrt/staging_dir/target-aarch64_generic_musl/root-armsr/'
build	Compile debug	2026-09-27T15:41:30.1289850Z touch /workdir/openwrt/staging_dir/target-aarch64_generic_musl/root-armsr/stamp/.htop_installed
build	Compile debug	2026-09-27T15:41:30.1316417Z echo "htop" >> /workdir/openwrt/staging_dir/target-aarch64_generic_musl/pkginfo/htop.default.install
build	Compile debug	2026-09-27T15:41:30.1343717Z make[3]: Leaving directory '/workdir/openwrt/feeds/packages/admin/htop'
build	Compile debug	2026-09-27T15:41:30.1352232Z time: package/feeds/packages/htop/compile#0.06#0.06#0.12
build	Compile debug	2026-09-27T15:41:30.1786173Z make[3]: Entering directory '/workdir/openwrt/feeds/packages/libs/inih'
build	Compile debug	2026-09-27T15:41:30.2446773Z mkdir -p /workdir/openwrt/staging_dir/target-aarch64_generic_musl/root-armsr/stamp
build	Compile debug	2026-09-27T15:41:30.2482293Z SHELL= flock /workdir/openwrt/tmp/.root-copy.flock -c 'cp -fpR /workdir/openwrt/build_dir/target-aarch64_generic_musl/inih-62/.pkgdir/libinih/. /workdir/openwrt/staging_dir/target-aarch64_generic_musl/root-armsr/'
build	Compile debug	2026-09-27T15:41:30.2530620Z touch /workdir/openwrt/staging_dir/target-aarch64_generic_musl/root-armsr/stamp/.libinih_installed
build	Compile debug	2026-09-27T15:41:30.2556972Z echo "libinih" >> /workdir/openwrt/staging_dir/target-aarch64_generic_musl/pkginfo/inih.default.install
build	Compile debug	2026-09-27T15:41:30.2583453Z make[3]: Leaving directory '/workdir/openwrt/feeds/packages/libs/inih'
build	Compile debug	2026-09-27T15:41:30.2591451Z time: package/feeds/packages/inih/compile#0.06#0.05#0.11
build	Compile debug	2026-09-27T15:41:30.3017974Z make[3]: Entering directory '/workdir/openwrt/feeds/packages/net/iputils'
build	Compile debug	2026-09-27T15:41:30.3694859Z mkdir -p /workdir/openwrt/staging_dir/target-aarch64_generic_musl/root-armsr/stamp
build	Compile debug	2026-09-27T15:41:30.3729904Z SHELL= flock /workdir/openwrt/tmp/.root-copy.flock -c 'cp -fpR /workdir/openwrt/build_dir/target-aarch64_generic_musl/iputils-20250605/.pkgdir/iputils-arping/. /workdir/openwrt/staging_dir/target-aarch64_generic_musl/root-armsr/'
build	Compile debug	2026-09-27T15:41:30.3781614Z touch /workdir/openwrt/staging_dir/target-aarch64_generic_musl/root-armsr/stamp/.iputils-arping_installed
build	Compile debug	2026-09-27T15:41:30.3807995Z echo "iputils-arping" >> /workdir/openwrt/staging_dir/target-aarch64_generic_musl/pkginfo/iputils.default.install
build	Compile debug	2026-09-27T15:41:30.3833989Z make[3]: Leaving directory '/workdir/openwrt/feeds/packages/net/iputils'
build	Compile debug	2026-09-27T15:41:30.3842114Z time: package/feeds/packages/iputils/compile#0.05#0.05#0.12
build	Compile debug	2026-09-27T15:41:30.4265750Z make[3]: Entering directory '/workdir/openwrt/feeds/packages/libs/oniguruma'
build	Compile debug	2026-09-27T15:41:30.4948286Z make[3]: Leaving directory '/workdir/openwrt/feeds/packages/libs/oniguruma'
build	Compile debug	2026-09-27T15:41:30.4955623Z time: package/feeds/packages/oniguruma/compile#0.06#0.03#0.10
build	Compile debug	2026-09-27T15:41:30.5382133Z make[3]: Entering directory '/workdir/openwrt/feeds/packages/utils/jq'
build	Compile debug	2026-09-27T15:41:30.6462876Z mkdir -p /workdir/openwrt/staging_dir/target-aarch64_generic_musl/root-armsr/stamp
build	Compile debug	2026-09-27T15:41:30.6497486Z SHELL= flock /workdir/openwrt/tmp/.root-copy.flock -c 'cp -fpR /workdir/openwrt/build_dir/target-aarch64_generic_musl/jq-noregex/jq-1.8.2/.pkgdir/jq/. /workdir/openwrt/staging_dir/target-aarch64_generic_musl/root-armsr/'
build	Compile debug	2026-09-27T15:41:30.6561693Z touch /workdir/openwrt/staging_dir/target-aarch64_generic_musl/root-armsr/stamp/.jq_installed
build	Compile debug	2026-09-27T15:41:30.6589107Z echo "jq" >> /workdir/openwrt/staging_dir/target-aarch64_generic_musl/pkginfo/jq.noregex.install
build	Compile debug	2026-09-27T15:41:30.6614651Z make[3]: Leaving directory '/workdir/openwrt/feeds/packages/utils/jq'
build	Compile debug	2026-09-27T15:41:30.6622941Z time: package/feeds/packages/jq/noregex/compile#0.08#0.07#0.16
build	Compile debug	2026-09-27T15:41:30.7053882Z make[3]: Entering directory '/workdir/openwrt/feeds/packages/utils/xz'
build	Compile debug	2026-09-27T15:41:30.7838558Z mkdir -p /workdir/openwrt/staging_dir/target-aarch64_generic_musl/root-armsr/stamp
build	Compile debug	2026-09-27T15:41:30.7874410Z SHELL= flock /workdir/openwrt/tmp/.root-copy.flock -c 'cp -fpR /workdir/openwrt/build_dir/target-aarch64_generic_musl/xz-5.8.3/.pkgdir/liblzma/. /workdir/openwrt/staging_dir/target-aarch64_generic_musl/root-armsr/'
build	Compile debug	2026-09-27T15:41:30.7929405Z touch /workdir/openwrt/staging_dir/target-aarch64_generic_musl/root-armsr/stamp/.liblzma_installed
build	Compile debug	2026-09-27T15:41:30.7955864Z echo "liblzma" >> /workdir/openwrt/staging_dir/target-aarch64_generic_musl/pkginfo/xz.default.install
build	Compile debug	2026-09-27T15:41:30.7981877Z make[3]: Leaving directory '/workdir/openwrt/feeds/packages/utils/xz'
build	Compile debug	2026-09-27T15:41:30.7989907Z time: package/feeds/packages/xz/compile#0.06#0.06#0.13
build	Compile debug	2026-09-27T15:41:30.8429289Z make[3]: Entering directory '/workdir/openwrt/package/utils/bzip2'
build	Compile debug	2026-09-27T15:41:30.9433805Z mkdir -p /workdir/openwrt/staging_dir/target-aarch64_generic_musl/root-armsr/stamp
build	Compile debug	2026-09-27T15:41:30.9470262Z echo '1.0' | cmp -s - /workdir/openwrt/staging_dir/target-aarch64_generic_musl/pkginfo/libbz2.version || { mkdir -p /workdir/openwrt/staging_dir/target-aarch64_generic_musl/pkginfo; echo '1.0' > /workdir/openwrt/staging_dir/target-aarch64_generic_musl/pkginfo/libbz2.version;  cp /workdir/openwrt/staging_dir/target-aarch64_generic_musl/pkginfo/libbz2.version /workdir/openwrt/staging_dir/target-aarch64_generic_musl/pkginfo/libbz2-any.version;  } 
build	Compile debug	2026-09-27T15:41:30.9501692Z SHELL= flock /workdir/openwrt/tmp/.root-copy.flock -c 'cp -fpR /workdir/openwrt/build_dir/target-aarch64_generic_musl/bzip2-1.0.8/.pkgdir/libbz2/. /workdir/openwrt/staging_dir/target-aarch64_generic_musl/root-armsr/'
build	Compile debug	2026-09-27T15:41:30.9556310Z touch /workdir/openwrt/staging_dir/target-aarch64_generic_musl/root-armsr/stamp/.libbz2_installed
build	Compile debug	2026-09-27T15:41:30.9583127Z echo "libbz2" >> /workdir/openwrt/staging_dir/target-aarch64_generic_musl/pkginfo/bzip2.default.install
build	Compile debug	2026-09-27T15:41:30.9609872Z make[3]: Leaving directory '/workdir/openwrt/package/utils/bzip2'
build	Compile debug	2026-09-27T15:41:30.9618618Z time: package/utils/bzip2/compile#0.08#0.07#0.15
build	Compile debug	2026-09-27T15:41:31.0039112Z make[3]: Entering directory '/workdir/openwrt/feeds/packages/libs/libarchive'
build	Compile debug	2026-09-27T15:41:31.1122424Z mkdir -p /workdir/openwrt/staging_dir/target-aarch64_generic_musl/root-armsr/stamp
build	Compile debug	2026-09-27T15:41:31.1159233Z SHELL= flock /workdir/openwrt/tmp/.root-copy.flock -c 'cp -fpR /workdir/openwrt/build_dir/target-aarch64_generic_musl/libarchive-noopenssl/libarchive-3.8.1/.pkgdir/libarchive/. /workdir/openwrt/staging_dir/target-aarch64_generic_musl/root-armsr/'
build	Compile debug	2026-09-27T15:41:31.1221496Z touch /workdir/openwrt/staging_dir/target-aarch64_generic_musl/root-armsr/stamp/.libarchive_installed
build	Compile debug	2026-09-27T15:41:31.1249534Z echo "libarchive" >> /workdir/openwrt/staging_dir/target-aarch64_generic_musl/pkginfo/libarchive.noopenssl.install
build	Compile debug	2026-09-27T15:41:31.1277417Z mkdir -p /workdir/openwrt/staging_dir/target-aarch64_generic_musl/root-armsr/stamp
build	Compile debug	2026-09-27T15:41:31.1312991Z SHELL= flock /workdir/openwrt/tmp/.root-copy.flock -c 'cp -fpR /workdir/openwrt/build_dir/target-aarch64_generic_musl/libarchive-noopenssl/libarchive-3.8.1/.pkgdir/bsdtar/. /workdir/openwrt/staging_dir/target-aarch64_generic_musl/root-armsr/'
build	Compile debug	2026-09-27T15:41:31.1365628Z touch /workdir/openwrt/staging_dir/target-aarch64_generic_musl/root-armsr/stamp/.bsdtar_installed
build	Compile debug	2026-09-27T15:41:31.1392237Z echo "bsdtar" >> /workdir/openwrt/staging_dir/target-aarch64_generic_musl/pkginfo/libarchive.noopenssl.install
build	Compile debug	2026-09-27T15:41:31.1419419Z make[3]: Leaving directory '/workdir/openwrt/feeds/packages/libs/libarchive'
build	Compile debug	2026-09-27T15:41:31.1427893Z time: package/feeds/packages/libarchive/noopenssl/compile#0.06#0.08#0.17
build	Compile debug	2026-09-27T15:41:31.1853521Z make[3]: Entering directory '/workdir/openwrt/feeds/packages/libs/libev'
build	Compile debug	2026-09-27T15:41:31.2515755Z mkdir -p /workdir/openwrt/staging_dir/target-aarch64_generic_musl/root-armsr/stamp
build	Compile debug	2026-09-27T15:41:31.2550683Z SHELL= flock /workdir/openwrt/tmp/.root-copy.flock -c 'cp -fpR /workdir/openwrt/build_dir/target-aarch64_generic_musl/libev-4.33/.pkgdir/libev/. /workdir/openwrt/staging_dir/target-aarch64_generic_musl/root-armsr/'
build	Compile debug	2026-09-27T15:41:31.2603731Z touch /workdir/openwrt/staging_dir/target-aarch64_generic_musl/root-armsr/stamp/.libev_installed
build	Compile debug	2026-09-27T15:41:31.2630626Z echo "libev" >> /workdir/openwrt/staging_dir/target-aarch64_generic_musl/pkginfo/libev.default.install
build	Compile debug	2026-09-27T15:41:31.2655612Z make[3]: Leaving directory '/workdir/openwrt/feeds/packages/libs/libev'
build	Compile debug	2026-09-27T15:41:31.2664009Z time: package/feeds/packages/libev/compile#0.05#0.06#0.11
build	Compile debug	2026-09-27T15:41:31.3088673Z make[3]: Entering directory '/workdir/openwrt/feeds/packages/libs/libsodium'
build	Compile debug	2026-09-27T15:41:31.3992743Z mkdir -p /workdir/openwrt/staging_dir/target-aarch64_generic_musl/root-armsr/stamp
build	Compile debug	2026-09-27T15:41:31.4027603Z SHELL= flock /workdir/openwrt/tmp/.root-copy.flock -c 'cp -fpR /workdir/openwrt/build_dir/target-aarch64_generic_musl/libsodium-1.0.20/.pkgdir/libsodium/. /workdir/openwrt/staging_dir/target-aarch64_generic_musl/root-armsr/'
build	Compile debug	2026-09-27T15:41:31.4083892Z touch /workdir/openwrt/staging_dir/target-aarch64_generic_musl/root-armsr/stamp/.libsodium_installed
build	Compile debug	2026-09-27T15:41:31.4110787Z echo "libsodium" >> /workdir/openwrt/staging_dir/target-aarch64_generic_musl/pkginfo/libsodium.default.install
build	Compile debug	2026-09-27T15:41:31.4136685Z make[3]: Leaving directory '/workdir/openwrt/feeds/packages/libs/libsodium'
build	Compile debug	2026-09-27T15:41:31.4144515Z time: package/feeds/packages/libsodium/compile#0.06#0.07#0.14
build	Compile debug	2026-09-27T15:41:31.4273199Z make[3]: Entering directory '/workdir/openwrt/feeds/packages/utils/lsof'
build	Compile debug	2026-09-27T15:41:31.5388005Z mkdir -p /workdir/openwrt/staging_dir/target-aarch64_generic_musl/root-armsr/stamp
build	Compile debug	2026-09-27T15:41:31.5422455Z SHELL= flock /workdir/openwrt/tmp/.root-copy.flock -c 'cp -fpR /workdir/openwrt/build_dir/target-aarch64_generic_musl/lsof-4.99.7/.pkgdir/lsof/. /workdir/openwrt/staging_dir/target-aarch64_generic_musl/root-armsr/'
build	Compile debug	2026-09-27T15:41:31.5478400Z touch /workdir/openwrt/staging_dir/target-aarch64_generic_musl/root-armsr/stamp/.lsof_installed
build	Compile debug	2026-09-27T15:41:31.5505026Z echo "lsof" >> /workdir/openwrt/staging_dir/target-aarch64_generic_musl/pkginfo/lsof.default.install
build	Compile debug	2026-09-27T15:41:31.5531421Z make[3]: Leaving directory '/workdir/openwrt/feeds/packages/utils/lsof'
build	Compile debug	2026-09-27T15:41:31.5540496Z time: package/feeds/packages/lsof/compile#0.05#0.07#0.13
build	Compile debug	2026-09-27T15:41:31.5959446Z make[3]: Entering directory '/workdir/openwrt/feeds/packages/lang/lua/luarocks'
build	Compile debug	2026-09-27T15:41:31.6575376Z make[3]: Leaving directory '/workdir/openwrt/feeds/packages/lang/lua/luarocks'
build	Compile debug	2026-09-27T15:41:31.6583639Z time: package/feeds/packages/luarocks/host-compile#0.06#0.03#0.09
build	Compile debug	2026-09-27T15:41:31.7011755Z make[3]: Entering directory '/workdir/openwrt/feeds/packages/libs/yaml'
build	Compile debug	2026-09-27T15:41:31.8037986Z mkdir -p /workdir/openwrt/staging_dir/target-aarch64_generic_musl/root-armsr/stamp
build	Compile debug	2026-09-27T15:41:31.8072089Z SHELL= flock /workdir/openwrt/tmp/.root-copy.flock -c 'cp -fpR /workdir/openwrt/build_dir/target-aarch64_generic_musl/yaml-0.2.5/.pkgdir/libyaml/. /workdir/openwrt/staging_dir/target-aarch64_generic_musl/root-armsr/'
build	Compile debug	2026-09-27T15:41:31.8127773Z touch /workdir/openwrt/staging_dir/target-aarch64_generic_musl/root-armsr/stamp/.libyaml_installed
build	Compile debug	2026-09-27T15:41:31.8154402Z echo "libyaml" >> /workdir/openwrt/staging_dir/target-aarch64_generic_musl/pkginfo/yaml.default.install
build	Compile debug	2026-09-27T15:41:31.8180733Z make[3]: Leaving directory '/workdir/openwrt/feeds/packages/libs/yaml'
build	Compile debug	2026-09-27T15:41:31.8189389Z time: package/feeds/packages/yaml/compile#0.08#0.07#0.15
build	Compile debug	2026-09-27T15:41:31.8612022Z make[3]: Entering directory '/workdir/openwrt/feeds/packages/lang/lua/lyaml'
build	Compile debug	2026-09-27T15:41:31.9243264Z mkdir -p /workdir/openwrt/staging_dir/target-aarch64_generic_musl/root-armsr/stamp
build	Compile debug	2026-09-27T15:41:31.9276886Z SHELL= flock /workdir/openwrt/tmp/.root-copy.flock -c 'cp -fpR /workdir/openwrt/build_dir/target-aarch64_generic_musl/lyaml-6.2.7/.pkgdir/lyaml/. /workdir/openwrt/staging_dir/target-aarch64_generic_musl/root-armsr/'
build	Compile debug	2026-09-27T15:41:31.9339215Z touch /workdir/openwrt/staging_dir/target-aarch64_generic_musl/root-armsr/stamp/.lyaml_installed
build	Compile debug	2026-09-27T15:41:31.9366455Z echo "lyaml" >> /workdir/openwrt/staging_dir/target-aarch64_generic_musl/pkginfo/lyaml.default.install
build	Compile debug	2026-09-27T15:41:31.9392349Z make[3]: Leaving directory '/workdir/openwrt/feeds/packages/lang/lua/lyaml'
build	Compile debug	2026-09-27T15:41:31.9400891Z time: package/feeds/packages/lyaml/compile#0.06#0.05#0.11
build	Compile debug	2026-09-27T15:41:31.9818505Z make[3]: Entering directory '/workdir/openwrt/feeds/packages/utils/parted'
build	Compile debug	2026-09-27T15:41:32.0833038Z mkdir -p /workdir/openwrt/staging_dir/target-aarch64_generic_musl/root-armsr/stamp
build	Compile debug	2026-09-27T15:41:32.0867385Z SHELL= flock /workdir/openwrt/tmp/.root-copy.flock -c 'cp -fpR /workdir/openwrt/build_dir/target-aarch64_generic_musl/parted-3.6/.pkgdir/libparted/. /workdir/openwrt/staging_dir/target-aarch64_generic_musl/root-armsr/'
build	Compile debug	2026-09-27T15:41:32.0930100Z touch /workdir/openwrt/staging_dir/target-aarch64_generic_musl/root-armsr/stamp/.libparted_installed
build	Compile debug	2026-09-27T15:41:32.0956700Z echo "libparted" >> /workdir/openwrt/staging_dir/target-aarch64_generic_musl/pkginfo/parted.default.install
build	Compile debug	2026-09-27T15:41:32.0982865Z mkdir -p /workdir/openwrt/staging_dir/target-aarch64_generic_musl/root-armsr/stamp
build	Compile debug	2026-09-27T15:41:32.1016604Z SHELL= flock /workdir/openwrt/tmp/.root-copy.flock -c 'cp -fpR /workdir/openwrt/build_dir/target-aarch64_generic_musl/parted-3.6/.pkgdir/parted/. /workdir/openwrt/staging_dir/target-aarch64_generic_musl/root-armsr/'
build	Compile debug	2026-09-27T15:41:32.1070374Z touch /workdir/openwrt/staging_dir/target-aarch64_generic_musl/root-armsr/stamp/.parted_installed
build	Compile debug	2026-09-27T15:41:32.1097422Z echo "parted" >> /workdir/openwrt/staging_dir/target-aarch64_generic_musl/pkginfo/parted.default.install
build	Compile debug	2026-09-27T15:41:32.1122574Z make[3]: Leaving directory '/workdir/openwrt/feeds/packages/utils/parted'
build	Compile debug	2026-09-27T15:41:32.1130967Z time: package/feeds/packages/parted/compile#0.06#0.08#0.16
build	Compile debug	2026-09-27T15:41:32.1556925Z make[3]: Entering directory '/workdir/openwrt/package/libs/libxml2'
build	Compile debug	2026-09-27T15:41:32.2760344Z mkdir -p /workdir/openwrt/staging_dir/target-aarch64_generic_musl/root-armsr/stamp
build	Compile debug	2026-09-27T15:41:32.2795777Z echo '16' | cmp -s - /workdir/openwrt/staging_dir/target-aarch64_generic_musl/pkginfo/libxml2.version || { mkdir -p /workdir/openwrt/staging_dir/target-aarch64_generic_musl/pkginfo; echo '16' > /workdir/openwrt/staging_dir/target-aarch64_generic_musl/pkginfo/libxml2.version;  cp /workdir/openwrt/staging_dir/target-aarch64_generic_musl/pkginfo/libxml2.version /workdir/openwrt/staging_dir/target-aarch64_generic_musl/pkginfo/libxml2-any.version;  } 
build	Compile debug	2026-09-27T15:41:32.2827892Z SHELL= flock /workdir/openwrt/tmp/.root-copy.flock -c 'cp -fpR /workdir/openwrt/build_dir/target-aarch64_generic_musl/libxml2-2.15.3/.pkgdir/libxml2/. /workdir/openwrt/staging_dir/target-aarch64_generic_musl/root-armsr/'
build	Compile debug	2026-09-27T15:41:32.2904179Z touch /workdir/openwrt/staging_dir/target-aarch64_generic_musl/root-armsr/stamp/.libxml2_installed
build	Compile debug	2026-09-27T15:41:32.2932671Z echo "libxml2" >> /workdir/openwrt/staging_dir/target-aarch64_generic_musl/pkginfo/libxml2.default.install
build	Compile debug	2026-09-27T15:41:32.2961914Z make[3]: Leaving directory '/workdir/openwrt/package/libs/libxml2'
build	Compile debug	2026-09-27T15:41:32.2974316Z time: package/libs/libxml2/compile#0.07#0.09#0.17
build	Compile debug	2026-09-27T15:41:32.3501458Z make[3]: Entering directory '/workdir/openwrt/feeds/packages/libs/db'
build	Compile debug	2026-09-27T15:41:32.6833007Z make[3]: Leaving directory '/workdir/openwrt/feeds/packages/libs/db'
build	Compile debug	2026-09-27T15:41:32.6841797Z time: package/feeds/packages/db/compile#0.24#0.12#0.38
build	Compile debug	2026-09-27T15:41:32.7269389Z make[3]: Entering directory '/workdir/openwrt/feeds/packages/libs/gdbm'
build	Compile debug	2026-09-27T15:41:32.8014977Z make[3]: Leaving directory '/workdir/openwrt/feeds/packages/libs/gdbm'
build	Compile debug	2026-09-27T15:41:32.8022022Z time: package/feeds/packages/gdbm/compile#0.05#0.05#0.11
build	Compile debug	2026-09-27T15:41:32.8446258Z make[3]: Entering directory '/workdir/openwrt/feeds/packages/lang/perl'
build	Compile debug	2026-09-27T15:41:33.2255243Z make[3]: Leaving directory '/workdir/openwrt/feeds/packages/lang/perl'
build	Compile debug	2026-09-27T15:41:33.2263261Z time: package/feeds/packages/perl/host-compile#0.10#0.14#0.41
build	Compile debug	2026-09-27T15:41:33.2692830Z make[3]: Entering directory '/workdir/openwrt/feeds/packages/lang/perl'
build	Compile debug	2026-09-27T15:41:33.5132736Z mkdir -p /workdir/openwrt/staging_dir/target-aarch64_generic_musl/root-armsr/stamp
build	Compile debug	2026-09-27T15:41:33.5166995Z SHELL= flock /workdir/openwrt/tmp/.root-copy.flock -c 'cp -fpR /workdir/openwrt/build_dir/target-aarch64_generic_musl/perl/perl-5.40.0/.pkgdir/perl/. /workdir/openwrt/staging_dir/target-aarch64_generic_musl/root-armsr/'
build	Compile debug	2026-09-27T15:41:33.5297628Z touch /workdir/openwrt/staging_dir/target-aarch64_generic_musl/root-armsr/stamp/.perl_installed
build	Compile debug	2026-09-27T15:41:33.5327823Z echo "perl" >> /workdir/openwrt/staging_dir/target-aarch64_generic_musl/pkginfo/perl.default.install
build	Compile debug	2026-09-27T15:41:33.5361702Z mkdir -p /workdir/openwrt/staging_dir/target-aarch64_generic_musl/root-armsr/stamp
build	Compile debug	2026-09-27T15:41:33.5398224Z SHELL= flock /workdir/openwrt/tmp/.root-copy.flock -c 'cp -fpR /workdir/openwrt/build_dir/target-aarch64_generic_musl/perl/perl-5.40.0/.pkgdir/perlbase-base/. /workdir/openwrt/staging_dir/target-aarch64_generic_musl/root-armsr/'
build	Compile debug	2026-09-27T15:41:33.5451545Z touch /workdir/openwrt/staging_dir/target-aarch64_generic_musl/root-armsr/stamp/.perlbase-base_installed
build	Compile debug	2026-09-27T15:41:33.5479139Z echo "perlbase-base" >> /workdir/openwrt/staging_dir/target-aarch64_generic_musl/pkginfo/perl.default.install
build	Compile debug	2026-09-27T15:41:33.5509912Z mkdir -p /workdir/openwrt/staging_dir/target-aarch64_generic_musl/root-armsr/stamp
build	Compile debug	2026-09-27T15:41:33.5550593Z SHELL= flock /workdir/openwrt/tmp/.root-copy.flock -c 'cp -fpR /workdir/openwrt/build_dir/target-aarch64_generic_musl/perl/perl-5.40.0/.pkgdir/perlbase-bytes/. /workdir/openwrt/staging_dir/target-aarch64_generic_musl/root-armsr/'
build	Compile debug	2026-09-27T15:41:33.5602860Z touch /workdir/openwrt/staging_dir/target-aarch64_generic_musl/root-armsr/stamp/.perlbase-bytes_installed
build	Compile debug	2026-09-27T15:41:33.5630308Z echo "perlbase-bytes" >> /workdir/openwrt/staging_dir/target-aarch64_generic_musl/pkginfo/perl.default.install
build	Compile debug	2026-09-27T15:41:33.5658489Z mkdir -p /workdir/openwrt/staging_dir/target-aarch64_generic_musl/root-armsr/stamp
build	Compile debug	2026-09-27T15:41:33.5693633Z SHELL= flock /workdir/openwrt/tmp/.root-copy.flock -c 'cp -fpR /workdir/openwrt/build_dir/target-aarch64_generic_musl/perl/perl-5.40.0/.pkgdir/perlbase-charnames/. /workdir/openwrt/staging_dir/target-aarch64_generic_musl/root-armsr/'
build	Compile debug	2026-09-27T15:41:33.5746745Z touch /workdir/openwrt/staging_dir/target-aarch64_generic_musl/root-armsr/stamp/.perlbase-charnames_installed
build	Compile debug	2026-09-27T15:41:33.5776912Z echo "perlbase-charnames" >> /workdir/openwrt/staging_dir/target-aarch64_generic_musl/pkginfo/perl.default.install
build	Compile debug	2026-09-27T15:41:33.5801065Z mkdir -p /workdir/openwrt/staging_dir/target-aarch64_generic_musl/root-armsr/stamp
build	Compile debug	2026-09-27T15:41:33.5835887Z SHELL= flock /workdir/openwrt/tmp/.root-copy.flock -c 'cp -fpR /workdir/openwrt/build_dir/target-aarch64_generic_musl/perl/perl-5.40.0/.pkgdir/perlbase-class/. /workdir/openwrt/staging_dir/target-aarch64_generic_musl/root-armsr/'
build	Compile debug	2026-09-27T15:41:33.5884427Z touch /workdir/openwrt/staging_dir/target-aarch64_generic_musl/root-armsr/stamp/.perlbase-class_installed
build	Compile debug	2026-09-27T15:41:33.5910889Z echo "perlbase-class" >> /workdir/openwrt/staging_dir/target-aarch64_generic_musl/pkginfo/perl.default.install
build	Compile debug	2026-09-27T15:41:33.5937175Z mkdir -p /workdir/openwrt/staging_dir/target-aarch64_generic_musl/root-armsr/stamp
build	Compile debug	2026-09-27T15:41:33.5970556Z SHELL= flock /workdir/openwrt/tmp/.root-copy.flock -c 'cp -fpR /workdir/openwrt/build_dir/target-aarch64_generic_musl/perl/perl-5.40.0/.pkgdir/perlbase-config/. /workdir/openwrt/staging_dir/target-aarch64_generic_musl/root-armsr/'
build	Compile debug	2026-09-27T15:41:33.6032920Z touch /workdir/openwrt/staging_dir/target-aarch64_generic_musl/root-armsr/stamp/.perlbase-config_installed
build	Compile debug	2026-09-27T15:41:33.6063676Z echo "perlbase-config" >> /workdir/openwrt/staging_dir/target-aarch64_generic_musl/pkginfo/perl.default.install
build	Compile debug	2026-09-27T15:41:33.6090483Z mkdir -p /workdir/openwrt/staging_dir/target-aarch64_generic_musl/root-armsr/stamp
build	Compile debug	2026-09-27T15:41:33.6123454Z SHELL= flock /workdir/openwrt/tmp/.root-copy.flock -c 'cp -fpR /workdir/openwrt/build_dir/target-aarch64_generic_musl/perl/perl-5.40.0/.pkgdir/perlbase-cwd/. /workdir/openwrt/staging_dir/target-aarch64_generic_musl/root-armsr/'
build	Compile debug	2026-09-27T15:41:33.6174860Z touch /workdir/openwrt/staging_dir/target-aarch64_generic_musl/root-armsr/stamp/.perlbase-cwd_installed
build	Compile debug	2026-09-27T15:41:33.6201653Z echo "perlbase-cwd" >> /workdir/openwrt/staging_dir/target-aarch64_generic_musl/pkginfo/perl.default.install
build	Compile debug	2026-09-27T15:41:33.6227611Z mkdir -p /workdir/openwrt/staging_dir/target-aarch64_generic_musl/root-armsr/stamp
build	Compile debug	2026-09-27T15:41:33.6260308Z SHELL= flock /workdir/openwrt/tmp/.root-copy.flock -c 'cp -fpR /workdir/openwrt/build_dir/target-aarch64_generic_musl/perl/perl-5.40.0/.pkgdir/perlbase-dynaloader/. /workdir/openwrt/staging_dir/target-aarch64_generic_musl/root-armsr/'
build	Compile debug	2026-09-27T15:41:33.6307718Z touch /workdir/openwrt/staging_dir/target-aarch64_generic_musl/root-armsr/stamp/.perlbase-dynaloader_installed
build	Compile debug	2026-09-27T15:41:33.6334688Z echo "perlbase-dynaloader" >> /workdir/openwrt/staging_dir/target-aarch64_generic_musl/pkginfo/perl.default.install
build	Compile debug	2026-09-27T15:41:33.6360038Z mkdir -p /workdir/openwrt/staging_dir/target-aarch64_generic_musl/root-armsr/stamp
build	Compile debug	2026-09-27T15:41:33.6392565Z SHELL= flock /workdir/openwrt/tmp/.root-copy.flock -c 'cp -fpR /workdir/openwrt/build_dir/target-aarch64_generic_musl/perl/perl-5.40.0/.pkgdir/perlbase-errno/. /workdir/openwrt/staging_dir/target-aarch64_generic_musl/root-armsr/'
build	Compile debug	2026-09-27T15:41:33.6440707Z touch /workdir/openwrt/staging_dir/target-aarch64_generic_musl/root-armsr/stamp/.perlbase-errno_installed
build	Compile debug	2026-09-27T15:41:33.6467723Z echo "perlbase-errno" >> /workdir/openwrt/staging_dir/target-aarch64_generic_musl/pkginfo/perl.default.install
build	Compile debug	2026-09-27T15:41:33.6493016Z mkdir -p /workdir/openwrt/staging_dir/target-aarch64_generic_musl/root-armsr/stamp
build	Compile debug	2026-09-27T15:41:33.6527559Z SHELL= flock /workdir/openwrt/tmp/.root-copy.flock -c 'cp -fpR /workdir/openwrt/build_dir/target-aarch64_generic_musl/perl/perl-5.40.0/.pkgdir/perlbase-essential/. /workdir/openwrt/staging_dir/target-aarch64_generic_musl/root-armsr/'
build	Compile debug	2026-09-27T15:41:33.6605122Z touch /workdir/openwrt/staging_dir/target-aarch64_generic_musl/root-armsr/stamp/.perlbase-essential_installed
build	Compile debug	2026-09-27T15:41:33.6631856Z echo "perlbase-essential" >> /workdir/openwrt/staging_dir/target-aarch64_generic_musl/pkginfo/perl.default.install
build	Compile debug	2026-09-27T15:41:33.6657393Z mkdir -p /workdir/openwrt/staging_dir/target-aarch64_generic_musl/root-armsr/stamp
build	Compile debug	2026-09-27T15:41:33.6690519Z SHELL= flock /workdir/openwrt/tmp/.root-copy.flock -c 'cp -fpR /workdir/openwrt/build_dir/target-aarch64_generic_musl/perl/perl-5.40.0/.pkgdir/perlbase-fcntl/. /workdir/openwrt/staging_dir/target-aarch64_generic_musl/root-armsr/'
build	Compile debug	2026-09-27T15:41:33.6744486Z touch /workdir/openwrt/staging_dir/target-aarch64_generic_musl/root-armsr/stamp/.perlbase-fcntl_installed
build	Compile debug	2026-09-27T15:41:33.6771978Z echo "perlbase-fcntl" >> /workdir/openwrt/staging_dir/target-aarch64_generic_musl/pkginfo/perl.default.install
build	Compile debug	2026-09-27T15:41:33.6797521Z mkdir -p /workdir/openwrt/staging_dir/target-aarch64_generic_musl/root-armsr/stamp
build	Compile debug	2026-09-27T15:41:33.6831055Z SHELL= flock /workdir/openwrt/tmp/.root-copy.flock -c 'cp -fpR /workdir/openwrt/build_dir/target-aarch64_generic_musl/perl/perl-5.40.0/.pkgdir/perlbase-file/. /workdir/openwrt/staging_dir/target-aarch64_generic_musl/root-armsr/'
build	Compile debug	2026-09-27T15:41:33.6923310Z touch /workdir/openwrt/staging_dir/target-aarch64_generic_musl/root-armsr/stamp/.perlbase-file_installed
build	Compile debug	2026-09-27T15:41:33.6950001Z echo "perlbase-file" >> /workdir/openwrt/staging_dir/target-aarch64_generic_musl/pkginfo/perl.default.install
build	Compile debug	2026-09-27T15:41:33.6976075Z mkdir -p /workdir/openwrt/staging_dir/target-aarch64_generic_musl/root-armsr/stamp
build	Compile debug	2026-09-27T15:41:33.7009601Z SHELL= flock /workdir/openwrt/tmp/.root-copy.flock -c 'cp -fpR /workdir/openwrt/build_dir/target-aarch64_generic_musl/perl/perl-5.40.0/.pkgdir/perlbase-filehandle/. /workdir/openwrt/staging_dir/target-aarch64_generic_musl/root-armsr/'
build	Compile debug	2026-09-27T15:41:33.7057220Z touch /workdir/openwrt/staging_dir/target-aarch64_generic_musl/root-armsr/stamp/.perlbase-filehandle_installed
build	Compile debug	2026-09-27T15:41:33.7083757Z echo "perlbase-filehandle" >> /workdir/openwrt/staging_dir/target-aarch64_generic_musl/pkginfo/perl.default.install
build	Compile debug	2026-09-27T15:41:33.7109605Z mkdir -p /workdir/openwrt/staging_dir/target-aarch64_generic_musl/root-armsr/stamp
build	Compile debug	2026-09-27T15:41:33.7143786Z SHELL= flock /workdir/openwrt/tmp/.root-copy.flock -c 'cp -fpR /workdir/openwrt/build_dir/target-aarch64_generic_musl/perl/perl-5.40.0/.pkgdir/perlbase-getopt/. /workdir/openwrt/staging_dir/target-aarch64_generic_musl/root-armsr/'
build	Compile debug	2026-09-27T15:41:33.7201670Z touch /workdir/openwrt/staging_dir/target-aarch64_generic_musl/root-armsr/stamp/.perlbase-getopt_installed
build	Compile debug	2026-09-27T15:41:33.7228161Z echo "perlbase-getopt" >> /workdir/openwrt/staging_dir/target-aarch64_generic_musl/pkginfo/perl.default.install
build	Compile debug	2026-09-27T15:41:33.7253569Z mkdir -p /workdir/openwrt/staging_dir/target-aarch64_generic_musl/root-armsr/stamp
build	Compile debug	2026-09-27T15:41:33.7287369Z SHELL= flock /workdir/openwrt/tmp/.root-copy.flock -c 'cp -fpR /workdir/openwrt/build_dir/target-aarch64_generic_musl/perl/perl-5.40.0/.pkgdir/perlbase-i18n/. /workdir/openwrt/staging_dir/target-aarch64_generic_musl/root-armsr/'
build	Compile debug	2026-09-27T15:41:33.7351564Z touch /workdir/openwrt/staging_dir/target-aarch64_generic_musl/root-armsr/stamp/.perlbase-i18n_installed
build	Compile debug	2026-09-27T15:41:33.7378008Z echo "perlbase-i18n" >> /workdir/openwrt/staging_dir/target-aarch64_generic_musl/pkginfo/perl.default.install
build	Compile debug	2026-09-27T15:41:33.7403133Z mkdir -p /workdir/openwrt/staging_dir/target-aarch64_generic_musl/root-armsr/stamp
build	Compile debug	2026-09-27T15:41:33.7435861Z SHELL= flock /workdir/openwrt/tmp/.root-copy.flock -c 'cp -fpR /workdir/openwrt/build_dir/target-aarch64_generic_musl/perl/perl-5.40.0/.pkgdir/perlbase-integer/. /workdir/openwrt/staging_dir/target-aarch64_generic_musl/root-armsr/'
build	Compile debug	2026-09-27T15:41:33.7485477Z touch /workdir/openwrt/staging_dir/target-aarch64_generic_musl/root-armsr/stamp/.perlbase-integer_installed
build	Compile debug	2026-09-27T15:41:33.7512485Z echo "perlbase-integer" >> /workdir/openwrt/staging_dir/target-aarch64_generic_musl/pkginfo/perl.default.install
build	Compile debug	2026-09-27T15:41:33.7537496Z mkdir -p /workdir/openwrt/staging_dir/target-aarch64_generic_musl/root-armsr/stamp
build	Compile debug	2026-09-27T15:41:33.7571489Z SHELL= flock /workdir/openwrt/tmp/.root-copy.flock -c 'cp -fpR /workdir/openwrt/build_dir/target-aarch64_generic_musl/perl/perl-5.40.0/.pkgdir/perlbase-io/. /workdir/openwrt/staging_dir/target-aarch64_generic_musl/root-armsr/'
build	Compile debug	2026-09-27T15:41:33.7693795Z touch /workdir/openwrt/staging_dir/target-aarch64_generic_musl/root-armsr/stamp/.perlbase-io_installed
build	Compile debug	2026-09-27T15:41:33.7720521Z echo "perlbase-io" >> /workdir/openwrt/staging_dir/target-aarch64_generic_musl/pkginfo/perl.default.install
build	Compile debug	2026-09-27T15:41:33.7746470Z mkdir -p /workdir/openwrt/staging_dir/target-aarch64_generic_musl/root-armsr/stamp
build	Compile debug	2026-09-27T15:41:33.7780593Z SHELL= flock /workdir/openwrt/tmp/.root-copy.flock -c 'cp -fpR /workdir/openwrt/build_dir/target-aarch64_generic_musl/perl/perl-5.40.0/.pkgdir/perlbase-list/. /workdir/openwrt/staging_dir/target-aarch64_generic_musl/root-armsr/'
build	Compile debug	2026-09-27T15:41:33.7837533Z touch /workdir/openwrt/staging_dir/target-aarch64_generic_musl/root-armsr/stamp/.perlbase-list_installed
build	Compile debug	2026-09-27T15:41:33.7863765Z echo "perlbase-list" >> /workdir/openwrt/staging_dir/target-aarch64_generic_musl/pkginfo/perl.default.install
build	Compile debug	2026-09-27T15:41:33.7889974Z mkdir -p /workdir/openwrt/staging_dir/target-aarch64_generic_musl/root-armsr/stamp
build	Compile debug	2026-09-27T15:41:33.7923429Z SHELL= flock /workdir/openwrt/tmp/.root-copy.flock -c 'cp -fpR /workdir/openwrt/build_dir/target-aarch64_generic_musl/perl/perl-5.40.0/.pkgdir/perlbase-locale/. /workdir/openwrt/staging_dir/target-aarch64_generic_musl/root-armsr/'
build	Compile debug	2026-09-27T15:41:33.7981363Z touch /workdir/openwrt/staging_dir/target-aarch64_generic_musl/root-armsr/stamp/.perlbase-locale_installed
build	Compile debug	2026-09-27T15:41:33.8009170Z echo "perlbase-locale" >> /workdir/openwrt/staging_dir/target-aarch64_generic_musl/pkginfo/perl.default.install
build	Compile debug	2026-09-27T15:41:33.8034639Z mkdir -p /workdir/openwrt/staging_dir/target-aarch64_generic_musl/root-armsr/stamp
build	Compile debug	2026-09-27T15:41:33.8068270Z SHELL= flock /workdir/openwrt/tmp/.root-copy.flock -c 'cp -fpR /workdir/openwrt/build_dir/target-aarch64_generic_musl/perl/perl-5.40.0/.pkgdir/perlbase-params/. /workdir/openwrt/staging_dir/target-aarch64_generic_musl/root-armsr/'
build	Compile debug	2026-09-27T15:41:33.8120066Z touch /workdir/openwrt/staging_dir/target-aarch64_generic_musl/root-armsr/stamp/.perlbase-params_installed
build	Compile debug	2026-09-27T15:41:33.8146989Z echo "perlbase-params" >> /workdir/openwrt/staging_dir/target-aarch64_generic_musl/pkginfo/perl.default.install
build	Compile debug	2026-09-27T15:41:33.8172304Z mkdir -p /workdir/openwrt/staging_dir/target-aarch64_generic_musl/root-armsr/stamp
build	Compile debug	2026-09-27T15:41:33.8205365Z SHELL= flock /workdir/openwrt/tmp/.root-copy.flock -c 'cp -fpR /workdir/openwrt/build_dir/target-aarch64_generic_musl/perl/perl-5.40.0/.pkgdir/perlbase-posix/. /workdir/openwrt/staging_dir/target-aarch64_generic_musl/root-armsr/'
build	Compile debug	2026-09-27T15:41:33.8265443Z touch /workdir/openwrt/staging_dir/target-aarch64_generic_musl/root-armsr/stamp/.perlbase-posix_installed
build	Compile debug	2026-09-27T15:41:33.8291635Z echo "perlbase-posix" >> /workdir/openwrt/staging_dir/target-aarch64_generic_musl/pkginfo/perl.default.install
build	Compile debug	2026-09-27T15:41:33.8317305Z mkdir -p /workdir/openwrt/staging_dir/target-aarch64_generic_musl/root-armsr/stamp
build	Compile debug	2026-09-27T15:41:33.8351013Z SHELL= flock /workdir/openwrt/tmp/.root-copy.flock -c 'cp -fpR /workdir/openwrt/build_dir/target-aarch64_generic_musl/perl/perl-5.40.0/.pkgdir/perlbase-re/. /workdir/openwrt/staging_dir/target-aarch64_generic_musl/root-armsr/'
build	Compile debug	2026-09-27T15:41:33.8414349Z touch /workdir/openwrt/staging_dir/target-aarch64_generic_musl/root-armsr/stamp/.perlbase-re_installed
build	Compile debug	2026-09-27T15:41:33.8441364Z echo "perlbase-re" >> /workdir/openwrt/staging_dir/target-aarch64_generic_musl/pkginfo/perl.default.install
build	Compile debug	2026-09-27T15:41:33.8466731Z mkdir -p /workdir/openwrt/staging_dir/target-aarch64_generic_musl/root-armsr/stamp
build	Compile debug	2026-09-27T15:41:33.8500849Z SHELL= flock /workdir/openwrt/tmp/.root-copy.flock -c 'cp -fpR /workdir/openwrt/build_dir/target-aarch64_generic_musl/perl/perl-5.40.0/.pkgdir/perlbase-scalar/. /workdir/openwrt/staging_dir/target-aarch64_generic_musl/root-armsr/'
build	Compile debug	2026-09-27T15:41:33.8553344Z touch /workdir/openwrt/staging_dir/target-aarch64_generic_musl/root-armsr/stamp/.perlbase-scalar_installed
build	Compile debug	2026-09-27T15:41:33.8580019Z echo "perlbase-scalar" >> /workdir/openwrt/staging_dir/target-aarch64_generic_musl/pkginfo/perl.default.install
build	Compile debug	2026-09-27T15:41:33.8605171Z mkdir -p /workdir/openwrt/staging_dir/target-aarch64_generic_musl/root-armsr/stamp
build	Compile debug	2026-09-27T15:41:33.8638948Z SHELL= flock /workdir/openwrt/tmp/.root-copy.flock -c 'cp -fpR /workdir/openwrt/build_dir/target-aarch64_generic_musl/perl/perl-5.40.0/.pkgdir/perlbase-selectsaver/. /workdir/openwrt/staging_dir/target-aarch64_generic_musl/root-armsr/'
build	Compile debug	2026-09-27T15:41:33.8688725Z touch /workdir/openwrt/staging_dir/target-aarch64_generic_musl/root-armsr/stamp/.perlbase-selectsaver_installed
build	Compile debug	2026-09-27T15:41:33.8715369Z echo "perlbase-selectsaver" >> /workdir/openwrt/staging_dir/target-aarch64_generic_musl/pkginfo/perl.default.install
build	Compile debug	2026-09-27T15:41:33.8740761Z mkdir -p /workdir/openwrt/staging_dir/target-aarch64_generic_musl/root-armsr/stamp
build	Compile debug	2026-09-27T15:41:33.8773819Z SHELL= flock /workdir/openwrt/tmp/.root-copy.flock -c 'cp -fpR /workdir/openwrt/build_dir/target-aarch64_generic_musl/perl/perl-5.40.0/.pkgdir/perlbase-socket/. /workdir/openwrt/staging_dir/target-aarch64_generic_musl/root-armsr/'
build	Compile debug	2026-09-27T15:41:33.8829020Z touch /workdir/openwrt/staging_dir/target-aarch64_generic_musl/root-armsr/stamp/.perlbase-socket_installed
build	Compile debug	2026-09-27T15:41:33.8855508Z echo "perlbase-socket" >> /workdir/openwrt/staging_dir/target-aarch64_generic_musl/pkginfo/perl.default.install
build	Compile debug	2026-09-27T15:41:33.8881047Z mkdir -p /workdir/openwrt/staging_dir/target-aarch64_generic_musl/root-armsr/stamp
build	Compile debug	2026-09-27T15:41:33.8915571Z SHELL= flock /workdir/openwrt/tmp/.root-copy.flock -c 'cp -fpR /workdir/openwrt/build_dir/target-aarch64_generic_musl/perl/perl-5.40.0/.pkgdir/perlbase-symbol/. /workdir/openwrt/staging_dir/target-aarch64_generic_musl/root-armsr/'
build	Compile debug	2026-09-27T15:41:33.8966220Z touch /workdir/openwrt/staging_dir/target-aarch64_generic_musl/root-armsr/stamp/.perlbase-symbol_installed
build	Compile debug	2026-09-27T15:41:33.8993178Z echo "perlbase-symbol" >> /workdir/openwrt/staging_dir/target-aarch64_generic_musl/pkginfo/perl.default.install
build	Compile debug	2026-09-27T15:41:33.9019135Z mkdir -p /workdir/openwrt/staging_dir/target-aarch64_generic_musl/root-armsr/stamp
build	Compile debug	2026-09-27T15:41:33.9052830Z SHELL= flock /workdir/openwrt/tmp/.root-copy.flock -c 'cp -fpR /workdir/openwrt/build_dir/target-aarch64_generic_musl/perl/perl-5.40.0/.pkgdir/perlbase-tie/. /workdir/openwrt/staging_dir/target-aarch64_generic_musl/root-armsr/'
build	Compile debug	2026-09-27T15:41:33.9122011Z touch /workdir/openwrt/staging_dir/target-aarch64_generic_musl/root-armsr/stamp/.perlbase-tie_installed
build	Compile debug	2026-09-27T15:41:33.9149105Z echo "perlbase-tie" >> /workdir/openwrt/staging_dir/target-aarch64_generic_musl/pkginfo/perl.default.install
build	Compile debug	2026-09-27T15:41:33.9174486Z mkdir -p /workdir/openwrt/staging_dir/target-aarch64_generic_musl/root-armsr/stamp
build	Compile debug	2026-09-27T15:41:33.9207755Z SHELL= flock /workdir/openwrt/tmp/.root-copy.flock -c 'cp -fpR /workdir/openwrt/build_dir/target-aarch64_generic_musl/perl/perl-5.40.0/.pkgdir/perlbase-time/. /workdir/openwrt/staging_dir/target-aarch64_generic_musl/root-armsr/'
build	Compile debug	2026-09-27T15:41:33.9278080Z touch /workdir/openwrt/staging_dir/target-aarch64_generic_musl/root-armsr/stamp/.perlbase-time_installed
build	Compile debug	2026-09-27T15:41:33.9305161Z echo "perlbase-time" >> /workdir/openwrt/staging_dir/target-aarch64_generic_musl/pkginfo/perl.default.install
build	Compile debug	2026-09-27T15:41:33.9330417Z mkdir -p /workdir/openwrt/staging_dir/target-aarch64_generic_musl/root-armsr/stamp
build	Compile debug	2026-09-27T15:41:33.9363095Z SHELL= flock /workdir/openwrt/tmp/.root-copy.flock -c 'cp -fpR /workdir/openwrt/build_dir/target-aarch64_generic_musl/perl/perl-5.40.0/.pkgdir/perlbase-unicode/. /workdir/openwrt/staging_dir/target-aarch64_generic_musl/root-armsr/'
build	Compile debug	2026-09-27T15:41:33.9619386Z touch /workdir/openwrt/staging_dir/target-aarch64_generic_musl/root-armsr/stamp/.perlbase-unicode_installed
build	Compile debug	2026-09-27T15:41:33.9647002Z echo "perlbase-unicode" >> /workdir/openwrt/staging_dir/target-aarch64_generic_musl/pkginfo/perl.default.install
build	Compile debug	2026-09-27T15:41:33.9675059Z mkdir -p /workdir/openwrt/staging_dir/target-aarch64_generic_musl/root-armsr/stamp
build	Compile debug	2026-09-27T15:41:33.9710120Z SHELL= flock /workdir/openwrt/tmp/.root-copy.flock -c 'cp -fpR /workdir/openwrt/build_dir/target-aarch64_generic_musl/perl/perl-5.40.0/.pkgdir/perlbase-unicore/. /workdir/openwrt/staging_dir/target-aarch64_generic_musl/root-armsr/'
build	Compile debug	2026-09-27T15:41:34.0434016Z touch /workdir/openwrt/staging_dir/target-aarch64_generic_musl/root-armsr/stamp/.perlbase-unicore_installed
build	Compile debug	2026-09-27T15:41:34.0462915Z echo "perlbase-unicore" >> /workdir/openwrt/staging_dir/target-aarch64_generic_musl/pkginfo/perl.default.install
build	Compile debug	2026-09-27T15:41:34.0493016Z mkdir -p /workdir/openwrt/staging_dir/target-aarch64_generic_musl/root-armsr/stamp
build	Compile debug	2026-09-27T15:41:34.0530995Z SHELL= flock /workdir/openwrt/tmp/.root-copy.flock -c 'cp -fpR /workdir/openwrt/build_dir/target-aarch64_generic_musl/perl/perl-5.40.0/.pkgdir/perlbase-utf8/. /workdir/openwrt/staging_dir/target-aarch64_generic_musl/root-armsr/'
build	Compile debug	2026-09-27T15:41:34.0580892Z touch /workdir/openwrt/staging_dir/target-aarch64_generic_musl/root-armsr/stamp/.perlbase-utf8_installed
build	Compile debug	2026-09-27T15:41:34.0608261Z echo "perlbase-utf8" >> /workdir/openwrt/staging_dir/target-aarch64_generic_musl/pkginfo/perl.default.install
build	Compile debug	2026-09-27T15:41:34.0635122Z mkdir -p /workdir/openwrt/staging_dir/target-aarch64_generic_musl/root-armsr/stamp
build	Compile debug	2026-09-27T15:41:34.0669843Z SHELL= flock /workdir/openwrt/tmp/.root-copy.flock -c 'cp -fpR /workdir/openwrt/build_dir/target-aarch64_generic_musl/perl/perl-5.40.0/.pkgdir/perlbase-xsloader/. /workdir/openwrt/staging_dir/target-aarch64_generic_musl/root-armsr/'
build	Compile debug	2026-09-27T15:41:34.0718760Z touch /workdir/openwrt/staging_dir/target-aarch64_generic_musl/root-armsr/stamp/.perlbase-xsloader_installed
build	Compile debug	2026-09-27T15:41:34.0746464Z echo "perlbase-xsloader" >> /workdir/openwrt/staging_dir/target-aarch64_generic_musl/pkginfo/perl.default.install
build	Compile debug	2026-09-27T15:41:34.0772421Z make[3]: Leaving directory '/workdir/openwrt/feeds/packages/lang/perl'
build	Compile debug	2026-09-27T15:41:34.0783893Z time: package/feeds/packages/perl/compile#0.32#0.48#0.84
build	Compile debug	2026-09-27T15:41:34.1253594Z make[3]: Entering directory '/workdir/openwrt/feeds/packages/lang/perl/perl-http-date'
build	Compile debug	2026-09-27T15:41:34.1885713Z mkdir -p /workdir/openwrt/staging_dir/target-aarch64_generic_musl/root-armsr/stamp
build	Compile debug	2026-09-27T15:41:34.1918946Z SHELL= flock /workdir/openwrt/tmp/.root-copy.flock -c 'cp -fpR /workdir/openwrt/build_dir/target-aarch64_generic_musl/perl/HTTP-Date-6.06/.pkgdir/perl-http-date/. /workdir/openwrt/staging_dir/target-aarch64_generic_musl/root-armsr/'
build	Compile debug	2026-09-27T15:41:34.1968440Z touch /workdir/openwrt/staging_dir/target-aarch64_generic_musl/root-armsr/stamp/.perl-http-date_installed
build	Compile debug	2026-09-27T15:41:34.1994731Z echo "perl-http-date" >> /workdir/openwrt/staging_dir/target-aarch64_generic_musl/pkginfo/perl-http-date.default.install
build	Compile debug	2026-09-27T15:41:34.2020535Z make[3]: Leaving directory '/workdir/openwrt/feeds/packages/lang/perl/perl-http-date'
build	Compile debug	2026-09-27T15:41:34.2029379Z time: package/feeds/packages/perl-http-date/compile#0.05#0.06#0.11
build	Compile debug	2026-09-27T15:41:34.2456124Z make[3]: Entering directory '/workdir/openwrt/feeds/packages/libs/libffi'
build	Compile debug	2026-09-27T15:41:34.3424358Z make[3]: Leaving directory '/workdir/openwrt/feeds/packages/libs/libffi'
build	Compile debug	2026-09-27T15:41:34.3431860Z time: package/feeds/packages/libffi/host-compile#0.07#0.05#0.13
build	Compile debug	2026-09-27T15:41:34.3870223Z make[3]: Entering directory '/workdir/openwrt/package/utils/bzip2'
build	Compile debug	2026-09-27T15:41:34.4691226Z make[3]: Leaving directory '/workdir/openwrt/package/utils/bzip2'
build	Compile debug	2026-09-27T15:41:34.4698916Z time: package/utils/bzip2/host-compile#0.06#0.05#0.12
build	Compile debug	2026-09-27T15:41:34.5142531Z make[3]: Entering directory '/workdir/openwrt/feeds/packages/lang/python/python3'
build	Compile debug	2026-09-27T15:41:34.7962651Z make[3]: Leaving directory '/workdir/openwrt/feeds/packages/lang/python/python3'
build	Compile debug	2026-09-27T15:41:34.7971076Z time: package/feeds/packages/python3/host-compile#0.17#0.12#0.32
build	Compile debug	2026-09-27T15:41:34.8417379Z make[3]: Entering directory '/workdir/openwrt/feeds/packages/libs/icu'
build	Compile debug	2026-09-27T15:41:35.0145338Z make[3]: Leaving directory '/workdir/openwrt/feeds/packages/libs/icu'
build	Compile debug	2026-09-27T15:41:35.0153556Z time: package/feeds/packages/icu/host-compile#0.06#0.10#0.21
build	Compile debug	2026-09-27T15:41:35.0572967Z make[3]: Entering directory '/workdir/openwrt/feeds/packages/libs/icu'
build	Compile debug	2026-09-27T15:41:35.2168194Z make[3]: Leaving directory '/workdir/openwrt/feeds/packages/libs/icu'
build	Compile debug	2026-09-27T15:41:35.2175221Z time: package/feeds/packages/icu/compile#0.07#0.10#0.19
build	Compile debug	2026-09-27T15:41:35.2598320Z make[3]: Entering directory '/workdir/openwrt/feeds/packages/lang/php8'
build	Compile debug	2026-09-27T15:41:35.6456350Z rm -f /workdir/openwrt/build_dir/target-aarch64_generic_musl/php-8.4.23/.built
build	Compile debug	2026-09-27T15:41:35.6496588Z touch /workdir/openwrt/build_dir/target-aarch64_generic_musl/php-8.4.23/.built_check
build	Compile debug	2026-09-27T15:41:35.6535011Z CFLAGS="-Os -pipe -mcpu=generic -fno-caller-saves -fno-plt -fhonour-copts -fmacro-prefix-map=/workdir/openwrt/build_dir/target-aarch64_generic_musl/php-8.4.23=php-8.4.23 -fmacro-prefix-map=/workdir/openwrt/staging_dir/target-aarch64_generic_musl=staging_dir/target-aarch64_generic_musl -Wl,-z,max-page-size=4096 -Wformat -Werror=format-security -fstack-protector -D_FORTIFY_SOURCE=1 -Wl,-z,now -Wl,-z,relro -Wl,-z,pack-relative-relocs   -D_LARGEFILE64_SOURCE  -I/workdir/openwrt/staging_dir/toolchain-aarch64_generic_gcc-14.4.0_musl/usr/include -I/workdir/openwrt/staging_dir/toolchain-aarch64_generic_gcc-14.4.0_musl/include -I/workdir/openwrt/staging_dir/toolchain-aarch64_generic_gcc-14.4.0_musl/include/fortify   " CXXFLAGS="-Os -pipe -mcpu=generic -fno-caller-saves -fno-plt -fhonour-copts -fmacro-prefix-map=/workdir/openwrt/build_dir/target-aarch64_generic_musl/php-8.4.23=php-8.4.23 -fmacro-prefix-map=/workdir/openwrt/staging_dir/target-aarch64_generic_musl=staging_dir/target-aarch64_generic_musl -Wl,-z,max-page-size=4096 -Wformat -Werror=format-security -fstack-protector -D_FORTIFY_SOURCE=1 -Wl,-z,now -Wl,-z,relro -Wl,-z,pack-relative-relocs   -D_LARGEFILE64_SOURCE  -I/workdir/openwrt/staging_dir/toolchain-aarch64_generic_gcc-14.4.0_musl/usr/include -I/workdir/openwrt/staging_dir/toolchain-aarch64_generic_gcc-14.4.0_musl/include -I/workdir/openwrt/staging_dir/toolchain-aarch64_generic_gcc-14.4.0_musl/include/fortify   " LDFLAGS="-L/workdir/openwrt/staging_dir/toolchain-aarch64_generic_gcc-14.4.0_musl/usr/lib -L/workdir/openwrt/staging_dir/toolchain-aarch64_generic_gcc-14.4.0_musl/lib -fuse-ld=bfd -zmax-page-size=4096 -znow -zrelro -zpack-relative-relocs   " make  -C /workdir/openwrt/build_dir/target-aarch64_generic_musl/php-8.4.23/. AR="aarch64-openwrt-linux-musl-gcc-ar" AS="aarch64-openwrt-linux-musl-gcc -c -Os -pipe -mcpu=generic -fno-caller-saves -fno-plt -fhonour-copts -fmacro-prefix-map=/workdir/openwrt/build_dir/target-aarch64_generic_musl/php-8.4.23=php-8.4.23 -fmacro-prefix-map=/workdir/openwrt/staging_dir/target-aarch64_generic_musl=staging_dir/target-aarch64_generic_musl -Wl,-z,max-page-size=4096 -Wformat -Werror=format-security -fstack-protector -D_FORTIFY_SOURCE=1 -Wl,-z,now -Wl,-z,relro -Wl,-z,pack-relative-relocs   -D_LARGEFILE64_SOURCE" LD="aarch64-openwrt-linux-musl-ld.bfd" NM="aarch64-openwrt-linux-musl-gcc-nm" CC="aarch64-openwrt-linux-musl-gcc" GCC="aarch64-openwrt-linux-musl-gcc" CXX="aarch64-openwrt-linux-musl-g++" RANLIB="aarch64-openwrt-linux-musl-gcc-ranlib" STRIP=aarch64-openwrt-linux-musl-strip OBJCOPY=aarch64-openwrt-linux-musl-objcopy OBJDUMP=aarch64-openwrt-linux-musl-objdump SIZE=aarch64-openwrt-linux-musl-size CROSS="aarch64-openwrt-linux-musl-" ARCH="aarch64" ;
build	Compile debug	2026-09-27T15:41:35.8492949Z make[4]: Entering directory '/workdir/openwrt/build_dir/target-aarch64_generic_musl/php-8.4.23'
build	Compile debug	2026-09-27T15:41:35.8494190Z /bin/bash /workdir/openwrt/build_dir/target-aarch64_generic_musl/php-8.4.23/libtool --silent --preserve-dup-deps --tag=CC --mode=install cp ext/dom/dom.la /workdir/openwrt/build_dir/target-aarch64_generic_musl/php-8.4.23/modules
build	Compile debug	2026-09-27T15:41:35.9064592Z /bin/bash /workdir/openwrt/build_dir/target-aarch64_generic_musl/php-8.4.23/libtool --silent --preserve-dup-deps --tag=CC --mode=install cp ext/gettext/gettext.la /workdir/openwrt/build_dir/target-aarch64_generic_musl/php-8.4.23/modules
build	Compile debug	2026-09-27T15:41:35.9723437Z /bin/bash /workdir/openwrt/build_dir/target-aarch64_generic_musl/php-8.4.23/libtool --silent --preserve-dup-deps --tag=CXX --mode=install cp ext/intl/intl.la /workdir/openwrt/build_dir/target-aarch64_generic_musl/php-8.4.23/modules
build	Compile debug	2026-09-27T15:41:36.0761816Z 
build	Compile debug	2026-09-27T15:41:36.0775106Z Build complete.
build	Compile debug	2026-09-27T15:41:36.0788040Z Don't forget to run 'make test'.
build	Compile debug	2026-09-27T15:41:36.0800792Z 
build	Compile debug	2026-09-27T15:41:36.0803222Z make[4]: Leaving directory '/workdir/openwrt/build_dir/target-aarch64_generic_musl/php-8.4.23'
build	Compile debug	2026-09-27T15:41:36.0813479Z touch /workdir/openwrt/build_dir/target-aarch64_generic_musl/php-8.4.23/.built
build	Compile debug	2026-09-27T15:41:36.1118747Z rm -rf /workdir/openwrt/build_dir/target-aarch64_generic_musl/php-8.4.23/ipkg-aarch64_generic/php8
build	Compile debug	2026-09-27T15:41:36.1160736Z /workdir/openwrt/scripts/ipkg-remove php8 /workdir/openwrt/bin/packages/aarch64_generic/packages/php8-8.4.23-r1.apk
build	Compile debug	2026-09-27T15:41:36.1209429Z removed '/workdir/openwrt/bin/packages/aarch64_generic/packages/php8-8.4.23-r1.apk'
build	Compile debug	2026-09-27T15:41:36.1213895Z mkdir -p /workdir/openwrt/bin/targets/armsr/armv8/packages /workdir/openwrt/build_dir/target-aarch64_generic_musl/php-8.4.23/ipkg-aarch64_generic/php8 /workdir/openwrt/staging_dir/target-aarch64_generic_musl/pkginfo
build	Compile debug	2026-09-27T15:41:36.1243736Z install -d -m0755 /workdir/openwrt/build_dir/target-aarch64_generic_musl/php-8.4.23/ipkg-aarch64_generic/php8/etc
build	Compile debug	2026-09-27T15:41:36.1274839Z install -m0644 ./files/php.ini /workdir/openwrt/build_dir/target-aarch64_generic_musl/php-8.4.23/ipkg-aarch64_generic/php8/etc/
build	Compile debug	2026-09-27T15:41:36.1306648Z find /workdir/openwrt/build_dir/target-aarch64_generic_musl/php-8.4.23/ipkg-aarch64_generic/php8 -name '.svn' -o -name '.#*' -o -name '*~'| xargs -r rm -rf
build	Compile debug	2026-09-27T15:41:36.1632053Z export CROSS="aarch64-openwrt-linux-musl-"  NO_RENAME=1 ; NM="aarch64-openwrt-linux-musl-nm" STRIP="/workdir/openwrt/staging_dir/host/bin/sstrip -z" STRIP_KMOD="/workdir/openwrt/scripts/strip-kmod.sh" PATCHELF="/workdir/openwrt/staging_dir/host/bin/patchelf" /workdir/openwrt/scripts/rstrip.sh /workdir/openwrt/build_dir/target-aarch64_generic_musl/php-8.4.23/ipkg-aarch64_generic/php8
build	Compile debug	2026-09-27T15:41:36.1786311Z install -d -m0755 /workdir/openwrt/bin/packages/aarch64_generic/packages
build	Compile debug	2026-09-27T15:41:36.1816251Z mkdir -p /workdir/openwrt/build_dir/target-aarch64_generic_musl/php-8.4.23/apk-aarch64_generic/php8/
build	Compile debug	2026-09-27T15:41:36.1845125Z mkdir -p /workdir/openwrt/build_dir/target-aarch64_generic_musl/php-8.4.23/ipkg-aarch64_generic/php8/lib/apk/packages/
build	Compile debug	2026-09-27T15:41:36.1874999Z (cd /workdir/openwrt/build_dir/target-aarch64_generic_musl/php-8.4.23/apk-aarch64_generic/php8; echo "$V_Package_php8_conffiles" > conffiles; )
build	Compile debug	2026-09-27T15:41:36.1902368Z ( echo "#!/bin/sh"; echo "[ \"\${IPKG_NO_SCRIPT}\" = \"1\" ] && exit 0"; echo "[ -s "\${IPKG_INSTROOT}/lib/functions.sh" ] || exit 0"; echo ". \${IPKG_INSTROOT}/lib/functions.sh"; echo 'export root="${IPKG_INSTROOT}"'; echo 'export pkgname="php8"'; echo "add_group_and_user"; echo "default_postinst"; [ ! -f /workdir/openwrt/build_dir/target-aarch64_generic_musl/php-8.4.23/apk-aarch64_generic/php8/postinst-pkg ] || sed '/^\s*#!/d' "/workdir/openwrt/build_dir/target-aarch64_generic_musl/php-8.4.23/apk-aarch64_generic/php8/postinst-pkg"; ) > /workdir/openwrt/build_dir/target-aarch64_generic_musl/php-8.4.23/apk-aarch64_generic/php8/post-install;
build	Compile debug	2026-09-27T15:41:36.1927073Z ( echo "#!/bin/sh"; echo 'export PKG_UPGRADE=1'; [ ! -f /workdir/openwrt/build_dir/target-aarch64_generic_musl/php-8.4.23/apk-aarch64_generic/php8/post-install ] || sed '/^\s*#!/d' "/workdir/openwrt/build_dir/target-aarch64_generic_musl/php-8.4.23/apk-aarch64_generic/php8/post-install"; ) > /workdir/openwrt/build_dir/target-aarch64_generic_musl/php-8.4.23/apk-aarch64_generic/php8/post-upgrade;
build	Compile debug	2026-09-27T15:41:36.1964019Z ( echo "#!/bin/sh"; echo "[ -s "\${IPKG_INSTROOT}/lib/functions.sh" ] || exit 0"; echo ". \${IPKG_INSTROOT}/lib/functions.sh"; echo 'export root="${IPKG_INSTROOT}"'; echo 'export pkgname="php8"'; echo "default_prerm"; [ ! -f /workdir/openwrt/build_dir/target-aarch64_generic_musl/php-8.4.23/apk-aarch64_generic/php8/prerm-pkg ] || sed '/^\s*#!/d' "/workdir/openwrt/build_dir/target-aarch64_generic_musl/php-8.4.23/apk-aarch64_generic/php8/prerm-pkg"; ) > /workdir/openwrt/build_dir/target-aarch64_generic_musl/php-8.4.23/apk-aarch64_generic/php8/pre-deinstall;
build	Compile debug	2026-09-27T15:41:36.1988087Z [ ! -f /workdir/openwrt/build_dir/target-aarch64_generic_musl/php-8.4.23/apk-aarch64_generic/php8/postrm ] || sed -zi 's/^\s*#!/#!/' "/workdir/openwrt/build_dir/target-aarch64_generic_musl/php-8.4.23/apk-aarch64_generic/php8/postrm";
build	Compile debug	2026-09-27T15:41:36.2007539Z if [ -n "" ]; then echo  > /workdir/openwrt/build_dir/target-aarch64_generic_musl/php-8.4.23/ipkg-aarch64_generic/php8/lib/apk/packages/php8.rusers; fi;
build	Compile debug	2026-09-27T15:41:36.2026934Z if [ -n "" ]; then echo  > /workdir/openwrt/build_dir/target-aarch64_generic_musl/php-8.4.23/ipkg-aarch64_generic/php8/lib/apk/packages/php8.alternatives; fi;
build	Compile debug	2026-09-27T15:41:36.2046572Z (cd /workdir/openwrt/build_dir/target-aarch64_generic_musl/php-8.4.23/ipkg-aarch64_generic/php8 && find . -type f,l -printf "/%P\n" | sort > /workdir/openwrt/tmp/php8.list && mv /workdir/openwrt/tmp/php8.list /workdir/openwrt/build_dir/target-aarch64_generic_musl/php-8.4.23/ipkg-aarch64_generic/php8/lib/apk/packages/php8.list)
build	Compile debug	2026-09-27T15:41:36.2098928Z # Move conffiles to IDIR and build conffiles_static with csums
build	Compile debug	2026-09-27T15:41:36.2122069Z if [ -f /workdir/openwrt/build_dir/target-aarch64_generic_musl/php-8.4.23/apk-aarch64_generic/php8/conffiles ]; then mv -f /workdir/openwrt/build_dir/target-aarch64_generic_musl/php-8.4.23/apk-aarch64_generic/php8/conffiles /workdir/openwrt/build_dir/target-aarch64_generic_musl/php-8.4.23/ipkg-aarch64_generic/php8/lib/apk/packages/php8.conffiles; for file in $(cat /workdir/openwrt/build_dir/target-aarch64_generic_musl/php-8.4.23/ipkg-aarch64_generic/php8/lib/apk/packages/php8.conffiles); do [ -f /workdir/openwrt/build_dir/target-aarch64_generic_musl/php-8.4.23/ipkg-aarch64_generic/php8/$file ] || continue; csum=$(/workdir/openwrt/staging_dir/host/bin/mkhash sha256 /workdir/openwrt/build_dir/target-aarch64_generic_musl/php-8.4.23/ipkg-aarch64_generic/php8/$file); echo $file $csum >> /workdir/openwrt/build_dir/target-aarch64_generic_musl/php-8.4.23/ipkg-aarch64_generic/php8/lib/apk/packages/php8.conffiles_static; done; fi
build	Compile debug	2026-09-27T15:41:36.2176463Z # Some package (base-files) manually append stuff to conffiles
build	Compile debug	2026-09-27T15:41:36.2195598Z # Append stuff from it and delete the CONTROL directory since everything else should be migrated
build	Compile debug	2026-09-27T15:41:36.2218796Z if [ -f /workdir/openwrt/build_dir/target-aarch64_generic_musl/php-8.4.23/ipkg-aarch64_generic/php8/CONTROL/conffiles ]; then echo $(IDIR_php8)/CONTROL/conffiles >> /workdir/openwrt/build_dir/target-aarch64_generic_musl/php-8.4.23/ipkg-aarch64_generic/php8/lib/apk/packages/php8.conffiles; for file in $(cat /workdir/openwrt/build_dir/target-aarch64_generic_musl/php-8.4.23/ipkg-aarch64_generic/php8/CONTROL/conffiles); do [ -f /workdir/openwrt/build_dir/target-aarch64_generic_musl/php-8.4.23/ipkg-aarch64_generic/php8/$file ] || continue; csum=$(/workdir/openwrt/staging_dir/host/bin/mkhash sha256 /workdir/openwrt/build_dir/target-aarch64_generic_musl/php-8.4.23/ipkg-aarch64_generic/php8/$file); echo $file $csum >> /workdir/openwrt/build_dir/target-aarch64_generic_musl/php-8.4.23/ipkg-aarch64_generic/php8/lib/apk/packages/php8.conffiles_static; done; rm -rf /workdir/openwrt/build_dir/target-aarch64_generic_musl/php-8.4.23/ipkg-aarch64_generic/php8/CONTROL/conffiles; fi
build	Compile debug	2026-09-27T15:41:36.2235293Z if [ -z "$(ls -A /workdir/openwrt/build_dir/target-aarch64_generic_musl/php-8.4.23/ipkg-aarch64_generic/php8/CONTROL 2>/dev/null)" ]; then rm -rf /workdir/openwrt/build_dir/target-aarch64_generic_musl/php-8.4.23/ipkg-aarch64_generic/php8/CONTROL; else echo "CONTROL directory /workdir/openwrt/build_dir/target-aarch64_generic_musl/php-8.4.23/ipkg-aarch64_generic/php8/CONTROL is not empty! This is not right and should be checked!" >&2; exit 1; fi
build	Compile debug	2026-09-27T15:41:36.2287367Z SOURCE_DATE_EPOCH=0 /workdir/openwrt/staging_dir/host/bin/fakeroot /workdir/openwrt/staging_dir/host/bin/apk mkpkg --info "name:php8" --info "version:8.4.23-r1" --info "tags:openwrt:section=lang openwrt:cpe=cpe:/a:php:php" --info "description:PHP is a widely-used general-purpose scripting language that is especially suited for Web development and can be embedded into HTML. This package contains only the PHP config file. You must actually choose your PHP flavour (cli, cgi or fastcgi)." --info "arch:aarch64_generic" --info "license:PHP-3.01" --info "origin:feeds/packages/feeds/packages/lang/php8" --info "url:https://www.php.net/" --info "maintainer:Michael Heimpold <mhei@heimpold.de>" --info "provides:php8-any"  --script "post-install:/workdir/openwrt/build_dir/target-aarch64_generic_musl/php-8.4.23/apk-aarch64_generic/php8/post-install" --script "post-upgrade:/workdir/openwrt/build_dir/target-aarch64_generic_musl/php-8.4.23/apk-aarch64_generic/php8/post-upgrade" --script "pre-deinstall:/workdir/openwrt/build_dir/target-aarch64_generic_musl/php-8.4.23/apk-aarch64_generic/php8/pre-deinstall" --info "depends:libc libpcre2 zlib libxml2-16" --files "/workdir/openwrt/build_dir/target-aarch64_generic_musl/php-8.4.23/ipkg-aarch64_generic/php8" --sign /workdir/openwrt/private-key.pem --output "/workdir/openwrt/bin/packages/aarch64_generic/packages/php8-8.4.23-r1.apk"
build	Compile debug	2026-09-27T15:41:36.2584707Z rm -rf /workdir/openwrt/build_dir/target-aarch64_generic_musl/php-8.4.23/.pkgdir/php8.installed /workdir/openwrt/build_dir/target-aarch64_generic_musl/php-8.4.23/.pkgdir/php8
build	Compile debug	2026-09-27T15:41:36.2617590Z mkdir -p /workdir/openwrt/build_dir/target-aarch64_generic_musl/php-8.4.23/.pkgdir/php8
build	Compile debug	2026-09-27T15:41:36.2646542Z install -d -m0755 /workdir/openwrt/build_dir/target-aarch64_generic_musl/php-8.4.23/.pkgdir/php8/etc
build	Compile debug	2026-09-27T15:41:36.2677570Z install -m0644 ./files/php.ini /workdir/openwrt/build_dir/target-aarch64_generic_musl/php-8.4.23/.pkgdir/php8/etc/
build	Compile debug	2026-09-27T15:41:36.2708952Z touch /workdir/openwrt/build_dir/target-aarch64_generic_musl/php-8.4.23/.pkgdir/php8.installed
build	Compile debug	2026-09-27T15:41:36.2736259Z mkdir -p /workdir/openwrt/staging_dir/target-aarch64_generic_musl/root-armsr/stamp
build	Compile debug	2026-09-27T15:41:36.2771209Z SHELL= flock /workdir/openwrt/tmp/.root-copy.flock -c 'cp -fpR /workdir/openwrt/build_dir/target-aarch64_generic_musl/php-8.4.23/.pkgdir/php8/. /workdir/openwrt/staging_dir/target-aarch64_generic_musl/root-armsr/'
build	Compile debug	2026-09-27T15:41:36.2817109Z touch /workdir/openwrt/staging_dir/target-aarch64_generic_musl/root-armsr/stamp/.php8_installed
build	Compile debug	2026-09-27T15:41:36.2843961Z echo "php8" >> /workdir/openwrt/staging_dir/target-aarch64_generic_musl/pkginfo/php8.default.install
build	Compile debug	2026-09-27T15:41:36.2870957Z rm -rf /workdir/openwrt/tmp/stage-php8
build	Compile debug	2026-09-27T15:41:36.2902894Z mkdir -p /workdir/openwrt/tmp/stage-php8/host /workdir/openwrt/staging_dir/target-aarch64_generic_musl/packages
build	Compile debug	2026-09-27T15:41:36.2931495Z rm -rf /workdir/openwrt/build_dir/target-aarch64_generic_musl/php-8.4.23/staging
build	Compile debug	2026-09-27T15:41:36.3056116Z make -C /workdir/openwrt/build_dir/target-aarch64_generic_musl/php-8.4.23 install INSTALL_ROOT=/workdir/openwrt/build_dir/target-aarch64_generic_musl/php-8.4.23/staging
build	Compile debug	2026-09-27T15:41:36.5368842Z make[4]: Entering directory '/workdir/openwrt/build_dir/target-aarch64_generic_musl/php-8.4.23'
build	Compile debug	2026-09-27T15:41:36.5630434Z Installing shared extensions:     /workdir/openwrt/build_dir/target-aarch64_generic_musl/php-8.4.23/staging/usr/lib/php/extensions/no-debug-non-zts-20240924/
build	Compile debug	2026-09-27T15:41:36.6067084Z Installing PHP CLI binary:        /workdir/openwrt/build_dir/target-aarch64_generic_musl/php-8.4.23/staging/usr/bin/
build	Compile debug	2026-09-27T15:41:36.6895853Z Installing PHP CLI man page:      /workdir/openwrt/build_dir/target-aarch64_generic_musl/php-8.4.23/staging/usr/man/man1/
build	Compile debug	2026-09-27T15:41:36.7354574Z Installing PHP FPM binary:        /workdir/openwrt/build_dir/target-aarch64_generic_musl/php-8.4.23/staging/usr/sbin/
build	Compile debug	2026-09-27T15:41:36.8592445Z Installing PHP FPM defconfig:     /workdir/openwrt/build_dir/target-aarch64_generic_musl/php-8.4.23/staging/etc/
build	Compile debug	2026-09-27T15:41:36.9254289Z Installing PHP FPM man page:      /workdir/openwrt/build_dir/target-aarch64_generic_musl/php-8.4.23/staging/usr/man/man8/
build	Compile debug	2026-09-27T15:41:36.9706084Z Installing PHP FPM status page:   /workdir/openwrt/build_dir/target-aarch64_generic_musl/php-8.4.23/staging/usr/share/fpm/
build	Compile debug	2026-09-27T15:41:37.0175340Z Installing PHP CGI binary:        /workdir/openwrt/build_dir/target-aarch64_generic_musl/php-8.4.23/staging/usr/bin/
build	Compile debug	2026-09-27T15:41:37.1242908Z Installing PHP CGI man page:      /workdir/openwrt/build_dir/target-aarch64_generic_musl/php-8.4.23/staging/usr/man/man1/
build	Compile debug	2026-09-27T15:41:37.1668457Z Installing build environment:     /workdir/openwrt/build_dir/target-aarch64_generic_musl/php-8.4.23/staging/usr/lib/php/build/
build	Compile debug	2026-09-27T15:41:38.6688726Z Installing header files:          /workdir/openwrt/build_dir/target-aarch64_generic_musl/php-8.4.23/staging/usr/include/php/
build	Compile debug	2026-09-27T15:41:42.6910739Z Installing helper programs:       /workdir/openwrt/build_dir/target-aarch64_generic_musl/php-8.4.23/staging/usr/bin/
build	Compile debug	2026-09-27T15:41:42.7095150Z   program: phpize
build	Compile debug	2026-09-27T15:41:42.7325068Z   program: php-config
build	Compile debug	2026-09-27T15:41:42.7565838Z Installing man pages:             /workdir/openwrt/build_dir/target-aarch64_generic_musl/php-8.4.23/staging/usr/man/man1/
build	Compile debug	2026-09-27T15:41:42.7750262Z   page: phpize.1
build	Compile debug	2026-09-27T15:41:42.7979027Z   page: php-config.1
build	Compile debug	2026-09-27T15:41:42.8209237Z make[4]: Leaving directory '/workdir/openwrt/build_dir/target-aarch64_generic_musl/php-8.4.23'
build	Compile debug	2026-09-27T15:41:42.8219616Z rm -rf /workdir/openwrt/build_dir/target-aarch64_generic_musl/php-8.4.23/staging/usr/{share,man,sbin}
build	Compile debug	2026-09-27T15:41:42.8250855Z rm -f /workdir/openwrt/build_dir/target-aarch64_generic_musl/php-8.4.23/staging/usr/bin/{php,php-cgi,php-cli}
build	Compile debug	2026-09-27T15:41:42.8280485Z mv /workdir/openwrt/build_dir/target-aarch64_generic_musl/php-8.4.23/staging/usr/bin/phpize /workdir/openwrt/build_dir/target-aarch64_generic_musl/php-8.4.23/staging/usr/bin/phpize8
build	Compile debug	2026-09-27T15:41:42.8310413Z mv /workdir/openwrt/build_dir/target-aarch64_generic_musl/php-8.4.23/staging/usr/bin/php-config /workdir/openwrt/build_dir/target-aarch64_generic_musl/php-8.4.23/staging/usr/bin/php8-config
build	Compile debug	2026-09-27T15:41:42.8339923Z mv /workdir/openwrt/build_dir/target-aarch64_generic_musl/php-8.4.23/staging/usr/include/php /workdir/openwrt/build_dir/target-aarch64_generic_musl/php-8.4.23/staging/usr/include/php8
build	Compile debug	2026-09-27T15:41:42.8369263Z mv /workdir/openwrt/build_dir/target-aarch64_generic_musl/php-8.4.23/staging/usr/lib/php /workdir/openwrt/build_dir/target-aarch64_generic_musl/php-8.4.23/staging/usr/lib/php8
build	Compile debug	2026-09-27T15:41:42.8399467Z cp -fpR /workdir/openwrt/build_dir/target-aarch64_generic_musl/php-8.4.23/staging/usr /workdir/openwrt/staging_dir/target-aarch64_generic_musl/
build	Compile debug	2026-09-27T15:41:42.8814284Z sed -i -e "s#prefix='/usr'#prefix='/workdir/openwrt/staging_dir/target-aarch64_generic_musl/usr'#" /workdir/openwrt/staging_dir/target-aarch64_generic_musl/usr/bin/phpize8
build	Compile debug	2026-09-27T15:41:42.8844558Z sed -i -e "s#exec_prefix=\"\`eval echo /usr\`\"#exec_prefix='/workdir/openwrt/staging_dir/target-aarch64_generic_musl/usr'#" /workdir/openwrt/staging_dir/target-aarch64_generic_musl/usr/bin/phpize8
build	Compile debug	2026-09-27T15:41:42.8874726Z sed -i -e "s#/include\`/php\"#/include\`/php8\"#" /workdir/openwrt/staging_dir/target-aarch64_generic_musl/usr/bin/phpize8
build	Compile debug	2026-09-27T15:41:42.8904462Z sed -i -e "s#/lib/php\`/build\"#/lib/php8\`/build\"#" /workdir/openwrt/staging_dir/target-aarch64_generic_musl/usr/bin/phpize8
build	Compile debug	2026-09-27T15:41:42.8934520Z sed -i -e "s#prefix=\"/usr\"#prefix=\"/workdir/openwrt/staging_dir/target-aarch64_generic_musl/usr\"#" /workdir/openwrt/staging_dir/target-aarch64_generic_musl/usr/bin/php8-config
build	Compile debug	2026-09-27T15:41:42.8963486Z sed -i -e "s#/include/php\"#/include/php8\"#" /workdir/openwrt/staging_dir/target-aarch64_generic_musl/usr/bin/php8-config
build	Compile debug	2026-09-27T15:41:42.8992337Z find /workdir/openwrt/tmp/stage-php8 -name '*.la' | xargs -r rm -f; 
build	Compile debug	2026-09-27T15:41:42.9028980Z if [ -f /workdir/openwrt/staging_dir/target-aarch64_generic_musl/packages/php8.list ]; then /workdir/openwrt/scripts/clean-package.sh "/workdir/openwrt/staging_dir/target-aarch64_generic_musl/packages/php8.list" "/workdir/openwrt/staging_dir/target-aarch64_generic_musl"; fi
build	Compile debug	2026-09-27T15:41:42.9119932Z if [ -d /workdir/openwrt/tmp/stage-php8 ]; then (cd /workdir/openwrt/tmp/stage-php8; find ./ > /workdir/openwrt/tmp/stage-php8.files); 	SHELL= flock /workdir/openwrt/tmp/.staging-dir.flock -c ' mv /workdir/openwrt/tmp/stage-php8.files /workdir/openwrt/staging_dir/target-aarch64_generic_musl/packages/php8.list && cp -fpR /workdir/openwrt/tmp/stage-php8/* /workdir/openwrt/staging_dir/target-aarch64_generic_musl/; '; fi
build	Compile debug	2026-09-27T15:41:42.9196424Z rm -rf /workdir/openwrt/tmp/stage-php8
build	Compile debug	2026-09-27T15:41:42.9223297Z touch /workdir/openwrt/staging_dir/target-aarch64_generic_musl/stamp/.php8_installed
build	Compile debug	2026-09-27T15:41:42.9250071Z make[3]: Leaving directory '/workdir/openwrt/feeds/packages/lang/php8'
build	Compile debug	2026-09-27T15:41:42.9259165Z time: package/feeds/packages/php8/compile#3.89#4.38#7.70
build	Compile debug	2026-09-27T15:41:42.9681509Z make[3]: Entering directory '/workdir/openwrt/feeds/packages/utils/pigz'
build	Compile debug	2026-09-27T15:41:43.0304052Z mkdir -p /workdir/openwrt/staging_dir/target-aarch64_generic_musl/root-armsr/stamp
build	Compile debug	2026-09-27T15:41:43.0338763Z SHELL= flock /workdir/openwrt/tmp/.root-copy.flock -c 'cp -fpR /workdir/openwrt/build_dir/target-aarch64_generic_musl/pigz-2.8/.pkgdir/pigz/. /workdir/openwrt/staging_dir/target-aarch64_generic_musl/root-armsr/'
build	Compile debug	2026-09-27T15:41:43.0392365Z touch /workdir/openwrt/staging_dir/target-aarch64_generic_musl/root-armsr/stamp/.pigz_installed
build	Compile debug	2026-09-27T15:41:43.0419012Z echo "pigz" >> /workdir/openwrt/staging_dir/target-aarch64_generic_musl/pkginfo/pigz.default.install
build	Compile debug	2026-09-27T15:41:43.0444766Z make[3]: Leaving directory '/workdir/openwrt/feeds/packages/utils/pigz'
build	Compile debug	2026-09-27T15:41:43.0452954Z time: package/feeds/packages/pigz/compile#0.05#0.05#0.11
build	Compile debug	2026-09-27T15:41:43.0875394Z make[3]: Entering directory '/workdir/openwrt/feeds/packages/utils/pv'
build	Compile debug	2026-09-27T15:41:43.1555421Z mkdir -p /workdir/openwrt/staging_dir/target-aarch64_generic_musl/root-armsr/stamp
build	Compile debug	2026-09-27T15:41:43.1590957Z SHELL= flock /workdir/openwrt/tmp/.root-copy.flock -c 'cp -fpR /workdir/openwrt/build_dir/target-aarch64_generic_musl/pv-1.11.0/.pkgdir/pv/. /workdir/openwrt/staging_dir/target-aarch64_generic_musl/root-armsr/'
build	Compile debug	2026-09-27T15:41:43.1645640Z touch /workdir/openwrt/staging_dir/target-aarch64_generic_musl/root-armsr/stamp/.pv_installed
build	Compile debug	2026-09-27T15:41:43.1672203Z echo "pv" >> /workdir/openwrt/staging_dir/target-aarch64_generic_musl/pkginfo/pv.default.install
build	Compile debug	2026-09-27T15:41:43.1697963Z make[3]: Leaving directory '/workdir/openwrt/feeds/packages/utils/pv'
build	Compile debug	2026-09-27T15:41:43.1706248Z time: package/feeds/packages/pv/compile#0.05#0.06#0.12
build	Compile debug	2026-09-27T15:41:43.2119226Z make[3]: Entering directory '/workdir/openwrt/feeds/packages/net/rclone'
build	Compile debug	2026-09-27T15:41:43.3469027Z mkdir -p /workdir/openwrt/staging_dir/target-aarch64_generic_musl/root-armsr/stamp
build	Compile debug	2026-09-27T15:41:43.3503500Z SHELL= flock /workdir/openwrt/tmp/.root-copy.flock -c 'cp -fpR /workdir/openwrt/build_dir/target-aarch64_generic_musl/rclone-1.75.0/.pkgdir/rclone/. /workdir/openwrt/staging_dir/target-aarch64_generic_musl/root-armsr/'
build	Compile debug	2026-09-27T15:41:43.5238459Z touch /workdir/openwrt/staging_dir/target-aarch64_generic_musl/root-armsr/stamp/.rclone_installed
build	Compile debug	2026-09-27T15:41:43.5267768Z echo "rclone" >> /workdir/openwrt/staging_dir/target-aarch64_generic_musl/pkginfo/rclone.default.install
build	Compile debug	2026-09-27T15:41:43.5389101Z make[3]: Leaving directory '/workdir/openwrt/feeds/packages/net/rclone'
build	Compile debug	2026-09-27T15:41:43.5400020Z time: package/feeds/packages/rclone/compile#0.08#0.20#0.36
build	Compile debug	2026-09-27T15:41:43.5885915Z make[3]: Entering directory '/workdir/openwrt/feeds/packages/libs/libffi'
build	Compile debug	2026-09-27T15:41:43.6903582Z make[3]: Leaving directory '/workdir/openwrt/feeds/packages/libs/libffi'
build	Compile debug	2026-09-27T15:41:43.6911961Z time: package/feeds/packages/libffi/compile#0.07#0.07#0.14
build	Compile debug	2026-09-27T15:41:43.7341128Z make[3]: Entering directory '/workdir/openwrt/feeds/packages/libs/yaml'
build	Compile debug	2026-09-27T15:41:43.8170708Z make[3]: Leaving directory '/workdir/openwrt/feeds/packages/libs/yaml'
build	Compile debug	2026-09-27T15:41:43.8177857Z time: package/feeds/packages/yaml/host-compile#0.06#0.05#0.12
build	Compile debug	2026-09-27T15:41:43.8607235Z make[3]: Entering directory '/workdir/openwrt/feeds/packages/lang/ruby'
build	Compile debug	2026-09-27T15:41:44.1949609Z make[3]: Leaving directory '/workdir/openwrt/feeds/packages/lang/ruby'
build	Compile debug	2026-09-27T15:41:44.1958608Z time: package/feeds/packages/ruby/host-compile#0.13#0.17#0.37
build	Compile debug	2026-09-27T15:41:44.2379947Z make[3]: Entering directory '/workdir/openwrt/feeds/packages/lang/ruby'
build	Compile debug	2026-09-27T15:41:44.6114683Z mkdir -p /workdir/openwrt/staging_dir/target-aarch64_generic_musl/root-armsr/stamp
build	Compile debug	2026-09-27T15:41:44.6150870Z echo '4.0' | cmp -s - /workdir/openwrt/staging_dir/target-aarch64_generic_musl/pkginfo/libruby.version || { mkdir -p /workdir/openwrt/staging_dir/target-aarch64_generic_musl/pkginfo; echo '4.0' > /workdir/openwrt/staging_dir/target-aarch64_generic_musl/pkginfo/libruby.version;  cp /workdir/openwrt/staging_dir/target-aarch64_generic_musl/pkginfo/libruby.version /workdir/openwrt/staging_dir/target-aarch64_generic_musl/pkginfo/libruby-any.version;  } 
build	Compile debug	2026-09-27T15:41:44.6183562Z SHELL= flock /workdir/openwrt/tmp/.root-copy.flock -c 'cp -fpR /workdir/openwrt/build_dir/target-aarch64_generic_musl/ruby-4.0.2/.pkgdir/libruby/. /workdir/openwrt/staging_dir/target-aarch64_generic_musl/root-armsr/'
build	Compile debug	2026-09-27T15:41:44.6315282Z touch /workdir/openwrt/staging_dir/target-aarch64_generic_musl/root-armsr/stamp/.libruby_installed
build	Compile debug	2026-09-27T15:41:44.6345598Z echo "libruby" >> /workdir/openwrt/staging_dir/target-aarch64_generic_musl/pkginfo/ruby.default.install
build	Compile debug	2026-09-27T15:41:44.6377956Z mkdir -p /workdir/openwrt/staging_dir/target-aarch64_generic_musl/root-armsr/stamp
build	Compile debug	2026-09-27T15:41:44.6415466Z SHELL= flock /workdir/openwrt/tmp/.root-copy.flock -c 'cp -fpR /workdir/openwrt/build_dir/target-aarch64_generic_musl/ruby-4.0.2/.pkgdir/ruby/. /workdir/openwrt/staging_dir/target-aarch64_generic_musl/root-armsr/'
build	Compile debug	2026-09-27T15:41:44.6478172Z touch /workdir/openwrt/staging_dir/target-aarch64_generic_musl/root-armsr/stamp/.ruby_installed
build	Compile debug	2026-09-27T15:41:44.6506127Z echo "ruby" >> /workdir/openwrt/staging_dir/target-aarch64_generic_musl/pkginfo/ruby.default.install
build	Compile debug	2026-09-27T15:41:44.6534999Z mkdir -p /workdir/openwrt/staging_dir/target-aarch64_generic_musl/root-armsr/stamp
build	Compile debug	2026-09-27T15:41:44.6571443Z SHELL= flock /workdir/openwrt/tmp/.root-copy.flock -c 'cp -fpR /workdir/openwrt/build_dir/target-aarch64_generic_musl/ruby-4.0.2/.pkgdir/ruby-bigdecimal/. /workdir/openwrt/staging_dir/target-aarch64_generic_musl/root-armsr/'
build	Compile debug	2026-09-27T15:41:44.6680837Z touch /workdir/openwrt/staging_dir/target-aarch64_generic_musl/root-armsr/stamp/.ruby-bigdecimal_installed
build	Compile debug	2026-09-27T15:41:44.6708258Z echo "ruby-bigdecimal" >> /workdir/openwrt/staging_dir/target-aarch64_generic_musl/pkginfo/ruby.default.install
build	Compile debug	2026-09-27T15:41:44.6737869Z mkdir -p /workdir/openwrt/staging_dir/target-aarch64_generic_musl/root-armsr/stamp
build	Compile debug	2026-09-27T15:41:44.6772545Z SHELL= flock /workdir/openwrt/tmp/.root-copy.flock -c 'cp -fpR /workdir/openwrt/build_dir/target-aarch64_generic_musl/ruby-4.0.2/.pkgdir/ruby-date/. /workdir/openwrt/staging_dir/target-aarch64_generic_musl/root-armsr/'
build	Compile debug	2026-09-27T15:41:44.6867405Z touch /workdir/openwrt/staging_dir/target-aarch64_generic_musl/root-armsr/stamp/.ruby-date_installed
build	Compile debug	2026-09-27T15:41:44.6878509Z echo "ruby-date" >> /workdir/openwrt/staging_dir/target-aarch64_generic_musl/pkginfo/ruby.default.install
build	Compile debug	2026-09-27T15:41:44.6913693Z mkdir -p /workdir/openwrt/staging_dir/target-aarch64_generic_musl/root-armsr/stamp
build	Compile debug	2026-09-27T15:41:44.6951395Z SHELL= flock /workdir/openwrt/tmp/.root-copy.flock -c 'cp -fpR /workdir/openwrt/build_dir/target-aarch64_generic_musl/ruby-4.0.2/.pkgdir/ruby-digest/. /workdir/openwrt/staging_dir/target-aarch64_generic_musl/root-armsr/'
build	Compile debug	2026-09-27T15:41:44.7021702Z touch /workdir/openwrt/staging_dir/target-aarch64_generic_musl/root-armsr/stamp/.ruby-digest_installed
build	Compile debug	2026-09-27T15:41:44.7049897Z echo "ruby-digest" >> /workdir/openwrt/staging_dir/target-aarch64_generic_musl/pkginfo/ruby.default.install
build	Compile debug	2026-09-27T15:41:44.7079161Z mkdir -p /workdir/openwrt/staging_dir/target-aarch64_generic_musl/root-armsr/stamp
build	Compile debug	2026-09-27T15:41:44.7122213Z SHELL= flock /workdir/openwrt/tmp/.root-copy.flock -c 'cp -fpR /workdir/openwrt/build_dir/target-aarch64_generic_musl/ruby-4.0.2/.pkgdir/ruby-enc/. /workdir/openwrt/staging_dir/target-aarch64_generic_musl/root-armsr/'
build	Compile debug	2026-09-27T15:41:44.7185506Z touch /workdir/openwrt/staging_dir/target-aarch64_generic_musl/root-armsr/stamp/.ruby-enc_installed
build	Compile debug	2026-09-27T15:41:44.7213212Z echo "ruby-enc" >> /workdir/openwrt/staging_dir/target-aarch64_generic_musl/pkginfo/ruby.default.install
build	Compile debug	2026-09-27T15:41:44.7240029Z mkdir -p /workdir/openwrt/staging_dir/target-aarch64_generic_musl/root-armsr/stamp
build	Compile debug	2026-09-27T15:41:44.7274804Z SHELL= flock /workdir/openwrt/tmp/.root-copy.flock -c 'cp -fpR /workdir/openwrt/build_dir/target-aarch64_generic_musl/ruby-4.0.2/.pkgdir/ruby-pstore/. /workdir/openwrt/staging_dir/target-aarch64_generic_musl/root-armsr/'
build	Compile debug	2026-09-27T15:41:44.7333341Z touch /workdir/openwrt/staging_dir/target-aarch64_generic_musl/root-armsr/stamp/.ruby-pstore_installed
build	Compile debug	2026-09-27T15:41:44.7360634Z echo "ruby-pstore" >> /workdir/openwrt/staging_dir/target-aarch64_generic_musl/pkginfo/ruby.default.install
build	Compile debug	2026-09-27T15:41:44.7386988Z mkdir -p /workdir/openwrt/staging_dir/target-aarch64_generic_musl/root-armsr/stamp
build	Compile debug	2026-09-27T15:41:44.7421568Z SHELL= flock /workdir/openwrt/tmp/.root-copy.flock -c 'cp -fpR /workdir/openwrt/build_dir/target-aarch64_generic_musl/ruby-4.0.2/.pkgdir/ruby-psych/. /workdir/openwrt/staging_dir/target-aarch64_generic_musl/root-armsr/'
build	Compile debug	2026-09-27T15:41:44.7529615Z touch /workdir/openwrt/staging_dir/target-aarch64_generic_musl/root-armsr/stamp/.ruby-psych_installed
build	Compile debug	2026-09-27T15:41:44.7557060Z echo "ruby-psych" >> /workdir/openwrt/staging_dir/target-aarch64_generic_musl/pkginfo/ruby.default.install
build	Compile debug	2026-09-27T15:41:44.7582689Z mkdir -p /workdir/openwrt/staging_dir/target-aarch64_generic_musl/root-armsr/stamp
build	Compile debug	2026-09-27T15:41:44.7619172Z SHELL= flock /workdir/openwrt/tmp/.root-copy.flock -c 'cp -fpR /workdir/openwrt/build_dir/target-aarch64_generic_musl/ruby-4.0.2/.pkgdir/ruby-stringio/. /workdir/openwrt/staging_dir/target-aarch64_generic_musl/root-armsr/'
build	Compile debug	2026-09-27T15:41:44.7675037Z touch /workdir/openwrt/staging_dir/target-aarch64_generic_musl/root-armsr/stamp/.ruby-stringio_installed
build	Compile debug	2026-09-27T15:41:44.7701483Z echo "ruby-stringio" >> /workdir/openwrt/staging_dir/target-aarch64_generic_musl/pkginfo/ruby.default.install
build	Compile debug	2026-09-27T15:41:44.7726942Z mkdir -p /workdir/openwrt/staging_dir/target-aarch64_generic_musl/root-armsr/stamp
build	Compile debug	2026-09-27T15:41:44.7760039Z SHELL= flock /workdir/openwrt/tmp/.root-copy.flock -c 'cp -fpR /workdir/openwrt/build_dir/target-aarch64_generic_musl/ruby-4.0.2/.pkgdir/ruby-yaml/. /workdir/openwrt/staging_dir/target-aarch64_generic_musl/root-armsr/'
build	Compile debug	2026-09-27T15:41:44.7816160Z touch /workdir/openwrt/staging_dir/target-aarch64_generic_musl/root-armsr/stamp/.ruby-yaml_installed
build	Compile debug	2026-09-27T15:41:44.7842465Z echo "ruby-yaml" >> /workdir/openwrt/staging_dir/target-aarch64_generic_musl/pkginfo/ruby.default.install
build	Compile debug	2026-09-27T15:41:44.7867374Z make[3]: Leaving directory '/workdir/openwrt/feeds/packages/lang/ruby'
build	Compile debug	2026-09-27T15:41:44.7876137Z time: package/feeds/packages/ruby/compile#0.20#0.32#0.58
build	Compile debug	2026-09-27T15:41:44.8306491Z make[3]: Entering directory '/workdir/openwrt/package/libs/gnulib-l10n'
build	Compile debug	2026-09-27T15:41:44.9186590Z make[3]: Leaving directory '/workdir/openwrt/package/libs/gnulib-l10n'
build	Compile debug	2026-09-27T15:41:44.9194030Z time: package/libs/gnulib-l10n/host-compile#0.07#0.04#0.12
build	Compile debug	2026-09-27T15:41:44.9617891Z make[3]: Entering directory '/workdir/openwrt/package/libs/libunistring'
build	Compile debug	2026-09-27T15:41:45.1299907Z make[3]: Leaving directory '/workdir/openwrt/package/libs/libunistring'
build	Compile debug	2026-09-27T15:41:45.1308326Z time: package/libs/libunistring/host-compile#0.08#0.09#0.20
build	Compile debug	2026-09-27T15:41:45.1742172Z make[3]: Entering directory '/workdir/openwrt/package/libs/gettext-full'
build	Compile debug	2026-09-27T15:41:45.4692612Z make[3]: Leaving directory '/workdir/openwrt/package/libs/gettext-full'
build	Compile debug	2026-09-27T15:41:45.4700598Z time: package/libs/gettext-full/host-compile#0.13#0.15#0.33
build	Compile debug	2026-09-27T15:41:45.5121559Z make[3]: Entering directory '/workdir/openwrt/package/libs/nettle'
build	Compile debug	2026-09-27T15:41:45.5981484Z mkdir -p /workdir/openwrt/staging_dir/target-aarch64_generic_musl/root-armsr/stamp
build	Compile debug	2026-09-27T15:41:45.6019336Z echo '8' | cmp -s - /workdir/openwrt/staging_dir/target-aarch64_generic_musl/pkginfo/libnettle.version || { mkdir -p /workdir/openwrt/staging_dir/target-aarch64_generic_musl/pkginfo; echo '8' > /workdir/openwrt/staging_dir/target-aarch64_generic_musl/pkginfo/libnettle.version;  cp /workdir/openwrt/staging_dir/target-aarch64_generic_musl/pkginfo/libnettle.version /workdir/openwrt/staging_dir/target-aarch64_generic_musl/pkginfo/libnettle-any.version;  } 
build	Compile debug	2026-09-27T15:41:45.6051753Z SHELL= flock /workdir/openwrt/tmp/.root-copy.flock -c 'cp -fpR /workdir/openwrt/build_dir/target-aarch64_generic_musl/nettle-3.10.2/.pkgdir/libnettle/. /workdir/openwrt/staging_dir/target-aarch64_generic_musl/root-armsr/'
build	Compile debug	2026-09-27T15:41:45.6155407Z touch /workdir/openwrt/staging_dir/target-aarch64_generic_musl/root-armsr/stamp/.libnettle_installed
build	Compile debug	2026-09-27T15:41:45.6184016Z echo "libnettle" >> /workdir/openwrt/staging_dir/target-aarch64_generic_musl/pkginfo/nettle.default.install
build	Compile debug	2026-09-27T15:41:45.6212122Z make[3]: Leaving directory '/workdir/openwrt/package/libs/nettle'
build	Compile debug	2026-09-27T15:41:45.6222884Z time: package/libs/nettle/compile#0.06#0.07#0.14
build	Compile debug	2026-09-27T15:41:45.6681707Z make[3]: Entering directory '/workdir/openwrt/feeds/packages/libs/gnutls'
build	Compile debug	2026-09-27T15:41:45.9122582Z make[3]: Leaving directory '/workdir/openwrt/feeds/packages/libs/gnutls'
build	Compile debug	2026-09-27T15:41:45.9131775Z time: package/feeds/packages/gnutls/compile#0.10#0.13#0.28
build	Compile debug	2026-09-27T15:41:45.9565857Z make[3]: Entering directory '/workdir/openwrt/feeds/packages/mail/msmtp'
build	Compile debug	2026-09-27T15:41:45.9762211Z make[3]: Leaving directory '/workdir/openwrt/feeds/packages/mail/msmtp'
build	Compile debug	2026-09-27T15:41:45.9770045Z time: package/feeds/packages/msmtp/ssl/compile#0.03#0.01#0.05
build	Compile debug	2026-09-27T15:41:46.0197946Z make[3]: Entering directory '/workdir/openwrt/feeds/packages/mail/nail'
build	Compile debug	2026-09-27T15:41:46.0399717Z make[3]: Leaving directory '/workdir/openwrt/feeds/packages/mail/nail'
build	Compile debug	2026-09-27T15:41:46.0408013Z time: package/feeds/packages/nail/compile#0.03#0.01#0.05
build	Compile debug	2026-09-27T15:41:46.0828772Z make[3]: Entering directory '/workdir/openwrt/feeds/packages/utils/smartmontools'
build	Compile debug	2026-09-27T15:41:46.1489873Z mkdir -p /workdir/openwrt/staging_dir/target-aarch64_generic_musl/root-armsr/stamp
build	Compile debug	2026-09-27T15:41:46.1523731Z SHELL= flock /workdir/openwrt/tmp/.root-copy.flock -c 'cp -fpR /workdir/openwrt/build_dir/target-aarch64_generic_musl/smartmontools-7.5/.pkgdir/smartmontools-drivedb/. /workdir/openwrt/staging_dir/target-aarch64_generic_musl/root-armsr/'
build	Compile debug	2026-09-27T15:41:46.1580493Z touch /workdir/openwrt/staging_dir/target-aarch64_generic_musl/root-armsr/stamp/.smartmontools-drivedb_installed
build	Compile debug	2026-09-27T15:41:46.1606898Z echo "smartmontools-drivedb" >> /workdir/openwrt/staging_dir/target-aarch64_generic_musl/pkginfo/smartmontools.default.install
build	Compile debug	2026-09-27T15:41:46.1633897Z make[3]: Leaving directory '/workdir/openwrt/feeds/packages/utils/smartmontools'
build	Compile debug	2026-09-27T15:41:46.1642661Z time: package/feeds/packages/smartmontools/compile#0.06#0.05#0.11
build	Compile debug	2026-09-27T15:41:46.2067490Z make[3]: Entering directory '/workdir/openwrt/feeds/packages/net/tailscale'
build	Compile debug	2026-09-27T15:41:46.3616886Z mkdir -p /workdir/openwrt/staging_dir/target-aarch64_generic_musl/root-armsr/stamp
build	Compile debug	2026-09-27T15:41:46.3651533Z SHELL= flock /workdir/openwrt/tmp/.root-copy.flock -c 'cp -fpR /workdir/openwrt/build_dir/target-aarch64_generic_musl/tailscale-1.102.2/.pkgdir/tailscale/. /workdir/openwrt/staging_dir/target-aarch64_generic_musl/root-armsr/'
build	Compile debug	2026-09-27T15:41:46.4395351Z touch /workdir/openwrt/staging_dir/target-aarch64_generic_musl/root-armsr/stamp/.tailscale_installed
build	Compile debug	2026-09-27T15:41:46.4428813Z echo "tailscale" >> /workdir/openwrt/staging_dir/target-aarch64_generic_musl/pkginfo/tailscale.default.install
build	Compile debug	2026-09-27T15:41:46.4507559Z make[3]: Leaving directory '/workdir/openwrt/feeds/packages/net/tailscale'
build	Compile debug	2026-09-27T15:41:46.4508651Z time: package/feeds/packages/tailscale/compile#0.07#0.16#0.27
build	Compile debug	2026-09-27T15:41:46.4951163Z make[3]: Entering directory '/workdir/openwrt/feeds/packages/libs/udns'
build	Compile debug	2026-09-27T15:41:46.5599700Z mkdir -p /workdir/openwrt/staging_dir/target-aarch64_generic_musl/root-armsr/stamp
build	Compile debug	2026-09-27T15:41:46.5634800Z SHELL= flock /workdir/openwrt/tmp/.root-copy.flock -c 'cp -fpR /workdir/openwrt/build_dir/target-aarch64_generic_musl/udns-0.4/.pkgdir/libudns/. /workdir/openwrt/staging_dir/target-aarch64_generic_musl/root-armsr/'
build	Compile debug	2026-09-27T15:41:46.5689005Z touch /workdir/openwrt/staging_dir/target-aarch64_generic_musl/root-armsr/stamp/.libudns_installed
build	Compile debug	2026-09-27T15:41:46.5716801Z echo "libudns" >> /workdir/openwrt/staging_dir/target-aarch64_generic_musl/pkginfo/udns.default.install
build	Compile debug	2026-09-27T15:41:46.5742300Z make[3]: Leaving directory '/workdir/openwrt/feeds/packages/libs/udns'
build	Compile debug	2026-09-27T15:41:46.5751183Z time: package/feeds/packages/udns/compile#0.06#0.05#0.12
build	Compile debug	2026-09-27T15:41:46.6176320Z make[3]: Entering directory '/workdir/openwrt/feeds/packages/utils/unzip'
build	Compile debug	2026-09-27T15:41:46.6882435Z mkdir -p /workdir/openwrt/staging_dir/target-aarch64_generic_musl/root-armsr/stamp
build	Compile debug	2026-09-27T15:41:46.6918620Z SHELL= flock /workdir/openwrt/tmp/.root-copy.flock -c 'cp -fpR /workdir/openwrt/build_dir/target-aarch64_generic_musl/unzip-6.0/unzip60/.pkgdir/unzip/. /workdir/openwrt/staging_dir/target-aarch64_generic_musl/root-armsr/'
build	Compile debug	2026-09-27T15:41:46.6973910Z touch /workdir/openwrt/staging_dir/target-aarch64_generic_musl/root-armsr/stamp/.unzip_installed
build	Compile debug	2026-09-27T15:41:46.7000810Z echo "unzip" >> /workdir/openwrt/staging_dir/target-aarch64_generic_musl/pkginfo/unzip.default.install
build	Compile debug	2026-09-27T15:41:46.7027298Z make[3]: Leaving directory '/workdir/openwrt/feeds/packages/utils/unzip'
build	Compile debug	2026-09-27T15:41:46.7036561Z time: package/feeds/packages/unzip/compile#0.06#0.05#0.12
build	Compile debug	2026-09-27T15:41:46.7454405Z make[3]: Entering directory '/workdir/openwrt/feeds/packages/utils/xfsprogs'
build	Compile debug	2026-09-27T15:41:46.8371304Z mkdir -p /workdir/openwrt/staging_dir/target-aarch64_generic_musl/root-armsr/stamp
build	Compile debug	2026-09-27T15:41:46.8406446Z SHELL= flock /workdir/openwrt/tmp/.root-copy.flock -c 'cp -fpR /workdir/openwrt/build_dir/target-aarch64_generic_musl/xfsprogs-6.19.0/.pkgdir/xfs-mkfs/. /workdir/openwrt/staging_dir/target-aarch64_generic_musl/root-armsr/'
build	Compile debug	2026-09-27T15:41:46.8463966Z touch /workdir/openwrt/staging_dir/target-aarch64_generic_musl/root-armsr/stamp/.xfs-mkfs_installed
build	Compile debug	2026-09-27T15:41:46.8491040Z echo "xfs-mkfs" >> /workdir/openwrt/staging_dir/target-aarch64_generic_musl/pkginfo/xfsprogs.default.install
build	Compile debug	2026-09-27T15:41:46.8517595Z mkdir -p /workdir/openwrt/staging_dir/target-aarch64_generic_musl/root-armsr/stamp
build	Compile debug	2026-09-27T15:41:46.8551338Z SHELL= flock /workdir/openwrt/tmp/.root-copy.flock -c 'cp -fpR /workdir/openwrt/build_dir/target-aarch64_generic_musl/xfsprogs-6.19.0/.pkgdir/xfs-fsck/. /workdir/openwrt/staging_dir/target-aarch64_generic_musl/root-armsr/'
build	Compile debug	2026-09-27T15:41:46.8627765Z touch /workdir/openwrt/staging_dir/target-aarch64_generic_musl/root-armsr/stamp/.xfs-fsck_installed
build	Compile debug	2026-09-27T15:41:46.8654177Z echo "xfs-fsck" >> /workdir/openwrt/staging_dir/target-aarch64_generic_musl/pkginfo/xfsprogs.default.install
build	Compile debug	2026-09-27T15:41:46.8680102Z make[3]: Leaving directory '/workdir/openwrt/feeds/packages/utils/xfsprogs'
build	Compile debug	2026-09-27T15:41:46.8689496Z time: package/feeds/packages/xfsprogs/compile#0.07#0.07#0.16
build	Compile debug	2026-09-27T15:41:46.8817631Z make[3]: Entering directory '/workdir/openwrt/package/helloworld/mihomo'
build	Compile debug	2026-09-27T15:41:47.0106603Z mkdir -p /workdir/openwrt/staging_dir/target-aarch64_generic_musl/root-armsr/stamp
build	Compile debug	2026-09-27T15:41:47.0142748Z SHELL= flock /workdir/openwrt/tmp/.root-copy.flock -c 'cp -fpR /workdir/openwrt/build_dir/target-aarch64_generic_musl/mihomo-1.19.30/.pkgdir/mihomo/. /workdir/openwrt/staging_dir/target-aarch64_generic_musl/root-armsr/'
build	Compile debug	2026-09-27T15:41:47.1428078Z touch /workdir/openwrt/staging_dir/target-aarch64_generic_musl/root-armsr/stamp/.mihomo_installed
build	Compile debug	2026-09-27T15:41:47.1435070Z echo "mihomo" >> /workdir/openwrt/staging_dir/target-aarch64_generic_musl/pkginfo/mihomo.default.install
build	Compile debug	2026-09-27T15:41:47.1480442Z make[3]: Leaving directory '/workdir/openwrt/package/helloworld/mihomo'
build	Compile debug	2026-09-27T15:41:47.1491186Z time: package/helloworld/mihomo/compile#0.06#0.16#0.27
build	Compile debug	2026-09-27T15:41:47.1928117Z make[3]: Entering directory '/workdir/openwrt/package/libs/argp-standalone'
build	Compile debug	2026-09-27T15:41:47.2901040Z make[3]: Leaving directory '/workdir/openwrt/package/libs/argp-standalone'
build	Compile debug	2026-09-27T15:41:47.2909081Z time: package/libs/argp-standalone/compile#0.07#0.05#0.13
build	Compile debug	2026-09-27T15:41:47.3333612Z make[3]: Entering directory '/workdir/openwrt/package/libs/elfutils'
build	Compile debug	2026-09-27T15:41:47.4374754Z mkdir -p /workdir/openwrt/staging_dir/target-aarch64_generic_musl/root-armsr/stamp
build	Compile debug	2026-09-27T15:41:47.4413280Z echo '1' | cmp -s - /workdir/openwrt/staging_dir/target-aarch64_generic_musl/pkginfo/libelf.version || { mkdir -p /workdir/openwrt/staging_dir/target-aarch64_generic_musl/pkginfo; echo '1' > /workdir/openwrt/staging_dir/target-aarch64_generic_musl/pkginfo/libelf.version;  cp /workdir/openwrt/staging_dir/target-aarch64_generic_musl/pkginfo/libelf.version /workdir/openwrt/staging_dir/target-aarch64_generic_musl/pkginfo/libelf-any.version;  } 
build	Compile debug	2026-09-27T15:41:47.4446117Z SHELL= flock /workdir/openwrt/tmp/.root-copy.flock -c 'cp -fpR /workdir/openwrt/build_dir/target-aarch64_generic_musl/elfutils-0.195/.pkgdir/libelf/. /workdir/openwrt/staging_dir/target-aarch64_generic_musl/root-armsr/'
build	Compile debug	2026-09-27T15:41:47.4501953Z touch /workdir/openwrt/staging_dir/target-aarch64_generic_musl/root-armsr/stamp/.libelf_installed
build	Compile debug	2026-09-27T15:41:47.4529107Z echo "libelf" >> /workdir/openwrt/staging_dir/target-aarch64_generic_musl/pkginfo/elfutils.default.install
build	Compile debug	2026-09-27T15:41:47.4558086Z make[3]: Leaving directory '/workdir/openwrt/package/libs/elfutils'
build	Compile debug	2026-09-27T15:41:47.4567093Z time: package/libs/elfutils/compile#0.06#0.08#0.16
build	Compile debug	2026-09-27T15:41:47.5013874Z make[3]: Entering directory '/workdir/openwrt/package/libs/libbpf'
build	Compile debug	2026-09-27T15:41:47.5715458Z mkdir -p /workdir/openwrt/staging_dir/target-aarch64_generic_musl/root-armsr/stamp
build	Compile debug	2026-09-27T15:41:47.5753518Z echo '1' | cmp -s - /workdir/openwrt/staging_dir/target-aarch64_generic_musl/pkginfo/libbpf.version || { mkdir -p /workdir/openwrt/staging_dir/target-aarch64_generic_musl/pkginfo; echo '1' > /workdir/openwrt/staging_dir/target-aarch64_generic_musl/pkginfo/libbpf.version;  cp /workdir/openwrt/staging_dir/target-aarch64_generic_musl/pkginfo/libbpf.version /workdir/openwrt/staging_dir/target-aarch64_generic_musl/pkginfo/libbpf-any.version;  } 
build	Compile debug	2026-09-27T15:41:47.5786300Z SHELL= flock /workdir/openwrt/tmp/.root-copy.flock -c 'cp -fpR /workdir/openwrt/build_dir/target-aarch64_generic_musl/libbpf-1.7.0/.pkgdir/libbpf/. /workdir/openwrt/staging_dir/target-aarch64_generic_musl/root-armsr/'
build	Compile debug	2026-09-27T15:41:47.5844282Z touch /workdir/openwrt/staging_dir/target-aarch64_generic_musl/root-armsr/stamp/.libbpf_installed
build	Compile debug	2026-09-27T15:41:47.5871477Z echo "libbpf" >> /workdir/openwrt/staging_dir/target-aarch64_generic_musl/pkginfo/libbpf.default.install
build	Compile debug	2026-09-27T15:41:47.5899455Z make[3]: Leaving directory '/workdir/openwrt/package/libs/libbpf'
build	Compile debug	2026-09-27T15:41:47.5908158Z time: package/libs/libbpf/compile#0.06#0.06#0.12
build	Compile debug	2026-09-27T15:41:47.6341380Z make[3]: Entering directory '/workdir/openwrt/package/libs/libnfnetlink'
build	Compile debug	2026-09-27T15:41:47.6997397Z mkdir -p /workdir/openwrt/staging_dir/target-aarch64_generic_musl/root-armsr/stamp
build	Compile debug	2026-09-27T15:41:47.7041660Z echo '0' | cmp -s - /workdir/openwrt/staging_dir/target-aarch64_generic_musl/pkginfo/libnfnetlink.version || { mkdir -p /workdir/openwrt/staging_dir/target-aarch64_generic_musl/pkginfo; echo '0' > /workdir/openwrt/staging_dir/target-aarch64_generic_musl/pkginfo/libnfnetlink.version;  cp /workdir/openwrt/staging_dir/target-aarch64_generic_musl/pkginfo/libnfnetlink.version /workdir/openwrt/staging_dir/target-aarch64_generic_musl/pkginfo/libnfnetlink-any.version;  } 
build	Compile debug	2026-09-27T15:41:47.7078712Z SHELL= flock /workdir/openwrt/tmp/.root-copy.flock -c 'cp -fpR /workdir/openwrt/build_dir/target-aarch64_generic_musl/libnfnetlink-1.0.2/.pkgdir/libnfnetlink/. /workdir/openwrt/staging_dir/target-aarch64_generic_musl/root-armsr/'
build	Compile debug	2026-09-27T15:41:47.7133818Z touch /workdir/openwrt/staging_dir/target-aarch64_generic_musl/root-armsr/stamp/.libnfnetlink_installed
build	Compile debug	2026-09-27T15:41:47.7162947Z echo "libnfnetlink" >> /workdir/openwrt/staging_dir/target-aarch64_generic_musl/pkginfo/libnfnetlink.default.install
build	Compile debug	2026-09-27T15:41:47.7196426Z make[3]: Leaving directory '/workdir/openwrt/package/libs/libnfnetlink'
build	Compile debug	2026-09-27T15:41:47.7205854Z time: package/libs/libnfnetlink/compile#0.06#0.06#0.12
build	Compile debug	2026-09-27T15:41:47.7667976Z make[3]: Entering directory '/workdir/openwrt/package/libs/libnetfilter-conntrack'
build	Compile debug	2026-09-27T15:41:47.8411151Z mkdir -p /workdir/openwrt/staging_dir/target-aarch64_generic_musl/root-armsr/stamp
build	Compile debug	2026-09-27T15:41:47.8447877Z echo '3' | cmp -s - /workdir/openwrt/staging_dir/target-aarch64_generic_musl/pkginfo/libnetfilter-conntrack.version || { mkdir -p /workdir/openwrt/staging_dir/target-aarch64_generic_musl/pkginfo; echo '3' > /workdir/openwrt/staging_dir/target-aarch64_generic_musl/pkginfo/libnetfilter-conntrack.version;  cp /workdir/openwrt/staging_dir/target-aarch64_generic_musl/pkginfo/libnetfilter-conntrack.version /workdir/openwrt/staging_dir/target-aarch64_generic_musl/pkginfo/libnetfilter-conntrack-any.version;  } 
build	Compile debug	2026-09-27T15:41:47.8480586Z SHELL= flock /workdir/openwrt/tmp/.root-copy.flock -c 'cp -fpR /workdir/openwrt/build_dir/target-aarch64_generic_musl/libnetfilter_conntrack-1.1.0/.pkgdir/libnetfilter-conntrack/. /workdir/openwrt/staging_dir/target-aarch64_generic_musl/root-armsr/'
build	Compile debug	2026-09-27T15:41:47.8537501Z touch /workdir/openwrt/staging_dir/target-aarch64_generic_musl/root-armsr/stamp/.libnetfilter-conntrack_installed
build	Compile debug	2026-09-27T15:41:47.8564050Z echo "libnetfilter-conntrack" >> /workdir/openwrt/staging_dir/target-aarch64_generic_musl/pkginfo/libnetfilter-conntrack.default.install
build	Compile debug	2026-09-27T15:41:47.8591577Z make[3]: Leaving directory '/workdir/openwrt/package/libs/libnetfilter-conntrack'
build	Compile debug	2026-09-27T15:41:47.8600754Z time: package/libs/libnetfilter-conntrack/compile#0.06#0.06#0.13
build	Compile debug	2026-09-27T15:41:47.9017492Z make[3]: Entering directory '/workdir/openwrt/package/luci-app-adguardhome'
build	Compile debug	2026-09-27T15:41:47.9721657Z mkdir -p /workdir/openwrt/staging_dir/target-aarch64_generic_musl/root-armsr/stamp
build	Compile debug	2026-09-27T15:41:47.9757908Z SHELL= flock /workdir/openwrt/tmp/.root-copy.flock -c 'cp -fpR /workdir/openwrt/build_dir/target-aarch64_generic_musl/luci-app-adguardhome/.pkgdir/luci-app-adguardhome/. /workdir/openwrt/staging_dir/target-aarch64_generic_musl/root-armsr/'
build	Compile debug	2026-09-27T15:41:47.9855261Z touch /workdir/openwrt/staging_dir/target-aarch64_generic_musl/root-armsr/stamp/.luci-app-adguardhome_installed
build	Compile debug	2026-09-27T15:41:47.9882993Z echo "luci-app-adguardhome" >> /workdir/openwrt/staging_dir/target-aarch64_generic_musl/pkginfo/luci-app-adguardhome.default.install
build	Compile debug	2026-09-27T15:41:47.9911445Z mkdir -p /workdir/openwrt/staging_dir/target-aarch64_generic_musl/root-armsr/stamp
build	Compile debug	2026-09-27T15:41:47.9946812Z SHELL= flock /workdir/openwrt/tmp/.root-copy.flock -c 'cp -fpR /workdir/openwrt/build_dir/target-aarch64_generic_musl/luci-app-adguardhome/.pkgdir/luci-i18n-adguardhome-zh-cn/. /workdir/openwrt/staging_dir/target-aarch64_generic_musl/root-armsr/'
build	Compile debug	2026-09-27T15:41:48.0007963Z touch /workdir/openwrt/staging_dir/target-aarch64_generic_musl/root-armsr/stamp/.luci-i18n-adguardhome-zh-cn_installed
build	Compile debug	2026-09-27T15:41:48.0035193Z echo "luci-i18n-adguardhome-zh-cn" >> /workdir/openwrt/staging_dir/target-aarch64_generic_musl/pkginfo/luci-app-adguardhome.default.install
build	Compile debug	2026-09-27T15:41:48.0061198Z make[3]: Leaving directory '/workdir/openwrt/package/luci-app-adguardhome'
build	Compile debug	2026-09-27T15:41:48.0070174Z time: package/luci-app-adguardhome/compile#0.06#0.07#0.14
build	Compile debug	2026-09-27T15:41:48.0487352Z make[3]: Entering directory '/workdir/openwrt/package/luci-app-amlogic'
build	Compile debug	2026-09-27T15:41:48.1235853Z mkdir -p /workdir/openwrt/staging_dir/target-aarch64_generic_musl/root-armsr/stamp
build	Compile debug	2026-09-27T15:41:48.1269921Z SHELL= flock /workdir/openwrt/tmp/.root-copy.flock -c 'cp -fpR /workdir/openwrt/build_dir/target-aarch64_generic_musl/luci-app-amlogic/.pkgdir/luci-app-amlogic/. /workdir/openwrt/staging_dir/target-aarch64_generic_musl/root-armsr/'
build	Compile debug	2026-09-27T15:41:48.1387762Z touch /workdir/openwrt/staging_dir/target-aarch64_generic_musl/root-armsr/stamp/.luci-app-amlogic_installed
build	Compile debug	2026-09-27T15:41:48.1414791Z echo "luci-app-amlogic" >> /workdir/openwrt/staging_dir/target-aarch64_generic_musl/pkginfo/luci-app-amlogic.default.install
build	Compile debug	2026-09-27T15:41:48.1442200Z mkdir -p /workdir/openwrt/staging_dir/target-aarch64_generic_musl/root-armsr/stamp
build	Compile debug	2026-09-27T15:41:48.1476630Z SHELL= flock /workdir/openwrt/tmp/.root-copy.flock -c 'cp -fpR /workdir/openwrt/build_dir/target-aarch64_generic_musl/luci-app-amlogic/.pkgdir/luci-i18n-amlogic-zh-cn/. /workdir/openwrt/staging_dir/target-aarch64_generic_musl/root-armsr/'
build	Compile debug	2026-09-27T15:41:48.1526559Z touch /workdir/openwrt/staging_dir/target-aarch64_generic_musl/root-armsr/stamp/.luci-i18n-amlogic-zh-cn_installed
build	Compile debug	2026-09-27T15:41:48.1553512Z echo "luci-i18n-amlogic-zh-cn" >> /workdir/openwrt/staging_dir/target-aarch64_generic_musl/pkginfo/luci-app-amlogic.default.install
build	Compile debug	2026-09-27T15:41:48.1577319Z make[3]: Leaving directory '/workdir/openwrt/package/luci-app-amlogic'
build	Compile debug	2026-09-27T15:41:48.1585082Z time: package/luci-app-amlogic/compile#0.06#0.08#0.14
build	Compile debug	2026-09-27T15:41:48.2010154Z make[3]: Entering directory '/workdir/openwrt/package/luci-app-argon-config'
build	Compile debug	2026-09-27T15:41:48.2959925Z mkdir -p /workdir/openwrt/staging_dir/target-aarch64_generic_musl/root-armsr/stamp
build	Compile debug	2026-09-27T15:41:48.2994537Z SHELL= flock /workdir/openwrt/tmp/.root-copy.flock -c 'cp -fpR /workdir/openwrt/build_dir/target-aarch64_generic_musl/luci-app-argon-config/.pkgdir/luci-app-argon-config/. /workdir/openwrt/staging_dir/target-aarch64_generic_musl/root-armsr/'
build	Compile debug	2026-09-27T15:41:48.3063680Z touch /workdir/openwrt/staging_dir/target-aarch64_generic_musl/root-armsr/stamp/.luci-app-argon-config_installed
build	Compile debug	2026-09-27T15:41:48.3090176Z echo "luci-app-argon-config" >> /workdir/openwrt/staging_dir/target-aarch64_generic_musl/pkginfo/luci-app-argon-config.default.install
build	Compile debug	2026-09-27T15:41:48.3116961Z mkdir -p /workdir/openwrt/staging_dir/target-aarch64_generic_musl/root-armsr/stamp
build	Compile debug	2026-09-27T15:41:48.3150589Z SHELL= flock /workdir/openwrt/tmp/.root-copy.flock -c 'cp -fpR /workdir/openwrt/build_dir/target-aarch64_generic_musl/luci-app-argon-config/.pkgdir/luci-i18n-argon-config-zh-cn/. /workdir/openwrt/staging_dir/target-aarch64_generic_musl/root-armsr/'
build	Compile debug	2026-09-27T15:41:48.3203214Z touch /workdir/openwrt/staging_dir/target-aarch64_generic_musl/root-armsr/stamp/.luci-i18n-argon-config-zh-cn_installed
build	Compile debug	2026-09-27T15:41:48.3230364Z echo "luci-i18n-argon-config-zh-cn" >> /workdir/openwrt/staging_dir/target-aarch64_generic_musl/pkginfo/luci-app-argon-config.default.install
build	Compile debug	2026-09-27T15:41:48.3255282Z make[3]: Leaving directory '/workdir/openwrt/package/luci-app-argon-config'
build	Compile debug	2026-09-27T15:41:48.3264764Z time: package/luci-app-argon-config/compile#0.07#0.08#0.16
build	Compile debug	2026-09-27T15:41:48.3679261Z make[3]: Entering directory '/workdir/openwrt/package/luci-app-filebrowser'
build	Compile debug	2026-09-27T15:41:48.4448264Z mkdir -p /workdir/openwrt/staging_dir/target-aarch64_generic_musl/root-armsr/stamp
build	Compile debug	2026-09-27T15:41:48.4482023Z SHELL= flock /workdir/openwrt/tmp/.root-copy.flock -c 'cp -fpR /workdir/openwrt/build_dir/target-aarch64_generic_musl/luci-app-filebrowser/.pkgdir/luci-app-filebrowser/. /workdir/openwrt/staging_dir/target-aarch64_generic_musl/root-armsr/'
build	Compile debug	2026-09-27T15:41:48.4548399Z touch /workdir/openwrt/staging_dir/target-aarch64_generic_musl/root-armsr/stamp/.luci-app-filebrowser_installed
build	Compile debug	2026-09-27T15:41:48.4574924Z echo "luci-app-filebrowser" >> /workdir/openwrt/staging_dir/target-aarch64_generic_musl/pkginfo/luci-app-filebrowser.default.install
build	Compile debug	2026-09-27T15:41:48.4601213Z mkdir -p /workdir/openwrt/staging_dir/target-aarch64_generic_musl/root-armsr/stamp
build	Compile debug	2026-09-27T15:41:48.4633957Z SHELL= flock /workdir/openwrt/tmp/.root-copy.flock -c 'cp -fpR /workdir/openwrt/build_dir/target-aarch64_generic_musl/luci-app-filebrowser/.pkgdir/luci-i18n-filebrowser-zh-cn/. /workdir/openwrt/staging_dir/target-aarch64_generic_musl/root-armsr/'
build	Compile debug	2026-09-27T15:41:48.4684067Z touch /workdir/openwrt/staging_dir/target-aarch64_generic_musl/root-armsr/stamp/.luci-i18n-filebrowser-zh-cn_installed
build	Compile debug	2026-09-27T15:41:48.4711170Z echo "luci-i18n-filebrowser-zh-cn" >> /workdir/openwrt/staging_dir/target-aarch64_generic_musl/pkginfo/luci-app-filebrowser.default.install
build	Compile debug	2026-09-27T15:41:48.4736481Z make[3]: Leaving directory '/workdir/openwrt/package/luci-app-filebrowser'
build	Compile debug	2026-09-27T15:41:48.4747512Z time: package/luci-app-filebrowser/compile#0.06#0.08#0.14
build	Compile debug	2026-09-27T15:41:48.5166801Z make[3]: Entering directory '/workdir/openwrt/package/openwrt-passwall-packages/sing-box'
build	Compile debug	2026-09-27T15:41:48.6211415Z mkdir -p /workdir/openwrt/staging_dir/target-aarch64_generic_musl/root-armsr/stamp
build	Compile debug	2026-09-27T15:41:48.6246393Z SHELL= flock /workdir/openwrt/tmp/.root-copy.flock -c 'cp -fpR /workdir/openwrt/build_dir/target-aarch64_generic_musl/sing-box-1.14.2/.pkgdir/sing-box/. /workdir/openwrt/staging_dir/target-aarch64_generic_musl/root-armsr/'
build	Compile debug	2026-09-27T15:41:48.7975308Z touch /workdir/openwrt/staging_dir/target-aarch64_generic_musl/root-armsr/stamp/.sing-box_installed
build	Compile debug	2026-09-27T15:41:48.8007111Z echo "sing-box" >> /workdir/openwrt/staging_dir/target-aarch64_generic_musl/pkginfo/sing-box.default.install
build	Compile debug	2026-09-27T15:41:48.8038676Z make[3]: Leaving directory '/workdir/openwrt/package/openwrt-passwall-packages/sing-box'
build	Compile debug	2026-09-27T15:41:48.8049832Z time: package/openwrt-passwall-packages/sing-box/compile#0.05#0.21#0.32
build	Compile debug	2026-09-27T15:41:48.8488523Z make[3]: Entering directory '/workdir/openwrt/package/luci-app-homeproxy'
build	Compile debug	2026-09-27T15:41:49.0522189Z mkdir -p /workdir/openwrt/staging_dir/target-aarch64_generic_musl/root-armsr/stamp
build	Compile debug	2026-09-27T15:41:49.0558849Z SHELL= flock /workdir/openwrt/tmp/.root-copy.flock -c 'cp -fpR /workdir/openwrt/build_dir/target-aarch64_generic_musl/luci-app-homeproxy/.pkgdir/luci-app-homeproxy/. /workdir/openwrt/staging_dir/target-aarch64_generic_musl/root-armsr/'
build	Compile debug	2026-09-27T15:41:49.0687934Z touch /workdir/openwrt/staging_dir/target-aarch64_generic_musl/root-armsr/stamp/.luci-app-homeproxy_installed
build	Compile debug	2026-09-27T15:41:49.0717022Z echo "luci-app-homeproxy" >> /workdir/openwrt/staging_dir/target-aarch64_generic_musl/pkginfo/luci-app-homeproxy.default.install
build	Compile debug	2026-09-27T15:41:49.0757673Z mkdir -p /workdir/openwrt/staging_dir/target-aarch64_generic_musl/root-armsr/stamp
build	Compile debug	2026-09-27T15:41:49.0804394Z SHELL= flock /workdir/openwrt/tmp/.root-copy.flock -c 'cp -fpR /workdir/openwrt/build_dir/target-aarch64_generic_musl/luci-app-homeproxy/.pkgdir/luci-i18n-homeproxy-zh-cn/. /workdir/openwrt/staging_dir/target-aarch64_generic_musl/root-armsr/'
build	Compile debug	2026-09-27T15:41:49.0867843Z touch /workdir/openwrt/staging_dir/target-aarch64_generic_musl/root-armsr/stamp/.luci-i18n-homeproxy-zh-cn_installed
build	Compile debug	2026-09-27T15:41:49.0899565Z echo "luci-i18n-homeproxy-zh-cn" >> /workdir/openwrt/staging_dir/target-aarch64_generic_musl/pkginfo/luci-app-homeproxy.default.install
build	Compile debug	2026-09-27T15:41:49.0933111Z make[3]: Leaving directory '/workdir/openwrt/package/luci-app-homeproxy'
build	Compile debug	2026-09-27T15:41:49.0943354Z time: package/luci-app-homeproxy/compile#0.10#0.17#0.28
build	Compile debug	2026-09-27T15:41:49.1449237Z make[3]: Entering directory '/workdir/openwrt/package/mosdns'
build	Compile debug	2026-09-27T15:41:49.2173068Z mkdir -p /workdir/openwrt/staging_dir/target-aarch64_generic_musl/root-armsr/stamp
build	Compile debug	2026-09-27T15:41:49.2207017Z SHELL= flock /workdir/openwrt/tmp/.root-copy.flock -c 'cp -fpR /workdir/openwrt/build_dir/target-aarch64_generic_musl/mosdns-5.3.4/.pkgdir/mosdns/. /workdir/openwrt/staging_dir/target-aarch64_generic_musl/root-armsr/'
build	Compile debug	2026-09-27T15:41:49.2611732Z touch /workdir/openwrt/staging_dir/target-aarch64_generic_musl/root-armsr/stamp/.mosdns_installed
build	Compile debug	2026-09-27T15:41:49.2642301Z echo "mosdns" >> /workdir/openwrt/staging_dir/target-aarch64_generic_musl/pkginfo/mosdns.default.install
build	Compile debug	2026-09-27T15:41:49.2673936Z make[3]: Leaving directory '/workdir/openwrt/package/mosdns'
build	Compile debug	2026-09-27T15:41:49.2684918Z time: package/mosdns/compile#0.06#0.08#0.16
build	Compile debug	2026-09-27T15:41:49.3126998Z make[3]: Entering directory '/workdir/openwrt/package/openwrt-passwall-packages/v2ray-geodata'
build	Compile debug	2026-09-27T15:41:49.4511686Z touch /workdir/openwrt/build_dir/target-aarch64_generic_musl/v2ray-geodata/.prepared_137edcd37a4490db0f46f700d3afa4f8_6664517399ebbbc92a37c5bb081b5c53_check
build	Compile debug	2026-09-27T15:41:49.4537532Z true
build	Compile debug	2026-09-27T15:41:49.4558131Z find /workdir/openwrt/build_dir/target-aarch64_generic_musl/v2ray-geodata -mindepth 1 -type f -not -name '.*' -not -name 'version.date' -printf '%T@\n' 2>/dev/null | cut -d. -f1 | sort -n | tail -n1 > /workdir/openwrt/build_dir/target-aarch64_generic_musl/v2ray-geodata/version.date
build	Compile debug	2026-09-27T15:41:49.4597154Z [ ! -d ./src/ ] || cp -fpR ./src/. /workdir/openwrt/build_dir/target-aarch64_generic_musl/v2ray-geodata
build	Compile debug	2026-09-27T15:41:49.4636625Z rm -f /workdir/openwrt/build_dir/target-aarch64_generic_musl/v2ray-geodata/.configured_*
build	Compile debug	2026-09-27T15:41:49.4673105Z rm -f /workdir/openwrt/staging_dir/target-aarch64_generic_musl/stamp/.v2ray-geodata_installed
build	Compile debug	2026-09-27T15:41:49.4734676Z (cd /workdir/openwrt/build_dir/target-aarch64_generic_musl/v2ray-geodata/./; if [ -x ./configure ]; then find /workdir/openwrt/build_dir/target-aarch64_generic_musl/v2ray-geodata/ -name config.guess | xargs -r chmod u+w; find /workdir/openwrt/build_dir/target-aarch64_generic_musl/v2ray-geodata/ -name config.guess | xargs -r -n1 cp --remove-destination /workdir/openwrt/scripts/config.guess; find /workdir/openwrt/build_dir/target-aarch64_generic_musl/v2ray-geodata/ -name config.sub | xargs -r chmod u+w; find /workdir/openwrt/build_dir/target-aarch64_generic_musl/v2ray-geodata/ -name config.sub | xargs -r -n1 cp --remove-destination /workdir/openwrt/scripts/config.sub; AR="aarch64-openwrt-linux-musl-gcc-ar" AS="aarch64-openwrt-linux-musl-gcc -c -Os -pipe -mcpu=generic -fno-caller-saves -fno-plt -fhonour-copts -fmacro-prefix-map=/workdir/openwrt/build_dir/target-aarch64_generic_musl/v2ray-geodata=v2ray-geodata -fmacro-prefix-map=/workdir/openwrt/staging_dir/target-aarch64_generic_musl=staging_dir/target-aarch64_generic_musl -Wl,-z,max-page-size=4096 -Wformat -Werror=format-security -fstack-protector -D_FORTIFY_SOURCE=1 -Wl,-z,now -Wl,-z,relro -Wl,-z,pack-relative-relocs" LD="aarch64-openwrt-linux-musl-ld.bfd" NM="aarch64-openwrt-linux-musl-gcc-nm" CC="aarch64-openwrt-linux-musl-gcc" GCC="aarch64-openwrt-linux-musl-gcc" CXX="aarch64-openwrt-linux-musl-g++" RANLIB="aarch64-openwrt-linux-musl-gcc-ranlib" STRIP=aarch64-openwrt-linux-musl-strip OBJCOPY=aarch64-openwrt-linux-musl-objcopy OBJDUMP=aarch64-openwrt-linux-musl-objdump SIZE=aarch64-openwrt-linux-musl-size CFLAGS="-Os -pipe -mcpu=generic -fno-caller-saves -fno-plt -fhonour-copts -fmacro-prefix-map=/workdir/openwrt/build_dir/target-aarch64_generic_musl/v2ray-geodata=v2ray-geodata -fmacro-prefix-map=/workdir/openwrt/staging_dir/target-aarch64_generic_musl=staging_dir/target-aarch64_generic_musl -Wl,-z,max-page-size=4096 -Wformat -Werror=format-security -fstack-protector -D_FORTIFY_SOURCE=1 -Wl,-z,now -Wl,-z,relro -Wl,-z,pack-relative-relocs " CXXFLAGS="-Os -pipe -mcpu=generic -fno-caller-saves -fno-plt -fhonour-copts -fmacro-prefix-map=/workdir/openwrt/build_dir/target-aarch64_generic_musl/v2ray-geodata=v2ray-geodata -fmacro-prefix-map=/workdir/openwrt/staging_dir/target-aarch64_generic_musl=staging_dir/target-aarch64_generic_musl -Wl,-z,max-page-size=4096 -Wformat -Werror=format-security -fstack-protector -D_FORTIFY_SOURCE=1 -Wl,-z,now -Wl,-z,relro -Wl,-z,pack-relative-relocs " CPPFLAGS="-I/workdir/openwrt/staging_dir/toolchain-aarch64_generic_gcc-14.4.0_musl/usr/include -I/workdir/openwrt/staging_dir/toolchain-aarch64_generic_gcc-14.4.0_musl/include -I/workdir/openwrt/staging_dir/toolchain-aarch64_generic_gcc-14.4.0_musl/include/fortify " LDFLAGS="-L/workdir/openwrt/staging_dir/toolchain-aarch64_generic_gcc-14.4.0_musl/usr/lib -L/workdir/openwrt/staging_dir/toolchain-aarch64_generic_gcc-14.4.0_musl/lib -fuse-ld=bfd -zmax-page-size=4096 -znow -zrelro -zpack-relative-relocs "   ./configure --target=aarch64-openwrt-linux --host=aarch64-openwrt-linux --build=x86_64-pc-linux-gnu --disable-dependency-tracking --program-prefix="" --program-suffix="" --prefix=/usr --exec-prefix=/usr --bindir=/usr/bin --sbindir=/usr/sbin --libexecdir=/usr/lib --sysconfdir=/etc --datadir=/usr/share --localstatedir=/var --mandir=/usr/man --infodir=/usr/info --disable-nls  ; fi; )
build	Compile debug	2026-09-27T15:41:49.4748172Z touch /workdir/openwrt/build_dir/target-aarch64_generic_musl/v2ray-geodata/.configured_68b329da9893e34099c7d8ad5cb9c940
build	Compile debug	2026-09-27T15:41:49.4887089Z rm -f /workdir/openwrt/build_dir/target-aarch64_generic_musl/v2ray-geodata/.built
build	Compile debug	2026-09-27T15:41:49.4922297Z touch /workdir/openwrt/build_dir/target-aarch64_generic_musl/v2ray-geodata/.built_check
build	Compile debug	2026-09-27T15:41:49.4949100Z touch /workdir/openwrt/build_dir/target-aarch64_generic_musl/v2ray-geodata/.built
build	Compile debug	2026-09-27T15:41:49.5252476Z rm -rf /workdir/openwrt/build_dir/target-aarch64_generic_musl/v2ray-geodata/ipkg-all/v2ray-geoip
build	Compile debug	2026-09-27T15:41:49.5288865Z /workdir/openwrt/scripts/ipkg-remove v2ray-geoip /workdir/openwrt/bin/packages/aarch64_generic/base/v2ray-geoip-202609240030.1.apk
build	Compile debug	2026-09-27T15:41:49.5334926Z removed '/workdir/openwrt/bin/packages/aarch64_generic/base/v2ray-geoip-202609240030.1.apk'
build	Compile debug	2026-09-27T15:41:49.5339747Z mkdir -p /workdir/openwrt/bin/targets/armsr/armv8/packages /workdir/openwrt/build_dir/target-aarch64_generic_musl/v2ray-geodata/ipkg-all/v2ray-geoip /workdir/openwrt/staging_dir/target-aarch64_generic_musl/pkginfo
build	Compile debug	2026-09-27T15:41:49.5369616Z install -d -m0755 /workdir/openwrt/build_dir/target-aarch64_generic_musl/v2ray-geodata/ipkg-all/v2ray-geoip/usr/share/v2ray
build	Compile debug	2026-09-27T15:41:49.5401791Z install -m0644 /workdir/openwrt/dl/geoip.dat.202609240030 /workdir/openwrt/build_dir/target-aarch64_generic_musl/v2ray-geodata/ipkg-all/v2ray-geoip/usr/share/v2ray/geoip.dat
build	Compile debug	2026-09-27T15:41:49.5625506Z find /workdir/openwrt/build_dir/target-aarch64_generic_musl/v2ray-geodata/ipkg-all/v2ray-geoip -name '.svn' -o -name '.#*' -o -name '*~'| xargs -r rm -rf
build	Compile debug	2026-09-27T15:41:49.5963034Z export CROSS="aarch64-openwrt-linux-musl-"  NO_RENAME=1 ; NM="aarch64-openwrt-linux-musl-nm" STRIP="/workdir/openwrt/staging_dir/host/bin/sstrip -z" STRIP_KMOD="/workdir/openwrt/scripts/strip-kmod.sh" PATCHELF="/workdir/openwrt/staging_dir/host/bin/patchelf" /workdir/openwrt/scripts/rstrip.sh /workdir/openwrt/build_dir/target-aarch64_generic_musl/v2ray-geodata/ipkg-all/v2ray-geoip
build	Compile debug	2026-09-27T15:41:49.6063676Z install -d -m0755 /workdir/openwrt/bin/packages/aarch64_generic/base
build	Compile debug	2026-09-27T15:41:49.6099946Z mkdir -p /workdir/openwrt/build_dir/target-aarch64_generic_musl/v2ray-geodata/apk-all/v2ray-geoip/
build	Compile debug	2026-09-27T15:41:49.6131071Z mkdir -p /workdir/openwrt/build_dir/target-aarch64_generic_musl/v2ray-geodata/ipkg-all/v2ray-geoip/lib/apk/packages/
build	Compile debug	2026-09-27T15:41:49.6160266Z (cd /workdir/openwrt/build_dir/target-aarch64_generic_musl/v2ray-geodata/apk-all/v2ray-geoip; )
build	Compile debug	2026-09-27T15:41:49.6185601Z ( echo "#!/bin/sh"; echo "[ \"\${IPKG_NO_SCRIPT}\" = \"1\" ] && exit 0"; echo "[ -s "\${IPKG_INSTROOT}/lib/functions.sh" ] || exit 0"; echo ". \${IPKG_INSTROOT}/lib/functions.sh"; echo 'export root="${IPKG_INSTROOT}"'; echo 'export pkgname="v2ray-geoip"'; echo "add_group_and_user"; echo "default_postinst"; [ ! -f /workdir/openwrt/build_dir/target-aarch64_generic_musl/v2ray-geodata/apk-all/v2ray-geoip/postinst-pkg ] || sed '/^\s*#!/d' "/workdir/openwrt/build_dir/target-aarch64_generic_musl/v2ray-geodata/apk-all/v2ray-geoip/postinst-pkg"; ) > /workdir/openwrt/build_dir/target-aarch64_generic_musl/v2ray-geodata/apk-all/v2ray-geoip/post-install;
build	Compile debug	2026-09-27T15:41:49.6210065Z ( echo "#!/bin/sh"; echo 'export PKG_UPGRADE=1'; [ ! -f /workdir/openwrt/build_dir/target-aarch64_generic_musl/v2ray-geodata/apk-all/v2ray-geoip/post-install ] || sed '/^\s*#!/d' "/workdir/openwrt/build_dir/target-aarch64_generic_musl/v2ray-geodata/apk-all/v2ray-geoip/post-install"; ) > /workdir/openwrt/build_dir/target-aarch64_generic_musl/v2ray-geodata/apk-all/v2ray-geoip/post-upgrade;
build	Compile debug	2026-09-27T15:41:49.6246157Z ( echo "#!/bin/sh"; echo "[ -s "\${IPKG_INSTROOT}/lib/functions.sh" ] || exit 0"; echo ". \${IPKG_INSTROOT}/lib/functions.sh"; echo 'export root="${IPKG_INSTROOT}"'; echo 'export pkgname="v2ray-geoip"'; echo "default_prerm"; [ ! -f /workdir/openwrt/build_dir/target-aarch64_generic_musl/v2ray-geodata/apk-all/v2ray-geoip/prerm-pkg ] || sed '/^\s*#!/d' "/workdir/openwrt/build_dir/target-aarch64_generic_musl/v2ray-geodata/apk-all/v2ray-geoip/prerm-pkg"; ) > /workdir/openwrt/build_dir/target-aarch64_generic_musl/v2ray-geodata/apk-all/v2ray-geoip/pre-deinstall;
build	Compile debug	2026-09-27T15:41:49.6269689Z [ ! -f /workdir/openwrt/build_dir/target-aarch64_generic_musl/v2ray-geodata/apk-all/v2ray-geoip/postrm ] || sed -zi 's/^\s*#!/#!/' "/workdir/openwrt/build_dir/target-aarch64_generic_musl/v2ray-geodata/apk-all/v2ray-geoip/postrm";
build	Compile debug	2026-09-27T15:41:49.6288482Z if [ -n "" ]; then echo  > /workdir/openwrt/build_dir/target-aarch64_generic_musl/v2ray-geodata/ipkg-all/v2ray-geoip/lib/apk/packages/v2ray-geoip.rusers; fi;
build	Compile debug	2026-09-27T15:41:49.6307425Z if [ -n "" ]; then echo  > /workdir/openwrt/build_dir/target-aarch64_generic_musl/v2ray-geodata/ipkg-all/v2ray-geoip/lib/apk/packages/v2ray-geoip.alternatives; fi;
build	Compile debug	2026-09-27T15:41:49.6327226Z (cd /workdir/openwrt/build_dir/target-aarch64_generic_musl/v2ray-geodata/ipkg-all/v2ray-geoip && find . -type f,l -printf "/%P\n" | sort > /workdir/openwrt/tmp/v2ray-geoip.list && mv /workdir/openwrt/tmp/v2ray-geoip.list /workdir/openwrt/build_dir/target-aarch64_generic_musl/v2ray-geodata/ipkg-all/v2ray-geoip/lib/apk/packages/v2ray-geoip.list)
build	Compile debug	2026-09-27T15:41:49.6379480Z # Move conffiles to IDIR and build conffiles_static with csums
build	Compile debug	2026-09-27T15:41:49.6401820Z if [ -f /workdir/openwrt/build_dir/target-aarch64_generic_musl/v2ray-geodata/apk-all/v2ray-geoip/conffiles ]; then mv -f /workdir/openwrt/build_dir/target-aarch64_generic_musl/v2ray-geodata/apk-all/v2ray-geoip/conffiles /workdir/openwrt/build_dir/target-aarch64_generic_musl/v2ray-geodata/ipkg-all/v2ray-geoip/lib/apk/packages/v2ray-geoip.conffiles; for file in $(cat /workdir/openwrt/build_dir/target-aarch64_generic_musl/v2ray-geodata/ipkg-all/v2ray-geoip/lib/apk/packages/v2ray-geoip.conffiles); do [ -f /workdir/openwrt/build_dir/target-aarch64_generic_musl/v2ray-geodata/ipkg-all/v2ray-geoip/$file ] || continue; csum=$(/workdir/openwrt/staging_dir/host/bin/mkhash sha256 /workdir/openwrt/build_dir/target-aarch64_generic_musl/v2ray-geodata/ipkg-all/v2ray-geoip/$file); echo $file $csum >> /workdir/openwrt/build_dir/target-aarch64_generic_musl/v2ray-geodata/ipkg-all/v2ray-geoip/lib/apk/packages/v2ray-geoip.conffiles_static; done; fi
build	Compile debug	2026-09-27T15:41:49.6417876Z # Some package (base-files) manually append stuff to conffiles
build	Compile debug	2026-09-27T15:41:49.6436567Z # Append stuff from it and delete the CONTROL directory since everything else should be migrated
build	Compile debug	2026-09-27T15:41:49.6458962Z if [ -f /workdir/openwrt/build_dir/target-aarch64_generic_musl/v2ray-geodata/ipkg-all/v2ray-geoip/CONTROL/conffiles ]; then echo $(IDIR_v2ray-geoip)/CONTROL/conffiles >> /workdir/openwrt/build_dir/target-aarch64_generic_musl/v2ray-geodata/ipkg-all/v2ray-geoip/lib/apk/packages/v2ray-geoip.conffiles; for file in $(cat /workdir/openwrt/build_dir/target-aarch64_generic_musl/v2ray-geodata/ipkg-all/v2ray-geoip/CONTROL/conffiles); do [ -f /workdir/openwrt/build_dir/target-aarch64_generic_musl/v2ray-geodata/ipkg-all/v2ray-geoip/$file ] || continue; csum=$(/workdir/openwrt/staging_dir/host/bin/mkhash sha256 /workdir/openwrt/build_dir/target-aarch64_generic_musl/v2ray-geodata/ipkg-all/v2ray-geoip/$file); echo $file $csum >> /workdir/openwrt/build_dir/target-aarch64_generic_musl/v2ray-geodata/ipkg-all/v2ray-geoip/lib/apk/packages/v2ray-geoip.conffiles_static; done; rm -rf /workdir/openwrt/build_dir/target-aarch64_generic_musl/v2ray-geodata/ipkg-all/v2ray-geoip/CONTROL/conffiles; fi
build	Compile debug	2026-09-27T15:41:49.6476836Z if [ -z "$(ls -A /workdir/openwrt/build_dir/target-aarch64_generic_musl/v2ray-geodata/ipkg-all/v2ray-geoip/CONTROL 2>/dev/null)" ]; then rm -rf /workdir/openwrt/build_dir/target-aarch64_generic_musl/v2ray-geodata/ipkg-all/v2ray-geoip/CONTROL; else echo "CONTROL directory /workdir/openwrt/build_dir/target-aarch64_generic_musl/v2ray-geodata/ipkg-all/v2ray-geoip/CONTROL is not empty! This is not right and should be checked!" >&2; exit 1; fi
build	Compile debug	2026-09-27T15:41:49.6528246Z SOURCE_DATE_EPOCH=0 /workdir/openwrt/staging_dir/host/bin/fakeroot /workdir/openwrt/staging_dir/host/bin/apk mkpkg --info "name:v2ray-geoip" --info "version:202609240030.1" --info "tags:openwrt:section=net" --info "description:GeoIP List for V2Ray" --info "arch:noarch" --info "license:CC-BY-SA-4.0" --info "origin:feeds/base/openwrt-passwall-packages/v2ray-geodata" --info "url:https://www.v2fly.org" --info "maintainer:Tianling Shen <cnsztl@immortalwrt.org>" --info "provides:v2ray-geoip-any"  --script "post-install:/workdir/openwrt/build_dir/target-aarch64_generic_musl/v2ray-geodata/apk-all/v2ray-geoip/post-install" --script "post-upgrade:/workdir/openwrt/build_dir/target-aarch64_generic_musl/v2ray-geodata/apk-all/v2ray-geoip/post-upgrade" --script "pre-deinstall:/workdir/openwrt/build_dir/target-aarch64_generic_musl/v2ray-geodata/apk-all/v2ray-geoip/pre-deinstall" --info "depends:libc" --files "/workdir/openwrt/build_dir/target-aarch64_generic_musl/v2ray-geodata/ipkg-all/v2ray-geoip" --sign /workdir/openwrt/private-key.pem --output "/workdir/openwrt/bin/packages/aarch64_generic/base/v2ray-geoip-202609240030.1.apk"
build	Compile debug	2026-09-27T15:41:58.0942892Z rm -rf /workdir/openwrt/build_dir/target-aarch64_generic_musl/v2ray-geodata/ipkg-all/v2ray-geosite
build	Compile debug	2026-09-27T15:41:58.0981660Z /workdir/openwrt/scripts/ipkg-remove v2ray-geosite /workdir/openwrt/bin/packages/aarch64_generic/base/v2ray-geosite-202609250012.1.apk
build	Compile debug	2026-09-27T15:41:58.1027896Z removed '/workdir/openwrt/bin/packages/aarch64_generic/base/v2ray-geosite-202609250012.1.apk'
build	Compile debug	2026-09-27T15:41:58.1032530Z mkdir -p /workdir/openwrt/bin/targets/armsr/armv8/packages /workdir/openwrt/build_dir/target-aarch64_generic_musl/v2ray-geodata/ipkg-all/v2ray-geosite /workdir/openwrt/staging_dir/target-aarch64_generic_musl/pkginfo
build	Compile debug	2026-09-27T15:41:58.1061996Z install -d -m0755 /workdir/openwrt/build_dir/target-aarch64_generic_musl/v2ray-geodata/ipkg-all/v2ray-geosite/usr/share/v2ray
build	Compile debug	2026-09-27T15:41:58.1093758Z install -m0644 /workdir/openwrt/dl/geosite.dat.202609250012 /workdir/openwrt/build_dir/target-aarch64_generic_musl/v2ray-geodata/ipkg-all/v2ray-geosite/usr/share/v2ray/geosite.dat
build	Compile debug	2026-09-27T15:41:58.1231945Z find /workdir/openwrt/build_dir/target-aarch64_generic_musl/v2ray-geodata/ipkg-all/v2ray-geosite -name '.svn' -o -name '.#*' -o -name '*~'| xargs -r rm -rf
build	Compile debug	2026-09-27T15:41:58.1517381Z export CROSS="aarch64-openwrt-linux-musl-"  NO_RENAME=1 ; NM="aarch64-openwrt-linux-musl-nm" STRIP="/workdir/openwrt/staging_dir/host/bin/sstrip -z" STRIP_KMOD="/workdir/openwrt/scripts/strip-kmod.sh" PATCHELF="/workdir/openwrt/staging_dir/host/bin/patchelf" /workdir/openwrt/scripts/rstrip.sh /workdir/openwrt/build_dir/target-aarch64_generic_musl/v2ray-geodata/ipkg-all/v2ray-geosite
build	Compile debug	2026-09-27T15:41:58.1611116Z install -d -m0755 /workdir/openwrt/bin/packages/aarch64_generic/base
build	Compile debug	2026-09-27T15:41:58.1641965Z mkdir -p /workdir/openwrt/build_dir/target-aarch64_generic_musl/v2ray-geodata/apk-all/v2ray-geosite/
build	Compile debug	2026-09-27T15:41:58.1671089Z mkdir -p /workdir/openwrt/build_dir/target-aarch64_generic_musl/v2ray-geodata/ipkg-all/v2ray-geosite/lib/apk/packages/
build	Compile debug	2026-09-27T15:41:58.1701417Z (cd /workdir/openwrt/build_dir/target-aarch64_generic_musl/v2ray-geodata/apk-all/v2ray-geosite; )
build	Compile debug	2026-09-27T15:41:58.1729849Z ( echo "#!/bin/sh"; echo "[ \"\${IPKG_NO_SCRIPT}\" = \"1\" ] && exit 0"; echo "[ -s "\${IPKG_INSTROOT}/lib/functions.sh" ] || exit 0"; echo ". \${IPKG_INSTROOT}/lib/functions.sh"; echo 'export root="${IPKG_INSTROOT}"'; echo 'export pkgname="v2ray-geosite"'; echo "add_group_and_user"; echo "default_postinst"; [ ! -f /workdir/openwrt/build_dir/target-aarch64_generic_musl/v2ray-geodata/apk-all/v2ray-geosite/postinst-pkg ] || sed '/^\s*#!/d' "/workdir/openwrt/build_dir/target-aarch64_generic_musl/v2ray-geodata/apk-all/v2ray-geosite/postinst-pkg"; ) > /workdir/openwrt/build_dir/target-aarch64_generic_musl/v2ray-geodata/apk-all/v2ray-geosite/post-install;
build	Compile debug	2026-09-27T15:41:58.1753875Z ( echo "#!/bin/sh"; echo 'export PKG_UPGRADE=1'; [ ! -f /workdir/openwrt/build_dir/target-aarch64_generic_musl/v2ray-geodata/apk-all/v2ray-geosite/post-install ] || sed '/^\s*#!/d' "/workdir/openwrt/build_dir/target-aarch64_generic_musl/v2ray-geodata/apk-all/v2ray-geosite/post-install"; ) > /workdir/openwrt/build_dir/target-aarch64_generic_musl/v2ray-geodata/apk-all/v2ray-geosite/post-upgrade;
build	Compile debug	2026-09-27T15:41:58.1790243Z ( echo "#!/bin/sh"; echo "[ -s "\${IPKG_INSTROOT}/lib/functions.sh" ] || exit 0"; echo ". \${IPKG_INSTROOT}/lib/functions.sh"; echo 'export root="${IPKG_INSTROOT}"'; echo 'export pkgname="v2ray-geosite"'; echo "default_prerm"; [ ! -f /workdir/openwrt/build_dir/target-aarch64_generic_musl/v2ray-geodata/apk-all/v2ray-geosite/prerm-pkg ] || sed '/^\s*#!/d' "/workdir/openwrt/build_dir/target-aarch64_generic_musl/v2ray-geodata/apk-all/v2ray-geosite/prerm-pkg"; ) > /workdir/openwrt/build_dir/target-aarch64_generic_musl/v2ray-geodata/apk-all/v2ray-geosite/pre-deinstall;
build	Compile debug	2026-09-27T15:41:58.1813599Z [ ! -f /workdir/openwrt/build_dir/target-aarch64_generic_musl/v2ray-geodata/apk-all/v2ray-geosite/postrm ] || sed -zi 's/^\s*#!/#!/' "/workdir/openwrt/build_dir/target-aarch64_generic_musl/v2ray-geodata/apk-all/v2ray-geosite/postrm";
build	Compile debug	2026-09-27T15:41:58.1832301Z if [ -n "" ]; then echo  > /workdir/openwrt/build_dir/target-aarch64_generic_musl/v2ray-geodata/ipkg-all/v2ray-geosite/lib/apk/packages/v2ray-geosite.rusers; fi;
build	Compile debug	2026-09-27T15:41:58.1851392Z if [ -n "" ]; then echo  > /workdir/openwrt/build_dir/target-aarch64_generic_musl/v2ray-geodata/ipkg-all/v2ray-geosite/lib/apk/packages/v2ray-geosite.alternatives; fi;
build	Compile debug	2026-09-27T15:41:58.1871500Z (cd /workdir/openwrt/build_dir/target-aarch64_generic_musl/v2ray-geodata/ipkg-all/v2ray-geosite && find . -type f,l -printf "/%P\n" | sort > /workdir/openwrt/tmp/v2ray-geosite.list && mv /workdir/openwrt/tmp/v2ray-geosite.list /workdir/openwrt/build_dir/target-aarch64_generic_musl/v2ray-geodata/ipkg-all/v2ray-geosite/lib/apk/packages/v2ray-geosite.list)
build	Compile debug	2026-09-27T15:41:58.1922775Z # Move conffiles to IDIR and build conffiles_static with csums
build	Compile debug	2026-09-27T15:41:58.1945305Z if [ -f /workdir/openwrt/build_dir/target-aarch64_generic_musl/v2ray-geodata/apk-all/v2ray-geosite/conffiles ]; then mv -f /workdir/openwrt/build_dir/target-aarch64_generic_musl/v2ray-geodata/apk-all/v2ray-geosite/conffiles /workdir/openwrt/build_dir/target-aarch64_generic_musl/v2ray-geodata/ipkg-all/v2ray-geosite/lib/apk/packages/v2ray-geosite.conffiles; for file in $(cat /workdir/openwrt/build_dir/target-aarch64_generic_musl/v2ray-geodata/ipkg-all/v2ray-geosite/lib/apk/packages/v2ray-geosite.conffiles); do [ -f /workdir/openwrt/build_dir/target-aarch64_generic_musl/v2ray-geodata/ipkg-all/v2ray-geosite/$file ] || continue; csum=$(/workdir/openwrt/staging_dir/host/bin/mkhash sha256 /workdir/openwrt/build_dir/target-aarch64_generic_musl/v2ray-geodata/ipkg-all/v2ray-geosite/$file); echo $file $csum >> /workdir/openwrt/build_dir/target-aarch64_generic_musl/v2ray-geodata/ipkg-all/v2ray-geosite/lib/apk/packages/v2ray-geosite.conffiles_static; done; fi
build	Compile debug	2026-09-27T15:41:58.1961238Z # Some package (base-files) manually append stuff to conffiles
build	Compile debug	2026-09-27T15:41:58.1979998Z # Append stuff from it and delete the CONTROL directory since everything else should be migrated
build	Compile debug	2026-09-27T15:41:58.2003198Z if [ -f /workdir/openwrt/build_dir/target-aarch64_generic_musl/v2ray-geodata/ipkg-all/v2ray-geosite/CONTROL/conffiles ]; then echo $(IDIR_v2ray-geosite)/CONTROL/conffiles >> /workdir/openwrt/build_dir/target-aarch64_generic_musl/v2ray-geodata/ipkg-all/v2ray-geosite/lib/apk/packages/v2ray-geosite.conffiles; for file in $(cat /workdir/openwrt/build_dir/target-aarch64_generic_musl/v2ray-geodata/ipkg-all/v2ray-geosite/CONTROL/conffiles); do [ -f /workdir/openwrt/build_dir/target-aarch64_generic_musl/v2ray-geodata/ipkg-all/v2ray-geosite/$file ] || continue; csum=$(/workdir/openwrt/staging_dir/host/bin/mkhash sha256 /workdir/openwrt/build_dir/target-aarch64_generic_musl/v2ray-geodata/ipkg-all/v2ray-geosite/$file); echo $file $csum >> /workdir/openwrt/build_dir/target-aarch64_generic_musl/v2ray-geodata/ipkg-all/v2ray-geosite/lib/apk/packages/v2ray-geosite.conffiles_static; done; rm -rf /workdir/openwrt/build_dir/target-aarch64_generic_musl/v2ray-geodata/ipkg-all/v2ray-geosite/CONTROL/conffiles; fi
build	Compile debug	2026-09-27T15:41:58.2020374Z if [ -z "$(ls -A /workdir/openwrt/build_dir/target-aarch64_generic_musl/v2ray-geodata/ipkg-all/v2ray-geosite/CONTROL 2>/dev/null)" ]; then rm -rf /workdir/openwrt/build_dir/target-aarch64_generic_musl/v2ray-geodata/ipkg-all/v2ray-geosite/CONTROL; else echo "CONTROL directory /workdir/openwrt/build_dir/target-aarch64_generic_musl/v2ray-geodata/ipkg-all/v2ray-geosite/CONTROL is not empty! This is not right and should be checked!" >&2; exit 1; fi
build	Compile debug	2026-09-27T15:41:58.2070381Z SOURCE_DATE_EPOCH=0 /workdir/openwrt/staging_dir/host/bin/fakeroot /workdir/openwrt/staging_dir/host/bin/apk mkpkg --info "name:v2ray-geosite" --info "version:202609250012.1" --info "tags:openwrt:section=net" --info "description:Geosite List for V2Ray" --info "arch:noarch" --info "license:MIT" --info "origin:feeds/base/openwrt-passwall-packages/v2ray-geodata" --info "url:https://www.v2fly.org" --info "maintainer:Tianling Shen <cnsztl@immortalwrt.org>" --info "provides:v2ray-geosite-any"  --script "post-install:/workdir/openwrt/build_dir/target-aarch64_generic_musl/v2ray-geodata/apk-all/v2ray-geosite/post-install" --script "post-upgrade:/workdir/openwrt/build_dir/target-aarch64_generic_musl/v2ray-geodata/apk-all/v2ray-geosite/post-upgrade" --script "pre-deinstall:/workdir/openwrt/build_dir/target-aarch64_generic_musl/v2ray-geodata/apk-all/v2ray-geosite/pre-deinstall" --info "depends:libc" --files "/workdir/openwrt/build_dir/target-aarch64_generic_musl/v2ray-geodata/ipkg-all/v2ray-geosite" --sign /workdir/openwrt/private-key.pem --output "/workdir/openwrt/bin/packages/aarch64_generic/base/v2ray-geosite-202609250012.1.apk"
build	Compile debug	2026-09-27T15:42:00.3175762Z rm -rf /workdir/openwrt/build_dir/target-aarch64_generic_musl/v2ray-geodata/.pkgdir/v2ray-geoip.installed /workdir/openwrt/build_dir/target-aarch64_generic_musl/v2ray-geodata/.pkgdir/v2ray-geoip
build	Compile debug	2026-09-27T15:42:00.3207382Z mkdir -p /workdir/openwrt/build_dir/target-aarch64_generic_musl/v2ray-geodata/.pkgdir/v2ray-geoip
build	Compile debug	2026-09-27T15:42:00.3236836Z install -d -m0755 /workdir/openwrt/build_dir/target-aarch64_generic_musl/v2ray-geodata/.pkgdir/v2ray-geoip/usr/share/v2ray
build	Compile debug	2026-09-27T15:42:00.3268417Z install -m0644 /workdir/openwrt/dl/geoip.dat.202609240030 /workdir/openwrt/build_dir/target-aarch64_generic_musl/v2ray-geodata/.pkgdir/v2ray-geoip/usr/share/v2ray/geoip.dat
build	Compile debug	2026-09-27T15:42:00.3331302Z touch /workdir/openwrt/build_dir/target-aarch64_generic_musl/v2ray-geodata/.pkgdir/v2ray-geoip.installed
build	Compile debug	2026-09-27T15:42:00.3359700Z mkdir -p /workdir/openwrt/staging_dir/target-aarch64_generic_musl/root-armsr/stamp
build	Compile debug	2026-09-27T15:42:00.3397715Z SHELL= flock /workdir/openwrt/tmp/.root-copy.flock -c 'cp -fpR /workdir/openwrt/build_dir/target-aarch64_generic_musl/v2ray-geodata/.pkgdir/v2ray-geoip/. /workdir/openwrt/staging_dir/target-aarch64_generic_musl/root-armsr/'
build	Compile debug	2026-09-27T15:42:00.3476246Z touch /workdir/openwrt/staging_dir/target-aarch64_generic_musl/root-armsr/stamp/.v2ray-geoip_installed
build	Compile debug	2026-09-27T15:42:00.3503331Z echo "v2ray-geoip" >> /workdir/openwrt/staging_dir/target-aarch64_generic_musl/pkginfo/v2ray-geodata.default.install
build	Compile debug	2026-09-27T15:42:00.3532955Z rm -rf /workdir/openwrt/build_dir/target-aarch64_generic_musl/v2ray-geodata/.pkgdir/v2ray-geosite.installed /workdir/openwrt/build_dir/target-aarch64_generic_musl/v2ray-geodata/.pkgdir/v2ray-geosite
build	Compile debug	2026-09-27T15:42:00.3563783Z mkdir -p /workdir/openwrt/build_dir/target-aarch64_generic_musl/v2ray-geodata/.pkgdir/v2ray-geosite
build	Compile debug	2026-09-27T15:42:00.3592757Z install -d -m0755 /workdir/openwrt/build_dir/target-aarch64_generic_musl/v2ray-geodata/.pkgdir/v2ray-geosite/usr/share/v2ray
build	Compile debug	2026-09-27T15:42:00.3624565Z install -m0644 /workdir/openwrt/dl/geosite.dat.202609250012 /workdir/openwrt/build_dir/target-aarch64_generic_musl/v2ray-geodata/.pkgdir/v2ray-geosite/usr/share/v2ray/geosite.dat
build	Compile debug	2026-09-27T15:42:00.3676518Z touch /workdir/openwrt/build_dir/target-aarch64_generic_musl/v2ray-geodata/.pkgdir/v2ray-geosite.installed
build	Compile debug	2026-09-27T15:42:00.3703794Z mkdir -p /workdir/openwrt/staging_dir/target-aarch64_generic_musl/root-armsr/stamp
build	Compile debug	2026-09-27T15:42:00.3739532Z SHELL= flock /workdir/openwrt/tmp/.root-copy.flock -c 'cp -fpR /workdir/openwrt/build_dir/target-aarch64_generic_musl/v2ray-geodata/.pkgdir/v2ray-geosite/. /workdir/openwrt/staging_dir/target-aarch64_generic_musl/root-armsr/'
build	Compile debug	2026-09-27T15:42:00.3807761Z touch /workdir/openwrt/staging_dir/target-aarch64_generic_musl/root-armsr/stamp/.v2ray-geosite_installed
build	Compile debug	2026-09-27T15:42:00.3835005Z echo "v2ray-geosite" >> /workdir/openwrt/staging_dir/target-aarch64_generic_musl/pkginfo/v2ray-geodata.default.install
build	Compile debug	2026-09-27T15:42:00.3861143Z make[3]: Leaving directory '/workdir/openwrt/package/openwrt-passwall-packages/v2ray-geodata'
build	Compile debug	2026-09-27T15:42:00.3870509Z time: package/openwrt-passwall-packages/v2ray-geodata/compile#10.75#0.37#11.11
build	Compile debug	2026-09-27T15:42:00.4301293Z make[3]: Entering directory '/workdir/openwrt/package/luci-app-mosdns'
build	Compile debug	2026-09-27T15:42:00.5030258Z mkdir -p /workdir/openwrt/staging_dir/target-aarch64_generic_musl/root-armsr/stamp
build	Compile debug	2026-09-27T15:42:00.5065170Z SHELL= flock /workdir/openwrt/tmp/.root-copy.flock -c 'cp -fpR /workdir/openwrt/build_dir/target-aarch64_generic_musl/luci-app-mosdns/.pkgdir/luci-app-mosdns/. /workdir/openwrt/staging_dir/target-aarch64_generic_musl/root-armsr/'
build	Compile debug	2026-09-27T15:42:00.5216647Z touch /workdir/openwrt/staging_dir/target-aarch64_generic_musl/root-armsr/stamp/.luci-app-mosdns_installed
build	Compile debug	2026-09-27T15:42:00.5243888Z echo "luci-app-mosdns" >> /workdir/openwrt/staging_dir/target-aarch64_generic_musl/pkginfo/luci-app-mosdns.default.install
build	Compile debug	2026-09-27T15:42:00.5272908Z mkdir -p /workdir/openwrt/staging_dir/target-aarch64_generic_musl/root-armsr/stamp
build	Compile debug	2026-09-27T15:42:00.5307752Z SHELL= flock /workdir/openwrt/tmp/.root-copy.flock -c 'cp -fpR /workdir/openwrt/build_dir/target-aarch64_generic_musl/luci-app-mosdns/.pkgdir/luci-i18n-mosdns-zh-cn/. /workdir/openwrt/staging_dir/target-aarch64_generic_musl/root-armsr/'
build	Compile debug	2026-09-27T15:42:00.5363510Z touch /workdir/openwrt/staging_dir/target-aarch64_generic_musl/root-armsr/stamp/.luci-i18n-mosdns-zh-cn_installed
build	Compile debug	2026-09-27T15:42:00.5391245Z echo "luci-i18n-mosdns-zh-cn" >> /workdir/openwrt/staging_dir/target-aarch64_generic_musl/pkginfo/luci-app-mosdns.default.install
build	Compile debug	2026-09-27T15:42:00.5416661Z make[3]: Leaving directory '/workdir/openwrt/package/luci-app-mosdns'
build	Compile debug	2026-09-27T15:42:00.5425386Z time: package/luci-app-mosdns/compile#0.07#0.07#0.15
build	Compile debug	2026-09-27T15:42:00.5851648Z make[3]: Entering directory '/workdir/openwrt/package/network/services/dnsmasq'
build	Compile debug	2026-09-27T15:42:00.6601471Z mkdir -p /workdir/openwrt/staging_dir/target-aarch64_generic_musl/root-armsr/stamp
build	Compile debug	2026-09-27T15:42:00.6636396Z SHELL= flock /workdir/openwrt/tmp/.root-copy.flock -c 'cp -fpR /workdir/openwrt/build_dir/target-aarch64_generic_musl/dnsmasq-full/dnsmasq-2.93/.pkgdir/dnsmasq-full/. /workdir/openwrt/staging_dir/target-aarch64_generic_musl/root-armsr/'
build	Compile debug	2026-09-27T15:42:00.6719200Z touch /workdir/openwrt/staging_dir/target-aarch64_generic_musl/root-armsr/stamp/.dnsmasq-full_installed
build	Compile debug	2026-09-27T15:42:00.6746473Z echo "dnsmasq-full" >> /workdir/openwrt/staging_dir/target-aarch64_generic_musl/pkginfo/dnsmasq.full.install
build	Compile debug	2026-09-27T15:42:00.6772272Z make[3]: Leaving directory '/workdir/openwrt/package/network/services/dnsmasq'
build	Compile debug	2026-09-27T15:42:00.6780143Z time: package/network/services/dnsmasq/full/compile#0.06#0.06#0.13
build	Compile debug	2026-09-27T15:42:00.6909479Z make[3]: Entering directory '/workdir/openwrt/package/network/utils/iptables'
build	Compile debug	2026-09-27T15:42:00.8332472Z mkdir -p /workdir/openwrt/staging_dir/target-aarch64_generic_musl/root-armsr/stamp
build	Compile debug	2026-09-27T15:42:00.8367622Z echo '12' | cmp -s - /workdir/openwrt/staging_dir/target-aarch64_generic_musl/pkginfo/libxtables.version || { mkdir -p /workdir/openwrt/staging_dir/target-aarch64_generic_musl/pkginfo; echo '12' > /workdir/openwrt/staging_dir/target-aarch64_generic_musl/pkginfo/libxtables.version;  cp /workdir/openwrt/staging_dir/target-aarch64_generic_musl/pkginfo/libxtables.version /workdir/openwrt/staging_dir/target-aarch64_generic_musl/pkginfo/libxtables-any.version;  } 
build	Compile debug	2026-09-27T15:42:00.8399378Z SHELL= flock /workdir/openwrt/tmp/.root-copy.flock -c 'cp -fpR /workdir/openwrt/build_dir/target-aarch64_generic_musl/linux-armsr_armv8/iptables-1.8.10/.pkgdir/libxtables/. /workdir/openwrt/staging_dir/target-aarch64_generic_musl/root-armsr/'
build	Compile debug	2026-09-27T15:42:00.8453692Z touch /workdir/openwrt/staging_dir/target-aarch64_generic_musl/root-armsr/stamp/.libxtables_installed
build	Compile debug	2026-09-27T15:42:00.8480272Z echo "libxtables" >> /workdir/openwrt/staging_dir/target-aarch64_generic_musl/pkginfo/iptables.default.install
build	Compile debug	2026-09-27T15:42:00.8508889Z mkdir -p /workdir/openwrt/staging_dir/target-aarch64_generic_musl/root-armsr/stamp
build	Compile debug	2026-09-27T15:42:00.8543266Z SHELL= flock /workdir/openwrt/tmp/.root-copy.flock -c 'cp -fpR /workdir/openwrt/build_dir/target-aarch64_generic_musl/linux-armsr_armv8/iptables-1.8.10/.pkgdir/ip6tables-extra/. /workdir/openwrt/staging_dir/target-aarch64_generic_musl/root-armsr/'
build	Compile debug	2026-09-27T15:42:00.8602222Z touch /workdir/openwrt/staging_dir/target-aarch64_generic_musl/root-armsr/stamp/.ip6tables-extra_installed
build	Compile debug	2026-09-27T15:42:00.8629153Z echo "ip6tables-extra" >> /workdir/openwrt/staging_dir/target-aarch64_generic_musl/pkginfo/iptables.default.install
build	Compile debug	2026-09-27T15:42:00.8655642Z mkdir -p /workdir/openwrt/staging_dir/target-aarch64_generic_musl/root-armsr/stamp
build	Compile debug	2026-09-27T15:42:00.8690365Z SHELL= flock /workdir/openwrt/tmp/.root-copy.flock -c 'cp -fpR /workdir/openwrt/build_dir/target-aarch64_generic_musl/linux-armsr_armv8/iptables-1.8.10/.pkgdir/ip6tables-mod-nat/. /workdir/openwrt/staging_dir/target-aarch64_generic_musl/root-armsr/'
build	Compile debug	2026-09-27T15:42:00.8739923Z touch /workdir/openwrt/staging_dir/target-aarch64_generic_musl/root-armsr/stamp/.ip6tables-mod-nat_installed
build	Compile debug	2026-09-27T15:42:00.8766550Z echo "ip6tables-mod-nat" >> /workdir/openwrt/staging_dir/target-aarch64_generic_musl/pkginfo/iptables.default.install
build	Compile debug	2026-09-27T15:42:00.8792513Z make[3]: Leaving directory '/workdir/openwrt/package/network/utils/iptables'
build	Compile debug	2026-09-27T15:42:00.8801653Z time: package/network/utils/iptables/compile#0.09#0.10#0.19
build	Compile debug	2026-09-27T15:42:00.8930379Z make[3]: Entering directory '/workdir/openwrt/package/network/utils/iproute2'
build	Compile debug	2026-09-27T15:42:01.0195307Z mkdir -p /workdir/openwrt/staging_dir/target-aarch64_generic_musl/root-armsr/stamp
build	Compile debug	2026-09-27T15:42:01.0231088Z SHELL= flock /workdir/openwrt/tmp/.root-copy.flock -c 'cp -fpR /workdir/openwrt/build_dir/target-aarch64_generic_musl/linux-armsr_armv8/iproute2-ipfull/iproute2-6.18.0/.pkgdir/ip-full/. /workdir/openwrt/staging_dir/target-aarch64_generic_musl/root-armsr/'
build	Compile debug	2026-09-27T15:42:01.0290463Z touch /workdir/openwrt/staging_dir/target-aarch64_generic_musl/root-armsr/stamp/.ip-full_installed
build	Compile debug	2026-09-27T15:42:01.0317502Z echo "ip-full" >> /workdir/openwrt/staging_dir/target-aarch64_generic_musl/pkginfo/iproute2.ipfull.install
build	Compile debug	2026-09-27T15:42:01.0344669Z make[3]: Leaving directory '/workdir/openwrt/package/network/utils/iproute2'
build	Compile debug	2026-09-27T15:42:01.0353779Z time: package/network/utils/iproute2/ipfull/compile#0.06#0.08#0.15
build	Compile debug	2026-09-27T15:42:01.0770243Z make[3]: Entering directory '/workdir/openwrt/package/luci-app-openclash'
build	Compile debug	2026-09-27T15:42:01.2515290Z mkdir -p /workdir/openwrt/staging_dir/target-aarch64_generic_musl/root-armsr/stamp
build	Compile debug	2026-09-27T15:42:01.2551117Z SHELL= flock /workdir/openwrt/tmp/.root-copy.flock -c 'cp -fpR /workdir/openwrt/build_dir/target-aarch64_generic_musl/luci-app-openclash/.pkgdir/luci-app-openclash/. /workdir/openwrt/staging_dir/target-aarch64_generic_musl/root-armsr/'
build	Compile debug	2026-09-27T15:42:01.3594699Z touch /workdir/openwrt/staging_dir/target-aarch64_generic_musl/root-armsr/stamp/.luci-app-openclash_installed
build	Compile debug	2026-09-27T15:42:01.3625094Z echo "luci-app-openclash" >> /workdir/openwrt/staging_dir/target-aarch64_generic_musl/pkginfo/luci-app-openclash.default.install
build	Compile debug	2026-09-27T15:42:01.3672477Z make[3]: Leaving directory '/workdir/openwrt/package/luci-app-openclash'
build	Compile debug	2026-09-27T15:42:01.3680520Z time: package/luci-app-openclash/compile#0.14#0.13#0.32
build	Compile debug	2026-09-27T15:42:01.3819062Z make[3]: Entering directory '/workdir/openwrt/package/openlist2'
build	Compile debug	2026-09-27T15:42:01.3871978Z bash: line 1: /workdir/openwrt/staging_dir/hostpkg/bin/go: No such file or directory
build	Compile debug	2026-09-27T15:42:01.5337643Z mkdir -p /workdir/openwrt/staging_dir/target-aarch64_generic_musl/root-armsr/stamp
build	Compile debug	2026-09-27T15:42:01.5372292Z SHELL= flock /workdir/openwrt/tmp/.root-copy.flock -c 'cp -fpR /workdir/openwrt/build_dir/target-aarch64_generic_musl/OpenList-4.2.6/.pkgdir/openlist2/. /workdir/openwrt/staging_dir/target-aarch64_generic_musl/root-armsr/'
build	Compile debug	2026-09-27T15:42:01.7591182Z touch /workdir/openwrt/staging_dir/target-aarch64_generic_musl/root-armsr/stamp/.openlist2_installed
build	Compile debug	2026-09-27T15:42:01.7622507Z echo "openlist2" >> /workdir/openwrt/staging_dir/target-aarch64_generic_musl/pkginfo/openlist2.default.install
build	Compile debug	2026-09-27T15:42:01.7655091Z make[3]: Leaving directory '/workdir/openwrt/package/openlist2'
build	Compile debug	2026-09-27T15:42:01.7667622Z time: package/openlist2/compile#0.09#0.23#0.39
build	Compile debug	2026-09-27T15:42:01.8085485Z make[3]: Entering directory '/workdir/openwrt/package/luci-app-openlist2'
build	Compile debug	2026-09-27T15:42:01.8747336Z mkdir -p /workdir/openwrt/staging_dir/target-aarch64_generic_musl/root-armsr/stamp
build	Compile debug	2026-09-27T15:42:01.8782125Z SHELL= flock /workdir/openwrt/tmp/.root-copy.flock -c 'cp -fpR /workdir/openwrt/build_dir/target-aarch64_generic_musl/luci-app-openlist2/.pkgdir/luci-app-openlist2/. /workdir/openwrt/staging_dir/target-aarch64_generic_musl/root-armsr/'
build	Compile debug	2026-09-27T15:42:01.8844146Z touch /workdir/openwrt/staging_dir/target-aarch64_generic_musl/root-armsr/stamp/.luci-app-openlist2_installed
build	Compile debug	2026-09-27T15:42:01.8870888Z echo "luci-app-openlist2" >> /workdir/openwrt/staging_dir/target-aarch64_generic_musl/pkginfo/luci-app-openlist2.default.install
build	Compile debug	2026-09-27T15:42:01.8897180Z mkdir -p /workdir/openwrt/staging_dir/target-aarch64_generic_musl/root-armsr/stamp
build	Compile debug	2026-09-27T15:42:01.8930781Z SHELL= flock /workdir/openwrt/tmp/.root-copy.flock -c 'cp -fpR /workdir/openwrt/build_dir/target-aarch64_generic_musl/luci-app-openlist2/.pkgdir/luci-i18n-openlist2-zh-cn/. /workdir/openwrt/staging_dir/target-aarch64_generic_musl/root-armsr/'
build	Compile debug	2026-09-27T15:42:01.8982669Z touch /workdir/openwrt/staging_dir/target-aarch64_generic_musl/root-armsr/stamp/.luci-i18n-openlist2-zh-cn_installed
build	Compile debug	2026-09-27T15:42:01.9009440Z echo "luci-i18n-openlist2-zh-cn" >> /workdir/openwrt/staging_dir/target-aarch64_generic_musl/pkginfo/luci-app-openlist2.default.install
build	Compile debug	2026-09-27T15:42:01.9033968Z make[3]: Leaving directory '/workdir/openwrt/package/luci-app-openlist2'
build	Compile debug	2026-09-27T15:42:01.9043336Z time: package/luci-app-openlist2/compile#0.06#0.06#0.13
build	Compile debug	2026-09-27T15:42:01.9461594Z make[3]: Entering directory '/workdir/openwrt/package/luci-app-oxidns'
build	Compile debug	2026-09-27T15:42:02.0170070Z mkdir -p /workdir/openwrt/staging_dir/target-aarch64_generic_musl/root-armsr/stamp
build	Compile debug	2026-09-27T15:42:02.0204443Z SHELL= flock /workdir/openwrt/tmp/.root-copy.flock -c 'cp -fpR /workdir/openwrt/build_dir/target-aarch64_generic_musl/luci-app-oxidns/.pkgdir/luci-app-oxidns/. /workdir/openwrt/staging_dir/target-aarch64_generic_musl/root-armsr/'
build	Compile debug	2026-09-27T15:42:02.0385113Z touch /workdir/openwrt/staging_dir/target-aarch64_generic_musl/root-armsr/stamp/.luci-app-oxidns_installed
build	Compile debug	2026-09-27T15:42:02.0415314Z echo "luci-app-oxidns" >> /workdir/openwrt/staging_dir/target-aarch64_generic_musl/pkginfo/luci-app-oxidns.default.install
build	Compile debug	2026-09-27T15:42:02.0450914Z mkdir -p /workdir/openwrt/staging_dir/target-aarch64_generic_musl/root-armsr/stamp
build	Compile debug	2026-09-27T15:42:02.0488607Z SHELL= flock /workdir/openwrt/tmp/.root-copy.flock -c 'cp -fpR /workdir/openwrt/build_dir/target-aarch64_generic_musl/luci-app-oxidns/.pkgdir/luci-i18n-oxidns-zh-cn/. /workdir/openwrt/staging_dir/target-aarch64_generic_musl/root-armsr/'
build	Compile debug	2026-09-27T15:42:02.0542821Z touch /workdir/openwrt/staging_dir/target-aarch64_generic_musl/root-armsr/stamp/.luci-i18n-oxidns-zh-cn_installed
build	Compile debug	2026-09-27T15:42:02.0571356Z echo "luci-i18n-oxidns-zh-cn" >> /workdir/openwrt/staging_dir/target-aarch64_generic_musl/pkginfo/luci-app-oxidns.default.install
build	Compile debug	2026-09-27T15:42:02.0598863Z make[3]: Leaving directory '/workdir/openwrt/package/luci-app-oxidns'
build	Compile debug	2026-09-27T15:42:02.0611934Z time: package/luci-app-oxidns/compile#0.06#0.07#0.15
build	Compile debug	2026-09-27T15:42:02.1067081Z make[3]: Entering directory '/workdir/openwrt/package/network/utils/resolveip'
build	Compile debug	2026-09-27T15:42:02.2668449Z mkdir -p /workdir/openwrt/staging_dir/target-aarch64_generic_musl/root-armsr/stamp
build	Compile debug	2026-09-27T15:42:02.2703012Z SHELL= flock /workdir/openwrt/tmp/.root-copy.flock -c 'cp -fpR /workdir/openwrt/build_dir/target-aarch64_generic_musl/resolveip/.pkgdir/resolveip/. /workdir/openwrt/staging_dir/target-aarch64_generic_musl/root-armsr/'
build	Compile debug	2026-09-27T15:42:02.2753795Z touch /workdir/openwrt/staging_dir/target-aarch64_generic_musl/root-armsr/stamp/.resolveip_installed
build	Compile debug	2026-09-27T15:42:02.2781699Z echo "resolveip" >> /workdir/openwrt/staging_dir/target-aarch64_generic_musl/pkginfo/resolveip.default.install
build	Compile debug	2026-09-27T15:42:02.2808172Z make[3]: Leaving directory '/workdir/openwrt/package/network/utils/resolveip'
build	Compile debug	2026-09-27T15:42:02.2817056Z time: package/network/utils/resolveip/compile#0.14#0.07#0.21
build	Compile debug	2026-09-27T15:42:02.3232484Z make[3]: Entering directory '/workdir/openwrt/package/openwrt-passwall-packages/chinadns-ng'
build	Compile debug	2026-09-27T15:42:02.3871876Z mkdir -p /workdir/openwrt/staging_dir/target-aarch64_generic_musl/root-armsr/stamp
build	Compile debug	2026-09-27T15:42:02.3905416Z SHELL= flock /workdir/openwrt/tmp/.root-copy.flock -c 'cp -fpR /workdir/openwrt/build_dir/target-aarch64_generic_musl/chinadns-ng-2025.08.09/.pkgdir/chinadns-ng/. /workdir/openwrt/staging_dir/target-aarch64_generic_musl/root-armsr/'
build	Compile debug	2026-09-27T15:42:02.3969949Z touch /workdir/openwrt/staging_dir/target-aarch64_generic_musl/root-armsr/stamp/.chinadns-ng_installed
build	Compile debug	2026-09-27T15:42:02.3996423Z echo "chinadns-ng" >> /workdir/openwrt/staging_dir/target-aarch64_generic_musl/pkginfo/chinadns-ng.default.install
build	Compile debug	2026-09-27T15:42:02.4021904Z make[3]: Leaving directory '/workdir/openwrt/package/openwrt-passwall-packages/chinadns-ng'
build	Compile debug	2026-09-27T15:42:02.4030974Z time: package/openwrt-passwall-packages/chinadns-ng/compile#0.05#0.06#0.11
build	Compile debug	2026-09-27T15:42:02.4456204Z make[3]: Entering directory '/workdir/openwrt/package/openwrt-passwall-packages/dns2socks'
build	Compile debug	2026-09-27T15:42:02.5079771Z mkdir -p /workdir/openwrt/staging_dir/target-aarch64_generic_musl/root-armsr/stamp
build	Compile debug	2026-09-27T15:42:02.5113687Z SHELL= flock /workdir/openwrt/tmp/.root-copy.flock -c 'cp -fpR /workdir/openwrt/build_dir/target-aarch64_generic_musl/dns2socks-2.1/.pkgdir/dns2socks/. /workdir/openwrt/staging_dir/target-aarch64_generic_musl/root-armsr/'
build	Compile debug	2026-09-27T15:42:02.5164809Z touch /workdir/openwrt/staging_dir/target-aarch64_generic_musl/root-armsr/stamp/.dns2socks_installed
build	Compile debug	2026-09-27T15:42:02.5191846Z echo "dns2socks" >> /workdir/openwrt/staging_dir/target-aarch64_generic_musl/pkginfo/dns2socks.default.install
build	Compile debug	2026-09-27T15:42:02.5219963Z make[3]: Leaving directory '/workdir/openwrt/package/openwrt-passwall-packages/dns2socks'
build	Compile debug	2026-09-27T15:42:02.5229157Z time: package/openwrt-passwall-packages/dns2socks/compile#0.06#0.04#0.11
build	Compile debug	2026-09-27T15:42:02.5647250Z make[3]: Entering directory '/workdir/openwrt/package/openwrt-passwall-packages/microsocks'
build	Compile debug	2026-09-27T15:42:02.6295713Z mkdir -p /workdir/openwrt/staging_dir/target-aarch64_generic_musl/root-armsr/stamp
build	Compile debug	2026-09-27T15:42:02.6339794Z SHELL= flock /workdir/openwrt/tmp/.root-copy.flock -c 'cp -fpR /workdir/openwrt/build_dir/target-aarch64_generic_musl/microsocks-1.0.5/.pkgdir/microsocks/. /workdir/openwrt/staging_dir/target-aarch64_generic_musl/root-armsr/'
build	Compile debug	2026-09-27T15:42:02.6391004Z touch /workdir/openwrt/staging_dir/target-aarch64_generic_musl/root-armsr/stamp/.microsocks_installed
build	Compile debug	2026-09-27T15:42:02.6418785Z echo "microsocks" >> /workdir/openwrt/staging_dir/target-aarch64_generic_musl/pkginfo/microsocks.default.install
build	Compile debug	2026-09-27T15:42:02.6454304Z make[3]: Leaving directory '/workdir/openwrt/package/openwrt-passwall-packages/microsocks'
build	Compile debug	2026-09-27T15:42:02.6465329Z time: package/openwrt-passwall-packages/microsocks/compile#0.06#0.05#0.11
build	Compile debug	2026-09-27T15:42:02.6934684Z make[3]: Entering directory '/workdir/openwrt/package/openwrt-passwall-packages/tcping'
build	Compile debug	2026-09-27T15:42:02.7580512Z mkdir -p /workdir/openwrt/staging_dir/target-aarch64_generic_musl/root-armsr/stamp
build	Compile debug	2026-09-27T15:42:02.7615006Z SHELL= flock /workdir/openwrt/tmp/.root-copy.flock -c 'cp -fpR /workdir/openwrt/build_dir/target-aarch64_generic_musl/tcping-0.3/.pkgdir/tcping/. /workdir/openwrt/staging_dir/target-aarch64_generic_musl/root-armsr/'
build	Compile debug	2026-09-27T15:42:02.7662912Z touch /workdir/openwrt/staging_dir/target-aarch64_generic_musl/root-armsr/stamp/.tcping_installed
build	Compile debug	2026-09-27T15:42:02.7689764Z echo "tcping" >> /workdir/openwrt/staging_dir/target-aarch64_generic_musl/pkginfo/tcping.default.install
build	Compile debug	2026-09-27T15:42:02.7716843Z make[3]: Leaving directory '/workdir/openwrt/package/openwrt-passwall-packages/tcping'
build	Compile debug	2026-09-27T15:42:02.7725892Z time: package/openwrt-passwall-packages/tcping/compile#0.05#0.06#0.12
build	Compile debug	2026-09-27T15:42:02.8145411Z make[3]: Entering directory '/workdir/openwrt/package/luci-app-passwall'
build	Compile debug	2026-09-27T15:42:02.8817595Z mkdir -p /workdir/openwrt/staging_dir/target-aarch64_generic_musl/root-armsr/stamp
build	Compile debug	2026-09-27T15:42:02.8851834Z SHELL= flock /workdir/openwrt/tmp/.root-copy.flock -c 'cp -fpR /workdir/openwrt/build_dir/target-aarch64_generic_musl/luci-app-passwall/.pkgdir/luci-app-passwall/. /workdir/openwrt/staging_dir/target-aarch64_generic_musl/root-armsr/'
build	Compile debug	2026-09-27T15:42:02.9081029Z touch /workdir/openwrt/staging_dir/target-aarch64_generic_musl/root-armsr/stamp/.luci-app-passwall_installed
build	Compile debug	2026-09-27T15:42:02.9107682Z echo "luci-app-passwall" >> /workdir/openwrt/staging_dir/target-aarch64_generic_musl/pkginfo/luci-app-passwall.default.install
build	Compile debug	2026-09-27T15:42:02.9135631Z mkdir -p /workdir/openwrt/staging_dir/target-aarch64_generic_musl/root-armsr/stamp
build	Compile debug	2026-09-27T15:42:02.9169116Z SHELL= flock /workdir/openwrt/tmp/.root-copy.flock -c 'cp -fpR /workdir/openwrt/build_dir/target-aarch64_generic_musl/luci-app-passwall/.pkgdir/luci-i18n-passwall-zh-cn/. /workdir/openwrt/staging_dir/target-aarch64_generic_musl/root-armsr/'
build	Compile debug	2026-09-27T15:42:02.9226508Z touch /workdir/openwrt/staging_dir/target-aarch64_generic_musl/root-armsr/stamp/.luci-i18n-passwall-zh-cn_installed
build	Compile debug	2026-09-27T15:42:02.9253223Z echo "luci-i18n-passwall-zh-cn" >> /workdir/openwrt/staging_dir/target-aarch64_generic_musl/pkginfo/luci-app-passwall.default.install
build	Compile debug	2026-09-27T15:42:02.9279202Z make[3]: Leaving directory '/workdir/openwrt/package/luci-app-passwall'
build	Compile debug	2026-09-27T15:42:02.9287077Z time: package/luci-app-passwall/compile#0.07#0.07#0.15
build	Compile debug	2026-09-27T15:42:02.9696278Z make[3]: Entering directory '/workdir/openwrt/package/openwrt-passwall-packages/geoview'
build	Compile debug	2026-09-27T15:42:03.0350337Z mkdir -p /workdir/openwrt/staging_dir/target-aarch64_generic_musl/root-armsr/stamp
build	Compile debug	2026-09-27T15:42:03.0384509Z SHELL= flock /workdir/openwrt/tmp/.root-copy.flock -c 'cp -fpR /workdir/openwrt/build_dir/target-aarch64_generic_musl/geoview-0.2.6/.pkgdir/geoview/. /workdir/openwrt/staging_dir/target-aarch64_generic_musl/root-armsr/'
build	Compile debug	2026-09-27T15:42:03.0539198Z touch /workdir/openwrt/staging_dir/target-aarch64_generic_musl/root-armsr/stamp/.geoview_installed
build	Compile debug	2026-09-27T15:42:03.0567387Z echo "geoview" >> /workdir/openwrt/staging_dir/target-aarch64_generic_musl/pkginfo/geoview.default.install
build	Compile debug	2026-09-27T15:42:03.0595079Z make[3]: Leaving directory '/workdir/openwrt/package/openwrt-passwall-packages/geoview'
build	Compile debug	2026-09-27T15:42:03.0603930Z time: package/openwrt-passwall-packages/geoview/compile#0.06#0.05#0.12
build	Compile debug	2026-09-27T15:42:03.1030972Z make[3]: Entering directory '/workdir/openwrt/package/luci-app-passwall2'
build	Compile debug	2026-09-27T15:42:03.1712793Z mkdir -p /workdir/openwrt/staging_dir/target-aarch64_generic_musl/root-armsr/stamp
build	Compile debug	2026-09-27T15:42:03.1745881Z SHELL= flock /workdir/openwrt/tmp/.root-copy.flock -c 'cp -fpR /workdir/openwrt/build_dir/target-aarch64_generic_musl/luci-app-passwall2/.pkgdir/luci-app-passwall2/. /workdir/openwrt/staging_dir/target-aarch64_generic_musl/root-armsr/'
build	Compile debug	2026-09-27T15:42:03.1976926Z touch /workdir/openwrt/staging_dir/target-aarch64_generic_musl/root-armsr/stamp/.luci-app-passwall2_installed
build	Compile debug	2026-09-27T15:42:03.2004361Z echo "luci-app-passwall2" >> /workdir/openwrt/staging_dir/target-aarch64_generic_musl/pkginfo/luci-app-passwall2.default.install
build	Compile debug	2026-09-27T15:42:03.2033773Z mkdir -p /workdir/openwrt/staging_dir/target-aarch64_generic_musl/root-armsr/stamp
build	Compile debug	2026-09-27T15:42:03.2068534Z SHELL= flock /workdir/openwrt/tmp/.root-copy.flock -c 'cp -fpR /workdir/openwrt/build_dir/target-aarch64_generic_musl/luci-app-passwall2/.pkgdir/luci-i18n-passwall2-zh-cn/. /workdir/openwrt/staging_dir/target-aarch64_generic_musl/root-armsr/'
build	Compile debug	2026-09-27T15:42:03.2117155Z touch /workdir/openwrt/staging_dir/target-aarch64_generic_musl/root-armsr/stamp/.luci-i18n-passwall2-zh-cn_installed
build	Compile debug	2026-09-27T15:42:03.2143251Z echo "luci-i18n-passwall2-zh-cn" >> /workdir/openwrt/staging_dir/target-aarch64_generic_musl/pkginfo/luci-app-passwall2.default.install
build	Compile debug	2026-09-27T15:42:03.2168613Z make[3]: Leaving directory '/workdir/openwrt/package/luci-app-passwall2'
build	Compile debug	2026-09-27T15:42:03.2177704Z time: package/luci-app-passwall2/compile#0.06#0.07#0.15
build	Compile debug	2026-09-27T15:42:03.2306574Z make[3]: Entering directory '/workdir/openwrt/package/luci-app-pushbot'
build	Compile debug	2026-09-27T15:42:03.3008993Z touch /workdir/openwrt/build_dir/target-aarch64_generic_musl/luci-app-pushbot/.prepared_08bb59037c4b7334fc7666e80ad939df_6664517399ebbbc92a37c5bb081b5c53_check
build	Compile debug	2026-09-27T15:42:03.3036091Z for d in luasrc ucode htdocs root src; do if [ -d ./$d ]; then mkdir -p /workdir/openwrt/build_dir/target-aarch64_generic_musl/luci-app-pushbot/$d; cp -fpR ./$d/* /workdir/openwrt/build_dir/target-aarch64_generic_musl/luci-app-pushbot/$d/; fi; done
build	Compile debug	2026-09-27T15:42:03.3172941Z true
build	Compile debug	2026-09-27T15:42:03.3193314Z find /workdir/openwrt/build_dir/target-aarch64_generic_musl/luci-app-pushbot -mindepth 1 -type f -not -name '.*' -not -name 'version.date' -printf '%T@\n' 2>/dev/null | cut -d. -f1 | sort -n | tail -n1 > /workdir/openwrt/build_dir/target-aarch64_generic_musl/luci-app-pushbot/version.date
build	Compile debug	2026-09-27T15:42:03.3235165Z [ ! -d ./src/ ] || cp -fpR ./src/. /workdir/openwrt/build_dir/target-aarch64_generic_musl/luci-app-pushbot
build	Compile debug	2026-09-27T15:42:03.3274347Z touch /workdir/openwrt/build_dir/target-aarch64_generic_musl/luci-app-pushbot/.prepared_08bb59037c4b7334fc7666e80ad939df_6664517399ebbbc92a37c5bb081b5c53
build	Compile debug	2026-09-27T15:42:03.3300679Z rm -f /workdir/openwrt/build_dir/target-aarch64_generic_musl/luci-app-pushbot/.configured_*
build	Compile debug	2026-09-27T15:42:03.3336506Z rm -f /workdir/openwrt/staging_dir/target-aarch64_generic_musl/stamp/.luci-app-pushbot_installed
build	Compile debug	2026-09-27T15:42:03.3385195Z touch /workdir/openwrt/build_dir/target-aarch64_generic_musl/luci-app-pushbot/.configured_98715a68001fc082a2454d67bd205c32
build	Compile debug	2026-09-27T15:42:03.3520459Z rm -f /workdir/openwrt/build_dir/target-aarch64_generic_musl/luci-app-pushbot/.built
build	Compile debug	2026-09-27T15:42:03.3554064Z touch /workdir/openwrt/build_dir/target-aarch64_generic_musl/luci-app-pushbot/.built_check
build	Compile debug	2026-09-27T15:42:03.3580554Z touch /workdir/openwrt/build_dir/target-aarch64_generic_musl/luci-app-pushbot/.built
build	Compile debug	2026-09-27T15:42:03.3878983Z rm -rf /workdir/openwrt/build_dir/target-aarch64_generic_musl/luci-app-pushbot/ipkg-all/luci-app-pushbot
build	Compile debug	2026-09-27T15:42:03.3914779Z /workdir/openwrt/scripts/ipkg-remove luci-app-pushbot /workdir/openwrt/bin/packages/aarch64_generic/base/luci-app-pushbot-6.00-r35.apk
build	Compile debug	2026-09-27T15:42:03.3960599Z removed '/workdir/openwrt/bin/packages/aarch64_generic/base/luci-app-pushbot-6.00-r35.apk'
build	Compile debug	2026-09-27T15:42:03.3964072Z mkdir -p /workdir/openwrt/bin/targets/armsr/armv8/packages /workdir/openwrt/build_dir/target-aarch64_generic_musl/luci-app-pushbot/ipkg-all/luci-app-pushbot /workdir/openwrt/staging_dir/target-aarch64_generic_musl/pkginfo
build	Compile debug	2026-09-27T15:42:03.3993876Z install -d -m0755 /workdir/openwrt/build_dir/target-aarch64_generic_musl/luci-app-pushbot/ipkg-all/luci-app-pushbot/usr/share/ucode/luci
build	Compile debug	2026-09-27T15:42:03.4026556Z cp -pR /workdir/openwrt/build_dir/target-aarch64_generic_musl/luci-app-pushbot/ucode/* /workdir/openwrt/build_dir/target-aarch64_generic_musl/luci-app-pushbot/ipkg-all/luci-app-pushbot/usr/share/ucode/luci/
build	Compile debug	2026-09-27T15:42:03.4064168Z find /workdir/openwrt/build_dir/target-aarch64_generic_musl/luci-app-pushbot/ipkg-all/luci-app-pushbot/usr/share/ucode/luci/ -type f -name '*.htm' | while read src; do /workdir/openwrt/staging_dir/host/bin/sed -i -e 's/<%# *\([^ ]*\)PKG_VERSION *%>/\16.00/g' -e 's/"\(<%= *\(media\|resource\) *%>[^"]*\.\(js\|css\)\)"/"\1?v=6.00"/g' "$src"; done; find /workdir/openwrt/build_dir/target-aarch64_generic_musl/luci-app-pushbot/ipkg-all/luci-app-pushbot/usr/share/ucode/luci/ -type f -name '*.ut' | while read src; do /workdir/openwrt/staging_dir/host/bin/sed -i -e 's/{# *\([^ ]*\)PKG_VERSION *#}/\16.00/g' -e 's/"\({{ *\(media\|resource\) *}}[^"]*\.\(js\|css\)\)"/"\1?v=6.00"/g' "$src"; done
build	Compile debug	2026-09-27T15:42:03.4139091Z find /workdir/openwrt/build_dir/target-aarch64_generic_musl/luci-app-pushbot/ipkg-all/luci-app-pushbot/usr/share/ucode/luci/ -type f -name '*.ut' | while read src; do ucode -T, -s -cno-interp,dynlink=luci.core,dynlink=digest,dynlink=log,dynlink=nl80211,dynlink=resolv,dynlink=rtnl,dynlink=ubus,dynlink=uci,dynlink=uloop -o "$src.o" "$src" || exit 1; mv "$src.o" "$src" && chmod 0644 "$src"; done
build	Compile debug	2026-09-27T15:42:03.4291690Z install -d -m0755 /workdir/openwrt/build_dir/target-aarch64_generic_musl/luci-app-pushbot/ipkg-all/luci-app-pushbot/
build	Compile debug	2026-09-27T15:42:03.4321627Z cp -pR /workdir/openwrt/build_dir/target-aarch64_generic_musl/luci-app-pushbot/root/* /workdir/openwrt/build_dir/target-aarch64_generic_musl/luci-app-pushbot/ipkg-all/luci-app-pushbot/
build	Compile debug	2026-09-27T15:42:03.4375064Z find /workdir/openwrt/build_dir/target-aarch64_generic_musl/luci-app-pushbot/ipkg-all/luci-app-pushbot -name '.svn' -o -name '.#*' -o -name '*~'| xargs -r rm -rf
build	Compile debug	2026-09-27T15:42:03.5315207Z export CROSS="aarch64-openwrt-linux-musl-"  NO_RENAME=1 ; NM="aarch64-openwrt-linux-musl-nm" STRIP="/workdir/openwrt/staging_dir/host/bin/sstrip -z" STRIP_KMOD="/workdir/openwrt/scripts/strip-kmod.sh" PATCHELF="/workdir/openwrt/staging_dir/host/bin/patchelf" /workdir/openwrt/scripts/rstrip.sh /workdir/openwrt/build_dir/target-aarch64_generic_musl/luci-app-pushbot/ipkg-all/luci-app-pushbot
build	Compile debug	2026-09-27T15:42:03.6037353Z install -d -m0755 /workdir/openwrt/bin/packages/aarch64_generic/base
build	Compile debug	2026-09-27T15:42:03.6068467Z mkdir -p /workdir/openwrt/build_dir/target-aarch64_generic_musl/luci-app-pushbot/apk-all/luci-app-pushbot/
build	Compile debug	2026-09-27T15:42:03.6099295Z mkdir -p /workdir/openwrt/build_dir/target-aarch64_generic_musl/luci-app-pushbot/ipkg-all/luci-app-pushbot/lib/apk/packages/
build	Compile debug	2026-09-27T15:42:03.6129359Z (cd /workdir/openwrt/build_dir/target-aarch64_generic_musl/luci-app-pushbot/apk-all/luci-app-pushbot; echo "$V_Package_luci_app_pushbot_conffiles" > conffiles;  echo "$V_Package_luci_app_pushbot_postinst" > postinst-pkg; chmod 0755 postinst-pkg;)
build	Compile debug	2026-09-27T15:42:03.6167814Z ( echo "#!/bin/sh"; echo "[ \"\${IPKG_NO_SCRIPT}\" = \"1\" ] && exit 0"; echo "[ -s "\${IPKG_INSTROOT}/lib/functions.sh" ] || exit 0"; echo ". \${IPKG_INSTROOT}/lib/functions.sh"; echo 'export root="${IPKG_INSTROOT}"'; echo 'export pkgname="luci-app-pushbot"'; echo "add_group_and_user"; echo "default_postinst"; [ ! -f /workdir/openwrt/build_dir/target-aarch64_generic_musl/luci-app-pushbot/apk-all/luci-app-pushbot/postinst-pkg ] || sed '/^\s*#!/d' "/workdir/openwrt/build_dir/target-aarch64_generic_musl/luci-app-pushbot/apk-all/luci-app-pushbot/postinst-pkg"; ) > /workdir/openwrt/build_dir/target-aarch64_generic_musl/luci-app-pushbot/apk-all/luci-app-pushbot/post-install;
build	Compile debug	2026-09-27T15:42:03.6202370Z ( echo "#!/bin/sh"; echo 'export PKG_UPGRADE=1'; [ ! -f /workdir/openwrt/build_dir/target-aarch64_generic_musl/luci-app-pushbot/apk-all/luci-app-pushbot/post-install ] || sed '/^\s*#!/d' "/workdir/openwrt/build_dir/target-aarch64_generic_musl/luci-app-pushbot/apk-all/luci-app-pushbot/post-install"; ) > /workdir/openwrt/build_dir/target-aarch64_generic_musl/luci-app-pushbot/apk-all/luci-app-pushbot/post-upgrade;
build	Compile debug	2026-09-27T15:42:03.6241544Z ( echo "#!/bin/sh"; echo "[ -s "\${IPKG_INSTROOT}/lib/functions.sh" ] || exit 0"; echo ". \${IPKG_INSTROOT}/lib/functions.sh"; echo 'export root="${IPKG_INSTROOT}"'; echo 'export pkgname="luci-app-pushbot"'; echo "default_prerm"; [ ! -f /workdir/openwrt/build_dir/target-aarch64_generic_musl/luci-app-pushbot/apk-all/luci-app-pushbot/prerm-pkg ] || sed '/^\s*#!/d' "/workdir/openwrt/build_dir/target-aarch64_generic_musl/luci-app-pushbot/apk-all/luci-app-pushbot/prerm-pkg"; ) > /workdir/openwrt/build_dir/target-aarch64_generic_musl/luci-app-pushbot/apk-all/luci-app-pushbot/pre-deinstall;
build	Compile debug	2026-09-27T15:42:03.6264359Z [ ! -f /workdir/openwrt/build_dir/target-aarch64_generic_musl/luci-app-pushbot/apk-all/luci-app-pushbot/postrm ] || sed -zi 's/^\s*#!/#!/' "/workdir/openwrt/build_dir/target-aarch64_generic_musl/luci-app-pushbot/apk-all/luci-app-pushbot/postrm";
build	Compile debug	2026-09-27T15:42:03.6283696Z if [ -n "" ]; then echo  > /workdir/openwrt/build_dir/target-aarch64_generic_musl/luci-app-pushbot/ipkg-all/luci-app-pushbot/lib/apk/packages/luci-app-pushbot.rusers; fi;
build	Compile debug	2026-09-27T15:42:03.6303358Z if [ -n "" ]; then echo  > /workdir/openwrt/build_dir/target-aarch64_generic_musl/luci-app-pushbot/ipkg-all/luci-app-pushbot/lib/apk/packages/luci-app-pushbot.alternatives; fi;
build	Compile debug	2026-09-27T15:42:03.6323819Z (cd /workdir/openwrt/build_dir/target-aarch64_generic_musl/luci-app-pushbot/ipkg-all/luci-app-pushbot && find . -type f,l -printf "/%P\n" | sort > /workdir/openwrt/tmp/luci-app-pushbot.list && mv /workdir/openwrt/tmp/luci-app-pushbot.list /workdir/openwrt/build_dir/target-aarch64_generic_musl/luci-app-pushbot/ipkg-all/luci-app-pushbot/lib/apk/packages/luci-app-pushbot.list)
build	Compile debug	2026-09-27T15:42:03.6380813Z # Move conffiles to IDIR and build conffiles_static with csums
build	Compile debug	2026-09-27T15:42:03.6405161Z if [ -f /workdir/openwrt/build_dir/target-aarch64_generic_musl/luci-app-pushbot/apk-all/luci-app-pushbot/conffiles ]; then mv -f /workdir/openwrt/build_dir/target-aarch64_generic_musl/luci-app-pushbot/apk-all/luci-app-pushbot/conffiles /workdir/openwrt/build_dir/target-aarch64_generic_musl/luci-app-pushbot/ipkg-all/luci-app-pushbot/lib/apk/packages/luci-app-pushbot.conffiles; for file in $(cat /workdir/openwrt/build_dir/target-aarch64_generic_musl/luci-app-pushbot/ipkg-all/luci-app-pushbot/lib/apk/packages/luci-app-pushbot.conffiles); do [ -f /workdir/openwrt/build_dir/target-aarch64_generic_musl/luci-app-pushbot/ipkg-all/luci-app-pushbot/$file ] || continue; csum=$(/workdir/openwrt/staging_dir/host/bin/mkhash sha256 /workdir/openwrt/build_dir/target-aarch64_generic_musl/luci-app-pushbot/ipkg-all/luci-app-pushbot/$file); echo $file $csum >> /workdir/openwrt/build_dir/target-aarch64_generic_musl/luci-app-pushbot/ipkg-all/luci-app-pushbot/lib/apk/packages/luci-app-pushbot.conffiles_static; done; fi
build	Compile debug	2026-09-27T15:42:03.6496246Z # Some package (base-files) manually append stuff to conffiles
build	Compile debug	2026-09-27T15:42:03.6515697Z # Append stuff from it and delete the CONTROL directory since everything else should be migrated
build	Compile debug	2026-09-27T15:42:03.6541228Z if [ -f /workdir/openwrt/build_dir/target-aarch64_generic_musl/luci-app-pushbot/ipkg-all/luci-app-pushbot/CONTROL/conffiles ]; then echo $(IDIR_luci-app-pushbot)/CONTROL/conffiles >> /workdir/openwrt/build_dir/target-aarch64_generic_musl/luci-app-pushbot/ipkg-all/luci-app-pushbot/lib/apk/packages/luci-app-pushbot.conffiles; for file in $(cat /workdir/openwrt/build_dir/target-aarch64_generic_musl/luci-app-pushbot/ipkg-all/luci-app-pushbot/CONTROL/conffiles); do [ -f /workdir/openwrt/build_dir/target-aarch64_generic_musl/luci-app-pushbot/ipkg-all/luci-app-pushbot/$file ] || continue; csum=$(/workdir/openwrt/staging_dir/host/bin/mkhash sha256 /workdir/openwrt/build_dir/target-aarch64_generic_musl/luci-app-pushbot/ipkg-all/luci-app-pushbot/$file); echo $file $csum >> /workdir/openwrt/build_dir/target-aarch64_generic_musl/luci-app-pushbot/ipkg-all/luci-app-pushbot/lib/apk/packages/luci-app-pushbot.conffiles_static; done; rm -rf /workdir/openwrt/build_dir/target-aarch64_generic_musl/luci-app-pushbot/ipkg-all/luci-app-pushbot/CONTROL/conffiles; fi
build	Compile debug	2026-09-27T15:42:03.6558374Z if [ -z "$(ls -A /workdir/openwrt/build_dir/target-aarch64_generic_musl/luci-app-pushbot/ipkg-all/luci-app-pushbot/CONTROL 2>/dev/null)" ]; then rm -rf /workdir/openwrt/build_dir/target-aarch64_generic_musl/luci-app-pushbot/ipkg-all/luci-app-pushbot/CONTROL; else echo "CONTROL directory /workdir/openwrt/build_dir/target-aarch64_generic_musl/luci-app-pushbot/ipkg-all/luci-app-pushbot/CONTROL is not empty! This is not right and should be checked!" >&2; exit 1; fi
build	Compile debug	2026-09-27T15:42:03.6613584Z SOURCE_DATE_EPOCH=0 /workdir/openwrt/staging_dir/host/bin/fakeroot /workdir/openwrt/staging_dir/host/bin/apk mkpkg --info "name:luci-app-pushbot" --info "version:6.00-r35" --info "tags:openwrt:section=luci" --info "description:LuCI support for Pushbot" --info "arch:noarch" --info "license:" --info "origin:feeds/base/luci-app-pushbot" --info "url:https://github.com/openwrt/luci" --info "maintainer:OpenWrt LuCI community" --info "provides:luci-app-pushbot-any"  --script "post-install:/workdir/openwrt/build_dir/target-aarch64_generic_musl/luci-app-pushbot/apk-all/luci-app-pushbot/post-install" --script "post-upgrade:/workdir/openwrt/build_dir/target-aarch64_generic_musl/luci-app-pushbot/apk-all/luci-app-pushbot/post-upgrade" --script "pre-deinstall:/workdir/openwrt/build_dir/target-aarch64_generic_musl/luci-app-pushbot/apk-all/luci-app-pushbot/pre-deinstall" --info "depends:ucode>=2026.02.27 libc luci-base iputils-arping curl jq" --files "/workdir/openwrt/build_dir/target-aarch64_generic_musl/luci-app-pushbot/ipkg-all/luci-app-pushbot" --sign /workdir/openwrt/private-key.pem --output "/workdir/openwrt/bin/packages/aarch64_generic/base/luci-app-pushbot-6.00-r35.apk"
build	Compile debug	2026-09-27T15:42:03.7219550Z rm -rf /workdir/openwrt/build_dir/target-aarch64_generic_musl/luci-app-pushbot/ipkg-all/luci-i18n-pushbot-zh-cn
build	Compile debug	2026-09-27T15:42:03.7258527Z /workdir/openwrt/scripts/ipkg-remove luci-i18n-pushbot-zh-cn /workdir/openwrt/bin/packages/aarch64_generic/base/luci-i18n-pushbot-zh-cn-6.00-r35.apk
build	Compile debug	2026-09-27T15:42:03.7304371Z removed '/workdir/openwrt/bin/packages/aarch64_generic/base/luci-i18n-pushbot-zh-cn-6.00-r35.apk'
build	Compile debug	2026-09-27T15:42:03.7309069Z mkdir -p /workdir/openwrt/bin/targets/armsr/armv8/packages /workdir/openwrt/build_dir/target-aarch64_generic_musl/luci-app-pushbot/ipkg-all/luci-i18n-pushbot-zh-cn /workdir/openwrt/staging_dir/target-aarch64_generic_musl/pkginfo
build	Compile debug	2026-09-27T15:42:03.7339249Z install -d -m0755 /workdir/openwrt/build_dir/target-aarch64_generic_musl/luci-app-pushbot/ipkg-all/luci-i18n-pushbot-zh-cn/etc/uci-defaults
build	Compile debug	2026-09-27T15:42:03.7371699Z echo "uci set luci.languages.zh_cn='简体中文 (Simplified Chinese)'; uci commit luci" > /workdir/openwrt/build_dir/target-aarch64_generic_musl/luci-app-pushbot/ipkg-all/luci-i18n-pushbot-zh-cn/etc/uci-defaults/luci-i18n-pushbot-zh-cn
build	Compile debug	2026-09-27T15:42:03.7390684Z install -d -m0755 /workdir/openwrt/build_dir/target-aarch64_generic_musl/luci-app-pushbot/ipkg-all/luci-i18n-pushbot-zh-cn/usr/lib/lua/luci/i18n
build	Compile debug	2026-09-27T15:42:03.7422771Z po2lmo /workdir/openwrt/package/luci-app-pushbot/po/zh_Hans/pushbot.po /workdir/openwrt/build_dir/target-aarch64_generic_musl/luci-app-pushbot/ipkg-all/luci-i18n-pushbot-zh-cn/usr/lib/lua/luci/i18n/pushbot.zh-cn.lmo;
build	Compile debug	2026-09-27T15:42:03.7552036Z find /workdir/openwrt/build_dir/target-aarch64_generic_musl/luci-app-pushbot/ipkg-all/luci-i18n-pushbot-zh-cn -name '.svn' -o -name '.#*' -o -name '*~'| xargs -r rm -rf
build	Compile debug	2026-09-27T15:42:03.7867321Z export CROSS="aarch64-openwrt-linux-musl-"  NO_RENAME=1 ; NM="aarch64-openwrt-linux-musl-nm" STRIP="/workdir/openwrt/staging_dir/host/bin/sstrip -z" STRIP_KMOD="/workdir/openwrt/scripts/strip-kmod.sh" PATCHELF="/workdir/openwrt/staging_dir/host/bin/patchelf" /workdir/openwrt/scripts/rstrip.sh /workdir/openwrt/build_dir/target-aarch64_generic_musl/luci-app-pushbot/ipkg-all/luci-i18n-pushbot-zh-cn
build	Compile debug	2026-09-27T15:42:03.7985861Z install -d -m0755 /workdir/openwrt/bin/packages/aarch64_generic/base
build	Compile debug	2026-09-27T15:42:03.8016560Z mkdir -p /workdir/openwrt/build_dir/target-aarch64_generic_musl/luci-app-pushbot/apk-all/luci-i18n-pushbot-zh-cn/
build	Compile debug	2026-09-27T15:42:03.8044711Z mkdir -p /workdir/openwrt/build_dir/target-aarch64_generic_musl/luci-app-pushbot/ipkg-all/luci-i18n-pushbot-zh-cn/lib/apk/packages/
build	Compile debug	2026-09-27T15:42:03.8074468Z (cd /workdir/openwrt/build_dir/target-aarch64_generic_musl/luci-app-pushbot/apk-all/luci-i18n-pushbot-zh-cn; )
build	Compile debug	2026-09-27T15:42:03.8101114Z ( echo "#!/bin/sh"; echo "[ \"\${IPKG_NO_SCRIPT}\" = \"1\" ] && exit 0"; echo "[ -s "\${IPKG_INSTROOT}/lib/functions.sh" ] || exit 0"; echo ". \${IPKG_INSTROOT}/lib/functions.sh"; echo 'export root="${IPKG_INSTROOT}"'; echo 'export pkgname="luci-i18n-pushbot-zh-cn"'; echo "add_group_and_user"; echo "default_postinst"; [ ! -f /workdir/openwrt/build_dir/target-aarch64_generic_musl/luci-app-pushbot/apk-all/luci-i18n-pushbot-zh-cn/postinst-pkg ] || sed '/^\s*#!/d' "/workdir/openwrt/build_dir/target-aarch64_generic_musl/luci-app-pushbot/apk-all/luci-i18n-pushbot-zh-cn/postinst-pkg"; ) > /workdir/openwrt/build_dir/target-aarch64_generic_musl/luci-app-pushbot/apk-all/luci-i18n-pushbot-zh-cn/post-install;
build	Compile debug	2026-09-27T15:42:03.8125083Z ( echo "#!/bin/sh"; echo 'export PKG_UPGRADE=1'; [ ! -f /workdir/openwrt/build_dir/target-aarch64_generic_musl/luci-app-pushbot/apk-all/luci-i18n-pushbot-zh-cn/post-install ] || sed '/^\s*#!/d' "/workdir/openwrt/build_dir/target-aarch64_generic_musl/luci-app-pushbot/apk-all/luci-i18n-pushbot-zh-cn/post-install"; ) > /workdir/openwrt/build_dir/target-aarch64_generic_musl/luci-app-pushbot/apk-all/luci-i18n-pushbot-zh-cn/post-upgrade;
build	Compile debug	2026-09-27T15:42:03.8161574Z ( echo "#!/bin/sh"; echo "[ -s "\${IPKG_INSTROOT}/lib/functions.sh" ] || exit 0"; echo ". \${IPKG_INSTROOT}/lib/functions.sh"; echo 'export root="${IPKG_INSTROOT}"'; echo 'export pkgname="luci-i18n-pushbot-zh-cn"'; echo "default_prerm"; [ ! -f /workdir/openwrt/build_dir/target-aarch64_generic_musl/luci-app-pushbot/apk-all/luci-i18n-pushbot-zh-cn/prerm-pkg ] || sed '/^\s*#!/d' "/workdir/openwrt/build_dir/target-aarch64_generic_musl/luci-app-pushbot/apk-all/luci-i18n-pushbot-zh-cn/prerm-pkg"; ) > /workdir/openwrt/build_dir/target-aarch64_generic_musl/luci-app-pushbot/apk-all/luci-i18n-pushbot-zh-cn/pre-deinstall;
build	Compile debug	2026-09-27T15:42:03.8184678Z [ ! -f /workdir/openwrt/build_dir/target-aarch64_generic_musl/luci-app-pushbot/apk-all/luci-i18n-pushbot-zh-cn/postrm ] || sed -zi 's/^\s*#!/#!/' "/workdir/openwrt/build_dir/target-aarch64_generic_musl/luci-app-pushbot/apk-all/luci-i18n-pushbot-zh-cn/postrm";
build	Compile debug	2026-09-27T15:42:03.8203610Z if [ -n "" ]; then echo  > /workdir/openwrt/build_dir/target-aarch64_generic_musl/luci-app-pushbot/ipkg-all/luci-i18n-pushbot-zh-cn/lib/apk/packages/luci-i18n-pushbot-zh-cn.rusers; fi;
build	Compile debug	2026-09-27T15:42:03.8222926Z if [ -n "" ]; then echo  > /workdir/openwrt/build_dir/target-aarch64_generic_musl/luci-app-pushbot/ipkg-all/luci-i18n-pushbot-zh-cn/lib/apk/packages/luci-i18n-pushbot-zh-cn.alternatives; fi;
build	Compile debug	2026-09-27T15:42:03.8242758Z (cd /workdir/openwrt/build_dir/target-aarch64_generic_musl/luci-app-pushbot/ipkg-all/luci-i18n-pushbot-zh-cn && find . -type f,l -printf "/%P\n" | sort > /workdir/openwrt/tmp/luci-i18n-pushbot-zh-cn.list && mv /workdir/openwrt/tmp/luci-i18n-pushbot-zh-cn.list /workdir/openwrt/build_dir/target-aarch64_generic_musl/luci-app-pushbot/ipkg-all/luci-i18n-pushbot-zh-cn/lib/apk/packages/luci-i18n-pushbot-zh-cn.list)
build	Compile debug	2026-09-27T15:42:03.8294579Z # Move conffiles to IDIR and build conffiles_static with csums
build	Compile debug	2026-09-27T15:42:03.8318096Z if [ -f /workdir/openwrt/build_dir/target-aarch64_generic_musl/luci-app-pushbot/apk-all/luci-i18n-pushbot-zh-cn/conffiles ]; then mv -f /workdir/openwrt/build_dir/target-aarch64_generic_musl/luci-app-pushbot/apk-all/luci-i18n-pushbot-zh-cn/conffiles /workdir/openwrt/build_dir/target-aarch64_generic_musl/luci-app-pushbot/ipkg-all/luci-i18n-pushbot-zh-cn/lib/apk/packages/luci-i18n-pushbot-zh-cn.conffiles; for file in $(cat /workdir/openwrt/build_dir/target-aarch64_generic_musl/luci-app-pushbot/ipkg-all/luci-i18n-pushbot-zh-cn/lib/apk/packages/luci-i18n-pushbot-zh-cn.conffiles); do [ -f /workdir/openwrt/build_dir/target-aarch64_generic_musl/luci-app-pushbot/ipkg-all/luci-i18n-pushbot-zh-cn/$file ] || continue; csum=$(/workdir/openwrt/staging_dir/host/bin/mkhash sha256 /workdir/openwrt/build_dir/target-aarch64_generic_musl/luci-app-pushbot/ipkg-all/luci-i18n-pushbot-zh-cn/$file); echo $file $csum >> /workdir/openwrt/build_dir/target-aarch64_generic_musl/luci-app-pushbot/ipkg-all/luci-i18n-pushbot-zh-cn/lib/apk/packages/luci-i18n-pushbot-zh-cn.conffiles_static; done; fi
build	Compile debug	2026-09-27T15:42:03.8333249Z # Some package (base-files) manually append stuff to conffiles
build	Compile debug	2026-09-27T15:42:03.8353031Z # Append stuff from it and delete the CONTROL directory since everything else should be migrated
build	Compile debug	2026-09-27T15:42:03.8375213Z if [ -f /workdir/openwrt/build_dir/target-aarch64_generic_musl/luci-app-pushbot/ipkg-all/luci-i18n-pushbot-zh-cn/CONTROL/conffiles ]; then echo $(IDIR_luci-i18n-pushbot-zh-cn)/CONTROL/conffiles >> /workdir/openwrt/build_dir/target-aarch64_generic_musl/luci-app-pushbot/ipkg-all/luci-i18n-pushbot-zh-cn/lib/apk/packages/luci-i18n-pushbot-zh-cn.conffiles; for file in $(cat /workdir/openwrt/build_dir/target-aarch64_generic_musl/luci-app-pushbot/ipkg-all/luci-i18n-pushbot-zh-cn/CONTROL/conffiles); do [ -f /workdir/openwrt/build_dir/target-aarch64_generic_musl/luci-app-pushbot/ipkg-all/luci-i18n-pushbot-zh-cn/$file ] || continue; csum=$(/workdir/openwrt/staging_dir/host/bin/mkhash sha256 /workdir/openwrt/build_dir/target-aarch64_generic_musl/luci-app-pushbot/ipkg-all/luci-i18n-pushbot-zh-cn/$file); echo $file $csum >> /workdir/openwrt/build_dir/target-aarch64_generic_musl/luci-app-pushbot/ipkg-all/luci-i18n-pushbot-zh-cn/lib/apk/packages/luci-i18n-pushbot-zh-cn.conffiles_static; done; rm -rf /workdir/openwrt/build_dir/target-aarch64_generic_musl/luci-app-pushbot/ipkg-all/luci-i18n-pushbot-zh-cn/CONTROL/conffiles; fi
build	Compile debug	2026-09-27T15:42:03.8393405Z if [ -z "$(ls -A /workdir/openwrt/build_dir/target-aarch64_generic_musl/luci-app-pushbot/ipkg-all/luci-i18n-pushbot-zh-cn/CONTROL 2>/dev/null)" ]; then rm -rf /workdir/openwrt/build_dir/target-aarch64_generic_musl/luci-app-pushbot/ipkg-all/luci-i18n-pushbot-zh-cn/CONTROL; else echo "CONTROL directory /workdir/openwrt/build_dir/target-aarch64_generic_musl/luci-app-pushbot/ipkg-all/luci-i18n-pushbot-zh-cn/CONTROL is not empty! This is not right and should be checked!" >&2; exit 1; fi
build	Compile debug	2026-09-27T15:42:03.8444438Z SOURCE_DATE_EPOCH=0 /workdir/openwrt/staging_dir/host/bin/fakeroot /workdir/openwrt/staging_dir/host/bin/apk mkpkg --info "name:luci-i18n-pushbot-zh-cn" --info "version:6.00-r35" --info "tags:openwrt:section=luci" --info "description:Translation for luci-app-pushbot - 简体中文 (Simplified Chinese)" --info "arch:noarch" --info "license:" --info "origin:feeds/base/luci-app-pushbot" --info "url:" --info "maintainer:tty228 <tty228@yeah.net>  zzsj0928" --info "provides:luci-i18n-pushbot-zh-cn-any"  --script "post-install:/workdir/openwrt/build_dir/target-aarch64_generic_musl/luci-app-pushbot/apk-all/luci-i18n-pushbot-zh-cn/post-install" --script "post-upgrade:/workdir/openwrt/build_dir/target-aarch64_generic_musl/luci-app-pushbot/apk-all/luci-i18n-pushbot-zh-cn/post-upgrade" --script "pre-deinstall:/workdir/openwrt/build_dir/target-aarch64_generic_musl/luci-app-pushbot/apk-all/luci-i18n-pushbot-zh-cn/pre-deinstall" --info "depends:libc luci-app-pushbot" --files "/workdir/openwrt/build_dir/target-aarch64_generic_musl/luci-app-pushbot/ipkg-all/luci-i18n-pushbot-zh-cn" --sign /workdir/openwrt/private-key.pem --output "/workdir/openwrt/bin/packages/aarch64_generic/base/luci-i18n-pushbot-zh-cn-6.00-r35.apk"
build	Compile debug	2026-09-27T15:42:03.8769301Z rm -rf /workdir/openwrt/build_dir/target-aarch64_generic_musl/luci-app-pushbot/.pkgdir/luci-app-pushbot.installed /workdir/openwrt/build_dir/target-aarch64_generic_musl/luci-app-pushbot/.pkgdir/luci-app-pushbot
build	Compile debug	2026-09-27T15:42:03.8802000Z mkdir -p /workdir/openwrt/build_dir/target-aarch64_generic_musl/luci-app-pushbot/.pkgdir/luci-app-pushbot
build	Compile debug	2026-09-27T15:42:03.8831830Z install -d -m0755 /workdir/openwrt/build_dir/target-aarch64_generic_musl/luci-app-pushbot/.pkgdir/luci-app-pushbot/usr/share/ucode/luci
build	Compile debug	2026-09-27T15:42:03.8863581Z cp -pR /workdir/openwrt/build_dir/target-aarch64_generic_musl/luci-app-pushbot/ucode/* /workdir/openwrt/build_dir/target-aarch64_generic_musl/luci-app-pushbot/.pkgdir/luci-app-pushbot/usr/share/ucode/luci/
build	Compile debug	2026-09-27T15:42:03.8901517Z find /workdir/openwrt/build_dir/target-aarch64_generic_musl/luci-app-pushbot/.pkgdir/luci-app-pushbot/usr/share/ucode/luci/ -type f -name '*.htm' | while read src; do /workdir/openwrt/staging_dir/host/bin/sed -i -e 's/<%# *\([^ ]*\)PKG_VERSION *%>/\16.00/g' -e 's/"\(<%= *\(media\|resource\) *%>[^"]*\.\(js\|css\)\)"/"\1?v=6.00"/g' "$src"; done; find /workdir/openwrt/build_dir/target-aarch64_generic_musl/luci-app-pushbot/.pkgdir/luci-app-pushbot/usr/share/ucode/luci/ -type f -name '*.ut' | while read src; do /workdir/openwrt/staging_dir/host/bin/sed -i -e 's/{# *\([^ ]*\)PKG_VERSION *#}/\16.00/g' -e 's/"\({{ *\(media\|resource\) *}}[^"]*\.\(js\|css\)\)"/"\1?v=6.00"/g' "$src"; done
build	Compile debug	2026-09-27T15:42:03.8975500Z find /workdir/openwrt/build_dir/target-aarch64_generic_musl/luci-app-pushbot/.pkgdir/luci-app-pushbot/usr/share/ucode/luci/ -type f -name '*.ut' | while read src; do ucode -T, -s -cno-interp,dynlink=luci.core,dynlink=digest,dynlink=log,dynlink=nl80211,dynlink=resolv,dynlink=rtnl,dynlink=ubus,dynlink=uci,dynlink=uloop -o "$src.o" "$src" || exit 1; mv "$src.o" "$src" && chmod 0644 "$src"; done
build	Compile debug	2026-09-27T15:42:03.9127377Z install -d -m0755 /workdir/openwrt/build_dir/target-aarch64_generic_musl/luci-app-pushbot/.pkgdir/luci-app-pushbot/
build	Compile debug	2026-09-27T15:42:03.9158330Z cp -pR /workdir/openwrt/build_dir/target-aarch64_generic_musl/luci-app-pushbot/root/* /workdir/openwrt/build_dir/target-aarch64_generic_musl/luci-app-pushbot/.pkgdir/luci-app-pushbot/
build	Compile debug	2026-09-27T15:42:03.9211397Z touch /workdir/openwrt/build_dir/target-aarch64_generic_musl/luci-app-pushbot/.pkgdir/luci-app-pushbot.installed
build	Compile debug	2026-09-27T15:42:03.9239246Z mkdir -p /workdir/openwrt/staging_dir/target-aarch64_generic_musl/root-armsr/stamp
build	Compile debug	2026-09-27T15:42:03.9274426Z SHELL= flock /workdir/openwrt/tmp/.root-copy.flock -c 'cp -fpR /workdir/openwrt/build_dir/target-aarch64_generic_musl/luci-app-pushbot/.pkgdir/luci-app-pushbot/. /workdir/openwrt/staging_dir/target-aarch64_generic_musl/root-armsr/'
build	Compile debug	2026-09-27T15:42:03.9347252Z touch /workdir/openwrt/staging_dir/target-aarch64_generic_musl/root-armsr/stamp/.luci-app-pushbot_installed
build	Compile debug	2026-09-27T15:42:03.9374016Z echo "luci-app-pushbot" >> /workdir/openwrt/staging_dir/target-aarch64_generic_musl/pkginfo/luci-app-pushbot.default.install
build	Compile debug	2026-09-27T15:42:03.9401374Z rm -rf /workdir/openwrt/build_dir/target-aarch64_generic_musl/luci-app-pushbot/.pkgdir/luci-i18n-pushbot-zh-cn.installed /workdir/openwrt/build_dir/target-aarch64_generic_musl/luci-app-pushbot/.pkgdir/luci-i18n-pushbot-zh-cn
build	Compile debug	2026-09-27T15:42:03.9431996Z mkdir -p /workdir/openwrt/build_dir/target-aarch64_generic_musl/luci-app-pushbot/.pkgdir/luci-i18n-pushbot-zh-cn
build	Compile debug	2026-09-27T15:42:03.9461595Z install -d -m0755 /workdir/openwrt/build_dir/target-aarch64_generic_musl/luci-app-pushbot/.pkgdir/luci-i18n-pushbot-zh-cn/etc/uci-defaults
build	Compile debug	2026-09-27T15:42:03.9494036Z echo "uci set luci.languages.zh_cn='简体中文 (Simplified Chinese)'; uci commit luci" > /workdir/openwrt/build_dir/target-aarch64_generic_musl/luci-app-pushbot/.pkgdir/luci-i18n-pushbot-zh-cn/etc/uci-defaults/luci-i18n-pushbot-zh-cn
build	Compile debug	2026-09-27T15:42:03.9513529Z install -d -m0755 /workdir/openwrt/build_dir/target-aarch64_generic_musl/luci-app-pushbot/.pkgdir/luci-i18n-pushbot-zh-cn/usr/lib/lua/luci/i18n
build	Compile debug	2026-09-27T15:42:03.9546933Z po2lmo /workdir/openwrt/package/luci-app-pushbot/po/zh_Hans/pushbot.po /workdir/openwrt/build_dir/target-aarch64_generic_musl/luci-app-pushbot/.pkgdir/luci-i18n-pushbot-zh-cn/usr/lib/lua/luci/i18n/pushbot.zh-cn.lmo;
build	Compile debug	2026-09-27T15:42:03.9608215Z touch /workdir/openwrt/build_dir/target-aarch64_generic_musl/luci-app-pushbot/.pkgdir/luci-i18n-pushbot-zh-cn.installed
build	Compile debug	2026-09-27T15:42:03.9635795Z mkdir -p /workdir/openwrt/staging_dir/target-aarch64_generic_musl/root-armsr/stamp
build	Compile debug	2026-09-27T15:42:03.9671970Z SHELL= flock /workdir/openwrt/tmp/.root-copy.flock -c 'cp -fpR /workdir/openwrt/build_dir/target-aarch64_generic_musl/luci-app-pushbot/.pkgdir/luci-i18n-pushbot-zh-cn/. /workdir/openwrt/staging_dir/target-aarch64_generic_musl/root-armsr/'
build	Compile debug	2026-09-27T15:42:03.9722441Z touch /workdir/openwrt/staging_dir/target-aarch64_generic_musl/root-armsr/stamp/.luci-i18n-pushbot-zh-cn_installed
build	Compile debug	2026-09-27T15:42:03.9750005Z echo "luci-i18n-pushbot-zh-cn" >> /workdir/openwrt/staging_dir/target-aarch64_generic_musl/pkginfo/luci-app-pushbot.default.install
build	Compile debug	2026-09-27T15:42:03.9775143Z make[3]: Leaving directory '/workdir/openwrt/package/luci-app-pushbot'
build	Compile debug	2026-09-27T15:42:03.9784349Z time: package/luci-app-pushbot/compile#0.30#0.46#0.75
build	Compile debug	2026-09-27T15:42:04.0200459Z make[3]: Entering directory '/workdir/openwrt/package/luci-app-tailscale'
build	Compile debug	2026-09-27T15:42:04.2112016Z mkdir -p /workdir/openwrt/staging_dir/target-aarch64_generic_musl/root-armsr/stamp
build	Compile debug	2026-09-27T15:42:04.2147809Z SHELL= flock /workdir/openwrt/tmp/.root-copy.flock -c 'cp -fpR /workdir/openwrt/build_dir/target-aarch64_generic_musl/luci-app-tailscale/.pkgdir/luci-app-tailscale/. /workdir/openwrt/staging_dir/target-aarch64_generic_musl/root-armsr/'
build	Compile debug	2026-09-27T15:42:04.2213296Z touch /workdir/openwrt/staging_dir/target-aarch64_generic_musl/root-armsr/stamp/.luci-app-tailscale_installed
build	Compile debug	2026-09-27T15:42:04.2239906Z echo "luci-app-tailscale" >> /workdir/openwrt/staging_dir/target-aarch64_generic_musl/pkginfo/luci-app-tailscale.default.install
build	Compile debug	2026-09-27T15:42:04.2266458Z mkdir -p /workdir/openwrt/staging_dir/target-aarch64_generic_musl/root-armsr/stamp
build	Compile debug	2026-09-27T15:42:04.2300700Z SHELL= flock /workdir/openwrt/tmp/.root-copy.flock -c 'cp -fpR /workdir/openwrt/build_dir/target-aarch64_generic_musl/luci-app-tailscale/.pkgdir/luci-i18n-tailscale-zh-cn/. /workdir/openwrt/staging_dir/target-aarch64_generic_musl/root-armsr/'
build	Compile debug	2026-09-27T15:42:04.2353245Z touch /workdir/openwrt/staging_dir/target-aarch64_generic_musl/root-armsr/stamp/.luci-i18n-tailscale-zh-cn_installed
build	Compile debug	2026-09-27T15:42:04.2379438Z echo "luci-i18n-tailscale-zh-cn" >> /workdir/openwrt/staging_dir/target-aarch64_generic_musl/pkginfo/luci-app-tailscale.default.install
build	Compile debug	2026-09-27T15:42:04.2402862Z make[3]: Leaving directory '/workdir/openwrt/package/luci-app-tailscale'
build	Compile debug	2026-09-27T15:42:04.2412540Z time: package/luci-app-tailscale/compile#0.09#0.17#0.25
build	Compile debug	2026-09-27T15:42:04.2826345Z make[3]: Entering directory '/workdir/openwrt/package/luci-theme-design'
build	Compile debug	2026-09-27T15:42:04.3435302Z mkdir -p /workdir/openwrt/staging_dir/target-aarch64_generic_musl/root-armsr/stamp
build	Compile debug	2026-09-27T15:42:04.3470317Z SHELL= flock /workdir/openwrt/tmp/.root-copy.flock -c 'cp -fpR /workdir/openwrt/build_dir/target-aarch64_generic_musl/luci-theme-design/.pkgdir/luci-theme-design/. /workdir/openwrt/staging_dir/target-aarch64_generic_musl/root-armsr/'
build	Compile debug	2026-09-27T15:42:04.3595654Z touch /workdir/openwrt/staging_dir/target-aarch64_generic_musl/root-armsr/stamp/.luci-theme-design_installed
build	Compile debug	2026-09-27T15:42:04.3622176Z echo "luci-theme-design" >> /workdir/openwrt/staging_dir/target-aarch64_generic_musl/pkginfo/luci-theme-design.default.install
build	Compile debug	2026-09-27T15:42:04.3648899Z make[3]: Leaving directory '/workdir/openwrt/package/luci-theme-design'
build	Compile debug	2026-09-27T15:42:04.3657531Z time: package/luci-theme-design/compile#0.06#0.05#0.11
build	Compile debug	2026-09-27T15:42:04.3785906Z make[3]: Entering directory '/workdir/openwrt/package/network/ipv6/odhcp6c'
build	Compile debug	2026-09-27T15:42:04.4777959Z mkdir -p /workdir/openwrt/staging_dir/target-aarch64_generic_musl/root-armsr/stamp
build	Compile debug	2026-09-27T15:42:04.4812471Z SHELL= flock /workdir/openwrt/tmp/.root-copy.flock -c 'cp -fpR /workdir/openwrt/build_dir/target-aarch64_generic_musl/odhcp6c-2026.06.27~10a52220/.pkgdir/odhcp6c/. /workdir/openwrt/staging_dir/target-aarch64_generic_musl/root-armsr/'
build	Compile debug	2026-09-27T15:42:04.4878028Z touch /workdir/openwrt/staging_dir/target-aarch64_generic_musl/root-armsr/stamp/.odhcp6c_installed
build	Compile debug	2026-09-27T15:42:04.4904658Z echo "odhcp6c" >> /workdir/openwrt/staging_dir/target-aarch64_generic_musl/pkginfo/odhcp6c.default.install
build	Compile debug	2026-09-27T15:42:04.4931566Z make[3]: Leaving directory '/workdir/openwrt/package/network/ipv6/odhcp6c'
build	Compile debug	2026-09-27T15:42:04.4939350Z time: package/network/ipv6/odhcp6c/compile#0.06#0.05#0.12
build	Compile debug	2026-09-27T15:42:04.5355484Z make[3]: Entering directory '/workdir/openwrt/package/network/services/dropbear'
build	Compile debug	2026-09-27T15:42:04.6318989Z mkdir -p /workdir/openwrt/staging_dir/target-aarch64_generic_musl/root-armsr/stamp
build	Compile debug	2026-09-27T15:42:04.6353963Z SHELL= flock /workdir/openwrt/tmp/.root-copy.flock -c 'cp -fpR /workdir/openwrt/build_dir/target-aarch64_generic_musl/dropbear-2026.94/.pkgdir/dropbear/. /workdir/openwrt/staging_dir/target-aarch64_generic_musl/root-armsr/'
build	Compile debug	2026-09-27T15:42:04.6421491Z touch /workdir/openwrt/staging_dir/target-aarch64_generic_musl/root-armsr/stamp/.dropbear_installed
build	Compile debug	2026-09-27T15:42:04.6449613Z echo "dropbear" >> /workdir/openwrt/staging_dir/target-aarch64_generic_musl/pkginfo/dropbear.default.install
build	Compile debug	2026-09-27T15:42:04.6476764Z make[3]: Leaving directory '/workdir/openwrt/package/network/services/dropbear'
build	Compile debug	2026-09-27T15:42:04.6484682Z time: package/network/services/dropbear/compile#0.07#0.07#0.14
build	Compile debug	2026-09-27T15:42:04.6616520Z make[3]: Entering directory '/workdir/openwrt/package/network/services/hostapd'
build	Compile debug	2026-09-27T15:42:04.7844279Z mkdir -p /workdir/openwrt/staging_dir/target-aarch64_generic_musl/root-armsr/stamp
build	Compile debug	2026-09-27T15:42:04.7877606Z SHELL= flock /workdir/openwrt/tmp/.root-copy.flock -c 'cp -fpR /workdir/openwrt/build_dir/target-aarch64_generic_musl/hostapd-supplicant-full-internal/hostapd-2026.08.07~831364bf/.pkgdir/hostapd-common/. /workdir/openwrt/staging_dir/target-aarch64_generic_musl/root-armsr/'
build	Compile debug	2026-09-27T15:42:04.7936604Z touch /workdir/openwrt/staging_dir/target-aarch64_generic_musl/root-armsr/stamp/.hostapd-common_installed
build	Compile debug	2026-09-27T15:42:04.7964219Z echo "hostapd-common" >> /workdir/openwrt/staging_dir/target-aarch64_generic_musl/pkginfo/hostapd.supplicant-full-internal.install
build	Compile debug	2026-09-27T15:42:04.7990577Z make[3]: Leaving directory '/workdir/openwrt/package/network/services/hostapd'
build	Compile debug	2026-09-27T15:42:04.7998391Z time: package/network/services/hostapd/supplicant-full-internal/compile#0.06#0.07#0.14
build	Compile debug	2026-09-27T15:42:04.8414572Z make[3]: Entering directory '/workdir/openwrt/package/libs/libpcap'
build	Compile debug	2026-09-27T15:42:04.9110647Z make[3]: Leaving directory '/workdir/openwrt/package/libs/libpcap'
build	Compile debug	2026-09-27T15:42:04.9117356Z time: package/libs/libpcap/compile#0.05#0.05#0.10
build	Compile debug	2026-09-27T15:42:04.9532280Z make[3]: Entering directory '/workdir/openwrt/package/network/services/shellsync'
build	Compile debug	2026-09-27T15:42:05.0111164Z mkdir -p /workdir/openwrt/staging_dir/target-aarch64_generic_musl/root-armsr/stamp
build	Compile debug	2026-09-27T15:42:05.0144309Z SHELL= flock /workdir/openwrt/tmp/.root-copy.flock -c 'cp -fpR /workdir/openwrt/build_dir/target-aarch64_generic_musl/shellsync-0.2/.pkgdir/shellsync/. /workdir/openwrt/staging_dir/target-aarch64_generic_musl/root-armsr/'
build	Compile debug	2026-09-27T15:42:05.0195835Z touch /workdir/openwrt/staging_dir/target-aarch64_generic_musl/root-armsr/stamp/.shellsync_installed
build	Compile debug	2026-09-27T15:42:05.0222484Z echo "shellsync" >> /workdir/openwrt/staging_dir/target-aarch64_generic_musl/pkginfo/shellsync.default.install
build	Compile debug	2026-09-27T15:42:05.0247075Z make[3]: Leaving directory '/workdir/openwrt/package/network/services/shellsync'
build	Compile debug	2026-09-27T15:42:05.0254629Z time: package/network/services/shellsync/compile#0.05#0.05#0.10
build	Compile debug	2026-09-27T15:42:05.0383588Z make[3]: Entering directory '/workdir/openwrt/package/network/utils/linux-atm'
build	Compile debug	2026-09-27T15:42:05.1651583Z make[3]: Leaving directory '/workdir/openwrt/package/network/utils/linux-atm'
build	Compile debug	2026-09-27T15:42:05.1660156Z time: package/network/utils/linux-atm/compile#0.06#0.06#0.13
build	Compile debug	2026-09-27T15:42:05.1786361Z make[3]: Entering directory '/workdir/openwrt/package/network/services/ppp'
build	Compile debug	2026-09-27T15:42:05.2948184Z mkdir -p /workdir/openwrt/staging_dir/target-aarch64_generic_musl/root-armsr/stamp
build	Compile debug	2026-09-27T15:42:05.2983115Z SHELL= flock /workdir/openwrt/tmp/.root-copy.flock -c 'cp -fpR /workdir/openwrt/build_dir/target-aarch64_generic_musl/linux-armsr_armv8/ppp-default/ppp-2.5.3/.pkgdir/ppp/. /workdir/openwrt/staging_dir/target-aarch64_generic_musl/root-armsr/'
build	Compile debug	2026-09-27T15:42:05.3057912Z touch /workdir/openwrt/staging_dir/target-aarch64_generic_musl/root-armsr/stamp/.ppp_installed
build	Compile debug	2026-09-27T15:42:05.3084247Z echo "ppp" >> /workdir/openwrt/staging_dir/target-aarch64_generic_musl/pkginfo/ppp.default.install
build	Compile debug	2026-09-27T15:42:05.3112143Z mkdir -p /workdir/openwrt/staging_dir/target-aarch64_generic_musl/root-armsr/stamp
build	Compile debug	2026-09-27T15:42:05.3146689Z SHELL= flock /workdir/openwrt/tmp/.root-copy.flock -c 'cp -fpR /workdir/openwrt/build_dir/target-aarch64_generic_musl/linux-armsr_armv8/ppp-default/ppp-2.5.3/.pkgdir/ppp-mod-pppoe/. /workdir/openwrt/staging_dir/target-aarch64_generic_musl/root-armsr/'
build	Compile debug	2026-09-27T15:42:05.3196822Z touch /workdir/openwrt/staging_dir/target-aarch64_generic_musl/root-armsr/stamp/.ppp-mod-pppoe_installed
build	Compile debug	2026-09-27T15:42:05.3223537Z echo "ppp-mod-pppoe" >> /workdir/openwrt/staging_dir/target-aarch64_generic_musl/pkginfo/ppp.default.install
build	Compile debug	2026-09-27T15:42:05.3249910Z make[3]: Leaving directory '/workdir/openwrt/package/network/services/ppp'
build	Compile debug	2026-09-27T15:42:05.3258675Z time: package/network/services/ppp/default/compile#0.07#0.07#0.15
build	Compile debug	2026-09-27T15:42:05.3673991Z make[3]: Entering directory '/workdir/openwrt/package/network/utils/iw'
build	Compile debug	2026-09-27T15:42:05.4330006Z mkdir -p /workdir/openwrt/staging_dir/target-aarch64_generic_musl/root-armsr/stamp
build	Compile debug	2026-09-27T15:42:05.4363227Z SHELL= flock /workdir/openwrt/tmp/.root-copy.flock -c 'cp -fpR /workdir/openwrt/build_dir/target-aarch64_generic_musl/iw-tiny/iw-6.17/.pkgdir/iw/. /workdir/openwrt/staging_dir/target-aarch64_generic_musl/root-armsr/'
build	Compile debug	2026-09-27T15:42:05.4417624Z touch /workdir/openwrt/staging_dir/target-aarch64_generic_musl/root-armsr/stamp/.iw_installed
build	Compile debug	2026-09-27T15:42:05.4444451Z echo "iw" >> /workdir/openwrt/staging_dir/target-aarch64_generic_musl/pkginfo/iw.tiny.install
build	Compile debug	2026-09-27T15:42:05.4469519Z make[3]: Leaving directory '/workdir/openwrt/package/network/utils/iw'
build	Compile debug	2026-09-27T15:42:05.4478060Z time: package/network/utils/iw/tiny/compile#0.05#0.06#0.11
build	Compile debug	2026-09-27T15:42:05.4894379Z make[3]: Entering directory '/workdir/openwrt/package/openwrt-passwall-packages/ipt2socks'
build	Compile debug	2026-09-27T15:42:05.5520091Z mkdir -p /workdir/openwrt/staging_dir/target-aarch64_generic_musl/root-armsr/stamp
build	Compile debug	2026-09-27T15:42:05.5554452Z SHELL= flock /workdir/openwrt/tmp/.root-copy.flock -c 'cp -fpR /workdir/openwrt/build_dir/target-aarch64_generic_musl/ipt2socks-1.1.4/.pkgdir/ipt2socks/. /workdir/openwrt/staging_dir/target-aarch64_generic_musl/root-armsr/'
build	Compile debug	2026-09-27T15:42:05.5606835Z touch /workdir/openwrt/staging_dir/target-aarch64_generic_musl/root-armsr/stamp/.ipt2socks_installed
build	Compile debug	2026-09-27T15:42:05.5633512Z echo "ipt2socks" >> /workdir/openwrt/staging_dir/target-aarch64_generic_musl/pkginfo/ipt2socks.default.install
build	Compile debug	2026-09-27T15:42:05.5659843Z make[3]: Leaving directory '/workdir/openwrt/package/openwrt-passwall-packages/ipt2socks'
build	Compile debug	2026-09-27T15:42:05.5668894Z time: package/openwrt-passwall-packages/ipt2socks/compile#0.05#0.05#0.11
build	Compile debug	2026-09-27T15:42:05.6092896Z make[3]: Entering directory '/workdir/openwrt/feeds/packages/lang/rust'
build	Compile debug	2026-09-27T15:42:11.4276763Z make[3]: Leaving directory '/workdir/openwrt/feeds/packages/lang/rust'
build	Compile debug	2026-09-27T15:42:11.4284899Z time: package/feeds/packages/rust/host-compile#1.07#3.29#5.85
build	Compile debug	2026-09-27T15:42:11.4705610Z make[3]: Entering directory '/workdir/openwrt/package/openwrt-passwall-packages/shadowsocks-rust'
build	Compile debug	2026-09-27T15:42:11.6194505Z mkdir -p /workdir/openwrt/staging_dir/target-aarch64_generic_musl/root-armsr/stamp
build	Compile debug	2026-09-27T15:42:11.6232361Z SHELL= flock /workdir/openwrt/tmp/.root-copy.flock -c 'cp -fpR /workdir/openwrt/build_dir/target-aarch64_generic_musl/shadowsocks-rust-1.25.0/.pkgdir/shadowsocks-rust-sslocal/. /workdir/openwrt/staging_dir/target-aarch64_generic_musl/root-armsr/'
build	Compile debug	2026-09-27T15:42:11.6467093Z touch /workdir/openwrt/staging_dir/target-aarch64_generic_musl/root-armsr/stamp/.shadowsocks-rust-sslocal_installed
build	Compile debug	2026-09-27T15:42:11.6497300Z echo "shadowsocks-rust-sslocal" >> /workdir/openwrt/staging_dir/target-aarch64_generic_musl/pkginfo/shadowsocks-rust.default.install
build	Compile debug	2026-09-27T15:42:11.6528153Z make[3]: Leaving directory '/workdir/openwrt/package/openwrt-passwall-packages/shadowsocks-rust'
build	Compile debug	2026-09-27T15:42:11.6539144Z time: package/openwrt-passwall-packages/shadowsocks-rust/compile#0.07#0.10#0.22
build	Compile debug	2026-09-27T15:42:11.7002608Z make[3]: Entering directory '/workdir/openwrt/package/openwrt-passwall-packages/shadowsocksr-libev'
build	Compile debug	2026-09-27T15:42:11.9348639Z mkdir -p /workdir/openwrt/staging_dir/target-aarch64_generic_musl/root-armsr/stamp
build	Compile debug	2026-09-27T15:42:11.9385149Z SHELL= flock /workdir/openwrt/tmp/.root-copy.flock -c 'cp -fpR /workdir/openwrt/build_dir/target-aarch64_generic_musl/shadowsocksr-libev-2.5.6/.pkgdir/shadowsocksr-libev-ssr-local/. /workdir/openwrt/staging_dir/target-aarch64_generic_musl/root-armsr/'
build	Compile debug	2026-09-27T15:42:11.9444496Z touch /workdir/openwrt/staging_dir/target-aarch64_generic_musl/root-armsr/stamp/.shadowsocksr-libev-ssr-local_installed
build	Compile debug	2026-09-27T15:42:11.9472168Z echo "shadowsocksr-libev-ssr-local" >> /workdir/openwrt/staging_dir/target-aarch64_generic_musl/pkginfo/shadowsocksr-libev.default.install
build	Compile debug	2026-09-27T15:42:11.9499533Z mkdir -p /workdir/openwrt/staging_dir/target-aarch64_generic_musl/root-armsr/stamp
build	Compile debug	2026-09-27T15:42:11.9534872Z SHELL= flock /workdir/openwrt/tmp/.root-copy.flock -c 'cp -fpR /workdir/openwrt/build_dir/target-aarch64_generic_musl/shadowsocksr-libev-2.5.6/.pkgdir/shadowsocksr-libev-ssr-redir/. /workdir/openwrt/staging_dir/target-aarch64_generic_musl/root-armsr/'
build	Compile debug	2026-09-27T15:42:11.9590075Z touch /workdir/openwrt/staging_dir/target-aarch64_generic_musl/root-armsr/stamp/.shadowsocksr-libev-ssr-redir_installed
build	Compile debug	2026-09-27T15:42:11.9618250Z echo "shadowsocksr-libev-ssr-redir" >> /workdir/openwrt/staging_dir/target-aarch64_generic_musl/pkginfo/shadowsocksr-libev.default.install
build	Compile debug	2026-09-27T15:42:11.9644284Z make[3]: Leaving directory '/workdir/openwrt/package/openwrt-passwall-packages/shadowsocksr-libev'
build	Compile debug	2026-09-27T15:42:11.9653125Z time: package/openwrt-passwall-packages/shadowsocksr-libev/compile#0.17#0.12#0.30
build	Compile debug	2026-09-27T15:42:12.0069971Z make[3]: Entering directory '/workdir/openwrt/package/openwrt-passwall-packages/simple-obfs'
build	Compile debug	2026-09-27T15:42:12.0767936Z mkdir -p /workdir/openwrt/staging_dir/target-aarch64_generic_musl/root-armsr/stamp
build	Compile debug	2026-09-27T15:42:12.0801962Z SHELL= flock /workdir/openwrt/tmp/.root-copy.flock -c 'cp -fpR /workdir/openwrt/build_dir/target-aarch64_generic_musl/simple-obfs-0.0.5/.pkgdir/simple-obfs-client/. /workdir/openwrt/staging_dir/target-aarch64_generic_musl/root-armsr/'
build	Compile debug	2026-09-27T15:42:12.0853960Z touch /workdir/openwrt/staging_dir/target-aarch64_generic_musl/root-armsr/stamp/.simple-obfs-client_installed
build	Compile debug	2026-09-27T15:42:12.0881900Z echo "simple-obfs-client" >> /workdir/openwrt/staging_dir/target-aarch64_generic_musl/pkginfo/simple-obfs.default.install
build	Compile debug	2026-09-27T15:42:12.0907744Z make[3]: Leaving directory '/workdir/openwrt/package/openwrt-passwall-packages/simple-obfs'
build	Compile debug	2026-09-27T15:42:12.0916740Z time: package/openwrt-passwall-packages/simple-obfs/compile#0.05#0.06#0.12
build	Compile debug	2026-09-27T15:42:12.1346478Z make[3]: Entering directory '/workdir/openwrt/package/openwrt-passwall-packages/v2ray-plugin'
build	Compile debug	2026-09-27T15:42:12.1988773Z mkdir -p /workdir/openwrt/staging_dir/target-aarch64_generic_musl/root-armsr/stamp
build	Compile debug	2026-09-27T15:42:12.2025179Z SHELL= flock /workdir/openwrt/tmp/.root-copy.flock -c 'cp -fpR /workdir/openwrt/build_dir/target-aarch64_generic_musl/v2ray-plugin-5.49.0/.pkgdir/v2ray-plugin/. /workdir/openwrt/staging_dir/target-aarch64_generic_musl/root-armsr/'
build	Compile debug	2026-09-27T15:42:12.2476915Z touch /workdir/openwrt/staging_dir/target-aarch64_generic_musl/root-armsr/stamp/.v2ray-plugin_installed
build	Compile debug	2026-09-27T15:42:12.2507704Z echo "v2ray-plugin" >> /workdir/openwrt/staging_dir/target-aarch64_generic_musl/pkginfo/v2ray-plugin.default.install
build	Compile debug	2026-09-27T15:42:12.2544281Z make[3]: Leaving directory '/workdir/openwrt/package/openwrt-passwall-packages/v2ray-plugin'
build	Compile debug	2026-09-27T15:42:12.2558037Z time: package/openwrt-passwall-packages/v2ray-plugin/compile#0.05#0.09#0.15
build	Compile debug	2026-09-27T15:42:12.3093380Z make[3]: Entering directory '/workdir/openwrt/package/openwrt-passwall-packages/xray-core'
build	Compile debug	2026-09-27T15:42:12.4382528Z mkdir -p /workdir/openwrt/staging_dir/target-aarch64_generic_musl/root-armsr/stamp
build	Compile debug	2026-09-27T15:42:12.4417337Z SHELL= flock /workdir/openwrt/tmp/.root-copy.flock -c 'cp -fpR /workdir/openwrt/build_dir/target-aarch64_generic_musl/Xray-core-26.9.9/.pkgdir/xray-core/. /workdir/openwrt/staging_dir/target-aarch64_generic_musl/root-armsr/'
build	Compile debug	2026-09-27T15:42:12.5601502Z touch /workdir/openwrt/staging_dir/target-aarch64_generic_musl/root-armsr/stamp/.xray-core_installed
build	Compile debug	2026-09-27T15:42:12.5637746Z echo "xray-core" >> /workdir/openwrt/staging_dir/target-aarch64_generic_musl/pkginfo/xray-core.default.install
build	Compile debug	2026-09-27T15:42:12.5669378Z make[3]: Leaving directory '/workdir/openwrt/package/openwrt-passwall-packages/xray-core'
build	Compile debug	2026-09-27T15:42:12.5680182Z time: package/openwrt-passwall-packages/xray-core/compile#0.08#0.17#0.30
build	Compile debug	2026-09-27T15:42:12.6121795Z make[3]: Entering directory '/workdir/openwrt/package/system/apk'
build	Compile debug	2026-09-27T15:42:12.6889360Z mkdir -p /workdir/openwrt/staging_dir/target-aarch64_generic_musl/root-armsr/stamp
build	Compile debug	2026-09-27T15:42:12.6926728Z SHELL= flock /workdir/openwrt/tmp/.root-copy.flock -c 'cp -fpR /workdir/openwrt/build_dir/target-aarch64_generic_musl/apk-openssl/apk-3.0.5/.pkgdir/apk-openssl/. /workdir/openwrt/staging_dir/target-aarch64_generic_musl/root-armsr/'
build	Compile debug	2026-09-27T15:42:12.6989259Z touch /workdir/openwrt/staging_dir/target-aarch64_generic_musl/root-armsr/stamp/.apk-openssl_installed
build	Compile debug	2026-09-27T15:42:12.7017658Z echo "apk-openssl" >> /workdir/openwrt/staging_dir/target-aarch64_generic_musl/pkginfo/apk.openssl.install
build	Compile debug	2026-09-27T15:42:12.7044598Z make[3]: Leaving directory '/workdir/openwrt/package/system/apk'
build	Compile debug	2026-09-27T15:42:12.7053548Z time: package/system/apk/openssl/compile#0.06#0.07#0.13
build	Compile debug	2026-09-27T15:42:12.7187054Z make[3]: Entering directory '/workdir/openwrt/package/system/mtd'
build	Compile debug	2026-09-27T15:42:12.9360854Z mkdir -p /workdir/openwrt/staging_dir/target-aarch64_generic_musl/root-armsr/stamp
build	Compile debug	2026-09-27T15:42:12.9397656Z SHELL= flock /workdir/openwrt/tmp/.root-copy.flock -c 'cp -fpR /workdir/openwrt/build_dir/target-aarch64_generic_musl/linux-armsr_armv8/mtd/.pkgdir/mtd/. /workdir/openwrt/staging_dir/target-aarch64_generic_musl/root-armsr/'
build	Compile debug	2026-09-27T15:42:12.9450208Z touch /workdir/openwrt/staging_dir/target-aarch64_generic_musl/root-armsr/stamp/.mtd_installed
build	Compile debug	2026-09-27T15:42:12.9477690Z echo "mtd" >> /workdir/openwrt/staging_dir/target-aarch64_generic_musl/pkginfo/mtd.default.install
build	Compile debug	2026-09-27T15:42:12.9505864Z make[3]: Leaving directory '/workdir/openwrt/package/system/mtd'
build	Compile debug	2026-09-27T15:42:12.9515620Z time: package/system/mtd/compile#0.14#0.10#0.24
build	Compile debug	2026-09-27T15:42:12.9941990Z make[3]: Entering directory '/workdir/openwrt/package/system/urandom-seed'
build	Compile debug	2026-09-27T15:42:13.0547122Z mkdir -p /workdir/openwrt/staging_dir/target-aarch64_generic_musl/root-armsr/stamp
build	Compile debug	2026-09-27T15:42:13.0584270Z SHELL= flock /workdir/openwrt/tmp/.root-copy.flock -c 'cp -fpR /workdir/openwrt/build_dir/target-aarch64_generic_musl/urandom-seed/.pkgdir/urandom-seed/. /workdir/openwrt/staging_dir/target-aarch64_generic_musl/root-armsr/'
build	Compile debug	2026-09-27T15:42:13.0637690Z touch /workdir/openwrt/staging_dir/target-aarch64_generic_musl/root-armsr/stamp/.urandom-seed_installed
build	Compile debug	2026-09-27T15:42:13.0665455Z echo "urandom-seed" >> /workdir/openwrt/staging_dir/target-aarch64_generic_musl/pkginfo/urandom-seed.default.install
build	Compile debug	2026-09-27T15:42:13.0693736Z make[3]: Leaving directory '/workdir/openwrt/package/system/urandom-seed'
build	Compile debug	2026-09-27T15:42:13.0703102Z time: package/system/urandom-seed/compile#0.06#0.05#0.11
build	Compile debug	2026-09-27T15:42:13.0833422Z make[3]: Entering directory '/workdir/openwrt/package/system/urngd'
build	Compile debug	2026-09-27T15:42:13.1836811Z mkdir -p /workdir/openwrt/staging_dir/target-aarch64_generic_musl/root-armsr/stamp
build	Compile debug	2026-09-27T15:42:13.1876692Z SHELL= flock /workdir/openwrt/tmp/.root-copy.flock -c 'cp -fpR /workdir/openwrt/build_dir/target-aarch64_generic_musl/urngd-2025.10.03~f17e33d9/.pkgdir/urngd/. /workdir/openwrt/staging_dir/target-aarch64_generic_musl/root-armsr/'
build	Compile debug	2026-09-27T15:42:13.1933558Z touch /workdir/openwrt/staging_dir/target-aarch64_generic_musl/root-armsr/stamp/.urngd_installed
build	Compile debug	2026-09-27T15:42:13.1960993Z echo "urngd" >> /workdir/openwrt/staging_dir/target-aarch64_generic_musl/pkginfo/urngd.default.install
build	Compile debug	2026-09-27T15:42:13.1992181Z make[3]: Leaving directory '/workdir/openwrt/package/system/urngd'
build	Compile debug	2026-09-27T15:42:13.2002127Z time: package/system/urngd/compile#0.05#0.06#0.12
build	Compile debug	2026-09-27T15:42:13.2461876Z make[3]: Entering directory '/workdir/openwrt/package/utils/f2fs-tools'
build	Compile debug	2026-09-27T15:42:13.3164517Z mkdir -p /workdir/openwrt/staging_dir/target-aarch64_generic_musl/root-armsr/stamp
build	Compile debug	2026-09-27T15:42:13.3200773Z echo '6' | cmp -s - /workdir/openwrt/staging_dir/target-aarch64_generic_musl/pkginfo/libf2fs.version || { mkdir -p /workdir/openwrt/staging_dir/target-aarch64_generic_musl/pkginfo; echo '6' > /workdir/openwrt/staging_dir/target-aarch64_generic_musl/pkginfo/libf2fs.version;  cp /workdir/openwrt/staging_dir/target-aarch64_generic_musl/pkginfo/libf2fs.version /workdir/openwrt/staging_dir/target-aarch64_generic_musl/pkginfo/libf2fs-any.version;  } 
build	Compile debug	2026-09-27T15:42:13.3232890Z SHELL= flock /workdir/openwrt/tmp/.root-copy.flock -c 'cp -fpR /workdir/openwrt/build_dir/target-aarch64_generic_musl/f2fs-tools-default/f2fs-tools-1.16.0/.pkgdir/libf2fs/. /workdir/openwrt/staging_dir/target-aarch64_generic_musl/root-armsr/'
build	Compile debug	2026-09-27T15:42:13.3286629Z touch /workdir/openwrt/staging_dir/target-aarch64_generic_musl/root-armsr/stamp/.libf2fs_installed
build	Compile debug	2026-09-27T15:42:13.3312986Z echo "libf2fs" >> /workdir/openwrt/staging_dir/target-aarch64_generic_musl/pkginfo/f2fs-tools.default.install
build	Compile debug	2026-09-27T15:42:13.3340893Z mkdir -p /workdir/openwrt/staging_dir/target-aarch64_generic_musl/root-armsr/stamp
build	Compile debug	2026-09-27T15:42:13.3373978Z SHELL= flock /workdir/openwrt/tmp/.root-copy.flock -c 'cp -fpR /workdir/openwrt/build_dir/target-aarch64_generic_musl/f2fs-tools-default/f2fs-tools-1.16.0/.pkgdir/mkf2fs/. /workdir/openwrt/staging_dir/target-aarch64_generic_musl/root-armsr/'
build	Compile debug	2026-09-27T15:42:13.3424331Z touch /workdir/openwrt/staging_dir/target-aarch64_generic_musl/root-armsr/stamp/.mkf2fs_installed
build	Compile debug	2026-09-27T15:42:13.3451065Z echo "mkf2fs" >> /workdir/openwrt/staging_dir/target-aarch64_generic_musl/pkginfo/f2fs-tools.default.install
build	Compile debug	2026-09-27T15:42:13.3476563Z mkdir -p /workdir/openwrt/staging_dir/target-aarch64_generic_musl/root-armsr/stamp
build	Compile debug	2026-09-27T15:42:13.3509569Z SHELL= flock /workdir/openwrt/tmp/.root-copy.flock -c 'cp -fpR /workdir/openwrt/build_dir/target-aarch64_generic_musl/f2fs-tools-default/f2fs-tools-1.16.0/.pkgdir/f2fsck/. /workdir/openwrt/staging_dir/target-aarch64_generic_musl/root-armsr/'
build	Compile debug	2026-09-27T15:42:13.3566892Z touch /workdir/openwrt/staging_dir/target-aarch64_generic_musl/root-armsr/stamp/.f2fsck_installed
build	Compile debug	2026-09-27T15:42:13.3593461Z echo "f2fsck" >> /workdir/openwrt/staging_dir/target-aarch64_generic_musl/pkginfo/f2fs-tools.default.install
build	Compile debug	2026-09-27T15:42:13.3618480Z mkdir -p /workdir/openwrt/staging_dir/target-aarch64_generic_musl/root-armsr/stamp
build	Compile debug	2026-09-27T15:42:13.3651282Z SHELL= flock /workdir/openwrt/tmp/.root-copy.flock -c 'cp -fpR /workdir/openwrt/build_dir/target-aarch64_generic_musl/f2fs-tools-default/f2fs-tools-1.16.0/.pkgdir/f2fs-tools/. /workdir/openwrt/staging_dir/target-aarch64_generic_musl/root-armsr/'
build	Compile debug	2026-09-27T15:42:13.3702946Z touch /workdir/openwrt/staging_dir/target-aarch64_generic_musl/root-armsr/stamp/.f2fs-tools_installed
build	Compile debug	2026-09-27T15:42:13.3730348Z echo "f2fs-tools" >> /workdir/openwrt/staging_dir/target-aarch64_generic_musl/pkginfo/f2fs-tools.default.install
build	Compile debug	2026-09-27T15:42:13.3754722Z make[3]: Leaving directory '/workdir/openwrt/package/utils/f2fs-tools'
build	Compile debug	2026-09-27T15:42:13.3764120Z time: package/utils/f2fs-tools/default/compile#0.07#0.09#0.16
build	Compile debug	2026-09-27T15:42:13.3781948Z make[2]: Leaving directory '/workdir/openwrt'
build	Compile debug	2026-09-27T15:42:13.3995360Z make[2]: Entering directory '/workdir/openwrt'
build	Compile debug	2026-09-27T15:42:15.0858844Z mkdir -p /workdir/openwrt/staging_dir/packages/
build	Compile debug	2026-09-27T15:42:15.0900186Z find /workdir/openwrt/bin/targets/armsr/armv8/packages /workdir/openwrt/bin/packages/aarch64_generic/base /workdir/openwrt/bin/packages/aarch64_generic/luci /workdir/openwrt/bin/packages/aarch64_generic/packages /workdir/openwrt/bin/packages/aarch64_generic/routing /workdir/openwrt/bin/packages/aarch64_generic/telephony -maxdepth 1 -name '*.apk' \
build	Compile debug	2026-09-27T15:42:15.0901903Z 	-printf '%p %s %T@\n' 2>/dev/null | LC_ALL=C sort > /workdir/openwrt/staging_dir/packages/armsr.list.new
build	Compile debug	2026-09-27T15:42:15.0963788Z if cmp -s /workdir/openwrt/staging_dir/packages/armsr.list.new /workdir/openwrt/staging_dir/packages/armsr.list && \
build	Compile debug	2026-09-27T15:42:15.0964924Z    [ -f /workdir/openwrt/staging_dir/packages/armsr/packages.adb ]; then \
build	Compile debug	2026-09-27T15:42:15.0965670Z 	rm -f /workdir/openwrt/staging_dir/packages/armsr.list.new; \
build	Compile debug	2026-09-27T15:42:15.0966391Z else \
build	Compile debug	2026-09-27T15:42:15.0968576Z 		rm -rf /workdir/openwrt/staging_dir/packages/armsr; mkdir -p /workdir/openwrt/staging_dir/packages/armsr;   ln -s /workdir/openwrt/bin/targets/armsr/armv8/packages/*.apk /workdir/openwrt/staging_dir/packages/armsr || true;   ln -s /workdir/openwrt/bin/packages/aarch64_generic/base/*.apk /workdir/openwrt/staging_dir/packages/armsr || true;   ln -s /workdir/openwrt/bin/packages/aarch64_generic/luci/*.apk /workdir/openwrt/staging_dir/packages/armsr || true;   ln -s /workdir/openwrt/bin/packages/aarch64_generic/packages/*.apk /workdir/openwrt/staging_dir/packages/armsr || true;     \
build	Compile debug	2026-09-27T15:42:15.0971223Z 	mv /workdir/openwrt/staging_dir/packages/armsr.list.new /workdir/openwrt/staging_dir/packages/armsr.list; \
build	Compile debug	2026-09-27T15:42:15.0971705Z fi
build	Compile debug	2026-09-27T15:42:15.1318510Z [ -f /workdir/openwrt/staging_dir/packages/armsr/packages.adb ] || \
build	Compile debug	2026-09-27T15:42:15.1319164Z (cd /workdir/openwrt/staging_dir/packages/armsr && /workdir/openwrt/staging_dir/host/bin/apk mkndx \
build	Compile debug	2026-09-27T15:42:15.1319647Z 		--root /workdir/openwrt \
build	Compile debug	2026-09-27T15:42:15.1319916Z 		--keys-dir /workdir/openwrt \
build	Compile debug	2026-09-27T15:42:15.1320165Z 		--allow-untrusted \
build	Compile debug	2026-09-27T15:42:15.1320420Z 		--sign /workdir/openwrt/private-key.pem \
build	Compile debug	2026-09-27T15:42:15.1320714Z 		--output packages.adb \
build	Compile debug	2026-09-27T15:42:15.1320934Z 		*.apk; \
build	Compile debug	2026-09-27T15:42:15.1321139Z )
build	Compile debug	2026-09-27T15:42:15.3223717Z Index has 485 packages (of which 485 are new)
build	Compile debug	2026-09-27T15:42:15.6647020Z find /workdir/openwrt/staging_dir/target-aarch64_generic_musl/root-armsr -type d | xargs -r chmod 0755
build	Compile debug	2026-09-27T15:42:15.6884749Z rm -rf /workdir/openwrt/build_dir/target-aarch64_generic_musl/root-armsr /workdir/openwrt/build_dir/target-aarch64_generic_musl/root.orig-armsr
build	Compile debug	2026-09-27T15:42:15.6911576Z mkdir -p /workdir/openwrt/build_dir/target-aarch64_generic_musl/root-armsr/tmp
build	Compile debug	2026-09-27T15:42:15.6942734Z IPKG_INSTROOT=/workdir/openwrt/build_dir/target-aarch64_generic_musl/root-armsr /workdir/openwrt/staging_dir/host/bin/fakeroot /workdir/openwrt/staging_dir/host/bin/apk --root /workdir/openwrt/build_dir/target-aarch64_generic_musl/root-armsr --keys-dir /workdir/openwrt --no-logfile --preserve-env add --no-cache --initdb --no-scripts --arch aarch64_generic --repositories-file /dev/null --repository file:///workdir/openwrt/staging_dir/packages/armsr/packages.adb  $(cat /workdir/openwrt/tmp/apk_install_list)
build	Compile debug	2026-09-27T15:42:15.7167262Z ERROR: unable to select packages:
build	Compile debug	2026-09-27T15:42:15.7175408Z   geo2txt (no such package):
build	Compile debug	2026-09-27T15:42:15.7175893Z     required by: luci-app-mosdns-1.7.14-r1[geo2txt]
build	Compile debug	2026-09-27T15:42:15.7185773Z make[2]: *** [package/Makefile:164: package/install] Error 3
build	Compile debug	2026-09-27T15:42:15.7195214Z make[2]: Leaving directory '/workdir/openwrt'
build	Compile debug	2026-09-27T15:42:15.7231319Z make[1]: *** [package/Makefile:252: /workdir/openwrt/staging_dir/target-aarch64_generic_musl/stamp/.package_install] Error 2
build	Compile debug	2026-09-27T15:42:15.7241566Z make[1]: Leaving directory '/workdir/openwrt'
build	Compile debug	2026-09-27T15:42:15.7274192Z make: *** [/workdir/openwrt/include/toplevel.mk:268: world] Error 2
build	Compile debug	2026-09-27T15:42:15.7282943Z ##[error]Process completed with exit code 2.
