build	Compile the firmware	﻿2026-09-27T12:14:56.5780099Z ##[group]Run cd openwrt
build	Compile the firmware	2026-09-27T12:14:56.5780399Z ^[[36;1mcd openwrt^[[0m
build	Compile the firmware	2026-09-27T12:14:56.5780634Z ^[[36;1mecho -e "$(nproc) thread compile"^[[0m
build	Compile the firmware	2026-09-27T12:14:56.5780921Z ^[[36;1mmake -j$(nproc)^[[0m
build	Compile the firmware	2026-09-27T12:14:56.5781177Z ^[[36;1mecho "status=success" >> ${GITHUB_OUTPUT}^[[0m
build	Compile the firmware	2026-09-27T12:14:56.5781901Z ^[[36;1mgrep '^CONFIG_TARGET.*DEVICE.*=y' .config | sed -r 's/.*DEVICE_(.*)=y/\1/' > DEVICE_NAME^[[0m
build	Compile the firmware	2026-09-27T12:14:56.5782469Z ^[[36;1m[ -s DEVICE_NAME ] && echo "DEVICE_NAME=_$(cat DEVICE_NAME)" >> $GITHUB_ENV^[[0m
build	Compile the firmware	2026-09-27T12:14:56.5782919Z ^[[36;1mecho "FILE_DATE=_$(date +"%Y%m%d%H%M")" >> $GITHUB_ENV^[[0m
build	Compile the firmware	2026-09-27T12:14:56.5866562Z shell: /usr/bin/bash -e {0}
build	Compile the firmware	2026-09-27T12:14:56.5866824Z env:
build	Compile the firmware	2026-09-27T12:14:56.5867094Z   REPO_URL: https://github.com/immortalwrt/immortalwrt
build	Compile the firmware	2026-09-27T12:14:56.5867432Z   REPO_BRANCH: master
build	Compile the firmware	2026-09-27T12:14:56.5867653Z   UPLOAD_FIRMWARE: false
build	Compile the firmware	2026-09-27T12:14:56.5867885Z   UPLOAD_RELEASE: true
build	Compile the firmware	2026-09-27T12:14:56.5868090Z   SWAP: false
build	Compile the firmware	2026-09-27T12:14:56.5868310Z   DIY_SH: immo_diy.sh
build	Compile the firmware	2026-09-27T12:14:56.5868513Z   TZ: Asia/Shanghai
build	Compile the firmware	2026-09-27T12:14:56.5868722Z   FILE_NAME: openwrt_x86_64
build	Compile the firmware	2026-09-27T12:14:56.5868962Z   PRODUCT_NAME: X86-ImmortalWrt
build	Compile the firmware	2026-09-27T12:14:56.5869695Z   useVersionInfo: Author: Tianling Shen<br/>date: 2026-09-24<br/>commit: sunxi: enable wifi support for orangepi zero2/3<br/>commit hash: 035afe00fa33bb90111a5fc0104acd1a6f3022e8<br/>
build	Compile the firmware	2026-09-27T12:14:56.5870446Z   DATE: 2026-09-27 20:11:02
build	Compile the firmware	2026-09-27T12:14:56.5870659Z   DATE1: 2026-09-27
build	Compile the firmware	2026-09-27T12:14:56.5870852Z   VER: R2026.09.27
build	Compile the firmware	2026-09-27T12:14:56.5871045Z ##[endgroup]
build	Compile the firmware	2026-09-27T12:14:56.5991061Z 4 thread compile
build	Compile the firmware	2026-09-27T12:14:56.8652996Z make[2]: Entering directory '/workdir/openwrt/scripts/config'
build	Compile the firmware	2026-09-27T12:14:56.8653736Z make[2]: 'conf' is up to date.
build	Compile the firmware	2026-09-27T12:14:56.8654310Z make[2]: Leaving directory '/workdir/openwrt/scripts/config'
build	Compile the firmware	2026-09-27T12:14:58.0185872Z  make[1] world
build	Compile the firmware	2026-09-27T12:14:59.6844193Z  make[2] tools/compile
build	Compile the firmware	2026-09-27T12:14:59.6883288Z  make[2] package/cleanup
build	Compile the firmware	2026-09-27T12:15:01.3580303Z  make[3] -C tools/libdeflate compile
build	Compile the firmware	2026-09-27T12:15:01.3592089Z  make[3] -C tools/flock compile
build	Compile the firmware	2026-09-27T12:15:01.4398114Z  make[3] -C tools/zstd compile
build	Compile the firmware	2026-09-27T12:15:01.5229914Z  make[3] -C tools/sed compile
build	Compile the firmware	2026-09-27T12:15:33.8226004Z  make[3] -C tools/patch compile
build	Compile the firmware	2026-09-27T12:15:33.8238136Z  make[3] -C tools/tar compile
build	Compile the firmware	2026-09-27T12:16:06.5552939Z  make[3] -C tools/m4 compile
build	Compile the firmware	2026-09-27T12:16:06.5553816Z  make[3] -C tools/autoconf-archive compile
build	Compile the firmware	2026-09-27T12:16:06.5570352Z  make[3] -C tools/xz compile
build	Compile the firmware	2026-09-27T12:16:06.5580026Z  make[3] -C tools/ninja compile
build	Compile the firmware	2026-09-27T12:16:08.6019732Z  make[3] -C tools/gnulib compile
build	Compile the firmware	2026-09-27T12:16:10.7262714Z  make[3] -C tools/expat compile
build	Compile the firmware	2026-09-27T12:16:24.2993171Z  make[3] -C tools/zlib compile
build	Compile the firmware	2026-09-27T12:16:28.9642504Z  make[3] -C tools/cpio compile
build	Compile the firmware	2026-09-27T12:16:41.7742280Z  make[3] -C tools/lzma compile
build	Compile the firmware	2026-09-27T12:16:55.4560366Z  make[3] -C tools/make-ext4fs compile
build	Compile the firmware	2026-09-27T12:16:58.6533019Z  make[3] -C tools/mtools compile
build	Compile the firmware	2026-09-27T12:16:59.6542949Z  make[3] -C tools/patch-image compile
build	Compile the firmware	2026-09-27T12:17:00.0082387Z  make[3] -C tools/squashfs4 compile
build	Compile the firmware	2026-09-27T12:17:12.4239569Z  make[3] -C tools/sstrip compile
build	Compile the firmware	2026-09-27T12:17:14.6494395Z  make[3] -C tools/zip compile
build	Compile the firmware	2026-09-27T12:17:15.8703957Z  make[3] -C tools/autoconf compile
build	Compile the firmware	2026-09-27T12:17:18.0672359Z  make[3] -C tools/meson compile
build	Compile the firmware	2026-09-27T12:17:18.7163179Z  make[3] -C tools/pkgconf compile
build	Compile the firmware	2026-09-27T12:17:18.7234928Z  make[3] -C tools/lz4 compile
build	Compile the firmware	2026-09-27T12:17:19.0882647Z  make[3] -C tools/missing-macros compile
build	Compile the firmware	2026-09-27T12:17:24.2102304Z  make[3] -C tools/automake compile
build	Compile the firmware	2026-09-27T12:17:24.2162115Z  make[3] -C tools/libressl compile
build	Compile the firmware	2026-09-27T12:17:31.5264500Z  make[3] -C tools/libtool compile
build	Compile the firmware	2026-09-27T12:17:31.5301534Z  make[3] -C tools/dosfstools compile
build	Compile the firmware	2026-09-27T12:18:18.4997185Z  make[3] -C tools/flex compile
build	Compile the firmware	2026-09-27T12:18:18.5012814Z  make[3] -C tools/fakeroot compile
build	Compile the firmware	2026-09-27T12:18:18.5019755Z  make[3] -C tools/gengetopt compile
build	Compile the firmware	2026-09-27T12:18:25.6852444Z  make[3] -C tools/mklibs compile
build	Compile the firmware	2026-09-27T12:18:35.1552386Z  make[3] -C tools/patchelf compile
build	Compile the firmware	2026-09-27T12:18:51.8774180Z  make[3] -C tools/gmp compile
build	Compile the firmware	2026-09-27T12:19:04.9792515Z  make[3] -C tools/bison compile
build	Compile the firmware	2026-09-27T12:19:06.1002482Z  make[3] -C tools/cmake compile
build	Compile the firmware	2026-09-27T12:20:58.4382280Z  make[3] -C tools/bc compile
build	Compile the firmware	2026-09-27T12:20:59.6807379Z  make[3] -C tools/util-linux compile
build	Compile the firmware	2026-09-27T12:21:15.2292394Z  make[3] -C tools/elfutils compile
build	Compile the firmware	2026-09-27T12:21:42.0142815Z  make[3] -C tools/findutils compile
build	Compile the firmware	2026-09-27T12:22:28.8342437Z  make[3] -C tools/mkimage compile
build	Compile the firmware	2026-09-27T12:23:47.1912226Z  make[3] -C tools/mtd-utils compile
build	Compile the firmware	2026-09-27T12:24:09.3912694Z  make[3] -C tools/mpfr compile
build	Compile the firmware	2026-09-27T12:24:23.4752404Z  make[3] -C tools/e2fsprogs compile
build	Compile the firmware	2026-09-27T12:25:25.8932437Z  make[3] -C tools/erofs-utils compile
build	Compile the firmware	2026-09-27T12:25:36.5102204Z  make[3] -C tools/padjffs2 compile
build	Compile the firmware	2026-09-27T12:25:36.8332163Z  make[3] -C tools/quilt compile
build	Compile the firmware	2026-09-27T12:25:42.2572314Z  make[3] -C tools/mpc compile
build	Compile the firmware	2026-09-27T12:32:48.9617055Z  make[3] -C tools/firmware-utils compile
build	Compile the firmware	2026-09-27T12:32:54.2669801Z  make[2] toolchain/compile
build	Compile the firmware	2026-09-27T12:32:55.9342565Z  make[3] -C toolchain/gdb compile
build	Compile the firmware	2026-09-27T12:32:55.9362376Z  make[3] -C toolchain/fortify-headers compile
build	Compile the firmware	2026-09-27T12:32:55.9363487Z  make[3] -C toolchain/binutils compile
build	Compile the firmware	2026-09-27T12:32:55.9366086Z  make[3] -C toolchain/nasm compile
build	Compile the firmware	2026-09-27T12:35:23.2927232Z  make[3] -C toolchain/gcc/initial compile
build	Compile the firmware	2026-09-27T12:46:35.5193616Z  make[3] -C toolchain/kernel-headers compile
build	Compile the firmware	2026-09-27T12:47:04.2805254Z  make[3] -C toolchain/musl compile
build	Compile the firmware	2026-09-27T12:47:37.7266389Z  make[3] -C toolchain/gcc/final compile
build	Compile the firmware	2026-09-27T12:58:23.8268474Z  make[2] target/compile
build	Compile the firmware	2026-09-27T12:58:25.4534989Z  make[3] -C target/linux compile
build	Compile the firmware	2026-09-27T13:17:18.8357630Z  make[2] buildinfo
build	Compile the firmware	2026-09-27T13:17:18.8441128Z  make[2] package/compile
build	Compile the firmware	2026-09-27T13:17:20.5120841Z  make[3] diffconfig buildversion feedsversion
build	Compile the firmware	2026-09-27T13:17:20.5883003Z  make[3] -C package/utils/lua host-compile
build	Compile the firmware	2026-09-27T13:17:20.5936508Z  make[3] -C package/libs/ncurses host-compile
build	Compile the firmware	2026-09-27T13:17:20.6053280Z  make[3] -C package/system/fwtool host-compile
build	Compile the firmware	2026-09-27T13:17:21.2635569Z  make[3] -C package/libs/libjson-c host-compile
build	Compile the firmware	2026-09-27T13:17:23.2122560Z  make[4] scripts/config/conf
build	Compile the firmware	2026-09-27T13:17:26.4172566Z  make[3] -C package/system/usign host-compile
build	Compile the firmware	2026-09-27T13:17:27.4930975Z  make[3] -C package/boot/grub2 host-compile
build	Compile the firmware	2026-09-27T13:17:27.7809854Z  make[3] -C feeds/luci/modules/luci-base host-compile
build	Compile the firmware	2026-09-27T13:17:29.1583296Z  make[3] -C feeds/luci/contrib/package/csstidy host-compile
build	Compile the firmware	2026-09-27T13:17:34.6212421Z  make[3] -C package/utils/ucode host-compile
build	Compile the firmware	2026-09-27T13:17:40.3352610Z  make[3] -C feeds/packages/lang/golang/golang-bootstrap host-compile
build	Compile the firmware	2026-09-27T13:17:54.7696713Z  make[3] -C package/devel/gperf host-compile
build	Compile the firmware	2026-09-27T13:18:21.9372466Z  make[3] -C feeds/packages/libs/protobuf/protobuf-compat host-compile
build	Compile the firmware	2026-09-27T13:18:54.4352398Z  make[3] -C feeds/packages/libs/boost host-compile
build	Compile the firmware	2026-09-27T13:21:07.2732495Z  make[3] -C feeds/packages/libs/qt6base host-compile
build	Compile the firmware	2026-09-27T13:21:21.4472272Z  make[3] -C package/libs/libiconv-full host-compile
build	Compile the firmware	2026-09-27T13:22:11.0955072Z  make[3] -C feeds/packages/lang/lua/luarocks host-compile
build	Compile the firmware	2026-09-27T13:22:14.9222446Z  make[3] -C feeds/packages/lang/perl host-compile
build	Compile the firmware	2026-09-27T13:30:55.6635294Z  make[3] -C feeds/packages/libs/libffi host-compile
build	Compile the firmware	2026-09-27T13:31:22.9339497Z  make[3] -C package/utils/bzip2 host-compile
build	Compile the firmware	2026-09-27T13:31:36.5417157Z  make[3] -C feeds/packages/libs/yaml host-compile
build	Compile the firmware	2026-09-27T13:32:42.4172394Z  make[3] -C package/libs/gnulib-l10n host-compile
build	Compile the firmware	2026-09-27T13:32:49.3932484Z  make[3] -C package/libs/libunistring host-compile
build	Compile the firmware	2026-09-27T13:33:28.7312347Z  make[3] -C feeds/packages/lang/rust host-compile
build	Compile the firmware	2026-09-27T13:38:21.9049564Z  make[3] -C package/system/apk host-compile
build	Compile the firmware	2026-09-27T13:39:04.6603893Z  make[3] -C package/libs/libubox host-compile
build	Compile the firmware	2026-09-27T13:39:10.6262409Z  make[3] -C package/libs/libxml2 host-compile
build	Compile the firmware	2026-09-27T13:39:49.5062414Z  make[3] -C feeds/packages/lang/python/python3 host-compile
build	Compile the firmware	2026-09-27T13:41:03.8162288Z  make[3] -C feeds/packages/lang/ruby host-compile
build	Compile the firmware	2026-09-27T13:41:27.5732498Z  make[3] -C package/libs/toolchain compile
build	Compile the firmware	2026-09-27T13:41:32.5042555Z  make[3] -C package/kernel/gpio-button-hotplug compile
build	Compile the firmware	2026-09-27T13:41:32.7262386Z  make[3] -C package/system/fwtool compile
build	Compile the firmware	2026-09-27T13:41:34.6352547Z  make[3] -C package/system/ucert host-compile
build	Compile the firmware	2026-09-27T13:41:38.6277988Z  make[3] -C package/libs/libsepol compile
build	Compile the firmware	2026-09-27T13:43:15.8042497Z  make[3] -C package/libs/musl-fts compile
build	Compile the firmware	2026-09-27T13:44:08.7023036Z  make[3] -C package/system/openwrt-keyring compile
build	Compile the firmware	2026-09-27T13:44:09.7282553Z  make[3] -C package/boot/grub2 compile
build	Compile the firmware	2026-09-27T13:48:47.9082575Z  make[3] -C package/boot/grub2 compile
build	Compile the firmware	2026-09-27T13:51:05.4012408Z  make[3] -C package/libs/jansson compile
build	Compile the firmware	2026-09-27T13:51:23.9832316Z  make[3] -C package/libs/libmnl compile
build	Compile the firmware	2026-09-27T13:52:13.7798496Z  make[3] -C feeds/luci/libs/luci-lib-uqr compile
build	Compile the firmware	2026-09-27T13:52:15.1664340Z  make[3] -C feeds/luci/protocols/luci-proto-ppp compile
build	Compile the firmware	2026-09-27T13:52:16.8332300Z  make[3] -C package/libs/openssl compile
build	Compile the firmware	2026-09-27T13:53:26.2162919Z  make[3] -C package/boot/grub2 compile
build	Compile the firmware	2026-09-27T13:56:41.3484156Z  make[3] -C feeds/luci/protocols/luci-proto-ipv6 compile
build	Compile the firmware	2026-09-27T13:56:42.7152450Z  make[3] -C feeds/packages/utils/attr compile
build	Compile the firmware	2026-09-27T13:56:53.0419980Z  make[3] -C feeds/packages/libs/lzo compile
build	Compile the firmware	2026-09-27T13:57:16.5766922Z  make[3] -C feeds/packages/utils/zstd compile
build	Compile the firmware	2026-09-27T13:58:41.7555479Z  make[3] -C feeds/packages/lang/golang/golang1.27 host-compile
build	Compile the firmware	2026-09-27T14:03:56.3522483Z  make[3] -C feeds/packages/libs/libseccomp compile
build	Compile the firmware	2026-09-27T14:05:39.2762301Z  make[3] -C feeds/packages/utils/tini compile
build	Compile the firmware	2026-09-27T14:05:43.5477491Z  make[3] -C package/system/ca-certificates compile
build	Compile the firmware	2026-09-27T14:05:57.4093968Z  make[3] -C feeds/packages/libs/libuv compile
build	Compile the firmware	2026-09-27T14:06:11.4972282Z  make[3] -C package/libs/libcap compile
build	Compile the firmware	2026-09-27T14:06:15.8532570Z  make[3] -C package/libs/mbedtls compile
build	Compile the firmware	2026-09-27T14:06:18.2852231Z  make[3] -C feeds/packages/libs/nghttp2 compile
build	Compile the firmware	2026-09-27T14:06:39.1964053Z  make[3] -C feeds/packages/libs/boost compile
build	Compile the firmware	2026-09-27T14:07:07.5892458Z  make[3] -C feeds/packages/libs/libdouble-conversion compile
build	Compile the firmware	2026-09-27T14:07:14.8724564Z  make[3] -C feeds/packages/libs/libpciaccess compile
build	Compile the firmware	2026-09-27T14:07:25.6803927Z  make[3] -C feeds/packages/utils/qt6tools host-compile
build	Compile the firmware	2026-09-27T14:10:01.6122532Z  make[3] -C feeds/packages/libs/libpam compile
build	Compile the firmware	2026-09-27T14:10:29.6109774Z  make[3] -C feeds/packages/libs/liburcu compile
build	Compile the firmware	2026-09-27T14:12:27.1807050Z  make[3] -C package/libs/gmp compile
build	Compile the firmware	2026-09-27T14:12:31.2312114Z  make[3] -C feeds/packages/utils/dosfstools compile
build	Compile the firmware	2026-09-27T14:12:53.2252391Z  make[3] -C feeds/packages/libs/expat compile
build	Compile the firmware	2026-09-27T14:13:05.4692288Z  make[3] -C feeds/packages/lang/lua/lua5.4 compile
build	Compile the firmware	2026-09-27T14:13:13.2102289Z  make[3] -C package/libs/libtool compile
build	Compile the firmware	2026-09-27T14:13:23.1482346Z  make[3] -C package/libs/sysfsutils compile
build	Compile the firmware	2026-09-27T14:13:40.2912280Z  make[3] -C feeds/packages/libs/inih compile
build	Compile the firmware	2026-09-27T14:13:52.6512772Z  make[3] -C feeds/packages/libs/oniguruma compile
build	Compile the firmware	2026-09-27T14:14:03.3332342Z  make[3] -C feeds/packages/utils/xz compile
build	Compile the firmware	2026-09-27T14:15:25.1582500Z  make[3] -C package/utils/bzip2 compile
build	Compile the firmware	2026-09-27T14:15:32.5612516Z  make[3] -C feeds/packages/libs/libev compile
build	Compile the firmware	2026-09-27T14:15:42.1962443Z  make[3] -C feeds/packages/libs/libsodium compile
build	Compile the firmware	2026-09-27T14:16:05.9642508Z  make[3] -C feeds/packages/utils/lsof compile
build	Compile the firmware	2026-09-27T14:17:14.1722257Z  make[3] -C feeds/packages/libs/yaml compile
build	Compile the firmware	2026-09-27T14:17:47.8242326Z  make[3] -C feeds/packages/libs/gdbm compile
build	Compile the firmware	2026-09-27T14:17:58.2202499Z  make[3] -C feeds/packages/libs/icu host-compile
build	Compile the firmware	2026-09-27T14:18:32.6274146Z  make[3] -C feeds/packages/libs/libffi compile
build	Compile the firmware	2026-09-27T14:18:34.6539886Z  make[3] -C package/libs/gettext-full host-compile
build	Compile the firmware	2026-09-27T14:18:55.3572299Z  make[3] -C package/libs/nettle compile
build	Compile the firmware	2026-09-27T14:20:28.5432368Z  make[3] -C feeds/packages/mail/nail compile
build	Compile the firmware	2026-09-27T14:20:28.7762386Z  make[3] -C feeds/packages/libs/udns compile
build	Compile the firmware	2026-09-27T14:21:10.2342336Z  make[3] -C feeds/packages/utils/unzip compile
build	Compile the firmware	2026-09-27T14:21:23.7012319Z  make[3] -C package/libs/argp-standalone compile
build	Compile the firmware	2026-09-27T14:21:35.7982296Z  make[3] -C package/libs/libnfnetlink compile
build	Compile the firmware	2026-09-27T14:22:22.3492487Z  make[3] -C package/openwrt-passwall-packages/v2ray-geodata compile
build	Compile the firmware	2026-09-27T14:22:37.0002187Z  make[3] -C package/network/utils/resolveip compile
build	Compile the firmware	2026-09-27T14:22:37.7082628Z  make[3] -C package/openwrt-passwall-packages/chinadns-ng compile
build	Compile the firmware	2026-09-27T14:22:38.5752538Z  make[3] -C package/openwrt-passwall-packages/dns2socks compile
build	Compile the firmware	2026-09-27T14:22:42.3242758Z  make[3] -C package/openwrt-passwall-packages/microsocks compile
build	Compile the firmware	2026-09-27T14:22:44.6522642Z  make[3] -C package/openwrt-passwall-packages/tcping compile
build	Compile the firmware	2026-09-27T14:22:45.7295142Z  make[3] -C package/network/services/dropbear compile
build	Compile the firmware	2026-09-27T14:24:16.7932326Z  make[3] -C package/libs/libpcap compile
build	Compile the firmware	2026-09-27T14:24:32.3132332Z  make[3] -C package/network/utils/linux-atm compile
build	Compile the firmware	2026-09-27T14:26:00.1442716Z  make[3] -C package/openwrt-passwall-packages/ipt2socks compile
build	Compile the firmware	2026-09-27T14:26:03.6302613Z  make[3] -C package/openwrt-passwall-packages/simple-obfs compile
build	Compile the firmware	2026-09-27T14:26:56.5272830Z  make[3] -C package/libs/libnl-tiny compile
build	Compile the firmware	2026-09-27T14:27:00.2382355Z  make[3] -C package/libs/libjson-c compile
build	Compile the firmware	2026-09-27T14:27:13.6545257Z  make[3] -C package/utils/lua compile
build	Compile the firmware	2026-09-27T14:27:29.4232218Z  make[3] -C package/libs/libmd compile
build	Compile the firmware	2026-09-27T14:27:50.2818140Z  make[3] -C package/libs/zlib compile
build	Compile the firmware	2026-09-27T14:27:58.0381870Z  make[3] -C package/firmware/linux-firmware compile
build	Compile the firmware	2026-09-27T14:28:26.1712487Z  make[3] -C package/libs/ncurses compile
build	Compile the firmware	2026-09-27T14:30:22.0722455Z  make[3] -C package/libs/pcre2 compile
build	Compile the firmware	2026-09-27T14:31:03.6045291Z  make[3] -C package/libs/libnftnl compile
build	Compile the firmware	2026-09-27T14:31:52.1108977Z  make[3] -C feeds/packages/utils/acl compile
build	Compile the firmware	2026-09-27T14:32:13.2802380Z  make[3] -C feeds/packages/lang/golang/golang host-compile
build	Compile the firmware	2026-09-27T14:32:13.7575750Z  make[3] -C package/libs/readline compile
build	Compile the firmware	2026-09-27T14:32:54.3372479Z  make[3] -C feeds/packages/net/curl compile
build	Compile the firmware	2026-09-27T14:34:41.1243674Z  make[3] -C feeds/packages/libs/protobuf/protobuf-compat compile
build	Compile the firmware	2026-09-27T14:35:42.0572498Z  make[3] -C feeds/packages/libs/libtorrent-rasterbar compile
build	Compile the firmware	2026-09-27T14:39:34.7166167Z  make[3] -C feeds/packages/libs/libpng compile
build	Compile the firmware	2026-09-27T14:39:56.5692345Z  make[3] -C feeds/packages/libs/libdrm compile
build	Compile the firmware	2026-09-27T14:40:18.9512333Z  make[3] -C feeds/packages/libs/sqlite3 compile
build	Compile the firmware	2026-09-27T14:40:33.7550861Z  make[3] -C feeds/luci/libs/luci-lib-ip compile
build	Compile the firmware	2026-09-27T14:40:38.4992299Z  make[3] -C feeds/luci/libs/luci-lib-jsonc compile
build	Compile the firmware	2026-09-27T14:40:41.5734431Z  make[3] -C feeds/luci/libs/luci-lib-nixio compile
build	Compile the firmware	2026-09-27T14:40:51.5042307Z  make[3] -C feeds/packages/net/3proxy compile
build	Compile the firmware	2026-09-27T14:41:44.2076345Z  make[3] -C feeds/packages/net/aria2 compile
build	Compile the firmware	2026-09-27T14:43:30.5322279Z  make[3] -C feeds/packages/net/bind compile
build	Compile the firmware	2026-09-27T14:44:54.0132324Z  make[3] -C feeds/packages/utils/coreutils compile
build	Compile the firmware	2026-09-27T14:48:06.3453606Z  make[3] -C feeds/packages/utils/gawk compile
build	Compile the firmware	2026-09-27T14:48:49.0332264Z  make[3] -C feeds/packages/net/haproxy compile
build	Compile the firmware	2026-09-27T14:49:25.8981056Z  make[3] -C feeds/packages/utils/lm-sensors compile
build	Compile the firmware	2026-09-27T14:49:31.6382879Z  make[3] -C feeds/packages/utils/jq compile
build	Compile the firmware	2026-09-27T14:50:13.3162439Z  make[3] -C feeds/packages/libs/libarchive compile
build	Compile the firmware	2026-09-27T14:50:54.7572370Z  make[3] -C feeds/packages/lang/lua/lyaml compile
build	Compile the firmware	2026-09-27T14:50:58.2453679Z  make[3] -C package/libs/libxml2 compile
build	Compile the firmware	2026-09-27T14:51:17.4632851Z  make[3] -C feeds/packages/libs/icu compile
build	Compile the firmware	2026-09-27T14:51:22.3654013Z  make[3] -C feeds/packages/utils/pigz compile
build	Compile the firmware	2026-09-27T14:51:27.3900275Z  make[3] -C feeds/packages/lang/ruby compile
build	Compile the firmware	2026-09-27T14:54:01.9942504Z  make[3] -C feeds/packages/libs/gnutls compile
build	Compile the firmware	2026-09-27T14:54:40.5116918Z  make[3] -C package/helloworld/mihomo compile
build	Compile the firmware	2026-09-27T14:57:55.1932524Z  make[3] -C package/libs/elfutils compile
build	Compile the firmware	2026-09-27T14:59:14.0525396Z  make[3] -C package/mosdns compile
build	Compile the firmware	2026-09-27T14:59:50.2832630Z  make[3] -C package/openlist2 compile
build	Compile the firmware	2026-09-27T15:00:31.9172426Z  make[3] -C package/openwrt-passwall-packages/geoview compile
build	Compile the firmware	2026-09-27T15:00:54.0362494Z  make[3] -C package/network/utils/iw compile
build	Compile the firmware	2026-09-27T15:01:05.7342494Z  make[3] -C package/openwrt-passwall-packages/shadowsocks-rust compile
build	Compile the firmware	2026-09-27T15:05:43.0536763Z  make[3] -C package/openwrt-passwall-packages/shadowsocksr-libev compile
build	Compile the firmware	2026-09-27T15:05:46.5212466Z  make[3] -C package/openwrt-passwall-packages/v2ray-plugin compile
build	Compile the firmware	2026-09-27T15:06:12.1632546Z  make[3] -C package/openwrt-passwall-packages/xray-core compile
build	Compile the firmware	2026-09-27T15:08:27.3241710Z  make[3] -C package/libs/libubox compile
build	Compile the firmware	2026-09-27T15:08:33.1062268Z  make[3] -C package/kernel/linux compile
build	Compile the firmware	2026-09-27T15:09:06.9342900Z  make[3] -C package/utils/util-linux compile
build	Compile the firmware	2026-09-27T15:09:45.4651056Z  make[3] -C package/utils/jsonfilter compile
build	Compile the firmware	2026-09-27T15:09:49.2182259Z  make[3] -C package/libs/libselinux compile
build	Compile the firmware	2026-09-27T15:10:11.8142096Z  make[3] -C package/system/usign compile
build	Compile the firmware	2026-09-27T15:10:13.5702534Z  make[3] -C package/utils/e2fsprogs compile
build	Compile the firmware	2026-09-27T15:10:19.6259894Z  make[3] -C package/network/utils/nftables compile
build	Compile the firmware	2026-09-27T15:10:21.2762680Z  make[3] -C package/turboacc/fullconenat-nft compile
build	Compile the firmware	2026-09-27T15:10:28.0411757Z  make[3] -C package/libs/ustream-ssl compile
build	Compile the firmware	2026-09-27T15:10:29.6732394Z  make[3] -C feeds/packages/utils/btrfs-progs compile
build	Compile the firmware	2026-09-27T15:11:15.3672463Z  make[3] -C feeds/packages/utils/runc compile
build	Compile the firmware	2026-09-27T15:11:29.1462361Z  make[3] -C feeds/packages/libs/libwebsockets compile
build	Compile the firmware	2026-09-27T15:11:38.7012544Z  make[3] -C feeds/packages/utils/bash compile
build	Compile the firmware	2026-09-27T15:11:57.2702437Z  make[3] -C feeds/packages/libs/freetype compile
build	Compile the firmware	2026-09-27T15:12:30.0512606Z  make[3] -C feeds/packages/net/krb5 compile
build	Compile the firmware	2026-09-27T15:12:32.5802685Z  make[3] -C feeds/packages/utils/acpid compile
build	Compile the firmware	2026-09-27T15:12:37.5707421Z  make[3] -C feeds/packages/utils/fuse3 compile
build	Compile the firmware	2026-09-27T15:12:41.8492782Z  make[3] -C feeds/packages/admin/htop compile
build	Compile the firmware	2026-09-27T15:12:47.3911577Z  make[3] -C feeds/packages/net/iputils compile
build	Compile the firmware	2026-09-27T15:12:53.7012864Z  make[3] -C feeds/packages/utils/parted compile
build	Compile the firmware	2026-09-27T15:13:09.9640314Z  make[3] -C feeds/packages/libs/db compile
build	Compile the firmware	2026-09-27T15:13:29.5182025Z  make[3] -C feeds/packages/lang/php8 compile
build	Compile the firmware	2026-09-27T15:14:06.2355577Z  make[3] -C feeds/packages/net/rclone compile
build	Compile the firmware	2026-09-27T15:15:22.9519649Z  make[3] -C feeds/packages/mail/msmtp compile
build	Compile the firmware	2026-09-27T15:15:26.9163119Z  make[3] -C feeds/packages/net/tailscale compile
build	Compile the firmware	2026-09-27T15:17:38.2959230Z  make[3] -C feeds/packages/utils/xfsprogs compile
build	Compile the firmware	2026-09-27T15:18:42.1885853Z  make[3] -C package/kernel/button-hotplug compile
build	Compile the firmware	2026-09-27T15:18:42.7247691Z  make[3] -C package/kernel/r8101 compile
build	Compile the firmware	2026-09-27T15:18:46.9723065Z  make[3] -C package/kernel/r8125 compile
build	Compile the firmware	2026-09-27T15:18:56.4939006Z  make[3] -C package/kernel/r8126 compile
build	Compile the firmware	2026-09-27T15:19:05.7208749Z  make[3] -C package/kernel/r8152 compile
build	Compile the firmware	2026-09-27T15:19:11.3312557Z  make[3] -C package/kernel/r8168 compile
build	Compile the firmware	2026-09-27T15:19:22.2612413Z  make[3] -C package/libs/libbpf compile
build	Compile the firmware	2026-09-27T15:19:43.2442936Z  make[3] -C package/libs/libnetfilter-conntrack compile
build	Compile the firmware	2026-09-27T15:19:50.8782578Z  make[3] -C package/openwrt-passwall-packages/sing-box compile
build	Compile the firmware	2026-09-27T15:20:00.6111823Z  make[3] -C package/network/utils/iptables compile
build	Compile the firmware	2026-09-27T15:22:20.0432425Z  make[3] -C package/luci-app-openlist2 compile
build	Compile the firmware	2026-09-27T15:22:21.9623665Z  make[3] -C package/network/services/shellsync compile
build	Compile the firmware	2026-09-27T15:22:22.6072402Z  make[3] -C package/system/mtd compile
build	Compile the firmware	2026-09-27T15:22:24.9972741Z  make[3] -C package/system/urngd compile
build	Compile the firmware	2026-09-27T15:22:27.9952117Z  make[3] -C package/utils/f2fs-tools compile
build	Compile the firmware	2026-09-27T15:22:38.4760547Z  make[3] -C package/system/ubus compile
build	Compile the firmware	2026-09-27T15:22:42.9741097Z  make[3] -C package/system/uci compile
build	Compile the firmware	2026-09-27T15:22:46.9552480Z  make[3] -C package/utils/busybox compile
build	Compile the firmware	2026-09-27T15:22:47.2620415Z  make[3] -C package/network/services/odhcpd compile
build	Compile the firmware	2026-09-27T15:22:50.4452501Z  make[3] -C package/network/utils/iwinfo compile
build	Compile the firmware	2026-09-27T15:22:54.1269905Z  make[3] -C feeds/packages/net/cgi-io compile
build	Compile the firmware	2026-09-27T15:22:56.5493710Z  make[3] -C feeds/packages/utils/containerd compile
build	Compile the firmware	2026-09-27T15:23:14.5125513Z  make[3] -C feeds/packages/utils/ttyd compile
build	Compile the firmware	2026-09-27T15:23:17.0102940Z  make[3] -C feeds/packages/admin/netdata compile
build	Compile the firmware	2026-09-27T15:25:04.9893088Z  make[3] -C feeds/packages/libs/qt6base compile
build	Compile the firmware	2026-09-27T15:25:38.7377583Z  make[3] -C feeds/packages/lang/perl compile
build	Compile the firmware	2026-09-27T15:30:55.4933917Z  make[3] -C feeds/packages/utils/smartmontools compile
build	Compile the firmware	2026-09-27T15:32:31.8772362Z  make[3] -C package/network/services/dnsmasq compile
build	Compile the firmware	2026-09-27T15:32:47.7402594Z  make[3] -C package/network/utils/iproute2 compile
build	Compile the firmware	2026-09-27T15:32:48.1933156Z  make[3] -C package/network/ipv6/odhcp6c compile
build	Compile the firmware	2026-09-27T15:32:51.3639017Z  make[3] -C package/network/services/ppp compile
build	Compile the firmware	2026-09-27T15:33:14.9742588Z  make[3] -C package/utils/ucode compile
build	Compile the firmware	2026-09-27T15:33:26.7962165Z  make[3] -C feeds/luci/applications/luci-app-netdata compile
build	Compile the firmware	2026-09-27T15:33:29.8861015Z  make[3] -C feeds/packages/net/qbittorrent compile
build	Compile the firmware	2026-09-27T15:33:58.2472424Z  make[3] -C feeds/luci/contrib/package/ucode-mod-lua compile
build	Compile the firmware	2026-09-27T15:34:01.2592416Z  make[3] -C package/libs/uclient compile
build	Compile the firmware	2026-09-27T15:34:05.5372403Z  make[3] -C package/luci-app-openclash compile
build	Compile the firmware	2026-09-27T15:34:51.6182369Z  make[3] -C package/system/apk compile
build	Compile the firmware	2026-09-27T15:35:35.5653086Z  make[3] -C package/libs/udebug compile
build	Compile the firmware	2026-09-27T15:35:39.9960709Z  make[3] -C feeds/luci/contrib/package/lucihttp compile
build	Compile the firmware	2026-09-27T15:35:44.6485977Z  make[3] -C package/system/rpcd compile
build	Compile the firmware	2026-09-27T15:35:52.4142456Z  make[3] -C feeds/luci/contrib/package/ucode-mod-html compile
build	Compile the firmware	2026-09-27T15:35:55.3754792Z  make[3] -C package/network/config/firewall4 compile
build	Compile the firmware	2026-09-27T15:36:07.9832524Z  make[3] -C feeds/luci/libs/rpcd-mod-rrdns compile
build	Compile the firmware	2026-09-27T15:36:10.6432956Z  make[3] -C package/network/services/uhttpd compile
build	Compile the firmware	2026-09-27T15:36:28.1874318Z  make[3] -C feeds/packages/utils/dockerd compile
build	Compile the firmware	2026-09-27T15:40:37.0802231Z  make[3] -C feeds/luci/libs/luci-lib-base compile
build	Compile the firmware	2026-09-27T15:40:39.2182564Z  make[3] -C feeds/luci/themes/luci-theme-argon compile
build	Compile the firmware	2026-09-27T15:40:41.9542213Z  make[3] -C feeds/packages/net/ariang compile
build	Compile the firmware	2026-09-27T15:40:45.0452440Z  make[3] -C package/luci-app-argon-config compile
build	Compile the firmware	2026-09-27T15:40:47.2622923Z  make[3] -C package/luci-app-homeproxy compile
build	Compile the firmware	2026-09-27T15:40:52.7173068Z  make[3] -C package/luci-app-mosdns compile
build	Compile the firmware	2026-09-27T15:40:53.5952845Z  make[3] -C package/network/services/hostapd compile
build	Compile the firmware	2026-09-27T15:40:56.8771550Z  make[3] -C package/network/config/netifd compile
build	Compile the firmware	2026-09-27T15:41:23.2992407Z  make[3] -C package/system/ubox compile
build	Compile the firmware	2026-09-27T15:41:29.7962668Z  make[3] -C feeds/luci/libs/rpcd-mod-luci compile
build	Compile the firmware	2026-09-27T15:41:34.7146727Z  make[3] -C feeds/luci/applications/luci-app-qbittorrent compile
build	Compile the firmware	2026-09-27T15:41:38.1190829Z  make[3] -C package/system/urandom-seed compile
build	Compile the firmware	2026-09-27T15:41:39.4492322Z  make[3] -C package/system/fstools compile
build	Compile the firmware	2026-09-27T15:41:46.8712314Z  make[3] -C feeds/luci/modules/luci-base compile
build	Compile the firmware	2026-09-27T15:41:56.7632615Z  make[3] -C package/system/procd compile
build	Compile the firmware	2026-09-27T15:42:09.6172267Z  make[3] -C package/emortal/automount compile
build	Compile the firmware	2026-09-27T15:42:14.1914791Z  make[3] -C feeds/luci/applications/luci-app-package-manager compile
build	Compile the firmware	2026-09-27T15:42:15.6805647Z  make[3] -C feeds/luci/applications/luci-app-firewall compile
build	Compile the firmware	2026-09-27T15:42:18.3362706Z  make[3] -C feeds/luci/modules/luci-mod-network compile
build	Compile the firmware	2026-09-27T15:42:19.4634028Z  make[3] -C feeds/luci/modules/luci-mod-status compile
build	Compile the firmware	2026-09-27T15:42:21.9702585Z  make[3] -C feeds/luci/modules/luci-mod-system compile
build	Compile the firmware	2026-09-27T15:42:24.6030333Z  make[3] -C feeds/luci/themes/luci-theme-bootstrap compile
build	Compile the firmware	2026-09-27T15:42:26.1322620Z  make[3] -C feeds/luci/modules/luci-lua-runtime compile
build	Compile the firmware	2026-09-27T15:42:28.3918600Z  make[3] -C package/luci-app-pushbot compile
build	Compile the firmware	2026-09-27T15:42:33.3466372Z  make[3] -C package/luci-app-tailscale compile
build	Compile the firmware	2026-09-27T15:42:33.3901935Z  make[3] -C package/luci-theme-design compile
build	Compile the firmware	2026-09-27T15:42:35.0702996Z  make[3] -C package/base-files compile
build	Compile the firmware	2026-09-27T15:42:35.5381759Z  make[3] -C feeds/luci/modules/luci-mod-admin-full compile
build	Compile the firmware	2026-09-27T15:42:35.6056355Z  make[3] -C feeds/packages/utils/docker compile
build	Compile the firmware	2026-09-27T15:42:37.8942651Z  make[3] -C feeds/luci/modules/luci-compat compile
build	Compile the firmware	2026-09-27T15:42:38.4771567Z  make[3] -C feeds/packages/lang/perl/perl-http-date compile
build	Compile the firmware	2026-09-27T15:42:40.7578084Z  make[3] -C package/luci-app-adguardhome compile
build	Compile the firmware	2026-09-27T15:42:41.2570164Z  make[3] -C package/luci-app-filebrowser compile
build	Compile the firmware	2026-09-27T15:42:42.2627243Z  make[3] -C package/luci-app-passwall compile
build	Compile the firmware	2026-09-27T15:42:42.2682966Z  make[3] -C package/luci-app-passwall2 compile
build	Compile the firmware	2026-09-27T15:42:42.3825818Z  make[3] -C feeds/luci/collections/luci-light compile
build	Compile the firmware	2026-09-27T15:42:43.1523054Z  make[3] -C feeds/luci/collections/luci compile
build	Compile the firmware	2026-09-27T15:42:44.4745666Z  make[3] -C package/emortal/default-settings compile
build	Compile the firmware	2026-09-27T15:43:29.4930923Z  make[3] -C feeds/packages/utils/docker-compose compile
build	Compile the firmware	2026-09-27T15:44:31.6243665Z  make[3] -C feeds/luci/applications/luci-app-dockerman compile
build	Compile the firmware	2026-09-27T15:44:32.8773276Z  make[2] package/install
build	Compile the firmware	2026-09-27T15:44:35.4456725Z make -r world: build failed. Please re-run make with -j1 V=s or V=sc for a higher verbosity level to see what's going on
build	Compile the firmware	2026-09-27T15:44:35.4457821Z make: *** [/workdir/openwrt/include/toplevel.mk:268: world] Error 1
build	Compile the firmware	2026-09-27T15:44:35.4662963Z ##[error]Process completed with exit code 2.
build	Compile debug	﻿2026-09-27T15:44:35.4843750Z ##[group]Run cd openwrt
build	Compile debug	2026-09-27T15:44:35.4844117Z ^[[36;1mcd openwrt^[[0m
build	Compile debug	2026-09-27T15:44:35.4844374Z ^[[36;1mecho -e "1 thread compile debug"^[[0m
build	Compile debug	2026-09-27T15:44:35.4844662Z ^[[36;1mmake -j1 V=s^[[0m
build	Compile debug	2026-09-27T15:44:35.5306800Z shell: /usr/bin/bash -e {0}
build	Compile debug	2026-09-27T15:44:35.5307132Z env:
build	Compile debug	2026-09-27T15:44:35.5307428Z   REPO_URL: https://github.com/immortalwrt/immortalwrt
build	Compile debug	2026-09-27T15:44:35.5307793Z   REPO_BRANCH: master
build	Compile debug	2026-09-27T15:44:35.5308036Z   UPLOAD_FIRMWARE: false
build	Compile debug	2026-09-27T15:44:35.5308281Z   UPLOAD_RELEASE: true
build	Compile debug	2026-09-27T15:44:35.5308510Z   SWAP: false
build	Compile debug	2026-09-27T15:44:35.5308726Z   DIY_SH: immo_diy.sh
build	Compile debug	2026-09-27T15:44:35.5308953Z   TZ: Asia/Shanghai
build	Compile debug	2026-09-27T15:44:35.5309183Z   FILE_NAME: openwrt_x86_64
build	Compile debug	2026-09-27T15:44:35.5309446Z   PRODUCT_NAME: X86-ImmortalWrt
build	Compile debug	2026-09-27T15:44:35.5310242Z   useVersionInfo: Author: Tianling Shen<br/>date: 2026-09-24<br/>commit: sunxi: enable wifi support for orangepi zero2/3<br/>commit hash: 035afe00fa33bb90111a5fc0104acd1a6f3022e8<br/>
build	Compile debug	2026-09-27T15:44:35.5311098Z   DATE: 2026-09-27 20:11:02
build	Compile debug	2026-09-27T15:44:35.5311528Z   DATE1: 2026-09-27
build	Compile debug	2026-09-27T15:44:35.5311735Z   VER: R2026.09.27
build	Compile debug	2026-09-27T15:44:35.5311937Z ##[endgroup]
build	Compile debug	2026-09-27T15:44:35.5426327Z 1 thread compile debug
build	Compile debug	2026-09-27T15:44:38.3592486Z make[2]: Entering directory '/workdir/openwrt/scripts/config'
build	Compile debug	2026-09-27T15:44:38.3593026Z make[2]: 'conf' is up to date.
build	Compile debug	2026-09-27T15:44:38.3593404Z make[2]: Leaving directory '/workdir/openwrt/scripts/config'
build	Compile debug	2026-09-27T15:44:39.6226067Z make[1]: Entering directory '/workdir/openwrt'
build	Compile debug	2026-09-27T15:44:41.3619406Z make[2]: Entering directory '/workdir/openwrt'
build	Compile debug	2026-09-27T15:44:43.0246978Z + mkdir -p /workdir/openwrt/staging_dir/target-x86_64_musl
build	Compile debug	2026-09-27T15:44:43.0259103Z + cd /workdir/openwrt/staging_dir/target-x86_64_musl
build	Compile debug	2026-09-27T15:44:43.0259740Z + mkdir -p bin lib stamp usr/include usr/lib
build	Compile debug	2026-09-27T15:44:43.0274015Z mkdir -p /workdir/openwrt/build_dir/target-x86_64_musl/stamp
build	Compile debug	2026-09-27T15:44:43.0300474Z touch /workdir/openwrt/staging_dir/target-x86_64_musl/.prepared
build	Compile debug	2026-09-27T15:44:43.0450930Z make[3]: Entering directory '/workdir/openwrt/target/linux'
build	Compile debug	2026-09-27T15:44:43.0584066Z make[4]: Entering directory '/workdir/openwrt/target/linux/x86'
build	Compile debug	2026-09-27T15:44:43.1358351Z { stamp=/workdir/openwrt/build_dir/target-x86_64_musl/linux-x86_64/linux-6.18.52/.kbuild_modules; key="$(printf '%s' 'make -C /workdir/openwrt/build_dir/target-x86_64_musl/linux-x86_64/linux-6.18.52 KCFLAGS="-fmacro-prefix-map=/workdir/openwrt/build_dir/target-x86_64_musl=target-x86_64_musl -fmacro-prefix-map=/workdir/openwrt/staging_dir/target-x86_64_musl=staging_dir/target-x86_64_musl -fno-caller-saves " KAFLAGS="-fmacro-prefix-map=/workdir/openwrt/build_dir/target-x86_64_musl=target-x86_64_musl -fmacro-prefix-map=/workdir/openwrt/staging_dir/target-x86_64_musl=staging_dir/target-x86_64_musl" HOSTCFLAGS="-O2 -I/workdir/openwrt/staging_dir/host/include -Wall -Wmissing-prototypes -Wstrict-prototypes" CROSS_COMPILE="x86_64-openwrt-linux-musl-" ARCH="x86" KBUILD_HAVE_NLS=no KBUILD_BUILD_USER="" KBUILD_BUILD_HOST="" KBUILD_BUILD_TIMESTAMP="Thu Sep 24 09:30:20 2026" KBUILD_BUILD_VERSION="0" KBUILD_HOSTLDFLAGS="-L/workdir/openwrt/staging_dir/host/lib" CONFIG_SHELL="bash" V='\'''\''  cmd_syscalls=  CC="x86_64-openwrt-linux-musl-gcc" KERNELRELEASE=6.18.52 bzImage modules' | /workdir/openwrt/staging_dir/host/bin/mkhash md5)"; [ "$(cat $stamp 2>/dev/null)" = "$key" ] && [ -z "$(find /workdir/openwrt/build_dir/target-x86_64_musl/linux-x86_64/linux-6.18.52 /workdir/openwrt/staging_dir/toolchain-x86_64_gcc-14.4.0_musl/bin  \( -path '/workdir/openwrt/build_dir/target-x86_64_musl/linux-x86_64/linux-6.18.52/.*' ! -path '/workdir/openwrt/build_dir/target-x86_64_musl/linux-x86_64/linux-6.18.52/.config' \) -prune -o ! -type d -newer $stamp -print -quit)" ] || { rm -f $stamp;  rm -f /workdir/openwrt/build_dir/target-x86_64_musl/linux-x86_64/linux-6.18.52/vmlinux /workdir/openwrt/build_dir/target-x86_64_musl/linux-x86_64/linux-6.18.52/System.map; make -C /workdir/openwrt/build_dir/target-x86_64_musl/linux-x86_64/linux-6.18.52 KCFLAGS="-fmacro-prefix-map=/workdir/openwrt/build_dir/target-x86_64_musl=target-x86_64_musl -fmacro-prefix-map=/workdir/openwrt/staging_dir/target-x86_64_musl=staging_dir/target-x86_64_musl -fno-caller-saves " KAFLAGS="-fmacro-prefix-map=/workdir/openwrt/build_dir/target-x86_64_musl=target-x86_64_musl -fmacro-prefix-map=/workdir/openwrt/staging_dir/target-x86_64_musl=staging_dir/target-x86_64_musl" HOSTCFLAGS="-O2 -I/workdir/openwrt/staging_dir/host/include -Wall -Wmissing-prototypes -Wstrict-prototypes" CROSS_COMPILE="x86_64-openwrt-linux-musl-" ARCH="x86" KBUILD_HAVE_NLS=no KBUILD_BUILD_USER="" KBUILD_BUILD_HOST="" KBUILD_BUILD_TIMESTAMP="Thu Sep 24 09:30:20 2026" KBUILD_BUILD_VERSION="0" KBUILD_HOSTLDFLAGS="-L/workdir/openwrt/staging_dir/host/lib" CONFIG_SHELL="bash" V=''  cmd_syscalls=  CC="x86_64-openwrt-linux-musl-gcc" KERNELRELEASE=6.18.52 bzImage modules && echo "$key" > $stamp; }; }
build	Compile debug	2026-09-27T15:44:44.7216075Z # If .config did not change, use the previous timestamp to avoid package rebuilds
build	Compile debug	2026-09-27T15:44:44.7238464Z cmp -s /workdir/openwrt/build_dir/target-x86_64_musl/linux-x86_64/linux-6.18.52/.config /workdir/openwrt/build_dir/target-x86_64_musl/linux-x86_64/linux-6.18.52/.config.modules.save && mv /workdir/openwrt/build_dir/target-x86_64_musl/linux-x86_64/linux-6.18.52/.config.modules.save /workdir/openwrt/build_dir/target-x86_64_musl/linux-x86_64/linux-6.18.52/.config; cp -fpR /workdir/openwrt/build_dir/target-x86_64_musl/linux-x86_64/linux-6.18.52/.config /workdir/openwrt/build_dir/target-x86_64_musl/linux-x86_64/linux-6.18.52/.config.modules.save
build	Compile debug	2026-09-27T15:44:44.7302578Z touch /workdir/openwrt/build_dir/target-x86_64_musl/linux-x86_64/linux-6.18.52/.modules
build	Compile debug	2026-09-27T15:44:44.7327297Z make -C image compile TARGET_BUILD=
build	Compile debug	2026-09-27T15:44:44.7379303Z make[5]: Entering directory '/workdir/openwrt/target/linux/x86/image'
build	Compile debug	2026-09-27T15:44:44.8015561Z make[5]: Nothing to be done for 'compile'.
build	Compile debug	2026-09-27T15:44:44.8016268Z make[5]: Leaving directory '/workdir/openwrt/target/linux/x86/image'
build	Compile debug	2026-09-27T15:44:44.8021737Z make[4]: Leaving directory '/workdir/openwrt/target/linux/x86'
build	Compile debug	2026-09-27T15:44:44.8024174Z make[3]: Leaving directory '/workdir/openwrt/target/linux'
build	Compile debug	2026-09-27T15:44:44.8027342Z time: target/linux/compile#0.23#0.98#1.76
build	Compile debug	2026-09-27T15:44:44.8044005Z make[2]: Leaving directory '/workdir/openwrt'
build	Compile debug	2026-09-27T15:44:44.8133947Z export MAKEFLAGS= ;make -w -r buildinfo
build	Compile debug	2026-09-27T15:44:44.8168500Z make[2]: Entering directory '/workdir/openwrt'
build	Compile debug	2026-09-27T15:44:46.4707689Z  make[3] diffconfig buildversion feedsversion
build	Compile debug	2026-09-27T15:44:48.4878983Z make[2]: Leaving directory '/workdir/openwrt'
build	Compile debug	2026-09-27T15:44:48.5240827Z make[2]: Entering directory '/workdir/openwrt'
build	Compile debug	2026-09-27T15:44:50.1850231Z rm -rf /workdir/openwrt/staging_dir/target-x86_64_musl/root-x86
build	Compile debug	2026-09-27T15:44:50.3825273Z make[2]: Leaving directory '/workdir/openwrt'
build	Compile debug	2026-09-27T15:44:50.4486345Z make[2]: Entering directory '/workdir/openwrt'
build	Compile debug	2026-09-27T15:44:52.1529327Z make[3]: Entering directory '/workdir/openwrt/package/utils/lua'
build	Compile debug	2026-09-27T15:44:52.2014191Z make[3]: Leaving directory '/workdir/openwrt/package/utils/lua'
build	Compile debug	2026-09-27T15:44:52.2020957Z time: package/utils/lua/host-compile#0.05#0.03#0.08
build	Compile debug	2026-09-27T15:44:52.2438711Z make[3]: Entering directory '/workdir/openwrt/package/system/apk'
build	Compile debug	2026-09-27T15:44:52.3112239Z make[3]: Leaving directory '/workdir/openwrt/package/system/apk'
build	Compile debug	2026-09-27T15:44:52.3120504Z time: package/system/apk/host-compile#0.04#0.04#0.10
build	Compile debug	2026-09-27T15:44:52.3548694Z make[3]: Entering directory '/workdir/openwrt/package/libs/toolchain'
build	Compile debug	2026-09-27T15:44:52.4163054Z mkdir -p /workdir/openwrt/staging_dir/target-x86_64_musl/root-x86/stamp
build	Compile debug	2026-09-27T15:44:52.4202183Z echo '1' | cmp -s - /workdir/openwrt/staging_dir/target-x86_64_musl/pkginfo/libgcc.version || { mkdir -p /workdir/openwrt/staging_dir/target-x86_64_musl/pkginfo; echo '1' > /workdir/openwrt/staging_dir/target-x86_64_musl/pkginfo/libgcc.version;  cp /workdir/openwrt/staging_dir/target-x86_64_musl/pkginfo/libgcc.version /workdir/openwrt/staging_dir/target-x86_64_musl/pkginfo/libgcc-any.version;  } 
build	Compile debug	2026-09-27T15:44:52.4231826Z SHELL= flock /workdir/openwrt/tmp/.root-copy.flock -c 'cp -fpR /workdir/openwrt/build_dir/target-x86_64_musl/toolchain/.pkgdir/libgcc/. /workdir/openwrt/staging_dir/target-x86_64_musl/root-x86/'
build	Compile debug	2026-09-27T15:44:52.4294413Z touch /workdir/openwrt/staging_dir/target-x86_64_musl/root-x86/stamp/.libgcc_installed
build	Compile debug	2026-09-27T15:44:52.4319757Z echo "libgcc" >> /workdir/openwrt/staging_dir/target-x86_64_musl/pkginfo/toolchain.default.install
build	Compile debug	2026-09-27T15:44:52.4348347Z mkdir -p /workdir/openwrt/staging_dir/target-x86_64_musl/root-x86/stamp
build	Compile debug	2026-09-27T15:44:52.4382184Z SHELL= flock /workdir/openwrt/tmp/.root-copy.flock -c 'cp -fpR /workdir/openwrt/build_dir/target-x86_64_musl/toolchain/.pkgdir/libc/. /workdir/openwrt/staging_dir/target-x86_64_musl/root-x86/'
build	Compile debug	2026-09-27T15:44:52.5208605Z touch /workdir/openwrt/staging_dir/target-x86_64_musl/root-x86/stamp/.libc_installed
build	Compile debug	2026-09-27T15:44:52.5235746Z echo "libc" >> /workdir/openwrt/staging_dir/target-x86_64_musl/pkginfo/toolchain.default.install
build	Compile debug	2026-09-27T15:44:52.5264965Z mkdir -p /workdir/openwrt/staging_dir/target-x86_64_musl/root-x86/stamp
build	Compile debug	2026-09-27T15:44:52.5301976Z echo '1' | cmp -s - /workdir/openwrt/staging_dir/target-x86_64_musl/pkginfo/libatomic.version || { mkdir -p /workdir/openwrt/staging_dir/target-x86_64_musl/pkginfo; echo '1' > /workdir/openwrt/staging_dir/target-x86_64_musl/pkginfo/libatomic.version;  cp /workdir/openwrt/staging_dir/target-x86_64_musl/pkginfo/libatomic.version /workdir/openwrt/staging_dir/target-x86_64_musl/pkginfo/libatomic-any.version;  } 
build	Compile debug	2026-09-27T15:44:52.5332851Z SHELL= flock /workdir/openwrt/tmp/.root-copy.flock -c 'cp -fpR /workdir/openwrt/build_dir/target-x86_64_musl/toolchain/.pkgdir/libatomic/. /workdir/openwrt/staging_dir/target-x86_64_musl/root-x86/'
build	Compile debug	2026-09-27T15:44:52.5388330Z touch /workdir/openwrt/staging_dir/target-x86_64_musl/root-x86/stamp/.libatomic_installed
build	Compile debug	2026-09-27T15:44:52.5414156Z echo "libatomic" >> /workdir/openwrt/staging_dir/target-x86_64_musl/pkginfo/toolchain.default.install
build	Compile debug	2026-09-27T15:44:52.5441866Z mkdir -p /workdir/openwrt/staging_dir/target-x86_64_musl/root-x86/stamp
build	Compile debug	2026-09-27T15:44:52.5479690Z echo '6' | cmp -s - /workdir/openwrt/staging_dir/target-x86_64_musl/pkginfo/libstdcpp.version || { mkdir -p /workdir/openwrt/staging_dir/target-x86_64_musl/pkginfo; echo '6' > /workdir/openwrt/staging_dir/target-x86_64_musl/pkginfo/libstdcpp.version;  cp /workdir/openwrt/staging_dir/target-x86_64_musl/pkginfo/libstdcpp.version /workdir/openwrt/staging_dir/target-x86_64_musl/pkginfo/libstdcpp-any.version;  } 
build	Compile debug	2026-09-27T15:44:52.5510470Z SHELL= flock /workdir/openwrt/tmp/.root-copy.flock -c 'cp -fpR /workdir/openwrt/build_dir/target-x86_64_musl/toolchain/.pkgdir/libstdcpp/. /workdir/openwrt/staging_dir/target-x86_64_musl/root-x86/'
build	Compile debug	2026-09-27T15:44:52.5741180Z touch /workdir/openwrt/staging_dir/target-x86_64_musl/root-x86/stamp/.libstdcpp_installed
build	Compile debug	2026-09-27T15:44:52.5768730Z echo "libstdcpp" >> /workdir/openwrt/staging_dir/target-x86_64_musl/pkginfo/toolchain.default.install
build	Compile debug	2026-09-27T15:44:52.5796557Z mkdir -p /workdir/openwrt/staging_dir/target-x86_64_musl/root-x86/stamp
build	Compile debug	2026-09-27T15:44:52.5832880Z SHELL= flock /workdir/openwrt/tmp/.root-copy.flock -c 'cp -fpR /workdir/openwrt/build_dir/target-x86_64_musl/toolchain/.pkgdir/libpthread/. /workdir/openwrt/staging_dir/target-x86_64_musl/root-x86/'
build	Compile debug	2026-09-27T15:44:52.5875628Z touch /workdir/openwrt/staging_dir/target-x86_64_musl/root-x86/stamp/.libpthread_installed
build	Compile debug	2026-09-27T15:44:52.5901141Z echo "libpthread" >> /workdir/openwrt/staging_dir/target-x86_64_musl/pkginfo/toolchain.default.install
build	Compile debug	2026-09-27T15:44:52.5927306Z mkdir -p /workdir/openwrt/staging_dir/target-x86_64_musl/root-x86/stamp
build	Compile debug	2026-09-27T15:44:52.5962351Z SHELL= flock /workdir/openwrt/tmp/.root-copy.flock -c 'cp -fpR /workdir/openwrt/build_dir/target-x86_64_musl/toolchain/.pkgdir/librt/. /workdir/openwrt/staging_dir/target-x86_64_musl/root-x86/'
build	Compile debug	2026-09-27T15:44:52.6005811Z touch /workdir/openwrt/staging_dir/target-x86_64_musl/root-x86/stamp/.librt_installed
build	Compile debug	2026-09-27T15:44:52.6030721Z echo "librt" >> /workdir/openwrt/staging_dir/target-x86_64_musl/pkginfo/toolchain.default.install
build	Compile debug	2026-09-27T15:44:52.6057092Z make[3]: Leaving directory '/workdir/openwrt/package/libs/toolchain'
build	Compile debug	2026-09-27T15:44:52.6064816Z time: package/libs/toolchain/compile#0.09#0.12#0.28
build	Compile debug	2026-09-27T15:44:52.6192601Z make[3]: Entering directory '/workdir/openwrt/package/libs/libnl-tiny'
build	Compile debug	2026-09-27T15:44:52.7138815Z mkdir -p /workdir/openwrt/staging_dir/target-x86_64_musl/root-x86/stamp
build	Compile debug	2026-09-27T15:44:52.7175787Z echo '1' | cmp -s - /workdir/openwrt/staging_dir/target-x86_64_musl/pkginfo/libnl-tiny.version || { mkdir -p /workdir/openwrt/staging_dir/target-x86_64_musl/pkginfo; echo '1' > /workdir/openwrt/staging_dir/target-x86_64_musl/pkginfo/libnl-tiny.version;  cp /workdir/openwrt/staging_dir/target-x86_64_musl/pkginfo/libnl-tiny.version /workdir/openwrt/staging_dir/target-x86_64_musl/pkginfo/libnl-tiny-any.version;  } 
build	Compile debug	2026-09-27T15:44:52.7207041Z SHELL= flock /workdir/openwrt/tmp/.root-copy.flock -c 'cp -fpR /workdir/openwrt/build_dir/target-x86_64_musl/libnl-tiny-2025.12.02~40493a65/.pkgdir/libnl-tiny/. /workdir/openwrt/staging_dir/target-x86_64_musl/root-x86/'
build	Compile debug	2026-09-27T15:44:52.7260720Z touch /workdir/openwrt/staging_dir/target-x86_64_musl/root-x86/stamp/.libnl-tiny_installed
build	Compile debug	2026-09-27T15:44:52.7288198Z echo "libnl-tiny" >> /workdir/openwrt/staging_dir/target-x86_64_musl/pkginfo/libnl-tiny.default.install
build	Compile debug	2026-09-27T15:44:52.7319980Z make[3]: Leaving directory '/workdir/openwrt/package/libs/libnl-tiny'
build	Compile debug	2026-09-27T15:44:52.7329550Z time: package/libs/libnl-tiny/compile#0.06#0.05#0.12
build	Compile debug	2026-09-27T15:44:52.7766219Z make[3]: Entering directory '/workdir/openwrt/package/libs/libjson-c'
build	Compile debug	2026-09-27T15:44:52.8540909Z mkdir -p /workdir/openwrt/staging_dir/target-x86_64_musl/root-x86/stamp
build	Compile debug	2026-09-27T15:44:52.8577809Z echo '5' | cmp -s - /workdir/openwrt/staging_dir/target-x86_64_musl/pkginfo/libjson-c.version || { mkdir -p /workdir/openwrt/staging_dir/target-x86_64_musl/pkginfo; echo '5' > /workdir/openwrt/staging_dir/target-x86_64_musl/pkginfo/libjson-c.version;  cp /workdir/openwrt/staging_dir/target-x86_64_musl/pkginfo/libjson-c.version /workdir/openwrt/staging_dir/target-x86_64_musl/pkginfo/libjson-c-any.version;  } 
build	Compile debug	2026-09-27T15:44:52.8609643Z SHELL= flock /workdir/openwrt/tmp/.root-copy.flock -c 'cp -fpR /workdir/openwrt/build_dir/target-x86_64_musl/json-c-0.18/.pkgdir/libjson-c/. /workdir/openwrt/staging_dir/target-x86_64_musl/root-x86/'
build	Compile debug	2026-09-27T15:44:52.8664885Z touch /workdir/openwrt/staging_dir/target-x86_64_musl/root-x86/stamp/.libjson-c_installed
build	Compile debug	2026-09-27T15:44:52.8691893Z echo "libjson-c" >> /workdir/openwrt/staging_dir/target-x86_64_musl/pkginfo/libjson-c.default.install
build	Compile debug	2026-09-27T15:44:52.8720677Z make[3]: Leaving directory '/workdir/openwrt/package/libs/libjson-c'
build	Compile debug	2026-09-27T15:44:52.8727474Z time: package/libs/libjson-c/compile#0.06#0.06#0.13
build	Compile debug	2026-09-27T15:44:52.9178031Z make[3]: Entering directory '/workdir/openwrt/package/utils/lua'
build	Compile debug	2026-09-27T15:44:52.9830556Z mkdir -p /workdir/openwrt/staging_dir/target-x86_64_musl/root-x86/stamp
build	Compile debug	2026-09-27T15:44:52.9868869Z echo '5.1.5' | cmp -s - /workdir/openwrt/staging_dir/target-x86_64_musl/pkginfo/liblua.version || { mkdir -p /workdir/openwrt/staging_dir/target-x86_64_musl/pkginfo; echo '5.1.5' > /workdir/openwrt/staging_dir/target-x86_64_musl/pkginfo/liblua.version;  cp /workdir/openwrt/staging_dir/target-x86_64_musl/pkginfo/liblua.version /workdir/openwrt/staging_dir/target-x86_64_musl/pkginfo/liblua-any.version;  } 
build	Compile debug	2026-09-27T15:44:52.9900104Z SHELL= flock /workdir/openwrt/tmp/.root-copy.flock -c 'cp -fpR /workdir/openwrt/build_dir/target-x86_64_musl/lua-5.1.5/.pkgdir/liblua/. /workdir/openwrt/staging_dir/target-x86_64_musl/root-x86/'
build	Compile debug	2026-09-27T15:44:52.9957577Z touch /workdir/openwrt/staging_dir/target-x86_64_musl/root-x86/stamp/.liblua_installed
build	Compile debug	2026-09-27T15:44:52.9983067Z echo "liblua" >> /workdir/openwrt/staging_dir/target-x86_64_musl/pkginfo/lua.default.install
build	Compile debug	2026-09-27T15:44:53.0010766Z mkdir -p /workdir/openwrt/staging_dir/target-x86_64_musl/root-x86/stamp
build	Compile debug	2026-09-27T15:44:53.0046149Z SHELL= flock /workdir/openwrt/tmp/.root-copy.flock -c 'cp -fpR /workdir/openwrt/build_dir/target-x86_64_musl/lua-5.1.5/.pkgdir/lua/. /workdir/openwrt/staging_dir/target-x86_64_musl/root-x86/'
build	Compile debug	2026-09-27T15:44:53.0096111Z touch /workdir/openwrt/staging_dir/target-x86_64_musl/root-x86/stamp/.lua_installed
build	Compile debug	2026-09-27T15:44:53.0123828Z echo "lua" >> /workdir/openwrt/staging_dir/target-x86_64_musl/pkginfo/lua.default.install
build	Compile debug	2026-09-27T15:44:53.0150431Z make[3]: Leaving directory '/workdir/openwrt/package/utils/lua'
build	Compile debug	2026-09-27T15:44:53.0158146Z time: package/utils/lua/compile#0.07#0.06#0.13
build	Compile debug	2026-09-27T15:44:53.0288951Z make[3]: Entering directory '/workdir/openwrt/package/libs/libubox'
build	Compile debug	2026-09-27T15:44:53.1406100Z mkdir -p /workdir/openwrt/staging_dir/target-x86_64_musl/root-x86/stamp
build	Compile debug	2026-09-27T15:44:53.1441179Z echo '20260721' | cmp -s - /workdir/openwrt/staging_dir/target-x86_64_musl/pkginfo/libubox.version || { mkdir -p /workdir/openwrt/staging_dir/target-x86_64_musl/pkginfo; echo '20260721' > /workdir/openwrt/staging_dir/target-x86_64_musl/pkginfo/libubox.version;  cp /workdir/openwrt/staging_dir/target-x86_64_musl/pkginfo/libubox.version /workdir/openwrt/staging_dir/target-x86_64_musl/pkginfo/libubox-any.version;  } 
build	Compile debug	2026-09-27T15:44:53.1472501Z SHELL= flock /workdir/openwrt/tmp/.root-copy.flock -c 'cp -fpR /workdir/openwrt/build_dir/target-x86_64_musl/libubox-2026.07.21~e7608b69/.pkgdir/libubox/. /workdir/openwrt/staging_dir/target-x86_64_musl/root-x86/'
build	Compile debug	2026-09-27T15:44:53.1530758Z touch /workdir/openwrt/staging_dir/target-x86_64_musl/root-x86/stamp/.libubox_installed
build	Compile debug	2026-09-27T15:44:53.1556346Z echo "libubox" >> /workdir/openwrt/staging_dir/target-x86_64_musl/pkginfo/libubox.default.install
build	Compile debug	2026-09-27T15:44:53.1582404Z mkdir -p /workdir/openwrt/staging_dir/target-x86_64_musl/root-x86/stamp
build	Compile debug	2026-09-27T15:44:53.1615840Z echo '20260721' | cmp -s - /workdir/openwrt/staging_dir/target-x86_64_musl/pkginfo/libblobmsg-json.version || { mkdir -p /workdir/openwrt/staging_dir/target-x86_64_musl/pkginfo; echo '20260721' > /workdir/openwrt/staging_dir/target-x86_64_musl/pkginfo/libblobmsg-json.version;  cp /workdir/openwrt/staging_dir/target-x86_64_musl/pkginfo/libblobmsg-json.version /workdir/openwrt/staging_dir/target-x86_64_musl/pkginfo/libblobmsg-json-any.version;  } 
build	Compile debug	2026-09-27T15:44:53.1645981Z SHELL= flock /workdir/openwrt/tmp/.root-copy.flock -c 'cp -fpR /workdir/openwrt/build_dir/target-x86_64_musl/libubox-2026.07.21~e7608b69/.pkgdir/libblobmsg-json/. /workdir/openwrt/staging_dir/target-x86_64_musl/root-x86/'
build	Compile debug	2026-09-27T15:44:53.1697022Z touch /workdir/openwrt/staging_dir/target-x86_64_musl/root-x86/stamp/.libblobmsg-json_installed
build	Compile debug	2026-09-27T15:44:53.1721979Z echo "libblobmsg-json" >> /workdir/openwrt/staging_dir/target-x86_64_musl/pkginfo/libubox.default.install
build	Compile debug	2026-09-27T15:44:53.1747034Z mkdir -p /workdir/openwrt/staging_dir/target-x86_64_musl/root-x86/stamp
build	Compile debug	2026-09-27T15:44:53.1779394Z SHELL= flock /workdir/openwrt/tmp/.root-copy.flock -c 'cp -fpR /workdir/openwrt/build_dir/target-x86_64_musl/libubox-2026.07.21~e7608b69/.pkgdir/jshn/. /workdir/openwrt/staging_dir/target-x86_64_musl/root-x86/'
build	Compile debug	2026-09-27T15:44:53.1834141Z touch /workdir/openwrt/staging_dir/target-x86_64_musl/root-x86/stamp/.jshn_installed
build	Compile debug	2026-09-27T15:44:53.1859720Z echo "jshn" >> /workdir/openwrt/staging_dir/target-x86_64_musl/pkginfo/libubox.default.install
build	Compile debug	2026-09-27T15:44:53.1885453Z mkdir -p /workdir/openwrt/staging_dir/target-x86_64_musl/root-x86/stamp
build	Compile debug	2026-09-27T15:44:53.1917945Z echo '20260721' | cmp -s - /workdir/openwrt/staging_dir/target-x86_64_musl/pkginfo/libjson-script.version || { mkdir -p /workdir/openwrt/staging_dir/target-x86_64_musl/pkginfo; echo '20260721' > /workdir/openwrt/staging_dir/target-x86_64_musl/pkginfo/libjson-script.version;  cp /workdir/openwrt/staging_dir/target-x86_64_musl/pkginfo/libjson-script.version /workdir/openwrt/staging_dir/target-x86_64_musl/pkginfo/libjson-script-any.version;  } 
build	Compile debug	2026-09-27T15:44:53.1948128Z SHELL= flock /workdir/openwrt/tmp/.root-copy.flock -c 'cp -fpR /workdir/openwrt/build_dir/target-x86_64_musl/libubox-2026.07.21~e7608b69/.pkgdir/libjson-script/. /workdir/openwrt/staging_dir/target-x86_64_musl/root-x86/'
build	Compile debug	2026-09-27T15:44:53.1994739Z touch /workdir/openwrt/staging_dir/target-x86_64_musl/root-x86/stamp/.libjson-script_installed
build	Compile debug	2026-09-27T15:44:53.2019123Z echo "libjson-script" >> /workdir/openwrt/staging_dir/target-x86_64_musl/pkginfo/libubox.default.install
build	Compile debug	2026-09-27T15:44:53.2044766Z make[3]: Leaving directory '/workdir/openwrt/package/libs/libubox'
build	Compile debug	2026-09-27T15:44:53.2052933Z time: package/libs/libubox/compile#0.08#0.08#0.18
build	Compile debug	2026-09-27T15:44:53.2178692Z make[3]: Entering directory '/workdir/openwrt/package/system/ubus'
build	Compile debug	2026-09-27T15:44:53.3406309Z mkdir -p /workdir/openwrt/staging_dir/target-x86_64_musl/root-x86/stamp
build	Compile debug	2026-09-27T15:44:53.3442974Z echo '20260628' | cmp -s - /workdir/openwrt/staging_dir/target-x86_64_musl/pkginfo/libubus.version || { mkdir -p /workdir/openwrt/staging_dir/target-x86_64_musl/pkginfo; echo '20260628' > /workdir/openwrt/staging_dir/target-x86_64_musl/pkginfo/libubus.version;  cp /workdir/openwrt/staging_dir/target-x86_64_musl/pkginfo/libubus.version /workdir/openwrt/staging_dir/target-x86_64_musl/pkginfo/libubus-any.version;  } 
build	Compile debug	2026-09-27T15:44:53.3474054Z SHELL= flock /workdir/openwrt/tmp/.root-copy.flock -c 'cp -fpR /workdir/openwrt/build_dir/target-x86_64_musl/ubus-2026.06.28~24864e78/.pkgdir/libubus/. /workdir/openwrt/staging_dir/target-x86_64_musl/root-x86/'
build	Compile debug	2026-09-27T15:44:53.3534708Z touch /workdir/openwrt/staging_dir/target-x86_64_musl/root-x86/stamp/.libubus_installed
build	Compile debug	2026-09-27T15:44:53.3561320Z echo "libubus" >> /workdir/openwrt/staging_dir/target-x86_64_musl/pkginfo/ubus.default.install
build	Compile debug	2026-09-27T15:44:53.3589791Z mkdir -p /workdir/openwrt/staging_dir/target-x86_64_musl/root-x86/stamp
build	Compile debug	2026-09-27T15:44:53.3625767Z SHELL= flock /workdir/openwrt/tmp/.root-copy.flock -c 'cp -fpR /workdir/openwrt/build_dir/target-x86_64_musl/ubus-2026.06.28~24864e78/.pkgdir/libubus-lua/. /workdir/openwrt/staging_dir/target-x86_64_musl/root-x86/'
build	Compile debug	2026-09-27T15:44:53.3681829Z touch /workdir/openwrt/staging_dir/target-x86_64_musl/root-x86/stamp/.libubus-lua_installed
build	Compile debug	2026-09-27T15:44:53.3707659Z echo "libubus-lua" >> /workdir/openwrt/staging_dir/target-x86_64_musl/pkginfo/ubus.default.install
build	Compile debug	2026-09-27T15:44:53.3735250Z mkdir -p /workdir/openwrt/staging_dir/target-x86_64_musl/root-x86/stamp
build	Compile debug	2026-09-27T15:44:53.3771444Z SHELL= flock /workdir/openwrt/tmp/.root-copy.flock -c 'cp -fpR /workdir/openwrt/build_dir/target-x86_64_musl/ubus-2026.06.28~24864e78/.pkgdir/ubus/. /workdir/openwrt/staging_dir/target-x86_64_musl/root-x86/'
build	Compile debug	2026-09-27T15:44:53.3829117Z touch /workdir/openwrt/staging_dir/target-x86_64_musl/root-x86/stamp/.ubus_installed
build	Compile debug	2026-09-27T15:44:53.3855753Z echo "ubus" >> /workdir/openwrt/staging_dir/target-x86_64_musl/pkginfo/ubus.default.install
build	Compile debug	2026-09-27T15:44:53.3883327Z mkdir -p /workdir/openwrt/staging_dir/target-x86_64_musl/root-x86/stamp
build	Compile debug	2026-09-27T15:44:53.3919129Z SHELL= flock /workdir/openwrt/tmp/.root-copy.flock -c 'cp -fpR /workdir/openwrt/build_dir/target-x86_64_musl/ubus-2026.06.28~24864e78/.pkgdir/ubusd/. /workdir/openwrt/staging_dir/target-x86_64_musl/root-x86/'
build	Compile debug	2026-09-27T15:44:53.3972630Z touch /workdir/openwrt/staging_dir/target-x86_64_musl/root-x86/stamp/.ubusd_installed
build	Compile debug	2026-09-27T15:44:53.3999224Z echo "ubusd" >> /workdir/openwrt/staging_dir/target-x86_64_musl/pkginfo/ubus.default.install
build	Compile debug	2026-09-27T15:44:53.4027075Z make[3]: Leaving directory '/workdir/openwrt/package/system/ubus'
build	Compile debug	2026-09-27T15:44:53.4035112Z time: package/system/ubus/compile#0.08#0.09#0.19
build	Compile debug	2026-09-27T15:44:53.4465280Z make[3]: Entering directory '/workdir/openwrt/package/libs/libmd'
build	Compile debug	2026-09-27T15:44:53.5119620Z make[3]: Leaving directory '/workdir/openwrt/package/libs/libmd'
build	Compile debug	2026-09-27T15:44:53.5126580Z time: package/libs/libmd/compile#0.05#0.04#0.10
build	Compile debug	2026-09-27T15:44:53.5564554Z make[3]: Entering directory '/workdir/openwrt/package/libs/zlib'
build	Compile debug	2026-09-27T15:44:53.6304365Z mkdir -p /workdir/openwrt/staging_dir/target-x86_64_musl/root-x86/stamp
build	Compile debug	2026-09-27T15:44:53.6339170Z SHELL= flock /workdir/openwrt/tmp/.root-copy.flock -c 'cp -fpR /workdir/openwrt/build_dir/target-x86_64_musl/zlib-1.3.2/.pkgdir/zlib/. /workdir/openwrt/staging_dir/target-x86_64_musl/root-x86/'
build	Compile debug	2026-09-27T15:44:53.6392797Z touch /workdir/openwrt/staging_dir/target-x86_64_musl/root-x86/stamp/.zlib_installed
build	Compile debug	2026-09-27T15:44:53.6418049Z echo "zlib" >> /workdir/openwrt/staging_dir/target-x86_64_musl/pkginfo/zlib.default.install
build	Compile debug	2026-09-27T15:44:53.6445876Z make[3]: Leaving directory '/workdir/openwrt/package/libs/zlib'
build	Compile debug	2026-09-27T15:44:53.6453801Z time: package/libs/zlib/compile#0.05#0.06#0.12
build	Compile debug	2026-09-27T15:44:53.6580789Z make[3]: Entering directory '/workdir/openwrt/package/system/uci'
build	Compile debug	2026-09-27T15:44:53.7713923Z mkdir -p /workdir/openwrt/staging_dir/target-x86_64_musl/root-x86/stamp
build	Compile debug	2026-09-27T15:44:53.7752590Z echo '20250120' | cmp -s - /workdir/openwrt/staging_dir/target-x86_64_musl/pkginfo/libuci.version || { mkdir -p /workdir/openwrt/staging_dir/target-x86_64_musl/pkginfo; echo '20250120' > /workdir/openwrt/staging_dir/target-x86_64_musl/pkginfo/libuci.version;  cp /workdir/openwrt/staging_dir/target-x86_64_musl/pkginfo/libuci.version /workdir/openwrt/staging_dir/target-x86_64_musl/pkginfo/libuci-any.version;  } 
build	Compile debug	2026-09-27T15:44:53.7783371Z SHELL= flock /workdir/openwrt/tmp/.root-copy.flock -c 'cp -fpR /workdir/openwrt/build_dir/target-x86_64_musl/uci-2025.12.02~66127cd7/.pkgdir/libuci/. /workdir/openwrt/staging_dir/target-x86_64_musl/root-x86/'
build	Compile debug	2026-09-27T15:44:53.7847120Z touch /workdir/openwrt/staging_dir/target-x86_64_musl/root-x86/stamp/.libuci_installed
build	Compile debug	2026-09-27T15:44:53.7874505Z echo "libuci" >> /workdir/openwrt/staging_dir/target-x86_64_musl/pkginfo/uci.default.install
build	Compile debug	2026-09-27T15:44:53.7902896Z mkdir -p /workdir/openwrt/staging_dir/target-x86_64_musl/root-x86/stamp
build	Compile debug	2026-09-27T15:44:53.7937368Z SHELL= flock /workdir/openwrt/tmp/.root-copy.flock -c 'cp -fpR /workdir/openwrt/build_dir/target-x86_64_musl/uci-2025.12.02~66127cd7/.pkgdir/libuci-lua/. /workdir/openwrt/staging_dir/target-x86_64_musl/root-x86/'
build	Compile debug	2026-09-27T15:44:53.7989877Z touch /workdir/openwrt/staging_dir/target-x86_64_musl/root-x86/stamp/.libuci-lua_installed
build	Compile debug	2026-09-27T15:44:53.8016046Z echo "libuci-lua" >> /workdir/openwrt/staging_dir/target-x86_64_musl/pkginfo/uci.default.install
build	Compile debug	2026-09-27T15:44:53.8043781Z mkdir -p /workdir/openwrt/staging_dir/target-x86_64_musl/root-x86/stamp
build	Compile debug	2026-09-27T15:44:53.8078969Z SHELL= flock /workdir/openwrt/tmp/.root-copy.flock -c 'cp -fpR /workdir/openwrt/build_dir/target-x86_64_musl/uci-2025.12.02~66127cd7/.pkgdir/uci/. /workdir/openwrt/staging_dir/target-x86_64_musl/root-x86/'
build	Compile debug	2026-09-27T15:44:53.8140318Z touch /workdir/openwrt/staging_dir/target-x86_64_musl/root-x86/stamp/.uci_installed
build	Compile debug	2026-09-27T15:44:53.8168848Z echo "uci" >> /workdir/openwrt/staging_dir/target-x86_64_musl/pkginfo/uci.default.install
build	Compile debug	2026-09-27T15:44:53.8197661Z make[3]: Leaving directory '/workdir/openwrt/package/system/uci'
build	Compile debug	2026-09-27T15:44:53.8205818Z time: package/system/uci/compile#0.07#0.08#0.17
build	Compile debug	2026-09-27T15:44:53.8334237Z make[3]: Entering directory '/workdir/openwrt/package/utils/ucode'
build	Compile debug	2026-09-27T15:44:53.9535500Z mkdir -p /workdir/openwrt/staging_dir/target-x86_64_musl/root-x86/stamp
build	Compile debug	2026-09-27T15:44:53.9572814Z echo '20230711' | cmp -s - /workdir/openwrt/staging_dir/target-x86_64_musl/pkginfo/libucode.version || { mkdir -p /workdir/openwrt/staging_dir/target-x86_64_musl/pkginfo; echo '20230711' > /workdir/openwrt/staging_dir/target-x86_64_musl/pkginfo/libucode.version;  cp /workdir/openwrt/staging_dir/target-x86_64_musl/pkginfo/libucode.version /workdir/openwrt/staging_dir/target-x86_64_musl/pkginfo/libucode-any.version;  } 
build	Compile debug	2026-09-27T15:44:53.9602675Z SHELL= flock /workdir/openwrt/tmp/.root-copy.flock -c 'cp -fpR /workdir/openwrt/build_dir/target-x86_64_musl/ucode-2026.07.09~b885dd0f/.pkgdir/libucode/. /workdir/openwrt/staging_dir/target-x86_64_musl/root-x86/'
build	Compile debug	2026-09-27T15:44:53.9657690Z touch /workdir/openwrt/staging_dir/target-x86_64_musl/root-x86/stamp/.libucode_installed
build	Compile debug	2026-09-27T15:44:53.9683862Z echo "libucode" >> /workdir/openwrt/staging_dir/target-x86_64_musl/pkginfo/ucode.default.install
build	Compile debug	2026-09-27T15:44:53.9713945Z mkdir -p /workdir/openwrt/staging_dir/target-x86_64_musl/root-x86/stamp
build	Compile debug	2026-09-27T15:44:53.9752824Z SHELL= flock /workdir/openwrt/tmp/.root-copy.flock -c 'cp -fpR /workdir/openwrt/build_dir/target-x86_64_musl/ucode-2026.07.09~b885dd0f/.pkgdir/ucode/. /workdir/openwrt/staging_dir/target-x86_64_musl/root-x86/'
build	Compile debug	2026-09-27T15:44:53.9804024Z touch /workdir/openwrt/staging_dir/target-x86_64_musl/root-x86/stamp/.ucode_installed
build	Compile debug	2026-09-27T15:44:53.9830167Z echo "ucode" >> /workdir/openwrt/staging_dir/target-x86_64_musl/pkginfo/ucode.default.install
build	Compile debug	2026-09-27T15:44:53.9858017Z mkdir -p /workdir/openwrt/staging_dir/target-x86_64_musl/root-x86/stamp
build	Compile debug	2026-09-27T15:44:53.9893321Z SHELL= flock /workdir/openwrt/tmp/.root-copy.flock -c 'cp -fpR /workdir/openwrt/build_dir/target-x86_64_musl/ucode-2026.07.09~b885dd0f/.pkgdir/ucode-mod-fs/. /workdir/openwrt/staging_dir/target-x86_64_musl/root-x86/'
build	Compile debug	2026-09-27T15:44:53.9940916Z touch /workdir/openwrt/staging_dir/target-x86_64_musl/root-x86/stamp/.ucode-mod-fs_installed
build	Compile debug	2026-09-27T15:44:53.9967370Z echo "ucode-mod-fs" >> /workdir/openwrt/staging_dir/target-x86_64_musl/pkginfo/ucode.default.install
build	Compile debug	2026-09-27T15:44:53.9994735Z mkdir -p /workdir/openwrt/staging_dir/target-x86_64_musl/root-x86/stamp
build	Compile debug	2026-09-27T15:44:54.0031707Z SHELL= flock /workdir/openwrt/tmp/.root-copy.flock -c 'cp -fpR /workdir/openwrt/build_dir/target-x86_64_musl/ucode-2026.07.09~b885dd0f/.pkgdir/ucode-mod-log/. /workdir/openwrt/staging_dir/target-x86_64_musl/root-x86/'
build	Compile debug	2026-09-27T15:44:54.0078580Z touch /workdir/openwrt/staging_dir/target-x86_64_musl/root-x86/stamp/.ucode-mod-log_installed
build	Compile debug	2026-09-27T15:44:54.0105088Z echo "ucode-mod-log" >> /workdir/openwrt/staging_dir/target-x86_64_musl/pkginfo/ucode.default.install
build	Compile debug	2026-09-27T15:44:54.0134876Z mkdir -p /workdir/openwrt/staging_dir/target-x86_64_musl/root-x86/stamp
build	Compile debug	2026-09-27T15:44:54.0173182Z SHELL= flock /workdir/openwrt/tmp/.root-copy.flock -c 'cp -fpR /workdir/openwrt/build_dir/target-x86_64_musl/ucode-2026.07.09~b885dd0f/.pkgdir/ucode-mod-socket/. /workdir/openwrt/staging_dir/target-x86_64_musl/root-x86/'
build	Compile debug	2026-09-27T15:44:54.0226346Z touch /workdir/openwrt/staging_dir/target-x86_64_musl/root-x86/stamp/.ucode-mod-socket_installed
build	Compile debug	2026-09-27T15:44:54.0253162Z echo "ucode-mod-socket" >> /workdir/openwrt/staging_dir/target-x86_64_musl/pkginfo/ucode.default.install
build	Compile debug	2026-09-27T15:44:54.0280776Z mkdir -p /workdir/openwrt/staging_dir/target-x86_64_musl/root-x86/stamp
build	Compile debug	2026-09-27T15:44:54.0317072Z SHELL= flock /workdir/openwrt/tmp/.root-copy.flock -c 'cp -fpR /workdir/openwrt/build_dir/target-x86_64_musl/ucode-2026.07.09~b885dd0f/.pkgdir/ucode-mod-ubus/. /workdir/openwrt/staging_dir/target-x86_64_musl/root-x86/'
build	Compile debug	2026-09-27T15:44:54.0364882Z touch /workdir/openwrt/staging_dir/target-x86_64_musl/root-x86/stamp/.ucode-mod-ubus_installed
build	Compile debug	2026-09-27T15:44:54.0390368Z echo "ucode-mod-ubus" >> /workdir/openwrt/staging_dir/target-x86_64_musl/pkginfo/ucode.default.install
build	Compile debug	2026-09-27T15:44:54.0419067Z mkdir -p /workdir/openwrt/staging_dir/target-x86_64_musl/root-x86/stamp
build	Compile debug	2026-09-27T15:44:54.0455858Z SHELL= flock /workdir/openwrt/tmp/.root-copy.flock -c 'cp -fpR /workdir/openwrt/build_dir/target-x86_64_musl/ucode-2026.07.09~b885dd0f/.pkgdir/ucode-mod-uci/. /workdir/openwrt/staging_dir/target-x86_64_musl/root-x86/'
build	Compile debug	2026-09-27T15:44:54.0504243Z touch /workdir/openwrt/staging_dir/target-x86_64_musl/root-x86/stamp/.ucode-mod-uci_installed
build	Compile debug	2026-09-27T15:44:54.0529932Z echo "ucode-mod-uci" >> /workdir/openwrt/staging_dir/target-x86_64_musl/pkginfo/ucode.default.install
build	Compile debug	2026-09-27T15:44:54.0557789Z mkdir -p /workdir/openwrt/staging_dir/target-x86_64_musl/root-x86/stamp
build	Compile debug	2026-09-27T15:44:54.0594197Z SHELL= flock /workdir/openwrt/tmp/.root-copy.flock -c 'cp -fpR /workdir/openwrt/build_dir/target-x86_64_musl/ucode-2026.07.09~b885dd0f/.pkgdir/ucode-mod-uloop/. /workdir/openwrt/staging_dir/target-x86_64_musl/root-x86/'
build	Compile debug	2026-09-27T15:44:54.0641669Z touch /workdir/openwrt/staging_dir/target-x86_64_musl/root-x86/stamp/.ucode-mod-uloop_installed
build	Compile debug	2026-09-27T15:44:54.0667914Z echo "ucode-mod-uloop" >> /workdir/openwrt/staging_dir/target-x86_64_musl/pkginfo/ucode.default.install
build	Compile debug	2026-09-27T15:44:54.0696384Z mkdir -p /workdir/openwrt/staging_dir/target-x86_64_musl/root-x86/stamp
build	Compile debug	2026-09-27T15:44:54.0732164Z SHELL= flock /workdir/openwrt/tmp/.root-copy.flock -c 'cp -fpR /workdir/openwrt/build_dir/target-x86_64_musl/ucode-2026.07.09~b885dd0f/.pkgdir/ucode-mod-digest/. /workdir/openwrt/staging_dir/target-x86_64_musl/root-x86/'
build	Compile debug	2026-09-27T15:44:54.0778914Z touch /workdir/openwrt/staging_dir/target-x86_64_musl/root-x86/stamp/.ucode-mod-digest_installed
build	Compile debug	2026-09-27T15:44:54.0806192Z echo "ucode-mod-digest" >> /workdir/openwrt/staging_dir/target-x86_64_musl/pkginfo/ucode.default.install
build	Compile debug	2026-09-27T15:44:54.0833181Z make[3]: Leaving directory '/workdir/openwrt/package/utils/ucode'
build	Compile debug	2026-09-27T15:44:54.0841137Z time: package/utils/ucode/compile#0.11#0.14#0.25
build	Compile debug	2026-09-27T15:44:54.0969552Z make[3]: Entering directory '/workdir/openwrt/package/libs/udebug'
build	Compile debug	2026-09-27T15:44:54.1976974Z mkdir -p /workdir/openwrt/staging_dir/target-x86_64_musl/root-x86/stamp
build	Compile debug	2026-09-27T15:44:54.2012990Z SHELL= flock /workdir/openwrt/tmp/.root-copy.flock -c 'cp -fpR /workdir/openwrt/build_dir/target-x86_64_musl/udebug-2026.07.08~75843a1b/.pkgdir/libudebug/. /workdir/openwrt/staging_dir/target-x86_64_musl/root-x86/'
build	Compile debug	2026-09-27T15:44:54.2068304Z touch /workdir/openwrt/staging_dir/target-x86_64_musl/root-x86/stamp/.libudebug_installed
build	Compile debug	2026-09-27T15:44:54.2094218Z echo "libudebug" >> /workdir/openwrt/staging_dir/target-x86_64_musl/pkginfo/udebug.default.install
build	Compile debug	2026-09-27T15:44:54.2122775Z make[3]: Leaving directory '/workdir/openwrt/package/libs/udebug'
build	Compile debug	2026-09-27T15:44:54.2130165Z time: package/libs/udebug/compile#0.06#0.06#0.12
build	Compile debug	2026-09-27T15:44:54.2258974Z make[3]: Entering directory '/workdir/openwrt/package/network/config/netifd'
build	Compile debug	2026-09-27T15:44:54.3331816Z mkdir -p /workdir/openwrt/staging_dir/target-x86_64_musl/root-x86/stamp
build	Compile debug	2026-09-27T15:44:54.3368253Z SHELL= flock /workdir/openwrt/tmp/.root-copy.flock -c 'cp -fpR /workdir/openwrt/build_dir/target-x86_64_musl/netifd-2026.09.11~06d06c86/.pkgdir/netifd/. /workdir/openwrt/staging_dir/target-x86_64_musl/root-x86/'
build	Compile debug	2026-09-27T15:44:54.3436931Z touch /workdir/openwrt/staging_dir/target-x86_64_musl/root-x86/stamp/.netifd_installed
build	Compile debug	2026-09-27T15:44:54.3462559Z echo "netifd" >> /workdir/openwrt/staging_dir/target-x86_64_musl/pkginfo/netifd.default.install
build	Compile debug	2026-09-27T15:44:54.3489968Z make[3]: Leaving directory '/workdir/openwrt/package/network/config/netifd'
build	Compile debug	2026-09-27T15:44:54.3497749Z time: package/network/config/netifd/compile#0.07#0.05#0.13
build	Compile debug	2026-09-27T15:44:54.3506359Z make[2]: Circular package/firmware/linux-firmware/compile <- package/kernel/linux/compile dependency dropped.
build	Compile debug	2026-09-27T15:44:54.3922849Z make[3]: Entering directory '/workdir/openwrt/package/firmware/linux-firmware'
build	Compile debug	2026-09-27T15:44:54.5500494Z mkdir -p /workdir/openwrt/staging_dir/target-x86_64_musl/root-x86/stamp
build	Compile debug	2026-09-27T15:44:54.5546831Z SHELL= flock /workdir/openwrt/tmp/.root-copy.flock -c 'cp -fpR /workdir/openwrt/build_dir/target-x86_64_musl/linux-firmware-20260910/.pkgdir/bnx2-firmware/. /workdir/openwrt/staging_dir/target-x86_64_musl/root-x86/'
build	Compile debug	2026-09-27T15:44:54.5600902Z touch /workdir/openwrt/staging_dir/target-x86_64_musl/root-x86/stamp/.bnx2-firmware_installed
build	Compile debug	2026-09-27T15:44:54.5627409Z echo "bnx2-firmware" >> /workdir/openwrt/staging_dir/target-x86_64_musl/pkginfo/linux-firmware.default.install
build	Compile debug	2026-09-27T15:44:54.5654165Z mkdir -p /workdir/openwrt/staging_dir/target-x86_64_musl/root-x86/stamp
build	Compile debug	2026-09-27T15:44:54.5689476Z SHELL= flock /workdir/openwrt/tmp/.root-copy.flock -c 'cp -fpR /workdir/openwrt/build_dir/target-x86_64_musl/linux-firmware-20260910/.pkgdir/i915-firmware-dmc/. /workdir/openwrt/staging_dir/target-x86_64_musl/root-x86/'
build	Compile debug	2026-09-27T15:44:54.5784093Z touch /workdir/openwrt/staging_dir/target-x86_64_musl/root-x86/stamp/.i915-firmware-dmc_installed
build	Compile debug	2026-09-27T15:44:54.5810327Z echo "i915-firmware-dmc" >> /workdir/openwrt/staging_dir/target-x86_64_musl/pkginfo/linux-firmware.default.install
build	Compile debug	2026-09-27T15:44:54.5837473Z mkdir -p /workdir/openwrt/staging_dir/target-x86_64_musl/root-x86/stamp
build	Compile debug	2026-09-27T15:44:54.5873102Z SHELL= flock /workdir/openwrt/tmp/.root-copy.flock -c 'cp -fpR /workdir/openwrt/build_dir/target-x86_64_musl/linux-firmware-20260910/.pkgdir/r8169-firmware/. /workdir/openwrt/staging_dir/target-x86_64_musl/root-x86/'
build	Compile debug	2026-09-27T15:44:54.5955546Z touch /workdir/openwrt/staging_dir/target-x86_64_musl/root-x86/stamp/.r8169-firmware_installed
build	Compile debug	2026-09-27T15:44:54.5982660Z echo "r8169-firmware" >> /workdir/openwrt/staging_dir/target-x86_64_musl/pkginfo/linux-firmware.default.install
build	Compile debug	2026-09-27T15:44:54.6009540Z make[3]: Leaving directory '/workdir/openwrt/package/firmware/linux-firmware'
build	Compile debug	2026-09-27T15:44:54.6017365Z time: package/firmware/linux-firmware/compile#0.10#0.11#0.24
build	Compile debug	2026-09-27T15:44:54.6142856Z make[3]: Entering directory '/workdir/openwrt/package/kernel/gpio-button-hotplug'
build	Compile debug	2026-09-27T15:44:54.6768374Z make[3]: Leaving directory '/workdir/openwrt/package/kernel/gpio-button-hotplug'
build	Compile debug	2026-09-27T15:44:54.6776533Z time: package/kernel/gpio-button-hotplug/compile#0.04#0.02#0.07
build	Compile debug	2026-09-27T15:44:54.6902659Z make[3]: Entering directory '/workdir/openwrt/package/kernel/linux'
build	Compile debug	2026-09-27T15:44:55.2136528Z mkdir -p /workdir/openwrt/staging_dir/target-x86_64_musl/root-x86/stamp
build	Compile debug	2026-09-27T15:44:55.2137113Z 
build	Compile debug	2026-09-27T15:44:55.2138136Z SHELL= flock /workdir/openwrt/tmp/.root-copy.flock -c 'cp -fpR /workdir/openwrt/build_dir/target-x86_64_musl/linux-x86_64/packages/.pkgdir/kernel/. /workdir/openwrt/staging_dir/target-x86_64_musl/root-x86/'
build	Compile debug	2026-09-27T15:44:55.2139664Z touch /workdir/openwrt/staging_dir/target-x86_64_musl/root-x86/stamp/.kernel_installed
build	Compile debug	2026-09-27T15:44:55.2210851Z echo "kernel" >> /workdir/openwrt/staging_dir/target-x86_64_musl/pkginfo/linux.default.install
build	Compile debug	2026-09-27T15:44:55.2260392Z mkdir -p /workdir/openwrt/staging_dir/target-x86_64_musl/root-x86/stamp
build	Compile debug	2026-09-27T15:44:55.2260899Z 
build	Compile debug	2026-09-27T15:44:55.2262193Z SHELL= flock /workdir/openwrt/tmp/.root-copy.flock -c 'cp -fpR /workdir/openwrt/build_dir/target-x86_64_musl/linux-x86_64/packages/.pkgdir/kmod-scsi-core/. /workdir/openwrt/staging_dir/target-x86_64_musl/root-x86/'
build	Compile debug	2026-09-27T15:44:55.2263843Z touch /workdir/openwrt/staging_dir/target-x86_64_musl/root-x86/stamp/.kmod-scsi-core_installed
build	Compile debug	2026-09-27T15:44:55.2328005Z echo "kmod-scsi-core" >> /workdir/openwrt/staging_dir/target-x86_64_musl/pkginfo/linux.default.install
build	Compile debug	2026-09-27T15:44:55.2347798Z mkdir -p /workdir/openwrt/staging_dir/target-x86_64_musl/root-x86/stamp
build	Compile debug	2026-09-27T15:44:55.2348350Z 
build	Compile debug	2026-09-27T15:44:55.2349479Z SHELL= flock /workdir/openwrt/tmp/.root-copy.flock -c 'cp -fpR /workdir/openwrt/build_dir/target-x86_64_musl/linux-x86_64/packages/.pkgdir/kmod-crypto-acompress/. /workdir/openwrt/staging_dir/target-x86_64_musl/root-x86/'
build	Compile debug	2026-09-27T15:44:55.2351480Z touch /workdir/openwrt/staging_dir/target-x86_64_musl/root-x86/stamp/.kmod-crypto-acompress_installed
build	Compile debug	2026-09-27T15:44:55.2412779Z echo "kmod-crypto-acompress" >> /workdir/openwrt/staging_dir/target-x86_64_musl/pkginfo/linux.default.install
build	Compile debug	2026-09-27T15:44:55.2430626Z mkdir -p /workdir/openwrt/staging_dir/target-x86_64_musl/root-x86/stamp
build	Compile debug	2026-09-27T15:44:55.2431144Z 
build	Compile debug	2026-09-27T15:44:55.2433101Z SHELL= flock /workdir/openwrt/tmp/.root-copy.flock -c 'cp -fpR /workdir/openwrt/build_dir/target-x86_64_musl/linux-x86_64/packages/.pkgdir/kmod-crypto-blake2b/. /workdir/openwrt/staging_dir/target-x86_64_musl/root-x86/'
build	Compile debug	2026-09-27T15:44:55.2434883Z touch /workdir/openwrt/staging_dir/target-x86_64_musl/root-x86/stamp/.kmod-crypto-blake2b_installed
build	Compile debug	2026-09-27T15:44:55.2564164Z echo "kmod-crypto-blake2b" >> /workdir/openwrt/staging_dir/target-x86_64_musl/pkginfo/linux.default.install
build	Compile debug	2026-09-27T15:44:55.2584184Z mkdir -p /workdir/openwrt/staging_dir/target-x86_64_musl/root-x86/stamp
build	Compile debug	2026-09-27T15:44:55.2585085Z 
build	Compile debug	2026-09-27T15:44:55.2586197Z SHELL= flock /workdir/openwrt/tmp/.root-copy.flock -c 'cp -fpR /workdir/openwrt/build_dir/target-x86_64_musl/linux-x86_64/packages/.pkgdir/kmod-crypto-crc32/. /workdir/openwrt/staging_dir/target-x86_64_musl/root-x86/'
build	Compile debug	2026-09-27T15:44:55.2587868Z touch /workdir/openwrt/staging_dir/target-x86_64_musl/root-x86/stamp/.kmod-crypto-crc32_installed
build	Compile debug	2026-09-27T15:44:55.2651163Z echo "kmod-crypto-crc32" >> /workdir/openwrt/staging_dir/target-x86_64_musl/pkginfo/linux.default.install
build	Compile debug	2026-09-27T15:44:55.2668952Z mkdir -p /workdir/openwrt/staging_dir/target-x86_64_musl/root-x86/stamp
build	Compile debug	2026-09-27T15:44:55.2669453Z 
build	Compile debug	2026-09-27T15:44:55.2670565Z SHELL= flock /workdir/openwrt/tmp/.root-copy.flock -c 'cp -fpR /workdir/openwrt/build_dir/target-x86_64_musl/linux-x86_64/packages/.pkgdir/kmod-crypto-crc32c/. /workdir/openwrt/staging_dir/target-x86_64_musl/root-x86/'
build	Compile debug	2026-09-27T15:44:55.2672458Z touch /workdir/openwrt/staging_dir/target-x86_64_musl/root-x86/stamp/.kmod-crypto-crc32c_installed
build	Compile debug	2026-09-27T15:44:55.2736791Z echo "kmod-crypto-crc32c" >> /workdir/openwrt/staging_dir/target-x86_64_musl/pkginfo/linux.default.install
build	Compile debug	2026-09-27T15:44:55.2755877Z mkdir -p /workdir/openwrt/staging_dir/target-x86_64_musl/root-x86/stamp
build	Compile debug	2026-09-27T15:44:55.2756384Z 
build	Compile debug	2026-09-27T15:44:55.2757462Z SHELL= flock /workdir/openwrt/tmp/.root-copy.flock -c 'cp -fpR /workdir/openwrt/build_dir/target-x86_64_musl/linux-x86_64/packages/.pkgdir/kmod-crypto-hash/. /workdir/openwrt/staging_dir/target-x86_64_musl/root-x86/'
build	Compile debug	2026-09-27T15:44:55.2759095Z touch /workdir/openwrt/staging_dir/target-x86_64_musl/root-x86/stamp/.kmod-crypto-hash_installed
build	Compile debug	2026-09-27T15:44:55.2820226Z echo "kmod-crypto-hash" >> /workdir/openwrt/staging_dir/target-x86_64_musl/pkginfo/linux.default.install
build	Compile debug	2026-09-27T15:44:55.2837863Z mkdir -p /workdir/openwrt/staging_dir/target-x86_64_musl/root-x86/stamp
build	Compile debug	2026-09-27T15:44:55.2838375Z 
build	Compile debug	2026-09-27T15:44:55.2839484Z SHELL= flock /workdir/openwrt/tmp/.root-copy.flock -c 'cp -fpR /workdir/openwrt/build_dir/target-x86_64_musl/linux-x86_64/packages/.pkgdir/kmod-crypto-sha1/. /workdir/openwrt/staging_dir/target-x86_64_musl/root-x86/'
build	Compile debug	2026-09-27T15:44:55.2841936Z touch /workdir/openwrt/staging_dir/target-x86_64_musl/root-x86/stamp/.kmod-crypto-sha1_installed
build	Compile debug	2026-09-27T15:44:55.2912229Z echo "kmod-crypto-sha1" >> /workdir/openwrt/staging_dir/target-x86_64_musl/pkginfo/linux.default.install
build	Compile debug	2026-09-27T15:44:55.2931458Z mkdir -p /workdir/openwrt/staging_dir/target-x86_64_musl/root-x86/stamp
build	Compile debug	2026-09-27T15:44:55.2932165Z 
build	Compile debug	2026-09-27T15:44:55.2933256Z SHELL= flock /workdir/openwrt/tmp/.root-copy.flock -c 'cp -fpR /workdir/openwrt/build_dir/target-x86_64_musl/linux-x86_64/packages/.pkgdir/kmod-crypto-xxhash/. /workdir/openwrt/staging_dir/target-x86_64_musl/root-x86/'
build	Compile debug	2026-09-27T15:44:55.2934928Z touch /workdir/openwrt/staging_dir/target-x86_64_musl/root-x86/stamp/.kmod-crypto-xxhash_installed
build	Compile debug	2026-09-27T15:44:55.3003057Z echo "kmod-crypto-xxhash" >> /workdir/openwrt/staging_dir/target-x86_64_musl/pkginfo/linux.default.install
build	Compile debug	2026-09-27T15:44:55.3021109Z mkdir -p /workdir/openwrt/staging_dir/target-x86_64_musl/root-x86/stamp
build	Compile debug	2026-09-27T15:44:55.3022071Z 
build	Compile debug	2026-09-27T15:44:55.3023396Z SHELL= flock /workdir/openwrt/tmp/.root-copy.flock -c 'cp -fpR /workdir/openwrt/build_dir/target-x86_64_musl/linux-x86_64/packages/.pkgdir/kmod-fs-btrfs/. /workdir/openwrt/staging_dir/target-x86_64_musl/root-x86/'
build	Compile debug	2026-09-27T15:44:55.3025416Z touch /workdir/openwrt/staging_dir/target-x86_64_musl/root-x86/stamp/.kmod-fs-btrfs_installed
build	Compile debug	2026-09-27T15:44:55.3267483Z echo "kmod-fs-btrfs" >> /workdir/openwrt/staging_dir/target-x86_64_musl/pkginfo/linux.default.install
build	Compile debug	2026-09-27T15:44:55.3286401Z mkdir -p /workdir/openwrt/staging_dir/target-x86_64_musl/root-x86/stamp
build	Compile debug	2026-09-27T15:44:55.3287120Z 
build	Compile debug	2026-09-27T15:44:55.3288602Z SHELL= flock /workdir/openwrt/tmp/.root-copy.flock -c 'cp -fpR /workdir/openwrt/build_dir/target-x86_64_musl/linux-x86_64/packages/.pkgdir/kmod-fs-exfat/. /workdir/openwrt/staging_dir/target-x86_64_musl/root-x86/'
build	Compile debug	2026-09-27T15:44:55.3291034Z touch /workdir/openwrt/staging_dir/target-x86_64_musl/root-x86/stamp/.kmod-fs-exfat_installed
build	Compile debug	2026-09-27T15:44:55.3367081Z echo "kmod-fs-exfat" >> /workdir/openwrt/staging_dir/target-x86_64_musl/pkginfo/linux.default.install
build	Compile debug	2026-09-27T15:44:55.3385290Z mkdir -p /workdir/openwrt/staging_dir/target-x86_64_musl/root-x86/stamp
build	Compile debug	2026-09-27T15:44:55.3385966Z 
build	Compile debug	2026-09-27T15:44:55.3387427Z SHELL= flock /workdir/openwrt/tmp/.root-copy.flock -c 'cp -fpR /workdir/openwrt/build_dir/target-x86_64_musl/linux-x86_64/packages/.pkgdir/kmod-fs-ext4/. /workdir/openwrt/staging_dir/target-x86_64_musl/root-x86/'
build	Compile debug	2026-09-27T15:44:55.3389661Z touch /workdir/openwrt/staging_dir/target-x86_64_musl/root-x86/stamp/.kmod-fs-ext4_installed
build	Compile debug	2026-09-27T15:44:55.3447740Z echo "kmod-fs-ext4" >> /workdir/openwrt/staging_dir/target-x86_64_musl/pkginfo/linux.default.install
build	Compile debug	2026-09-27T15:44:55.3464760Z mkdir -p /workdir/openwrt/staging_dir/target-x86_64_musl/root-x86/stamp
build	Compile debug	2026-09-27T15:44:55.3465373Z 
build	Compile debug	2026-09-27T15:44:55.3466722Z SHELL= flock /workdir/openwrt/tmp/.root-copy.flock -c 'cp -fpR /workdir/openwrt/build_dir/target-x86_64_musl/linux-x86_64/packages/.pkgdir/kmod-fs-f2fs/. /workdir/openwrt/staging_dir/target-x86_64_musl/root-x86/'
build	Compile debug	2026-09-27T15:44:55.3468723Z touch /workdir/openwrt/staging_dir/target-x86_64_musl/root-x86/stamp/.kmod-fs-f2fs_installed
build	Compile debug	2026-09-27T15:44:55.3526662Z echo "kmod-fs-f2fs" >> /workdir/openwrt/staging_dir/target-x86_64_musl/pkginfo/linux.default.install
build	Compile debug	2026-09-27T15:44:55.3544262Z mkdir -p /workdir/openwrt/staging_dir/target-x86_64_musl/root-x86/stamp
build	Compile debug	2026-09-27T15:44:55.3544822Z 
build	Compile debug	2026-09-27T15:44:55.3546056Z SHELL= flock /workdir/openwrt/tmp/.root-copy.flock -c 'cp -fpR /workdir/openwrt/build_dir/target-x86_64_musl/linux-x86_64/packages/.pkgdir/kmod-fs-ntfs3/. /workdir/openwrt/staging_dir/target-x86_64_musl/root-x86/'
build	Compile debug	2026-09-27T15:44:55.3547882Z touch /workdir/openwrt/staging_dir/target-x86_64_musl/root-x86/stamp/.kmod-fs-ntfs3_installed
build	Compile debug	2026-09-27T15:44:55.3635446Z echo "kmod-fs-ntfs3" >> /workdir/openwrt/staging_dir/target-x86_64_musl/pkginfo/linux.default.install
build	Compile debug	2026-09-27T15:44:55.3655300Z mkdir -p /workdir/openwrt/staging_dir/target-x86_64_musl/root-x86/stamp
build	Compile debug	2026-09-27T15:44:55.3655934Z 
build	Compile debug	2026-09-27T15:44:55.3657250Z SHELL= flock /workdir/openwrt/tmp/.root-copy.flock -c 'cp -fpR /workdir/openwrt/build_dir/target-x86_64_musl/linux-x86_64/packages/.pkgdir/kmod-fs-vfat/. /workdir/openwrt/staging_dir/target-x86_64_musl/root-x86/'
build	Compile debug	2026-09-27T15:44:55.3659259Z touch /workdir/openwrt/staging_dir/target-x86_64_musl/root-x86/stamp/.kmod-fs-vfat_installed
build	Compile debug	2026-09-27T15:44:55.3738818Z echo "kmod-fs-vfat" >> /workdir/openwrt/staging_dir/target-x86_64_musl/pkginfo/linux.default.install
build	Compile debug	2026-09-27T15:44:55.3758178Z mkdir -p /workdir/openwrt/staging_dir/target-x86_64_musl/root-x86/stamp
build	Compile debug	2026-09-27T15:44:55.3758814Z 
build	Compile debug	2026-09-27T15:44:55.3760144Z SHELL= flock /workdir/openwrt/tmp/.root-copy.flock -c 'cp -fpR /workdir/openwrt/build_dir/target-x86_64_musl/linux-x86_64/packages/.pkgdir/kmod-fuse/. /workdir/openwrt/staging_dir/target-x86_64_musl/root-x86/'
build	Compile debug	2026-09-27T15:44:55.3762419Z touch /workdir/openwrt/staging_dir/target-x86_64_musl/root-x86/stamp/.kmod-fuse_installed
build	Compile debug	2026-09-27T15:44:55.3846981Z echo "kmod-fuse" >> /workdir/openwrt/staging_dir/target-x86_64_musl/pkginfo/linux.default.install
build	Compile debug	2026-09-27T15:44:55.3865406Z mkdir -p /workdir/openwrt/staging_dir/target-x86_64_musl/root-x86/stamp
build	Compile debug	2026-09-27T15:44:55.3866038Z 
build	Compile debug	2026-09-27T15:44:55.3867375Z SHELL= flock /workdir/openwrt/tmp/.root-copy.flock -c 'cp -fpR /workdir/openwrt/build_dir/target-x86_64_musl/linux-x86_64/packages/.pkgdir/kmod-hwmon-core/. /workdir/openwrt/staging_dir/target-x86_64_musl/root-x86/'
build	Compile debug	2026-09-27T15:44:55.3869445Z touch /workdir/openwrt/staging_dir/target-x86_64_musl/root-x86/stamp/.kmod-hwmon-core_installed
build	Compile debug	2026-09-27T15:44:55.3926274Z echo "kmod-hwmon-core" >> /workdir/openwrt/staging_dir/target-x86_64_musl/pkginfo/linux.default.install
build	Compile debug	2026-09-27T15:44:55.3943881Z mkdir -p /workdir/openwrt/staging_dir/target-x86_64_musl/root-x86/stamp
build	Compile debug	2026-09-27T15:44:55.3944922Z 
build	Compile debug	2026-09-27T15:44:55.3945851Z SHELL= flock /workdir/openwrt/tmp/.root-copy.flock -c 'cp -fpR /workdir/openwrt/build_dir/target-x86_64_musl/linux-x86_64/packages/.pkgdir/kmod-i2c-core/. /workdir/openwrt/staging_dir/target-x86_64_musl/root-x86/'
build	Compile debug	2026-09-27T15:44:55.3947058Z touch /workdir/openwrt/staging_dir/target-x86_64_musl/root-x86/stamp/.kmod-i2c-core_installed
build	Compile debug	2026-09-27T15:44:55.4008750Z echo "kmod-i2c-core" >> /workdir/openwrt/staging_dir/target-x86_64_musl/pkginfo/linux.default.install
build	Compile debug	2026-09-27T15:44:55.4024320Z mkdir -p /workdir/openwrt/staging_dir/target-x86_64_musl/root-x86/stamp
build	Compile debug	2026-09-27T15:44:55.4024983Z 
build	Compile debug	2026-09-27T15:44:55.4026012Z SHELL= flock /workdir/openwrt/tmp/.root-copy.flock -c 'cp -fpR /workdir/openwrt/build_dir/target-x86_64_musl/linux-x86_64/packages/.pkgdir/kmod-i2c-algo-bit/. /workdir/openwrt/staging_dir/target-x86_64_musl/root-x86/'
build	Compile debug	2026-09-27T15:44:55.4027467Z touch /workdir/openwrt/staging_dir/target-x86_64_musl/root-x86/stamp/.kmod-i2c-algo-bit_installed
build	Compile debug	2026-09-27T15:44:55.4081814Z echo "kmod-i2c-algo-bit" >> /workdir/openwrt/staging_dir/target-x86_64_musl/pkginfo/linux.default.install
build	Compile debug	2026-09-27T15:44:55.4097518Z mkdir -p /workdir/openwrt/staging_dir/target-x86_64_musl/root-x86/stamp
build	Compile debug	2026-09-27T15:44:55.4098094Z 
build	Compile debug	2026-09-27T15:44:55.4099050Z SHELL= flock /workdir/openwrt/tmp/.root-copy.flock -c 'cp -fpR /workdir/openwrt/build_dir/target-x86_64_musl/linux-x86_64/packages/.pkgdir/kmod-hid/. /workdir/openwrt/staging_dir/target-x86_64_musl/root-x86/'
build	Compile debug	2026-09-27T15:44:55.4100150Z touch /workdir/openwrt/staging_dir/target-x86_64_musl/root-x86/stamp/.kmod-hid_installed
build	Compile debug	2026-09-27T15:44:55.4157493Z echo "kmod-hid" >> /workdir/openwrt/staging_dir/target-x86_64_musl/pkginfo/linux.default.install
build	Compile debug	2026-09-27T15:44:55.4173791Z mkdir -p /workdir/openwrt/staging_dir/target-x86_64_musl/root-x86/stamp
build	Compile debug	2026-09-27T15:44:55.4174353Z 
build	Compile debug	2026-09-27T15:44:55.4175287Z SHELL= flock /workdir/openwrt/tmp/.root-copy.flock -c 'cp -fpR /workdir/openwrt/build_dir/target-x86_64_musl/linux-x86_64/packages/.pkgdir/kmod-hid-generic/. /workdir/openwrt/staging_dir/target-x86_64_musl/root-x86/'
build	Compile debug	2026-09-27T15:44:55.4176872Z touch /workdir/openwrt/staging_dir/target-x86_64_musl/root-x86/stamp/.kmod-hid-generic_installed
build	Compile debug	2026-09-27T15:44:55.4233679Z echo "kmod-hid-generic" >> /workdir/openwrt/staging_dir/target-x86_64_musl/pkginfo/linux.default.install
build	Compile debug	2026-09-27T15:44:55.4248967Z mkdir -p /workdir/openwrt/staging_dir/target-x86_64_musl/root-x86/stamp
build	Compile debug	2026-09-27T15:44:55.4249576Z 
build	Compile debug	2026-09-27T15:44:55.4250623Z SHELL= flock /workdir/openwrt/tmp/.root-copy.flock -c 'cp -fpR /workdir/openwrt/build_dir/target-x86_64_musl/linux-x86_64/packages/.pkgdir/kmod-input-core/. /workdir/openwrt/staging_dir/target-x86_64_musl/root-x86/'
build	Compile debug	2026-09-27T15:44:55.4252225Z touch /workdir/openwrt/staging_dir/target-x86_64_musl/root-x86/stamp/.kmod-input-core_installed
build	Compile debug	2026-09-27T15:44:55.4303885Z echo "kmod-input-core" >> /workdir/openwrt/staging_dir/target-x86_64_musl/pkginfo/linux.default.install
build	Compile debug	2026-09-27T15:44:55.4318975Z mkdir -p /workdir/openwrt/staging_dir/target-x86_64_musl/root-x86/stamp
build	Compile debug	2026-09-27T15:44:55.4319558Z 
build	Compile debug	2026-09-27T15:44:55.4320802Z SHELL= flock /workdir/openwrt/tmp/.root-copy.flock -c 'cp -fpR /workdir/openwrt/build_dir/target-x86_64_musl/linux-x86_64/packages/.pkgdir/kmod-input-evdev/. /workdir/openwrt/staging_dir/target-x86_64_musl/root-x86/'
build	Compile debug	2026-09-27T15:44:55.4322947Z touch /workdir/openwrt/staging_dir/target-x86_64_musl/root-x86/stamp/.kmod-input-evdev_installed
build	Compile debug	2026-09-27T15:44:55.4382943Z echo "kmod-input-evdev" >> /workdir/openwrt/staging_dir/target-x86_64_musl/pkginfo/linux.default.install
build	Compile debug	2026-09-27T15:44:55.4400224Z mkdir -p /workdir/openwrt/staging_dir/target-x86_64_musl/root-x86/stamp
build	Compile debug	2026-09-27T15:44:55.4400730Z 
build	Compile debug	2026-09-27T15:44:55.4402154Z SHELL= flock /workdir/openwrt/tmp/.root-copy.flock -c 'cp -fpR /workdir/openwrt/build_dir/target-x86_64_musl/linux-x86_64/packages/.pkgdir/kmod-lib-crc-ccitt/. /workdir/openwrt/staging_dir/target-x86_64_musl/root-x86/'
build	Compile debug	2026-09-27T15:44:55.4404332Z touch /workdir/openwrt/staging_dir/target-x86_64_musl/root-x86/stamp/.kmod-lib-crc-ccitt_installed
build	Compile debug	2026-09-27T15:44:55.4464925Z echo "kmod-lib-crc-ccitt" >> /workdir/openwrt/staging_dir/target-x86_64_musl/pkginfo/linux.default.install
build	Compile debug	2026-09-27T15:44:55.4483852Z mkdir -p /workdir/openwrt/staging_dir/target-x86_64_musl/root-x86/stamp
build	Compile debug	2026-09-27T15:44:55.4484368Z 
build	Compile debug	2026-09-27T15:44:55.4485471Z SHELL= flock /workdir/openwrt/tmp/.root-copy.flock -c 'cp -fpR /workdir/openwrt/build_dir/target-x86_64_musl/linux-x86_64/packages/.pkgdir/kmod-lib-crc16/. /workdir/openwrt/staging_dir/target-x86_64_musl/root-x86/'
build	Compile debug	2026-09-27T15:44:55.4487098Z touch /workdir/openwrt/staging_dir/target-x86_64_musl/root-x86/stamp/.kmod-lib-crc16_installed
build	Compile debug	2026-09-27T15:44:55.4548149Z echo "kmod-lib-crc16" >> /workdir/openwrt/staging_dir/target-x86_64_musl/pkginfo/linux.default.install
build	Compile debug	2026-09-27T15:44:55.4566184Z mkdir -p /workdir/openwrt/staging_dir/target-x86_64_musl/root-x86/stamp
build	Compile debug	2026-09-27T15:44:55.4566721Z 
build	Compile debug	2026-09-27T15:44:55.4567862Z SHELL= flock /workdir/openwrt/tmp/.root-copy.flock -c 'cp -fpR /workdir/openwrt/build_dir/target-x86_64_musl/linux-x86_64/packages/.pkgdir/kmod-lib-lzo/. /workdir/openwrt/staging_dir/target-x86_64_musl/root-x86/'
build	Compile debug	2026-09-27T15:44:55.4569572Z touch /workdir/openwrt/staging_dir/target-x86_64_musl/root-x86/stamp/.kmod-lib-lzo_installed
build	Compile debug	2026-09-27T15:44:55.4639397Z echo "kmod-lib-lzo" >> /workdir/openwrt/staging_dir/target-x86_64_musl/pkginfo/linux.default.install
build	Compile debug	2026-09-27T15:44:55.4658731Z mkdir -p /workdir/openwrt/staging_dir/target-x86_64_musl/root-x86/stamp
build	Compile debug	2026-09-27T15:44:55.4659274Z 
build	Compile debug	2026-09-27T15:44:55.4660378Z SHELL= flock /workdir/openwrt/tmp/.root-copy.flock -c 'cp -fpR /workdir/openwrt/build_dir/target-x86_64_musl/linux-x86_64/packages/.pkgdir/kmod-lib-xxhash/. /workdir/openwrt/staging_dir/target-x86_64_musl/root-x86/'
build	Compile debug	2026-09-27T15:44:55.4662273Z touch /workdir/openwrt/staging_dir/target-x86_64_musl/root-x86/stamp/.kmod-lib-xxhash_installed
build	Compile debug	2026-09-27T15:44:55.4729827Z echo "kmod-lib-xxhash" >> /workdir/openwrt/staging_dir/target-x86_64_musl/pkginfo/linux.default.install
build	Compile debug	2026-09-27T15:44:55.4748863Z mkdir -p /workdir/openwrt/staging_dir/target-x86_64_musl/root-x86/stamp
build	Compile debug	2026-09-27T15:44:55.4749290Z 
build	Compile debug	2026-09-27T15:44:55.4750161Z SHELL= flock /workdir/openwrt/tmp/.root-copy.flock -c 'cp -fpR /workdir/openwrt/build_dir/target-x86_64_musl/linux-x86_64/packages/.pkgdir/kmod-lib-zstd/. /workdir/openwrt/staging_dir/target-x86_64_musl/root-x86/'
build	Compile debug	2026-09-27T15:44:55.4752042Z touch /workdir/openwrt/staging_dir/target-x86_64_musl/root-x86/stamp/.kmod-lib-zstd_installed
build	Compile debug	2026-09-27T15:44:55.4900108Z echo "kmod-lib-zstd" >> /workdir/openwrt/staging_dir/target-x86_64_musl/pkginfo/linux.default.install
build	Compile debug	2026-09-27T15:44:55.4918555Z mkdir -p /workdir/openwrt/staging_dir/target-x86_64_musl/root-x86/stamp
build	Compile debug	2026-09-27T15:44:55.4918939Z 
build	Compile debug	2026-09-27T15:44:55.4919771Z SHELL= flock /workdir/openwrt/tmp/.root-copy.flock -c 'cp -fpR /workdir/openwrt/build_dir/target-x86_64_musl/linux-x86_64/packages/.pkgdir/kmod-lib-raid6/. /workdir/openwrt/staging_dir/target-x86_64_musl/root-x86/'
build	Compile debug	2026-09-27T15:44:55.4921058Z touch /workdir/openwrt/staging_dir/target-x86_64_musl/root-x86/stamp/.kmod-lib-raid6_installed
build	Compile debug	2026-09-27T15:44:55.4988157Z echo "kmod-lib-raid6" >> /workdir/openwrt/staging_dir/target-x86_64_musl/pkginfo/linux.default.install
build	Compile debug	2026-09-27T15:44:55.5006033Z mkdir -p /workdir/openwrt/staging_dir/target-x86_64_musl/root-x86/stamp
build	Compile debug	2026-09-27T15:44:55.5006597Z 
build	Compile debug	2026-09-27T15:44:55.5007660Z SHELL= flock /workdir/openwrt/tmp/.root-copy.flock -c 'cp -fpR /workdir/openwrt/build_dir/target-x86_64_musl/linux-x86_64/packages/.pkgdir/kmod-lib-xor/. /workdir/openwrt/staging_dir/target-x86_64_musl/root-x86/'
build	Compile debug	2026-09-27T15:44:55.5008896Z touch /workdir/openwrt/staging_dir/target-x86_64_musl/root-x86/stamp/.kmod-lib-xor_installed
build	Compile debug	2026-09-27T15:44:55.5069481Z echo "kmod-lib-xor" >> /workdir/openwrt/staging_dir/target-x86_64_musl/pkginfo/linux.default.install
build	Compile debug	2026-09-27T15:44:55.5087915Z mkdir -p /workdir/openwrt/staging_dir/target-x86_64_musl/root-x86/stamp
build	Compile debug	2026-09-27T15:44:55.5088685Z 
build	Compile debug	2026-09-27T15:44:55.5089611Z SHELL= flock /workdir/openwrt/tmp/.root-copy.flock -c 'cp -fpR /workdir/openwrt/build_dir/target-x86_64_musl/linux-x86_64/packages/.pkgdir/kmod-lib-zlib-inflate/. /workdir/openwrt/staging_dir/target-x86_64_musl/root-x86/'
build	Compile debug	2026-09-27T15:44:55.5090993Z touch /workdir/openwrt/staging_dir/target-x86_64_musl/root-x86/stamp/.kmod-lib-zlib-inflate_installed
build	Compile debug	2026-09-27T15:44:55.5149666Z echo "kmod-lib-zlib-inflate" >> /workdir/openwrt/staging_dir/target-x86_64_musl/pkginfo/linux.default.install
build	Compile debug	2026-09-27T15:44:55.5166261Z mkdir -p /workdir/openwrt/staging_dir/target-x86_64_musl/root-x86/stamp
build	Compile debug	2026-09-27T15:44:55.5166616Z 
build	Compile debug	2026-09-27T15:44:55.5167412Z SHELL= flock /workdir/openwrt/tmp/.root-copy.flock -c 'cp -fpR /workdir/openwrt/build_dir/target-x86_64_musl/linux-x86_64/packages/.pkgdir/kmod-lib-zlib-deflate/. /workdir/openwrt/staging_dir/target-x86_64_musl/root-x86/'
build	Compile debug	2026-09-27T15:44:55.5168597Z touch /workdir/openwrt/staging_dir/target-x86_64_musl/root-x86/stamp/.kmod-lib-zlib-deflate_installed
build	Compile debug	2026-09-27T15:44:55.5228292Z echo "kmod-lib-zlib-deflate" >> /workdir/openwrt/staging_dir/target-x86_64_musl/pkginfo/linux.default.install
build	Compile debug	2026-09-27T15:44:55.5246475Z mkdir -p /workdir/openwrt/staging_dir/target-x86_64_musl/root-x86/stamp
build	Compile debug	2026-09-27T15:44:55.5246879Z 
build	Compile debug	2026-09-27T15:44:55.5247761Z SHELL= flock /workdir/openwrt/tmp/.root-copy.flock -c 'cp -fpR /workdir/openwrt/build_dir/target-x86_64_musl/linux-x86_64/packages/.pkgdir/kmod-libie-adminq/. /workdir/openwrt/staging_dir/target-x86_64_musl/root-x86/'
build	Compile debug	2026-09-27T15:44:55.5249071Z touch /workdir/openwrt/staging_dir/target-x86_64_musl/root-x86/stamp/.kmod-libie-adminq_installed
build	Compile debug	2026-09-27T15:44:55.5310085Z echo "kmod-libie-adminq" >> /workdir/openwrt/staging_dir/target-x86_64_musl/pkginfo/linux.default.install
build	Compile debug	2026-09-27T15:44:55.5328624Z mkdir -p /workdir/openwrt/staging_dir/target-x86_64_musl/root-x86/stamp
build	Compile debug	2026-09-27T15:44:55.5329047Z 
build	Compile debug	2026-09-27T15:44:55.5329933Z SHELL= flock /workdir/openwrt/tmp/.root-copy.flock -c 'cp -fpR /workdir/openwrt/build_dir/target-x86_64_musl/linux-x86_64/packages/.pkgdir/kmod-libie-fwlog/. /workdir/openwrt/staging_dir/target-x86_64_musl/root-x86/'
build	Compile debug	2026-09-27T15:44:55.5331960Z touch /workdir/openwrt/staging_dir/target-x86_64_musl/root-x86/stamp/.kmod-libie-fwlog_installed
build	Compile debug	2026-09-27T15:44:55.5392224Z echo "kmod-libie-fwlog" >> /workdir/openwrt/staging_dir/target-x86_64_musl/pkginfo/linux.default.install
build	Compile debug	2026-09-27T15:44:55.5409194Z mkdir -p /workdir/openwrt/staging_dir/target-x86_64_musl/root-x86/stamp
build	Compile debug	2026-09-27T15:44:55.5409576Z 
build	Compile debug	2026-09-27T15:44:55.5410355Z SHELL= flock /workdir/openwrt/tmp/.root-copy.flock -c 'cp -fpR /workdir/openwrt/build_dir/target-x86_64_musl/linux-x86_64/packages/.pkgdir/kmod-libie/. /workdir/openwrt/staging_dir/target-x86_64_musl/root-x86/'
build	Compile debug	2026-09-27T15:44:55.5411866Z touch /workdir/openwrt/staging_dir/target-x86_64_musl/root-x86/stamp/.kmod-libie_installed
build	Compile debug	2026-09-27T15:44:55.5469046Z echo "kmod-libie" >> /workdir/openwrt/staging_dir/target-x86_64_musl/pkginfo/linux.default.install
build	Compile debug	2026-09-27T15:44:55.5485107Z mkdir -p /workdir/openwrt/staging_dir/target-x86_64_musl/root-x86/stamp
build	Compile debug	2026-09-27T15:44:55.5485458Z 
build	Compile debug	2026-09-27T15:44:55.5486233Z SHELL= flock /workdir/openwrt/tmp/.root-copy.flock -c 'cp -fpR /workdir/openwrt/build_dir/target-x86_64_musl/linux-x86_64/packages/.pkgdir/kmod-libeth/. /workdir/openwrt/staging_dir/target-x86_64_musl/root-x86/'
build	Compile debug	2026-09-27T15:44:55.5487433Z touch /workdir/openwrt/staging_dir/target-x86_64_musl/root-x86/stamp/.kmod-libeth_installed
build	Compile debug	2026-09-27T15:44:55.5546309Z echo "kmod-libeth" >> /workdir/openwrt/staging_dir/target-x86_64_musl/pkginfo/linux.default.install
build	Compile debug	2026-09-27T15:44:55.5564802Z mkdir -p /workdir/openwrt/staging_dir/target-x86_64_musl/root-x86/stamp
build	Compile debug	2026-09-27T15:44:55.5565216Z 
build	Compile debug	2026-09-27T15:44:55.5566107Z SHELL= flock /workdir/openwrt/tmp/.root-copy.flock -c 'cp -fpR /workdir/openwrt/build_dir/target-x86_64_musl/linux-x86_64/packages/.pkgdir/kmod-libphy/. /workdir/openwrt/staging_dir/target-x86_64_musl/root-x86/'
build	Compile debug	2026-09-27T15:44:55.5567841Z touch /workdir/openwrt/staging_dir/target-x86_64_musl/root-x86/stamp/.kmod-libphy_installed
build	Compile debug	2026-09-27T15:44:55.5647307Z echo "kmod-libphy" >> /workdir/openwrt/staging_dir/target-x86_64_musl/pkginfo/linux.default.install
build	Compile debug	2026-09-27T15:44:55.5664807Z mkdir -p /workdir/openwrt/staging_dir/target-x86_64_musl/root-x86/stamp
build	Compile debug	2026-09-27T15:44:55.5665212Z 
build	Compile debug	2026-09-27T15:44:55.5666059Z SHELL= flock /workdir/openwrt/tmp/.root-copy.flock -c 'cp -fpR /workdir/openwrt/build_dir/target-x86_64_musl/linux-x86_64/packages/.pkgdir/kmod-phylink/. /workdir/openwrt/staging_dir/target-x86_64_musl/root-x86/'
build	Compile debug	2026-09-27T15:44:55.5667351Z touch /workdir/openwrt/staging_dir/target-x86_64_musl/root-x86/stamp/.kmod-phylink_installed
build	Compile debug	2026-09-27T15:44:55.5735969Z echo "kmod-phylink" >> /workdir/openwrt/staging_dir/target-x86_64_musl/pkginfo/linux.default.install
build	Compile debug	2026-09-27T15:44:55.5753478Z mkdir -p /workdir/openwrt/staging_dir/target-x86_64_musl/root-x86/stamp
build	Compile debug	2026-09-27T15:44:55.5753909Z 
build	Compile debug	2026-09-27T15:44:55.5754846Z SHELL= flock /workdir/openwrt/tmp/.root-copy.flock -c 'cp -fpR /workdir/openwrt/build_dir/target-x86_64_musl/linux-x86_64/packages/.pkgdir/kmod-mii/. /workdir/openwrt/staging_dir/target-x86_64_musl/root-x86/'
build	Compile debug	2026-09-27T15:44:55.5756201Z touch /workdir/openwrt/staging_dir/target-x86_64_musl/root-x86/stamp/.kmod-mii_installed
build	Compile debug	2026-09-27T15:44:55.5819873Z echo "kmod-mii" >> /workdir/openwrt/staging_dir/target-x86_64_musl/pkginfo/linux.default.install
build	Compile debug	2026-09-27T15:44:55.5837210Z mkdir -p /workdir/openwrt/staging_dir/target-x86_64_musl/root-x86/stamp
build	Compile debug	2026-09-27T15:44:55.5837619Z 
build	Compile debug	2026-09-27T15:44:55.5838501Z SHELL= flock /workdir/openwrt/tmp/.root-copy.flock -c 'cp -fpR /workdir/openwrt/build_dir/target-x86_64_musl/linux-x86_64/packages/.pkgdir/kmod-mdio-devres/. /workdir/openwrt/staging_dir/target-x86_64_musl/root-x86/'
build	Compile debug	2026-09-27T15:44:55.5839830Z touch /workdir/openwrt/staging_dir/target-x86_64_musl/root-x86/stamp/.kmod-mdio-devres_installed
build	Compile debug	2026-09-27T15:44:55.5903671Z echo "kmod-mdio-devres" >> /workdir/openwrt/staging_dir/target-x86_64_musl/pkginfo/linux.default.install
build	Compile debug	2026-09-27T15:44:55.5919323Z mkdir -p /workdir/openwrt/staging_dir/target-x86_64_musl/root-x86/stamp
build	Compile debug	2026-09-27T15:44:55.5919761Z 
build	Compile debug	2026-09-27T15:44:55.5920716Z SHELL= flock /workdir/openwrt/tmp/.root-copy.flock -c 'cp -fpR /workdir/openwrt/build_dir/target-x86_64_musl/linux-x86_64/packages/.pkgdir/kmod-phy-ax88796b/. /workdir/openwrt/staging_dir/target-x86_64_musl/root-x86/'
build	Compile debug	2026-09-27T15:44:55.5922735Z touch /workdir/openwrt/staging_dir/target-x86_64_musl/root-x86/stamp/.kmod-phy-ax88796b_installed
build	Compile debug	2026-09-27T15:44:55.5981885Z echo "kmod-phy-ax88796b" >> /workdir/openwrt/staging_dir/target-x86_64_musl/pkginfo/linux.default.install
build	Compile debug	2026-09-27T15:44:55.5999102Z mkdir -p /workdir/openwrt/staging_dir/target-x86_64_musl/root-x86/stamp
build	Compile debug	2026-09-27T15:44:55.5999500Z 
build	Compile debug	2026-09-27T15:44:55.6000370Z SHELL= flock /workdir/openwrt/tmp/.root-copy.flock -c 'cp -fpR /workdir/openwrt/build_dir/target-x86_64_musl/linux-x86_64/packages/.pkgdir/kmod-phy-realtek/. /workdir/openwrt/staging_dir/target-x86_64_musl/root-x86/'
build	Compile debug	2026-09-27T15:44:55.6002389Z touch /workdir/openwrt/staging_dir/target-x86_64_musl/root-x86/stamp/.kmod-phy-realtek_installed
build	Compile debug	2026-09-27T15:44:55.6078300Z echo "kmod-phy-realtek" >> /workdir/openwrt/staging_dir/target-x86_64_musl/pkginfo/linux.default.install
build	Compile debug	2026-09-27T15:44:55.6096157Z mkdir -p /workdir/openwrt/staging_dir/target-x86_64_musl/root-x86/stamp
build	Compile debug	2026-09-27T15:44:55.6096589Z 
build	Compile debug	2026-09-27T15:44:55.6097516Z SHELL= flock /workdir/openwrt/tmp/.root-copy.flock -c 'cp -fpR /workdir/openwrt/build_dir/target-x86_64_musl/linux-x86_64/packages/.pkgdir/kmod-8139too/. /workdir/openwrt/staging_dir/target-x86_64_musl/root-x86/'
build	Compile debug	2026-09-27T15:44:55.6098911Z touch /workdir/openwrt/staging_dir/target-x86_64_musl/root-x86/stamp/.kmod-8139too_installed
build	Compile debug	2026-09-27T15:44:55.6165313Z echo "kmod-8139too" >> /workdir/openwrt/staging_dir/target-x86_64_musl/pkginfo/linux.default.install
build	Compile debug	2026-09-27T15:44:55.6183627Z mkdir -p /workdir/openwrt/staging_dir/target-x86_64_musl/root-x86/stamp
build	Compile debug	2026-09-27T15:44:55.6184376Z 
build	Compile debug	2026-09-27T15:44:55.6185303Z SHELL= flock /workdir/openwrt/tmp/.root-copy.flock -c 'cp -fpR /workdir/openwrt/build_dir/target-x86_64_musl/linux-x86_64/packages/.pkgdir/kmod-8139cp/. /workdir/openwrt/staging_dir/target-x86_64_musl/root-x86/'
build	Compile debug	2026-09-27T15:44:55.6186672Z touch /workdir/openwrt/staging_dir/target-x86_64_musl/root-x86/stamp/.kmod-8139cp_installed
build	Compile debug	2026-09-27T15:44:55.6252501Z echo "kmod-8139cp" >> /workdir/openwrt/staging_dir/target-x86_64_musl/pkginfo/linux.default.install
build	Compile debug	2026-09-27T15:44:55.6270062Z mkdir -p /workdir/openwrt/staging_dir/target-x86_64_musl/root-x86/stamp
build	Compile debug	2026-09-27T15:44:55.6270459Z 
build	Compile debug	2026-09-27T15:44:55.6271578Z SHELL= flock /workdir/openwrt/tmp/.root-copy.flock -c 'cp -fpR /workdir/openwrt/build_dir/target-x86_64_musl/linux-x86_64/packages/.pkgdir/kmod-r8169/. /workdir/openwrt/staging_dir/target-x86_64_musl/root-x86/'
build	Compile debug	2026-09-27T15:44:55.6272869Z touch /workdir/openwrt/staging_dir/target-x86_64_musl/root-x86/stamp/.kmod-r8169_installed
build	Compile debug	2026-09-27T15:44:55.6345061Z echo "kmod-r8169" >> /workdir/openwrt/staging_dir/target-x86_64_musl/pkginfo/linux.default.install
build	Compile debug	2026-09-27T15:44:55.6361842Z mkdir -p /workdir/openwrt/staging_dir/target-x86_64_musl/root-x86/stamp
build	Compile debug	2026-09-27T15:44:55.6362252Z 
build	Compile debug	2026-09-27T15:44:55.6363090Z SHELL= flock /workdir/openwrt/tmp/.root-copy.flock -c 'cp -fpR /workdir/openwrt/build_dir/target-x86_64_musl/linux-x86_64/packages/.pkgdir/kmod-e1000/. /workdir/openwrt/staging_dir/target-x86_64_musl/root-x86/'
build	Compile debug	2026-09-27T15:44:55.6364350Z touch /workdir/openwrt/staging_dir/target-x86_64_musl/root-x86/stamp/.kmod-e1000_installed
build	Compile debug	2026-09-27T15:44:55.6437287Z echo "kmod-e1000" >> /workdir/openwrt/staging_dir/target-x86_64_musl/pkginfo/linux.default.install
build	Compile debug	2026-09-27T15:44:55.6454769Z mkdir -p /workdir/openwrt/staging_dir/target-x86_64_musl/root-x86/stamp
build	Compile debug	2026-09-27T15:44:55.6455170Z 
build	Compile debug	2026-09-27T15:44:55.6456023Z SHELL= flock /workdir/openwrt/tmp/.root-copy.flock -c 'cp -fpR /workdir/openwrt/build_dir/target-x86_64_musl/linux-x86_64/packages/.pkgdir/kmod-e1000e/. /workdir/openwrt/staging_dir/target-x86_64_musl/root-x86/'
build	Compile debug	2026-09-27T15:44:55.6457607Z touch /workdir/openwrt/staging_dir/target-x86_64_musl/root-x86/stamp/.kmod-e1000e_installed
build	Compile debug	2026-09-27T15:44:55.6543086Z echo "kmod-e1000e" >> /workdir/openwrt/staging_dir/target-x86_64_musl/pkginfo/linux.default.install
build	Compile debug	2026-09-27T15:44:55.6560927Z mkdir -p /workdir/openwrt/staging_dir/target-x86_64_musl/root-x86/stamp
build	Compile debug	2026-09-27T15:44:55.6561682Z 
build	Compile debug	2026-09-27T15:44:55.6562875Z SHELL= flock /workdir/openwrt/tmp/.root-copy.flock -c 'cp -fpR /workdir/openwrt/build_dir/target-x86_64_musl/linux-x86_64/packages/.pkgdir/kmod-igb/. /workdir/openwrt/staging_dir/target-x86_64_musl/root-x86/'
build	Compile debug	2026-09-27T15:44:55.6564697Z touch /workdir/openwrt/staging_dir/target-x86_64_musl/root-x86/stamp/.kmod-igb_installed
build	Compile debug	2026-09-27T15:44:55.6648807Z echo "kmod-igb" >> /workdir/openwrt/staging_dir/target-x86_64_musl/pkginfo/linux.default.install
build	Compile debug	2026-09-27T15:44:55.6667947Z mkdir -p /workdir/openwrt/staging_dir/target-x86_64_musl/root-x86/stamp
build	Compile debug	2026-09-27T15:44:55.6668513Z 
build	Compile debug	2026-09-27T15:44:55.6669619Z SHELL= flock /workdir/openwrt/tmp/.root-copy.flock -c 'cp -fpR /workdir/openwrt/build_dir/target-x86_64_musl/linux-x86_64/packages/.pkgdir/kmod-igbvf/. /workdir/openwrt/staging_dir/target-x86_64_musl/root-x86/'
build	Compile debug	2026-09-27T15:44:55.6671527Z touch /workdir/openwrt/staging_dir/target-x86_64_musl/root-x86/stamp/.kmod-igbvf_installed
build	Compile debug	2026-09-27T15:44:55.6743342Z echo "kmod-igbvf" >> /workdir/openwrt/staging_dir/target-x86_64_musl/pkginfo/linux.default.install
build	Compile debug	2026-09-27T15:44:55.6761793Z mkdir -p /workdir/openwrt/staging_dir/target-x86_64_musl/root-x86/stamp
build	Compile debug	2026-09-27T15:44:55.6762494Z 
build	Compile debug	2026-09-27T15:44:55.6763494Z SHELL= flock /workdir/openwrt/tmp/.root-copy.flock -c 'cp -fpR /workdir/openwrt/build_dir/target-x86_64_musl/linux-x86_64/packages/.pkgdir/kmod-ixgbe/. /workdir/openwrt/staging_dir/target-x86_64_musl/root-x86/'
build	Compile debug	2026-09-27T15:44:55.6764893Z touch /workdir/openwrt/staging_dir/target-x86_64_musl/root-x86/stamp/.kmod-ixgbe_installed
build	Compile debug	2026-09-27T15:44:55.6867571Z echo "kmod-ixgbe" >> /workdir/openwrt/staging_dir/target-x86_64_musl/pkginfo/linux.default.install
build	Compile debug	2026-09-27T15:44:55.6886062Z mkdir -p /workdir/openwrt/staging_dir/target-x86_64_musl/root-x86/stamp
build	Compile debug	2026-09-27T15:44:55.6886758Z 
build	Compile debug	2026-09-27T15:44:55.6887780Z SHELL= flock /workdir/openwrt/tmp/.root-copy.flock -c 'cp -fpR /workdir/openwrt/build_dir/target-x86_64_musl/linux-x86_64/packages/.pkgdir/kmod-ixgbevf/. /workdir/openwrt/staging_dir/target-x86_64_musl/root-x86/'
build	Compile debug	2026-09-27T15:44:55.6889191Z touch /workdir/openwrt/staging_dir/target-x86_64_musl/root-x86/stamp/.kmod-ixgbevf_installed
build	Compile debug	2026-09-27T15:44:55.6962179Z echo "kmod-ixgbevf" >> /workdir/openwrt/staging_dir/target-x86_64_musl/pkginfo/linux.default.install
build	Compile debug	2026-09-27T15:44:55.6979989Z mkdir -p /workdir/openwrt/staging_dir/target-x86_64_musl/root-x86/stamp
build	Compile debug	2026-09-27T15:44:55.6980666Z 
build	Compile debug	2026-09-27T15:44:55.6982012Z SHELL= flock /workdir/openwrt/tmp/.root-copy.flock -c 'cp -fpR /workdir/openwrt/build_dir/target-x86_64_musl/linux-x86_64/packages/.pkgdir/kmod-i40e/. /workdir/openwrt/staging_dir/target-x86_64_musl/root-x86/'
build	Compile debug	2026-09-27T15:44:55.6983430Z touch /workdir/openwrt/staging_dir/target-x86_64_musl/root-x86/stamp/.kmod-i40e_installed
build	Compile debug	2026-09-27T15:44:55.7091078Z echo "kmod-i40e" >> /workdir/openwrt/staging_dir/target-x86_64_musl/pkginfo/linux.default.install
build	Compile debug	2026-09-27T15:44:55.7110318Z mkdir -p /workdir/openwrt/staging_dir/target-x86_64_musl/root-x86/stamp
build	Compile debug	2026-09-27T15:44:55.7111018Z 
build	Compile debug	2026-09-27T15:44:55.7112374Z SHELL= flock /workdir/openwrt/tmp/.root-copy.flock -c 'cp -fpR /workdir/openwrt/build_dir/target-x86_64_musl/linux-x86_64/packages/.pkgdir/kmod-pcnet32/. /workdir/openwrt/staging_dir/target-x86_64_musl/root-x86/'
build	Compile debug	2026-09-27T15:44:55.7113811Z touch /workdir/openwrt/staging_dir/target-x86_64_musl/root-x86/stamp/.kmod-pcnet32_installed
build	Compile debug	2026-09-27T15:44:55.7178094Z echo "kmod-pcnet32" >> /workdir/openwrt/staging_dir/target-x86_64_musl/pkginfo/linux.default.install
build	Compile debug	2026-09-27T15:44:55.7194944Z mkdir -p /workdir/openwrt/staging_dir/target-x86_64_musl/root-x86/stamp
build	Compile debug	2026-09-27T15:44:55.7195566Z 
build	Compile debug	2026-09-27T15:44:55.7196533Z SHELL= flock /workdir/openwrt/tmp/.root-copy.flock -c 'cp -fpR /workdir/openwrt/build_dir/target-x86_64_musl/linux-x86_64/packages/.pkgdir/kmod-tg3/. /workdir/openwrt/staging_dir/target-x86_64_musl/root-x86/'
build	Compile debug	2026-09-27T15:44:55.7197798Z touch /workdir/openwrt/staging_dir/target-x86_64_musl/root-x86/stamp/.kmod-tg3_installed
build	Compile debug	2026-09-27T15:44:55.7277964Z echo "kmod-tg3" >> /workdir/openwrt/staging_dir/target-x86_64_musl/pkginfo/linux.default.install
build	Compile debug	2026-09-27T15:44:55.7296260Z mkdir -p /workdir/openwrt/staging_dir/target-x86_64_musl/root-x86/stamp
build	Compile debug	2026-09-27T15:44:55.7296947Z 
build	Compile debug	2026-09-27T15:44:55.7297991Z SHELL= flock /workdir/openwrt/tmp/.root-copy.flock -c 'cp -fpR /workdir/openwrt/build_dir/target-x86_64_musl/linux-x86_64/packages/.pkgdir/kmod-macvlan/. /workdir/openwrt/staging_dir/target-x86_64_musl/root-x86/'
build	Compile debug	2026-09-27T15:44:55.7299394Z touch /workdir/openwrt/staging_dir/target-x86_64_musl/root-x86/stamp/.kmod-macvlan_installed
build	Compile debug	2026-09-27T15:44:55.7370562Z echo "kmod-macvlan" >> /workdir/openwrt/staging_dir/target-x86_64_musl/pkginfo/linux.default.install
build	Compile debug	2026-09-27T15:44:55.7386903Z mkdir -p /workdir/openwrt/staging_dir/target-x86_64_musl/root-x86/stamp
build	Compile debug	2026-09-27T15:44:55.7387575Z 
build	Compile debug	2026-09-27T15:44:55.7388585Z SHELL= flock /workdir/openwrt/tmp/.root-copy.flock -c 'cp -fpR /workdir/openwrt/build_dir/target-x86_64_musl/linux-x86_64/packages/.pkgdir/kmod-tulip/. /workdir/openwrt/staging_dir/target-x86_64_musl/root-x86/'
build	Compile debug	2026-09-27T15:44:55.7389956Z touch /workdir/openwrt/staging_dir/target-x86_64_musl/root-x86/stamp/.kmod-tulip_installed
build	Compile debug	2026-09-27T15:44:55.7472086Z echo "kmod-tulip" >> /workdir/openwrt/staging_dir/target-x86_64_musl/pkginfo/linux.default.install
build	Compile debug	2026-09-27T15:44:55.7489707Z mkdir -p /workdir/openwrt/staging_dir/target-x86_64_musl/root-x86/stamp
build	Compile debug	2026-09-27T15:44:55.7490326Z 
build	Compile debug	2026-09-27T15:44:55.7491560Z SHELL= flock /workdir/openwrt/tmp/.root-copy.flock -c 'cp -fpR /workdir/openwrt/build_dir/target-x86_64_musl/linux-x86_64/packages/.pkgdir/kmod-forcedeth/. /workdir/openwrt/staging_dir/target-x86_64_musl/root-x86/'
build	Compile debug	2026-09-27T15:44:55.7493273Z touch /workdir/openwrt/staging_dir/target-x86_64_musl/root-x86/stamp/.kmod-forcedeth_installed
build	Compile debug	2026-09-27T15:44:55.7563648Z echo "kmod-forcedeth" >> /workdir/openwrt/staging_dir/target-x86_64_musl/pkginfo/linux.default.install
build	Compile debug	2026-09-27T15:44:55.7580165Z mkdir -p /workdir/openwrt/staging_dir/target-x86_64_musl/root-x86/stamp
build	Compile debug	2026-09-27T15:44:55.7580737Z 
build	Compile debug	2026-09-27T15:44:55.7582252Z SHELL= flock /workdir/openwrt/tmp/.root-copy.flock -c 'cp -fpR /workdir/openwrt/build_dir/target-x86_64_musl/linux-x86_64/packages/.pkgdir/kmod-vmxnet3/. /workdir/openwrt/staging_dir/target-x86_64_musl/root-x86/'
build	Compile debug	2026-09-27T15:44:55.7583463Z touch /workdir/openwrt/staging_dir/target-x86_64_musl/root-x86/stamp/.kmod-vmxnet3_installed
build	Compile debug	2026-09-27T15:44:55.7641967Z echo "kmod-vmxnet3" >> /workdir/openwrt/staging_dir/target-x86_64_musl/pkginfo/linux.default.install
build	Compile debug	2026-09-27T15:44:55.7658322Z mkdir -p /workdir/openwrt/staging_dir/target-x86_64_musl/root-x86/stamp
build	Compile debug	2026-09-27T15:44:55.7659005Z 
build	Compile debug	2026-09-27T15:44:55.7660044Z SHELL= flock /workdir/openwrt/tmp/.root-copy.flock -c 'cp -fpR /workdir/openwrt/build_dir/target-x86_64_musl/linux-x86_64/packages/.pkgdir/kmod-bnx2/. /workdir/openwrt/staging_dir/target-x86_64_musl/root-x86/'
build	Compile debug	2026-09-27T15:44:55.7662139Z touch /workdir/openwrt/staging_dir/target-x86_64_musl/root-x86/stamp/.kmod-bnx2_installed
build	Compile debug	2026-09-27T15:44:55.7732866Z echo "kmod-bnx2" >> /workdir/openwrt/staging_dir/target-x86_64_musl/pkginfo/linux.default.install
build	Compile debug	2026-09-27T15:44:55.7750254Z mkdir -p /workdir/openwrt/staging_dir/target-x86_64_musl/root-x86/stamp
build	Compile debug	2026-09-27T15:44:55.7750943Z 
build	Compile debug	2026-09-27T15:44:55.7752767Z SHELL= flock /workdir/openwrt/tmp/.root-copy.flock -c 'cp -fpR /workdir/openwrt/build_dir/target-x86_64_musl/linux-x86_64/packages/.pkgdir/kmod-net-selftests/. /workdir/openwrt/staging_dir/target-x86_64_musl/root-x86/'
build	Compile debug	2026-09-27T15:44:55.7754557Z touch /workdir/openwrt/staging_dir/target-x86_64_musl/root-x86/stamp/.kmod-net-selftests_installed
build	Compile debug	2026-09-27T15:44:55.7816459Z echo "kmod-net-selftests" >> /workdir/openwrt/staging_dir/target-x86_64_musl/pkginfo/linux.default.install
build	Compile debug	2026-09-27T15:44:55.7833653Z mkdir -p /workdir/openwrt/staging_dir/target-x86_64_musl/root-x86/stamp
build	Compile debug	2026-09-27T15:44:55.7834310Z 
build	Compile debug	2026-09-27T15:44:55.7835806Z SHELL= flock /workdir/openwrt/tmp/.root-copy.flock -c 'cp -fpR /workdir/openwrt/build_dir/target-x86_64_musl/linux-x86_64/packages/.pkgdir/kmod-pcs-xpcs/. /workdir/openwrt/staging_dir/target-x86_64_musl/root-x86/'
build	Compile debug	2026-09-27T15:44:55.7838047Z touch /workdir/openwrt/staging_dir/target-x86_64_musl/root-x86/stamp/.kmod-pcs-xpcs_installed
build	Compile debug	2026-09-27T15:44:55.7900404Z echo "kmod-pcs-xpcs" >> /workdir/openwrt/staging_dir/target-x86_64_musl/pkginfo/linux.default.install
build	Compile debug	2026-09-27T15:44:55.7916721Z mkdir -p /workdir/openwrt/staging_dir/target-x86_64_musl/root-x86/stamp
build	Compile debug	2026-09-27T15:44:55.7917368Z 
build	Compile debug	2026-09-27T15:44:55.7918645Z SHELL= flock /workdir/openwrt/tmp/.root-copy.flock -c 'cp -fpR /workdir/openwrt/build_dir/target-x86_64_musl/linux-x86_64/packages/.pkgdir/kmod-stmmac-core/. /workdir/openwrt/staging_dir/target-x86_64_musl/root-x86/'
build	Compile debug	2026-09-27T15:44:55.7919969Z touch /workdir/openwrt/staging_dir/target-x86_64_musl/root-x86/stamp/.kmod-stmmac-core_installed
build	Compile debug	2026-09-27T15:44:55.8021557Z echo "kmod-stmmac-core" >> /workdir/openwrt/staging_dir/target-x86_64_musl/pkginfo/linux.default.install
build	Compile debug	2026-09-27T15:44:55.8037926Z mkdir -p /workdir/openwrt/staging_dir/target-x86_64_musl/root-x86/stamp
build	Compile debug	2026-09-27T15:44:55.8038554Z 
build	Compile debug	2026-09-27T15:44:55.8039532Z SHELL= flock /workdir/openwrt/tmp/.root-copy.flock -c 'cp -fpR /workdir/openwrt/build_dir/target-x86_64_musl/linux-x86_64/packages/.pkgdir/kmod-igc/. /workdir/openwrt/staging_dir/target-x86_64_musl/root-x86/'
build	Compile debug	2026-09-27T15:44:55.8040805Z touch /workdir/openwrt/staging_dir/target-x86_64_musl/root-x86/stamp/.kmod-igc_installed
build	Compile debug	2026-09-27T15:44:55.8118144Z echo "kmod-igc" >> /workdir/openwrt/staging_dir/target-x86_64_musl/pkginfo/linux.default.install
build	Compile debug	2026-09-27T15:44:55.8133105Z mkdir -p /workdir/openwrt/staging_dir/target-x86_64_musl/root-x86/stamp
build	Compile debug	2026-09-27T15:44:55.8133696Z 
build	Compile debug	2026-09-27T15:44:55.8134724Z SHELL= flock /workdir/openwrt/tmp/.root-copy.flock -c 'cp -fpR /workdir/openwrt/build_dir/target-x86_64_musl/linux-x86_64/packages/.pkgdir/kmod-amazon-ena/. /workdir/openwrt/staging_dir/target-x86_64_musl/root-x86/'
build	Compile debug	2026-09-27T15:44:55.8136043Z touch /workdir/openwrt/staging_dir/target-x86_64_musl/root-x86/stamp/.kmod-amazon-ena_installed
build	Compile debug	2026-09-27T15:44:55.8211712Z echo "kmod-amazon-ena" >> /workdir/openwrt/staging_dir/target-x86_64_musl/pkginfo/linux.default.install
build	Compile debug	2026-09-27T15:44:55.8229625Z mkdir -p /workdir/openwrt/staging_dir/target-x86_64_musl/root-x86/stamp
build	Compile debug	2026-09-27T15:44:55.8230152Z 
build	Compile debug	2026-09-27T15:44:55.8231522Z SHELL= flock /workdir/openwrt/tmp/.root-copy.flock -c 'cp -fpR /workdir/openwrt/build_dir/target-x86_64_musl/linux-x86_64/packages/.pkgdir/kmod-nf-reject/. /workdir/openwrt/staging_dir/target-x86_64_musl/root-x86/'
build	Compile debug	2026-09-27T15:44:55.8233373Z touch /workdir/openwrt/staging_dir/target-x86_64_musl/root-x86/stamp/.kmod-nf-reject_installed
build	Compile debug	2026-09-27T15:44:55.8293472Z echo "kmod-nf-reject" >> /workdir/openwrt/staging_dir/target-x86_64_musl/pkginfo/linux.default.install
build	Compile debug	2026-09-27T15:44:55.8307956Z mkdir -p /workdir/openwrt/staging_dir/target-x86_64_musl/root-x86/stamp
build	Compile debug	2026-09-27T15:44:55.8308514Z 
build	Compile debug	2026-09-27T15:44:55.8309743Z SHELL= flock /workdir/openwrt/tmp/.root-copy.flock -c 'cp -fpR /workdir/openwrt/build_dir/target-x86_64_musl/linux-x86_64/packages/.pkgdir/kmod-nf-reject6/. /workdir/openwrt/staging_dir/target-x86_64_musl/root-x86/'
build	Compile debug	2026-09-27T15:44:55.8311880Z touch /workdir/openwrt/staging_dir/target-x86_64_musl/root-x86/stamp/.kmod-nf-reject6_installed
build	Compile debug	2026-09-27T15:44:55.8369882Z echo "kmod-nf-reject6" >> /workdir/openwrt/staging_dir/target-x86_64_musl/pkginfo/linux.default.install
build	Compile debug	2026-09-27T15:44:55.8388248Z mkdir -p /workdir/openwrt/staging_dir/target-x86_64_musl/root-x86/stamp
build	Compile debug	2026-09-27T15:44:55.8389215Z 
build	Compile debug	2026-09-27T15:44:55.8390313Z SHELL= flock /workdir/openwrt/tmp/.root-copy.flock -c 'cp -fpR /workdir/openwrt/build_dir/target-x86_64_musl/linux-x86_64/packages/.pkgdir/kmod-iptables/. /workdir/openwrt/staging_dir/target-x86_64_musl/root-x86/'
build	Compile debug	2026-09-27T15:44:55.8392211Z touch /workdir/openwrt/staging_dir/target-x86_64_musl/root-x86/stamp/.kmod-iptables_installed
build	Compile debug	2026-09-27T15:44:55.8481010Z echo "kmod-iptables" >> /workdir/openwrt/staging_dir/target-x86_64_musl/pkginfo/linux.default.install
build	Compile debug	2026-09-27T15:44:55.8501239Z mkdir -p /workdir/openwrt/staging_dir/target-x86_64_musl/root-x86/stamp
build	Compile debug	2026-09-27T15:44:55.8502008Z 
build	Compile debug	2026-09-27T15:44:55.8503076Z SHELL= flock /workdir/openwrt/tmp/.root-copy.flock -c 'cp -fpR /workdir/openwrt/build_dir/target-x86_64_musl/linux-x86_64/packages/.pkgdir/kmod-nf-ipt/. /workdir/openwrt/staging_dir/target-x86_64_musl/root-x86/'
build	Compile debug	2026-09-27T15:44:55.8504700Z touch /workdir/openwrt/staging_dir/target-x86_64_musl/root-x86/stamp/.kmod-nf-ipt_installed
build	Compile debug	2026-09-27T15:44:55.8588522Z echo "kmod-nf-ipt" >> /workdir/openwrt/staging_dir/target-x86_64_musl/pkginfo/linux.default.install
build	Compile debug	2026-09-27T15:44:55.8608635Z mkdir -p /workdir/openwrt/staging_dir/target-x86_64_musl/root-x86/stamp
build	Compile debug	2026-09-27T15:44:55.8609501Z 
build	Compile debug	2026-09-27T15:44:55.8610867Z SHELL= flock /workdir/openwrt/tmp/.root-copy.flock -c 'cp -fpR /workdir/openwrt/build_dir/target-x86_64_musl/linux-x86_64/packages/.pkgdir/kmod-nf-ipt6/. /workdir/openwrt/staging_dir/target-x86_64_musl/root-x86/'
build	Compile debug	2026-09-27T15:44:55.8612980Z touch /workdir/openwrt/staging_dir/target-x86_64_musl/root-x86/stamp/.kmod-nf-ipt6_installed
build	Compile debug	2026-09-27T15:44:55.8681186Z echo "kmod-nf-ipt6" >> /workdir/openwrt/staging_dir/target-x86_64_musl/pkginfo/linux.default.install
build	Compile debug	2026-09-27T15:44:55.8699891Z mkdir -p /workdir/openwrt/staging_dir/target-x86_64_musl/root-x86/stamp
build	Compile debug	2026-09-27T15:44:55.8700586Z 
build	Compile debug	2026-09-27T15:44:55.8701959Z SHELL= flock /workdir/openwrt/tmp/.root-copy.flock -c 'cp -fpR /workdir/openwrt/build_dir/target-x86_64_musl/linux-x86_64/packages/.pkgdir/kmod-ipt-core/. /workdir/openwrt/staging_dir/target-x86_64_musl/root-x86/'
build	Compile debug	2026-09-27T15:44:55.8703733Z touch /workdir/openwrt/staging_dir/target-x86_64_musl/root-x86/stamp/.kmod-ipt-core_installed
build	Compile debug	2026-09-27T15:44:55.8790778Z echo "kmod-ipt-core" >> /workdir/openwrt/staging_dir/target-x86_64_musl/pkginfo/linux.default.install
build	Compile debug	2026-09-27T15:44:55.8809977Z mkdir -p /workdir/openwrt/staging_dir/target-x86_64_musl/root-x86/stamp
build	Compile debug	2026-09-27T15:44:55.8810536Z 
build	Compile debug	2026-09-27T15:44:55.8811804Z SHELL= flock /workdir/openwrt/tmp/.root-copy.flock -c 'cp -fpR /workdir/openwrt/build_dir/target-x86_64_musl/linux-x86_64/packages/.pkgdir/kmod-nf-conntrack/. /workdir/openwrt/staging_dir/target-x86_64_musl/root-x86/'
build	Compile debug	2026-09-27T15:44:55.8812981Z touch /workdir/openwrt/staging_dir/target-x86_64_musl/root-x86/stamp/.kmod-nf-conntrack_installed
build	Compile debug	2026-09-27T15:44:55.8905792Z echo "kmod-nf-conntrack" >> /workdir/openwrt/staging_dir/target-x86_64_musl/pkginfo/linux.default.install
build	Compile debug	2026-09-27T15:44:55.8926352Z mkdir -p /workdir/openwrt/staging_dir/target-x86_64_musl/root-x86/stamp
build	Compile debug	2026-09-27T15:44:55.8927037Z 
build	Compile debug	2026-09-27T15:44:55.8928335Z SHELL= flock /workdir/openwrt/tmp/.root-copy.flock -c 'cp -fpR /workdir/openwrt/build_dir/target-x86_64_musl/linux-x86_64/packages/.pkgdir/kmod-nf-log/. /workdir/openwrt/staging_dir/target-x86_64_musl/root-x86/'
build	Compile debug	2026-09-27T15:44:55.8929757Z touch /workdir/openwrt/staging_dir/target-x86_64_musl/root-x86/stamp/.kmod-nf-log_installed
build	Compile debug	2026-09-27T15:44:55.8999155Z echo "kmod-nf-log" >> /workdir/openwrt/staging_dir/target-x86_64_musl/pkginfo/linux.default.install
build	Compile debug	2026-09-27T15:44:55.9018698Z mkdir -p /workdir/openwrt/staging_dir/target-x86_64_musl/root-x86/stamp
build	Compile debug	2026-09-27T15:44:55.9019389Z 
build	Compile debug	2026-09-27T15:44:55.9020381Z SHELL= flock /workdir/openwrt/tmp/.root-copy.flock -c 'cp -fpR /workdir/openwrt/build_dir/target-x86_64_musl/linux-x86_64/packages/.pkgdir/kmod-nf-log6/. /workdir/openwrt/staging_dir/target-x86_64_musl/root-x86/'
build	Compile debug	2026-09-27T15:44:55.9022728Z touch /workdir/openwrt/staging_dir/target-x86_64_musl/root-x86/stamp/.kmod-nf-log6_installed
build	Compile debug	2026-09-27T15:44:55.9083734Z echo "kmod-nf-log6" >> /workdir/openwrt/staging_dir/target-x86_64_musl/pkginfo/linux.default.install
build	Compile debug	2026-09-27T15:44:55.9102276Z mkdir -p /workdir/openwrt/staging_dir/target-x86_64_musl/root-x86/stamp
build	Compile debug	2026-09-27T15:44:55.9102950Z 
build	Compile debug	2026-09-27T15:44:55.9104013Z SHELL= flock /workdir/openwrt/tmp/.root-copy.flock -c 'cp -fpR /workdir/openwrt/build_dir/target-x86_64_musl/linux-x86_64/packages/.pkgdir/kmod-nf-nat/. /workdir/openwrt/staging_dir/target-x86_64_musl/root-x86/'
build	Compile debug	2026-09-27T15:44:55.9105419Z touch /workdir/openwrt/staging_dir/target-x86_64_musl/root-x86/stamp/.kmod-nf-nat_installed
build	Compile debug	2026-09-27T15:44:55.9178309Z echo "kmod-nf-nat" >> /workdir/openwrt/staging_dir/target-x86_64_musl/pkginfo/linux.default.install
build	Compile debug	2026-09-27T15:44:55.9196962Z mkdir -p /workdir/openwrt/staging_dir/target-x86_64_musl/root-x86/stamp
build	Compile debug	2026-09-27T15:44:55.9197642Z 
build	Compile debug	2026-09-27T15:44:55.9198638Z SHELL= flock /workdir/openwrt/tmp/.root-copy.flock -c 'cp -fpR /workdir/openwrt/build_dir/target-x86_64_musl/linux-x86_64/packages/.pkgdir/kmod-nf-nat6/. /workdir/openwrt/staging_dir/target-x86_64_musl/root-x86/'
build	Compile debug	2026-09-27T15:44:55.9200053Z touch /workdir/openwrt/staging_dir/target-x86_64_musl/root-x86/stamp/.kmod-nf-nat6_installed
build	Compile debug	2026-09-27T15:44:55.9258585Z echo "kmod-nf-nat6" >> /workdir/openwrt/staging_dir/target-x86_64_musl/pkginfo/linux.default.install
build	Compile debug	2026-09-27T15:44:55.9277527Z mkdir -p /workdir/openwrt/staging_dir/target-x86_64_musl/root-x86/stamp
build	Compile debug	2026-09-27T15:44:55.9278168Z 
build	Compile debug	2026-09-27T15:44:55.9279179Z SHELL= flock /workdir/openwrt/tmp/.root-copy.flock -c 'cp -fpR /workdir/openwrt/build_dir/target-x86_64_musl/linux-x86_64/packages/.pkgdir/kmod-nf-flow/. /workdir/openwrt/staging_dir/target-x86_64_musl/root-x86/'
build	Compile debug	2026-09-27T15:44:55.9280465Z touch /workdir/openwrt/staging_dir/target-x86_64_musl/root-x86/stamp/.kmod-nf-flow_installed
build	Compile debug	2026-09-27T15:44:55.9357119Z echo "kmod-nf-flow" >> /workdir/openwrt/staging_dir/target-x86_64_musl/pkginfo/linux.default.install
build	Compile debug	2026-09-27T15:44:55.9376598Z mkdir -p /workdir/openwrt/staging_dir/target-x86_64_musl/root-x86/stamp
build	Compile debug	2026-09-27T15:44:55.9377288Z 
build	Compile debug	2026-09-27T15:44:55.9378419Z SHELL= flock /workdir/openwrt/tmp/.root-copy.flock -c 'cp -fpR /workdir/openwrt/build_dir/target-x86_64_musl/linux-x86_64/packages/.pkgdir/kmod-nf-socket/. /workdir/openwrt/staging_dir/target-x86_64_musl/root-x86/'
build	Compile debug	2026-09-27T15:44:55.9379877Z touch /workdir/openwrt/staging_dir/target-x86_64_musl/root-x86/stamp/.kmod-nf-socket_installed
build	Compile debug	2026-09-27T15:44:55.9447604Z echo "kmod-nf-socket" >> /workdir/openwrt/staging_dir/target-x86_64_musl/pkginfo/linux.default.install
build	Compile debug	2026-09-27T15:44:55.9466323Z mkdir -p /workdir/openwrt/staging_dir/target-x86_64_musl/root-x86/stamp
build	Compile debug	2026-09-27T15:44:55.9467016Z 
build	Compile debug	2026-09-27T15:44:55.9468136Z SHELL= flock /workdir/openwrt/tmp/.root-copy.flock -c 'cp -fpR /workdir/openwrt/build_dir/target-x86_64_musl/linux-x86_64/packages/.pkgdir/kmod-nf-tproxy/. /workdir/openwrt/staging_dir/target-x86_64_musl/root-x86/'
build	Compile debug	2026-09-27T15:44:55.9469597Z touch /workdir/openwrt/staging_dir/target-x86_64_musl/root-x86/stamp/.kmod-nf-tproxy_installed
build	Compile debug	2026-09-27T15:44:55.9536776Z echo "kmod-nf-tproxy" >> /workdir/openwrt/staging_dir/target-x86_64_musl/pkginfo/linux.default.install
build	Compile debug	2026-09-27T15:44:55.9555655Z mkdir -p /workdir/openwrt/staging_dir/target-x86_64_musl/root-x86/stamp
build	Compile debug	2026-09-27T15:44:55.9556274Z 
build	Compile debug	2026-09-27T15:44:55.9557294Z SHELL= flock /workdir/openwrt/tmp/.root-copy.flock -c 'cp -fpR /workdir/openwrt/build_dir/target-x86_64_musl/linux-x86_64/packages/.pkgdir/kmod-ipt-conntrack/. /workdir/openwrt/staging_dir/target-x86_64_musl/root-x86/'
build	Compile debug	2026-09-27T15:44:55.9558698Z touch /workdir/openwrt/staging_dir/target-x86_64_musl/root-x86/stamp/.kmod-ipt-conntrack_installed
build	Compile debug	2026-09-27T15:44:55.9626313Z echo "kmod-ipt-conntrack" >> /workdir/openwrt/staging_dir/target-x86_64_musl/pkginfo/linux.default.install
build	Compile debug	2026-09-27T15:44:55.9644259Z mkdir -p /workdir/openwrt/staging_dir/target-x86_64_musl/root-x86/stamp
build	Compile debug	2026-09-27T15:44:55.9645294Z 
build	Compile debug	2026-09-27T15:44:55.9646161Z SHELL= flock /workdir/openwrt/tmp/.root-copy.flock -c 'cp -fpR /workdir/openwrt/build_dir/target-x86_64_musl/linux-x86_64/packages/.pkgdir/kmod-nf-ipvs/. /workdir/openwrt/staging_dir/target-x86_64_musl/root-x86/'
build	Compile debug	2026-09-27T15:44:55.9647451Z touch /workdir/openwrt/staging_dir/target-x86_64_musl/root-x86/stamp/.kmod-nf-ipvs_installed
build	Compile debug	2026-09-27T15:44:55.9770656Z echo "kmod-nf-ipvs" >> /workdir/openwrt/staging_dir/target-x86_64_musl/pkginfo/linux.default.install
build	Compile debug	2026-09-27T15:44:55.9789460Z mkdir -p /workdir/openwrt/staging_dir/target-x86_64_musl/root-x86/stamp
build	Compile debug	2026-09-27T15:44:55.9790158Z 
build	Compile debug	2026-09-27T15:44:55.9791564Z SHELL= flock /workdir/openwrt/tmp/.root-copy.flock -c 'cp -fpR /workdir/openwrt/build_dir/target-x86_64_musl/linux-x86_64/packages/.pkgdir/kmod-ipt-nat/. /workdir/openwrt/staging_dir/target-x86_64_musl/root-x86/'
build	Compile debug	2026-09-27T15:44:55.9793035Z touch /workdir/openwrt/staging_dir/target-x86_64_musl/root-x86/stamp/.kmod-ipt-nat_installed
build	Compile debug	2026-09-27T15:44:55.9864649Z echo "kmod-ipt-nat" >> /workdir/openwrt/staging_dir/target-x86_64_musl/pkginfo/linux.default.install
build	Compile debug	2026-09-27T15:44:55.9882810Z mkdir -p /workdir/openwrt/staging_dir/target-x86_64_musl/root-x86/stamp
build	Compile debug	2026-09-27T15:44:55.9883489Z 
build	Compile debug	2026-09-27T15:44:55.9884605Z SHELL= flock /workdir/openwrt/tmp/.root-copy.flock -c 'cp -fpR /workdir/openwrt/build_dir/target-x86_64_musl/linux-x86_64/packages/.pkgdir/kmod-ipt-nat6/. /workdir/openwrt/staging_dir/target-x86_64_musl/root-x86/'
build	Compile debug	2026-09-27T15:44:55.9885962Z touch /workdir/openwrt/staging_dir/target-x86_64_musl/root-x86/stamp/.kmod-ipt-nat6_installed
build	Compile debug	2026-09-27T15:44:55.9953097Z echo "kmod-ipt-nat6" >> /workdir/openwrt/staging_dir/target-x86_64_musl/pkginfo/linux.default.install
build	Compile debug	2026-09-27T15:44:55.9972406Z mkdir -p /workdir/openwrt/staging_dir/target-x86_64_musl/root-x86/stamp
build	Compile debug	2026-09-27T15:44:55.9972951Z 
build	Compile debug	2026-09-27T15:44:55.9973897Z SHELL= flock /workdir/openwrt/tmp/.root-copy.flock -c 'cp -fpR /workdir/openwrt/build_dir/target-x86_64_musl/linux-x86_64/packages/.pkgdir/kmod-ip6tables/. /workdir/openwrt/staging_dir/target-x86_64_musl/root-x86/'
build	Compile debug	2026-09-27T15:44:56.0044562Z touch /workdir/openwrt/staging_dir/target-x86_64_musl/root-x86/stamp/.kmod-ip6tables_installed
build	Compile debug	2026-09-27T15:44:56.0045616Z echo "kmod-ip6tables" >> /workdir/openwrt/staging_dir/target-x86_64_musl/pkginfo/linux.default.install
build	Compile debug	2026-09-27T15:44:56.0062276Z mkdir -p /workdir/openwrt/staging_dir/target-x86_64_musl/root-x86/stamp
build	Compile debug	2026-09-27T15:44:56.0062944Z 
build	Compile debug	2026-09-27T15:44:56.0064119Z SHELL= flock /workdir/openwrt/tmp/.root-copy.flock -c 'cp -fpR /workdir/openwrt/build_dir/target-x86_64_musl/linux-x86_64/packages/.pkgdir/kmod-ip6tables-extra/. /workdir/openwrt/staging_dir/target-x86_64_musl/root-x86/'
build	Compile debug	2026-09-27T15:44:56.0065625Z touch /workdir/openwrt/staging_dir/target-x86_64_musl/root-x86/stamp/.kmod-ip6tables-extra_installed
build	Compile debug	2026-09-27T15:44:56.0140017Z echo "kmod-ip6tables-extra" >> /workdir/openwrt/staging_dir/target-x86_64_musl/pkginfo/linux.default.install
build	Compile debug	2026-09-27T15:44:56.0158470Z mkdir -p /workdir/openwrt/staging_dir/target-x86_64_musl/root-x86/stamp
build	Compile debug	2026-09-27T15:44:56.0159145Z 
build	Compile debug	2026-09-27T15:44:56.0160641Z SHELL= flock /workdir/openwrt/tmp/.root-copy.flock -c 'cp -fpR /workdir/openwrt/build_dir/target-x86_64_musl/linux-x86_64/packages/.pkgdir/kmod-nfnetlink/. /workdir/openwrt/staging_dir/target-x86_64_musl/root-x86/'
build	Compile debug	2026-09-27T15:44:56.0163044Z touch /workdir/openwrt/staging_dir/target-x86_64_musl/root-x86/stamp/.kmod-nfnetlink_installed
build	Compile debug	2026-09-27T15:44:56.0225919Z echo "kmod-nfnetlink" >> /workdir/openwrt/staging_dir/target-x86_64_musl/pkginfo/linux.default.install
build	Compile debug	2026-09-27T15:44:56.0242824Z mkdir -p /workdir/openwrt/staging_dir/target-x86_64_musl/root-x86/stamp
build	Compile debug	2026-09-27T15:44:56.0243428Z 
build	Compile debug	2026-09-27T15:44:56.0244549Z SHELL= flock /workdir/openwrt/tmp/.root-copy.flock -c 'cp -fpR /workdir/openwrt/build_dir/target-x86_64_musl/linux-x86_64/packages/.pkgdir/kmod-nf-conntrack-netlink/. /workdir/openwrt/staging_dir/target-x86_64_musl/root-x86/'
build	Compile debug	2026-09-27T15:44:56.0246336Z touch /workdir/openwrt/staging_dir/target-x86_64_musl/root-x86/stamp/.kmod-nf-conntrack-netlink_installed
build	Compile debug	2026-09-27T15:44:56.0312952Z echo "kmod-nf-conntrack-netlink" >> /workdir/openwrt/staging_dir/target-x86_64_musl/pkginfo/linux.default.install
build	Compile debug	2026-09-27T15:44:56.0330183Z mkdir -p /workdir/openwrt/staging_dir/target-x86_64_musl/root-x86/stamp
build	Compile debug	2026-09-27T15:44:56.0330786Z 
build	Compile debug	2026-09-27T15:44:56.0332316Z SHELL= flock /workdir/openwrt/tmp/.root-copy.flock -c 'cp -fpR /workdir/openwrt/build_dir/target-x86_64_musl/linux-x86_64/packages/.pkgdir/kmod-nft-core/. /workdir/openwrt/staging_dir/target-x86_64_musl/root-x86/'
build	Compile debug	2026-09-27T15:44:56.0334355Z touch /workdir/openwrt/staging_dir/target-x86_64_musl/root-x86/stamp/.kmod-nft-core_installed
build	Compile debug	2026-09-27T15:44:56.0477288Z echo "kmod-nft-core" >> /workdir/openwrt/staging_dir/target-x86_64_musl/pkginfo/linux.default.install
build	Compile debug	2026-09-27T15:44:56.0495250Z mkdir -p /workdir/openwrt/staging_dir/target-x86_64_musl/root-x86/stamp
build	Compile debug	2026-09-27T15:44:56.0495879Z 
build	Compile debug	2026-09-27T15:44:56.0496889Z SHELL= flock /workdir/openwrt/tmp/.root-copy.flock -c 'cp -fpR /workdir/openwrt/build_dir/target-x86_64_musl/linux-x86_64/packages/.pkgdir/kmod-nft-nat/. /workdir/openwrt/staging_dir/target-x86_64_musl/root-x86/'
build	Compile debug	2026-09-27T15:44:56.0498185Z touch /workdir/openwrt/staging_dir/target-x86_64_musl/root-x86/stamp/.kmod-nft-nat_installed
build	Compile debug	2026-09-27T15:44:56.0561787Z echo "kmod-nft-nat" >> /workdir/openwrt/staging_dir/target-x86_64_musl/pkginfo/linux.default.install
build	Compile debug	2026-09-27T15:44:56.0577692Z mkdir -p /workdir/openwrt/staging_dir/target-x86_64_musl/root-x86/stamp
build	Compile debug	2026-09-27T15:44:56.0578296Z 
build	Compile debug	2026-09-27T15:44:56.0579660Z SHELL= flock /workdir/openwrt/tmp/.root-copy.flock -c 'cp -fpR /workdir/openwrt/build_dir/target-x86_64_musl/linux-x86_64/packages/.pkgdir/kmod-nft-offload/. /workdir/openwrt/staging_dir/target-x86_64_musl/root-x86/'
build	Compile debug	2026-09-27T15:44:56.0581928Z touch /workdir/openwrt/staging_dir/target-x86_64_musl/root-x86/stamp/.kmod-nft-offload_installed
build	Compile debug	2026-09-27T15:44:56.0646609Z echo "kmod-nft-offload" >> /workdir/openwrt/staging_dir/target-x86_64_musl/pkginfo/linux.default.install
build	Compile debug	2026-09-27T15:44:56.0665001Z mkdir -p /workdir/openwrt/staging_dir/target-x86_64_musl/root-x86/stamp
build	Compile debug	2026-09-27T15:44:56.0665513Z 
build	Compile debug	2026-09-27T15:44:56.0666602Z SHELL= flock /workdir/openwrt/tmp/.root-copy.flock -c 'cp -fpR /workdir/openwrt/build_dir/target-x86_64_musl/linux-x86_64/packages/.pkgdir/kmod-nft-fib/. /workdir/openwrt/staging_dir/target-x86_64_musl/root-x86/'
build	Compile debug	2026-09-27T15:44:56.0668268Z touch /workdir/openwrt/staging_dir/target-x86_64_musl/root-x86/stamp/.kmod-nft-fib_installed
build	Compile debug	2026-09-27T15:44:56.0741742Z echo "kmod-nft-fib" >> /workdir/openwrt/staging_dir/target-x86_64_musl/pkginfo/linux.default.install
build	Compile debug	2026-09-27T15:44:56.0760845Z mkdir -p /workdir/openwrt/staging_dir/target-x86_64_musl/root-x86/stamp
build	Compile debug	2026-09-27T15:44:56.0761820Z 
build	Compile debug	2026-09-27T15:44:56.0762894Z SHELL= flock /workdir/openwrt/tmp/.root-copy.flock -c 'cp -fpR /workdir/openwrt/build_dir/target-x86_64_musl/linux-x86_64/packages/.pkgdir/kmod-nft-socket/. /workdir/openwrt/staging_dir/target-x86_64_musl/root-x86/'
build	Compile debug	2026-09-27T15:44:56.0764566Z touch /workdir/openwrt/staging_dir/target-x86_64_musl/root-x86/stamp/.kmod-nft-socket_installed
build	Compile debug	2026-09-27T15:44:56.0833079Z echo "kmod-nft-socket" >> /workdir/openwrt/staging_dir/target-x86_64_musl/pkginfo/linux.default.install
build	Compile debug	2026-09-27T15:44:56.0853157Z mkdir -p /workdir/openwrt/staging_dir/target-x86_64_musl/root-x86/stamp
build	Compile debug	2026-09-27T15:44:56.0853673Z 
build	Compile debug	2026-09-27T15:44:56.0854766Z SHELL= flock /workdir/openwrt/tmp/.root-copy.flock -c 'cp -fpR /workdir/openwrt/build_dir/target-x86_64_musl/linux-x86_64/packages/.pkgdir/kmod-nft-tproxy/. /workdir/openwrt/staging_dir/target-x86_64_musl/root-x86/'
build	Compile debug	2026-09-27T15:44:56.0856436Z touch /workdir/openwrt/staging_dir/target-x86_64_musl/root-x86/stamp/.kmod-nft-tproxy_installed
build	Compile debug	2026-09-27T15:44:56.0923801Z echo "kmod-nft-tproxy" >> /workdir/openwrt/staging_dir/target-x86_64_musl/pkginfo/linux.default.install
build	Compile debug	2026-09-27T15:44:56.0943738Z mkdir -p /workdir/openwrt/staging_dir/target-x86_64_musl/root-x86/stamp
build	Compile debug	2026-09-27T15:44:56.0944649Z 
build	Compile debug	2026-09-27T15:44:56.0945676Z SHELL= flock /workdir/openwrt/tmp/.root-copy.flock -c 'cp -fpR /workdir/openwrt/build_dir/target-x86_64_musl/linux-x86_64/packages/.pkgdir/kmod-tun/. /workdir/openwrt/staging_dir/target-x86_64_musl/root-x86/'
build	Compile debug	2026-09-27T15:44:56.0947241Z touch /workdir/openwrt/staging_dir/target-x86_64_musl/root-x86/stamp/.kmod-tun_installed
build	Compile debug	2026-09-27T15:44:56.1027383Z echo "kmod-tun" >> /workdir/openwrt/staging_dir/target-x86_64_musl/pkginfo/linux.default.install
build	Compile debug	2026-09-27T15:44:56.1046830Z mkdir -p /workdir/openwrt/staging_dir/target-x86_64_musl/root-x86/stamp
build	Compile debug	2026-09-27T15:44:56.1047367Z 
build	Compile debug	2026-09-27T15:44:56.1048395Z SHELL= flock /workdir/openwrt/tmp/.root-copy.flock -c 'cp -fpR /workdir/openwrt/build_dir/target-x86_64_musl/linux-x86_64/packages/.pkgdir/kmod-veth/. /workdir/openwrt/staging_dir/target-x86_64_musl/root-x86/'
build	Compile debug	2026-09-27T15:44:56.1049976Z touch /workdir/openwrt/staging_dir/target-x86_64_musl/root-x86/stamp/.kmod-veth_installed
build	Compile debug	2026-09-27T15:44:56.1122339Z echo "kmod-veth" >> /workdir/openwrt/staging_dir/target-x86_64_musl/pkginfo/linux.default.install
build	Compile debug	2026-09-27T15:44:56.1141834Z mkdir -p /workdir/openwrt/staging_dir/target-x86_64_musl/root-x86/stamp
build	Compile debug	2026-09-27T15:44:56.1142552Z 
build	Compile debug	2026-09-27T15:44:56.1143582Z SHELL= flock /workdir/openwrt/tmp/.root-copy.flock -c 'cp -fpR /workdir/openwrt/build_dir/target-x86_64_musl/linux-x86_64/packages/.pkgdir/kmod-slhc/. /workdir/openwrt/staging_dir/target-x86_64_musl/root-x86/'
build	Compile debug	2026-09-27T15:44:56.1145128Z touch /workdir/openwrt/staging_dir/target-x86_64_musl/root-x86/stamp/.kmod-slhc_installed
build	Compile debug	2026-09-27T15:44:56.1210209Z echo "kmod-slhc" >> /workdir/openwrt/staging_dir/target-x86_64_musl/pkginfo/linux.default.install
build	Compile debug	2026-09-27T15:44:56.1229392Z mkdir -p /workdir/openwrt/staging_dir/target-x86_64_musl/root-x86/stamp
build	Compile debug	2026-09-27T15:44:56.1229850Z 
build	Compile debug	2026-09-27T15:44:56.1230763Z SHELL= flock /workdir/openwrt/tmp/.root-copy.flock -c 'cp -fpR /workdir/openwrt/build_dir/target-x86_64_musl/linux-x86_64/packages/.pkgdir/kmod-ppp/. /workdir/openwrt/staging_dir/target-x86_64_musl/root-x86/'
build	Compile debug	2026-09-27T15:44:56.1232895Z touch /workdir/openwrt/staging_dir/target-x86_64_musl/root-x86/stamp/.kmod-ppp_installed
build	Compile debug	2026-09-27T15:44:56.1303665Z echo "kmod-ppp" >> /workdir/openwrt/staging_dir/target-x86_64_musl/pkginfo/linux.default.install
build	Compile debug	2026-09-27T15:44:56.1322020Z mkdir -p /workdir/openwrt/staging_dir/target-x86_64_musl/root-x86/stamp
build	Compile debug	2026-09-27T15:44:56.1322417Z 
build	Compile debug	2026-09-27T15:44:56.1323258Z SHELL= flock /workdir/openwrt/tmp/.root-copy.flock -c 'cp -fpR /workdir/openwrt/build_dir/target-x86_64_musl/linux-x86_64/packages/.pkgdir/kmod-pppox/. /workdir/openwrt/staging_dir/target-x86_64_musl/root-x86/'
build	Compile debug	2026-09-27T15:44:56.1324516Z touch /workdir/openwrt/staging_dir/target-x86_64_musl/root-x86/stamp/.kmod-pppox_installed
build	Compile debug	2026-09-27T15:44:56.1384464Z echo "kmod-pppox" >> /workdir/openwrt/staging_dir/target-x86_64_musl/pkginfo/linux.default.install
build	Compile debug	2026-09-27T15:44:56.1402412Z mkdir -p /workdir/openwrt/staging_dir/target-x86_64_musl/root-x86/stamp
build	Compile debug	2026-09-27T15:44:56.1402891Z 
build	Compile debug	2026-09-27T15:44:56.1403735Z SHELL= flock /workdir/openwrt/tmp/.root-copy.flock -c 'cp -fpR /workdir/openwrt/build_dir/target-x86_64_musl/linux-x86_64/packages/.pkgdir/kmod-pppoe/. /workdir/openwrt/staging_dir/target-x86_64_musl/root-x86/'
build	Compile debug	2026-09-27T15:44:56.1405000Z touch /workdir/openwrt/staging_dir/target-x86_64_musl/root-x86/stamp/.kmod-pppoe_installed
build	Compile debug	2026-09-27T15:44:56.1470886Z echo "kmod-pppoe" >> /workdir/openwrt/staging_dir/target-x86_64_musl/pkginfo/linux.default.install
build	Compile debug	2026-09-27T15:44:56.1488305Z mkdir -p /workdir/openwrt/staging_dir/target-x86_64_musl/root-x86/stamp
build	Compile debug	2026-09-27T15:44:56.1488729Z 
build	Compile debug	2026-09-27T15:44:56.1489633Z SHELL= flock /workdir/openwrt/tmp/.root-copy.flock -c 'cp -fpR /workdir/openwrt/build_dir/target-x86_64_musl/linux-x86_64/packages/.pkgdir/kmod-mppe/. /workdir/openwrt/staging_dir/target-x86_64_musl/root-x86/'
build	Compile debug	2026-09-27T15:44:56.1491003Z touch /workdir/openwrt/staging_dir/target-x86_64_musl/root-x86/stamp/.kmod-mppe_installed
build	Compile debug	2026-09-27T15:44:56.1553969Z echo "kmod-mppe" >> /workdir/openwrt/staging_dir/target-x86_64_musl/pkginfo/linux.default.install
build	Compile debug	2026-09-27T15:44:56.1570761Z mkdir -p /workdir/openwrt/staging_dir/target-x86_64_musl/root-x86/stamp
build	Compile debug	2026-09-27T15:44:56.1571180Z 
build	Compile debug	2026-09-27T15:44:56.1572440Z SHELL= flock /workdir/openwrt/tmp/.root-copy.flock -c 'cp -fpR /workdir/openwrt/build_dir/target-x86_64_musl/linux-x86_64/packages/.pkgdir/kmod-sched-core/. /workdir/openwrt/staging_dir/target-x86_64_musl/root-x86/'
build	Compile debug	2026-09-27T15:44:56.1573873Z touch /workdir/openwrt/staging_dir/target-x86_64_musl/root-x86/stamp/.kmod-sched-core_installed
build	Compile debug	2026-09-27T15:44:56.1669111Z echo "kmod-sched-core" >> /workdir/openwrt/staging_dir/target-x86_64_musl/pkginfo/linux.default.install
build	Compile debug	2026-09-27T15:44:56.1687154Z mkdir -p /workdir/openwrt/staging_dir/target-x86_64_musl/root-x86/stamp
build	Compile debug	2026-09-27T15:44:56.1687582Z 
build	Compile debug	2026-09-27T15:44:56.1688543Z SHELL= flock /workdir/openwrt/tmp/.root-copy.flock -c 'cp -fpR /workdir/openwrt/build_dir/target-x86_64_musl/linux-x86_64/packages/.pkgdir/kmod-sched-red/. /workdir/openwrt/staging_dir/target-x86_64_musl/root-x86/'
build	Compile debug	2026-09-27T15:44:56.1689985Z touch /workdir/openwrt/staging_dir/target-x86_64_musl/root-x86/stamp/.kmod-sched-red_installed
build	Compile debug	2026-09-27T15:44:56.1757667Z echo "kmod-sched-red" >> /workdir/openwrt/staging_dir/target-x86_64_musl/pkginfo/linux.default.install
build	Compile debug	2026-09-27T15:44:56.1774125Z mkdir -p /workdir/openwrt/staging_dir/target-x86_64_musl/root-x86/stamp
build	Compile debug	2026-09-27T15:44:56.1774528Z 
build	Compile debug	2026-09-27T15:44:56.1775368Z SHELL= flock /workdir/openwrt/tmp/.root-copy.flock -c 'cp -fpR /workdir/openwrt/build_dir/target-x86_64_musl/linux-x86_64/packages/.pkgdir/kmod-mdio/. /workdir/openwrt/staging_dir/target-x86_64_musl/root-x86/'
build	Compile debug	2026-09-27T15:44:56.1776616Z touch /workdir/openwrt/staging_dir/target-x86_64_musl/root-x86/stamp/.kmod-mdio_installed
build	Compile debug	2026-09-27T15:44:56.1835515Z echo "kmod-mdio" >> /workdir/openwrt/staging_dir/target-x86_64_musl/pkginfo/linux.default.install
build	Compile debug	2026-09-27T15:44:56.1852846Z mkdir -p /workdir/openwrt/staging_dir/target-x86_64_musl/root-x86/stamp
build	Compile debug	2026-09-27T15:44:56.1853278Z 
build	Compile debug	2026-09-27T15:44:56.1854241Z SHELL= flock /workdir/openwrt/tmp/.root-copy.flock -c 'cp -fpR /workdir/openwrt/build_dir/target-x86_64_musl/linux-x86_64/packages/.pkgdir/kmod-netlink-diag/. /workdir/openwrt/staging_dir/target-x86_64_musl/root-x86/'
build	Compile debug	2026-09-27T15:44:56.1855713Z touch /workdir/openwrt/staging_dir/target-x86_64_musl/root-x86/stamp/.kmod-netlink-diag_installed
build	Compile debug	2026-09-27T15:44:56.1914528Z echo "kmod-netlink-diag" >> /workdir/openwrt/staging_dir/target-x86_64_musl/pkginfo/linux.default.install
build	Compile debug	2026-09-27T15:44:56.1930894Z mkdir -p /workdir/openwrt/staging_dir/target-x86_64_musl/root-x86/stamp
build	Compile debug	2026-09-27T15:44:56.1931549Z 
build	Compile debug	2026-09-27T15:44:56.1932579Z SHELL= flock /workdir/openwrt/tmp/.root-copy.flock -c 'cp -fpR /workdir/openwrt/build_dir/target-x86_64_musl/linux-x86_64/packages/.pkgdir/kmod-inet-diag/. /workdir/openwrt/staging_dir/target-x86_64_musl/root-x86/'
build	Compile debug	2026-09-27T15:44:56.1934031Z touch /workdir/openwrt/staging_dir/target-x86_64_musl/root-x86/stamp/.kmod-inet-diag_installed
build	Compile debug	2026-09-27T15:44:56.2000885Z echo "kmod-inet-diag" >> /workdir/openwrt/staging_dir/target-x86_64_musl/pkginfo/linux.default.install
build	Compile debug	2026-09-27T15:44:56.2016252Z mkdir -p /workdir/openwrt/staging_dir/target-x86_64_musl/root-x86/stamp
build	Compile debug	2026-09-27T15:44:56.2016643Z 
build	Compile debug	2026-09-27T15:44:56.2017505Z SHELL= flock /workdir/openwrt/tmp/.root-copy.flock -c 'cp -fpR /workdir/openwrt/build_dir/target-x86_64_musl/linux-x86_64/packages/.pkgdir/kmod-nls-base/. /workdir/openwrt/staging_dir/target-x86_64_musl/root-x86/'
build	Compile debug	2026-09-27T15:44:56.2018804Z touch /workdir/openwrt/staging_dir/target-x86_64_musl/root-x86/stamp/.kmod-nls-base_installed
build	Compile debug	2026-09-27T15:44:56.2072672Z echo "kmod-nls-base" >> /workdir/openwrt/staging_dir/target-x86_64_musl/pkginfo/linux.default.install
build	Compile debug	2026-09-27T15:44:56.2087836Z mkdir -p /workdir/openwrt/staging_dir/target-x86_64_musl/root-x86/stamp
build	Compile debug	2026-09-27T15:44:56.2088216Z 
build	Compile debug	2026-09-27T15:44:56.2089324Z SHELL= flock /workdir/openwrt/tmp/.root-copy.flock -c 'cp -fpR /workdir/openwrt/build_dir/target-x86_64_musl/linux-x86_64/packages/.pkgdir/kmod-nls-cp437/. /workdir/openwrt/staging_dir/target-x86_64_musl/root-x86/'
build	Compile debug	2026-09-27T15:44:56.2090525Z touch /workdir/openwrt/staging_dir/target-x86_64_musl/root-x86/stamp/.kmod-nls-cp437_installed
build	Compile debug	2026-09-27T15:44:56.2150446Z echo "kmod-nls-cp437" >> /workdir/openwrt/staging_dir/target-x86_64_musl/pkginfo/linux.default.install
build	Compile debug	2026-09-27T15:44:56.2167839Z mkdir -p /workdir/openwrt/staging_dir/target-x86_64_musl/root-x86/stamp
build	Compile debug	2026-09-27T15:44:56.2168268Z 
build	Compile debug	2026-09-27T15:44:56.2169233Z SHELL= flock /workdir/openwrt/tmp/.root-copy.flock -c 'cp -fpR /workdir/openwrt/build_dir/target-x86_64_musl/linux-x86_64/packages/.pkgdir/kmod-nls-iso8859-1/. /workdir/openwrt/staging_dir/target-x86_64_musl/root-x86/'
build	Compile debug	2026-09-27T15:44:56.2170671Z touch /workdir/openwrt/staging_dir/target-x86_64_musl/root-x86/stamp/.kmod-nls-iso8859-1_installed
build	Compile debug	2026-09-27T15:44:56.2228090Z echo "kmod-nls-iso8859-1" >> /workdir/openwrt/staging_dir/target-x86_64_musl/pkginfo/linux.default.install
build	Compile debug	2026-09-27T15:44:56.2242473Z mkdir -p /workdir/openwrt/staging_dir/target-x86_64_musl/root-x86/stamp
build	Compile debug	2026-09-27T15:44:56.2242885Z 
build	Compile debug	2026-09-27T15:44:56.2243849Z SHELL= flock /workdir/openwrt/tmp/.root-copy.flock -c 'cp -fpR /workdir/openwrt/build_dir/target-x86_64_musl/linux-x86_64/packages/.pkgdir/kmod-nls-utf8/. /workdir/openwrt/staging_dir/target-x86_64_musl/root-x86/'
build	Compile debug	2026-09-27T15:44:56.2245245Z touch /workdir/openwrt/staging_dir/target-x86_64_musl/root-x86/stamp/.kmod-nls-utf8_installed
build	Compile debug	2026-09-27T15:44:56.2302607Z echo "kmod-nls-utf8" >> /workdir/openwrt/staging_dir/target-x86_64_musl/pkginfo/linux.default.install
build	Compile debug	2026-09-27T15:44:56.2317637Z mkdir -p /workdir/openwrt/staging_dir/target-x86_64_musl/root-x86/stamp
build	Compile debug	2026-09-27T15:44:56.2317979Z 
build	Compile debug	2026-09-27T15:44:56.2318734Z SHELL= flock /workdir/openwrt/tmp/.root-copy.flock -c 'cp -fpR /workdir/openwrt/build_dir/target-x86_64_musl/linux-x86_64/packages/.pkgdir/kmod-dma-buf/. /workdir/openwrt/staging_dir/target-x86_64_musl/root-x86/'
build	Compile debug	2026-09-27T15:44:56.2320228Z touch /workdir/openwrt/staging_dir/target-x86_64_musl/root-x86/stamp/.kmod-dma-buf_installed
build	Compile debug	2026-09-27T15:44:56.2374372Z echo "kmod-dma-buf" >> /workdir/openwrt/staging_dir/target-x86_64_musl/pkginfo/linux.default.install
build	Compile debug	2026-09-27T15:44:56.2390849Z mkdir -p /workdir/openwrt/staging_dir/target-x86_64_musl/root-x86/stamp
build	Compile debug	2026-09-27T15:44:56.2391428Z 
build	Compile debug	2026-09-27T15:44:56.2392310Z SHELL= flock /workdir/openwrt/tmp/.root-copy.flock -c 'cp -fpR /workdir/openwrt/build_dir/target-x86_64_musl/linux-x86_64/packages/.pkgdir/kmod-pps/. /workdir/openwrt/staging_dir/target-x86_64_musl/root-x86/'
build	Compile debug	2026-09-27T15:44:56.2393476Z touch /workdir/openwrt/staging_dir/target-x86_64_musl/root-x86/stamp/.kmod-pps_installed
build	Compile debug	2026-09-27T15:44:56.2449402Z echo "kmod-pps" >> /workdir/openwrt/staging_dir/target-x86_64_musl/pkginfo/linux.default.install
build	Compile debug	2026-09-27T15:44:56.2464287Z mkdir -p /workdir/openwrt/staging_dir/target-x86_64_musl/root-x86/stamp
build	Compile debug	2026-09-27T15:44:56.2464771Z 
build	Compile debug	2026-09-27T15:44:56.2465608Z SHELL= flock /workdir/openwrt/tmp/.root-copy.flock -c 'cp -fpR /workdir/openwrt/build_dir/target-x86_64_musl/linux-x86_64/packages/.pkgdir/kmod-ptp/. /workdir/openwrt/staging_dir/target-x86_64_musl/root-x86/'
build	Compile debug	2026-09-27T15:44:56.2466862Z touch /workdir/openwrt/staging_dir/target-x86_64_musl/root-x86/stamp/.kmod-ptp_installed
build	Compile debug	2026-09-27T15:44:56.2521483Z echo "kmod-ptp" >> /workdir/openwrt/staging_dir/target-x86_64_musl/pkginfo/linux.default.install
build	Compile debug	2026-09-27T15:44:56.2537145Z mkdir -p /workdir/openwrt/staging_dir/target-x86_64_musl/root-x86/stamp
build	Compile debug	2026-09-27T15:44:56.2537728Z 
build	Compile debug	2026-09-27T15:44:56.2538908Z SHELL= flock /workdir/openwrt/tmp/.root-copy.flock -c 'cp -fpR /workdir/openwrt/build_dir/target-x86_64_musl/linux-x86_64/packages/.pkgdir/kmod-usb-common/. /workdir/openwrt/staging_dir/target-x86_64_musl/root-x86/'
build	Compile debug	2026-09-27T15:44:56.2540303Z touch /workdir/openwrt/staging_dir/target-x86_64_musl/root-x86/stamp/.kmod-usb-common_installed
build	Compile debug	2026-09-27T15:44:56.2598103Z echo "kmod-usb-common" >> /workdir/openwrt/staging_dir/target-x86_64_musl/pkginfo/linux.default.install
build	Compile debug	2026-09-27T15:44:56.2615293Z mkdir -p /workdir/openwrt/staging_dir/target-x86_64_musl/root-x86/stamp
build	Compile debug	2026-09-27T15:44:56.2615763Z 
build	Compile debug	2026-09-27T15:44:56.2616730Z SHELL= flock /workdir/openwrt/tmp/.root-copy.flock -c 'cp -fpR /workdir/openwrt/build_dir/target-x86_64_musl/linux-x86_64/packages/.pkgdir/kmod-usb-core/. /workdir/openwrt/staging_dir/target-x86_64_musl/root-x86/'
build	Compile debug	2026-09-27T15:44:56.2618148Z touch /workdir/openwrt/staging_dir/target-x86_64_musl/root-x86/stamp/.kmod-usb-core_installed
build	Compile debug	2026-09-27T15:44:56.2674235Z echo "kmod-usb-core" >> /workdir/openwrt/staging_dir/target-x86_64_musl/pkginfo/linux.default.install
build	Compile debug	2026-09-27T15:44:56.2691139Z mkdir -p /workdir/openwrt/staging_dir/target-x86_64_musl/root-x86/stamp
build	Compile debug	2026-09-27T15:44:56.2692505Z 
build	Compile debug	2026-09-27T15:44:56.2693448Z SHELL= flock /workdir/openwrt/tmp/.root-copy.flock -c 'cp -fpR /workdir/openwrt/build_dir/target-x86_64_musl/linux-x86_64/packages/.pkgdir/kmod-usb-ohci/. /workdir/openwrt/staging_dir/target-x86_64_musl/root-x86/'
build	Compile debug	2026-09-27T15:44:56.2694897Z touch /workdir/openwrt/staging_dir/target-x86_64_musl/root-x86/stamp/.kmod-usb-ohci_installed
build	Compile debug	2026-09-27T15:44:56.2751663Z echo "kmod-usb-ohci" >> /workdir/openwrt/staging_dir/target-x86_64_musl/pkginfo/linux.default.install
build	Compile debug	2026-09-27T15:44:56.2766538Z mkdir -p /workdir/openwrt/staging_dir/target-x86_64_musl/root-x86/stamp
build	Compile debug	2026-09-27T15:44:56.2766915Z 
build	Compile debug	2026-09-27T15:44:56.2767710Z SHELL= flock /workdir/openwrt/tmp/.root-copy.flock -c 'cp -fpR /workdir/openwrt/build_dir/target-x86_64_musl/linux-x86_64/packages/.pkgdir/kmod-usb-ehci/. /workdir/openwrt/staging_dir/target-x86_64_musl/root-x86/'
build	Compile debug	2026-09-27T15:44:56.2768897Z touch /workdir/openwrt/staging_dir/target-x86_64_musl/root-x86/stamp/.kmod-usb-ehci_installed
build	Compile debug	2026-09-27T15:44:56.2824494Z echo "kmod-usb-ehci" >> /workdir/openwrt/staging_dir/target-x86_64_musl/pkginfo/linux.default.install
build	Compile debug	2026-09-27T15:44:56.2838639Z mkdir -p /workdir/openwrt/staging_dir/target-x86_64_musl/root-x86/stamp
build	Compile debug	2026-09-27T15:44:56.2839043Z 
build	Compile debug	2026-09-27T15:44:56.2839825Z SHELL= flock /workdir/openwrt/tmp/.root-copy.flock -c 'cp -fpR /workdir/openwrt/build_dir/target-x86_64_musl/linux-x86_64/packages/.pkgdir/kmod-usb2/. /workdir/openwrt/staging_dir/target-x86_64_musl/root-x86/'
build	Compile debug	2026-09-27T15:44:56.2841075Z touch /workdir/openwrt/staging_dir/target-x86_64_musl/root-x86/stamp/.kmod-usb2_installed
build	Compile debug	2026-09-27T15:44:56.2903248Z echo "kmod-usb2" >> /workdir/openwrt/staging_dir/target-x86_64_musl/pkginfo/linux.default.install
build	Compile debug	2026-09-27T15:44:56.2919103Z mkdir -p /workdir/openwrt/staging_dir/target-x86_64_musl/root-x86/stamp
build	Compile debug	2026-09-27T15:44:56.2919533Z 
build	Compile debug	2026-09-27T15:44:56.2920355Z SHELL= flock /workdir/openwrt/tmp/.root-copy.flock -c 'cp -fpR /workdir/openwrt/build_dir/target-x86_64_musl/linux-x86_64/packages/.pkgdir/kmod-usb-dwc2/. /workdir/openwrt/staging_dir/target-x86_64_musl/root-x86/'
build	Compile debug	2026-09-27T15:44:56.2922211Z touch /workdir/openwrt/staging_dir/target-x86_64_musl/root-x86/stamp/.kmod-usb-dwc2_installed
build	Compile debug	2026-09-27T15:44:56.2996332Z echo "kmod-usb-dwc2" >> /workdir/openwrt/staging_dir/target-x86_64_musl/pkginfo/linux.default.install
build	Compile debug	2026-09-27T15:44:56.3014182Z mkdir -p /workdir/openwrt/staging_dir/target-x86_64_musl/root-x86/stamp
build	Compile debug	2026-09-27T15:44:56.3014624Z 
build	Compile debug	2026-09-27T15:44:56.3015965Z SHELL= flock /workdir/openwrt/tmp/.root-copy.flock -c 'cp -fpR /workdir/openwrt/build_dir/target-x86_64_musl/linux-x86_64/packages/.pkgdir/kmod-usb-dwc3/. /workdir/openwrt/staging_dir/target-x86_64_musl/root-x86/'
build	Compile debug	2026-09-27T15:44:56.3018079Z touch /workdir/openwrt/staging_dir/target-x86_64_musl/root-x86/stamp/.kmod-usb-dwc3_installed
build	Compile debug	2026-09-27T15:44:56.3092019Z echo "kmod-usb-dwc3" >> /workdir/openwrt/staging_dir/target-x86_64_musl/pkginfo/linux.default.install
build	Compile debug	2026-09-27T15:44:56.3110454Z mkdir -p /workdir/openwrt/staging_dir/target-x86_64_musl/root-x86/stamp
build	Compile debug	2026-09-27T15:44:56.3110896Z 
build	Compile debug	2026-09-27T15:44:56.3112437Z SHELL= flock /workdir/openwrt/tmp/.root-copy.flock -c 'cp -fpR /workdir/openwrt/build_dir/target-x86_64_musl/linux-x86_64/packages/.pkgdir/kmod-usb-storage/. /workdir/openwrt/staging_dir/target-x86_64_musl/root-x86/'
build	Compile debug	2026-09-27T15:44:56.3114217Z touch /workdir/openwrt/staging_dir/target-x86_64_musl/root-x86/stamp/.kmod-usb-storage_installed
build	Compile debug	2026-09-27T15:44:56.3173950Z echo "kmod-usb-storage" >> /workdir/openwrt/staging_dir/target-x86_64_musl/pkginfo/linux.default.install
build	Compile debug	2026-09-27T15:44:56.3190992Z mkdir -p /workdir/openwrt/staging_dir/target-x86_64_musl/root-x86/stamp
build	Compile debug	2026-09-27T15:44:56.3191731Z 
build	Compile debug	2026-09-27T15:44:56.3192740Z SHELL= flock /workdir/openwrt/tmp/.root-copy.flock -c 'cp -fpR /workdir/openwrt/build_dir/target-x86_64_musl/linux-x86_64/packages/.pkgdir/kmod-usb-storage-extras/. /workdir/openwrt/staging_dir/target-x86_64_musl/root-x86/'
build	Compile debug	2026-09-27T15:44:56.3194239Z touch /workdir/openwrt/staging_dir/target-x86_64_musl/root-x86/stamp/.kmod-usb-storage-extras_installed
build	Compile debug	2026-09-27T15:44:56.3278001Z echo "kmod-usb-storage-extras" >> /workdir/openwrt/staging_dir/target-x86_64_musl/pkginfo/linux.default.install
build	Compile debug	2026-09-27T15:44:56.3294202Z mkdir -p /workdir/openwrt/staging_dir/target-x86_64_musl/root-x86/stamp
build	Compile debug	2026-09-27T15:44:56.3294593Z 
build	Compile debug	2026-09-27T15:44:56.3295497Z SHELL= flock /workdir/openwrt/tmp/.root-copy.flock -c 'cp -fpR /workdir/openwrt/build_dir/target-x86_64_musl/linux-x86_64/packages/.pkgdir/kmod-usb-storage-uas/. /workdir/openwrt/staging_dir/target-x86_64_musl/root-x86/'
build	Compile debug	2026-09-27T15:44:56.3296851Z touch /workdir/openwrt/staging_dir/target-x86_64_musl/root-x86/stamp/.kmod-usb-storage-uas_installed
build	Compile debug	2026-09-27T15:44:56.3357137Z echo "kmod-usb-storage-uas" >> /workdir/openwrt/staging_dir/target-x86_64_musl/pkginfo/linux.default.install
build	Compile debug	2026-09-27T15:44:56.3372455Z mkdir -p /workdir/openwrt/staging_dir/target-x86_64_musl/root-x86/stamp
build	Compile debug	2026-09-27T15:44:56.3372837Z 
build	Compile debug	2026-09-27T15:44:56.3373632Z SHELL= flock /workdir/openwrt/tmp/.root-copy.flock -c 'cp -fpR /workdir/openwrt/build_dir/target-x86_64_musl/linux-x86_64/packages/.pkgdir/kmod-usb-net/. /workdir/openwrt/staging_dir/target-x86_64_musl/root-x86/'
build	Compile debug	2026-09-27T15:44:56.3375114Z touch /workdir/openwrt/staging_dir/target-x86_64_musl/root-x86/stamp/.kmod-usb-net_installed
build	Compile debug	2026-09-27T15:44:56.3444345Z echo "kmod-usb-net" >> /workdir/openwrt/staging_dir/target-x86_64_musl/pkginfo/linux.default.install
build	Compile debug	2026-09-27T15:44:56.3460806Z mkdir -p /workdir/openwrt/staging_dir/target-x86_64_musl/root-x86/stamp
build	Compile debug	2026-09-27T15:44:56.3461420Z 
build	Compile debug	2026-09-27T15:44:56.3462405Z SHELL= flock /workdir/openwrt/tmp/.root-copy.flock -c 'cp -fpR /workdir/openwrt/build_dir/target-x86_64_musl/linux-x86_64/packages/.pkgdir/kmod-usb-net-asix/. /workdir/openwrt/staging_dir/target-x86_64_musl/root-x86/'
build	Compile debug	2026-09-27T15:44:56.3463866Z touch /workdir/openwrt/staging_dir/target-x86_64_musl/root-x86/stamp/.kmod-usb-net-asix_installed
build	Compile debug	2026-09-27T15:44:56.3531009Z echo "kmod-usb-net-asix" >> /workdir/openwrt/staging_dir/target-x86_64_musl/pkginfo/linux.default.install
build	Compile debug	2026-09-27T15:44:56.3548999Z mkdir -p /workdir/openwrt/staging_dir/target-x86_64_musl/root-x86/stamp
build	Compile debug	2026-09-27T15:44:56.3549467Z 
build	Compile debug	2026-09-27T15:44:56.3550457Z SHELL= flock /workdir/openwrt/tmp/.root-copy.flock -c 'cp -fpR /workdir/openwrt/build_dir/target-x86_64_musl/linux-x86_64/packages/.pkgdir/kmod-usb-net-asix-ax88179/. /workdir/openwrt/staging_dir/target-x86_64_musl/root-x86/'
build	Compile debug	2026-09-27T15:44:56.3552340Z touch /workdir/openwrt/staging_dir/target-x86_64_musl/root-x86/stamp/.kmod-usb-net-asix-ax88179_installed
build	Compile debug	2026-09-27T15:44:56.3623066Z echo "kmod-usb-net-asix-ax88179" >> /workdir/openwrt/staging_dir/target-x86_64_musl/pkginfo/linux.default.install
build	Compile debug	2026-09-27T15:44:56.3639397Z mkdir -p /workdir/openwrt/staging_dir/target-x86_64_musl/root-x86/stamp
build	Compile debug	2026-09-27T15:44:56.3639824Z 
build	Compile debug	2026-09-27T15:44:56.3640803Z SHELL= flock /workdir/openwrt/tmp/.root-copy.flock -c 'cp -fpR /workdir/openwrt/build_dir/target-x86_64_musl/linux-x86_64/packages/.pkgdir/kmod-usb-net-rtl8150/. /workdir/openwrt/staging_dir/target-x86_64_musl/root-x86/'
build	Compile debug	2026-09-27T15:44:56.3642985Z touch /workdir/openwrt/staging_dir/target-x86_64_musl/root-x86/stamp/.kmod-usb-net-rtl8150_installed
build	Compile debug	2026-09-27T15:44:56.3703440Z echo "kmod-usb-net-rtl8150" >> /workdir/openwrt/staging_dir/target-x86_64_musl/pkginfo/linux.default.install
build	Compile debug	2026-09-27T15:44:56.3720683Z mkdir -p /workdir/openwrt/staging_dir/target-x86_64_musl/root-x86/stamp
build	Compile debug	2026-09-27T15:44:56.3721078Z 
build	Compile debug	2026-09-27T15:44:56.3722470Z SHELL= flock /workdir/openwrt/tmp/.root-copy.flock -c 'cp -fpR /workdir/openwrt/build_dir/target-x86_64_musl/linux-x86_64/packages/.pkgdir/kmod-usb-hid/. /workdir/openwrt/staging_dir/target-x86_64_musl/root-x86/'
build	Compile debug	2026-09-27T15:44:56.3723750Z touch /workdir/openwrt/staging_dir/target-x86_64_musl/root-x86/stamp/.kmod-usb-hid_installed
build	Compile debug	2026-09-27T15:44:56.3780539Z echo "kmod-usb-hid" >> /workdir/openwrt/staging_dir/target-x86_64_musl/pkginfo/linux.default.install
build	Compile debug	2026-09-27T15:44:56.3797916Z mkdir -p /workdir/openwrt/staging_dir/target-x86_64_musl/root-x86/stamp
build	Compile debug	2026-09-27T15:44:56.3798378Z 
build	Compile debug	2026-09-27T15:44:56.3799334Z SHELL= flock /workdir/openwrt/tmp/.root-copy.flock -c 'cp -fpR /workdir/openwrt/build_dir/target-x86_64_musl/linux-x86_64/packages/.pkgdir/kmod-usb3/. /workdir/openwrt/staging_dir/target-x86_64_musl/root-x86/'
build	Compile debug	2026-09-27T15:44:56.3800730Z touch /workdir/openwrt/staging_dir/target-x86_64_musl/root-x86/stamp/.kmod-usb3_installed
build	Compile debug	2026-09-27T15:44:56.3864008Z echo "kmod-usb3" >> /workdir/openwrt/staging_dir/target-x86_64_musl/pkginfo/linux.default.install
build	Compile debug	2026-09-27T15:44:56.3881063Z mkdir -p /workdir/openwrt/staging_dir/target-x86_64_musl/root-x86/stamp
build	Compile debug	2026-09-27T15:44:56.3881806Z 
build	Compile debug	2026-09-27T15:44:56.3882845Z SHELL= flock /workdir/openwrt/tmp/.root-copy.flock -c 'cp -fpR /workdir/openwrt/build_dir/target-x86_64_musl/linux-x86_64/packages/.pkgdir/kmod-usb-roles/. /workdir/openwrt/staging_dir/target-x86_64_musl/root-x86/'
build	Compile debug	2026-09-27T15:44:56.3884283Z touch /workdir/openwrt/staging_dir/target-x86_64_musl/root-x86/stamp/.kmod-usb-roles_installed
build	Compile debug	2026-09-27T15:44:56.3941088Z echo "kmod-usb-roles" >> /workdir/openwrt/staging_dir/target-x86_64_musl/pkginfo/linux.default.install
build	Compile debug	2026-09-27T15:44:56.3955914Z mkdir -p /workdir/openwrt/staging_dir/target-x86_64_musl/root-x86/stamp
build	Compile debug	2026-09-27T15:44:56.3956363Z 
build	Compile debug	2026-09-27T15:44:56.3957206Z SHELL= flock /workdir/openwrt/tmp/.root-copy.flock -c 'cp -fpR /workdir/openwrt/build_dir/target-x86_64_musl/linux-x86_64/packages/.pkgdir/kmod-usb-xhci-hcd/. /workdir/openwrt/staging_dir/target-x86_64_musl/root-x86/'
build	Compile debug	2026-09-27T15:44:56.3958451Z touch /workdir/openwrt/staging_dir/target-x86_64_musl/root-x86/stamp/.kmod-usb-xhci-hcd_installed
build	Compile debug	2026-09-27T15:44:56.4017569Z echo "kmod-usb-xhci-hcd" >> /workdir/openwrt/staging_dir/target-x86_64_musl/pkginfo/linux.default.install
build	Compile debug	2026-09-27T15:44:56.4035019Z mkdir -p /workdir/openwrt/staging_dir/target-x86_64_musl/root-x86/stamp
build	Compile debug	2026-09-27T15:44:56.4035372Z 
build	Compile debug	2026-09-27T15:44:56.4036135Z SHELL= flock /workdir/openwrt/tmp/.root-copy.flock -c 'cp -fpR /workdir/openwrt/build_dir/target-x86_64_musl/linux-x86_64/packages/.pkgdir/kmod-acpi-video/. /workdir/openwrt/staging_dir/target-x86_64_musl/root-x86/'
build	Compile debug	2026-09-27T15:44:56.4037345Z touch /workdir/openwrt/staging_dir/target-x86_64_musl/root-x86/stamp/.kmod-acpi-video_installed
build	Compile debug	2026-09-27T15:44:56.4103694Z echo "kmod-acpi-video" >> /workdir/openwrt/staging_dir/target-x86_64_musl/pkginfo/linux.default.install
build	Compile debug	2026-09-27T15:44:56.4119184Z mkdir -p /workdir/openwrt/staging_dir/target-x86_64_musl/root-x86/stamp
build	Compile debug	2026-09-27T15:44:56.4119597Z 
build	Compile debug	2026-09-27T15:44:56.4120396Z SHELL= flock /workdir/openwrt/tmp/.root-copy.flock -c 'cp -fpR /workdir/openwrt/build_dir/target-x86_64_musl/linux-x86_64/packages/.pkgdir/kmod-backlight/. /workdir/openwrt/staging_dir/target-x86_64_musl/root-x86/'
build	Compile debug	2026-09-27T15:44:56.4121948Z touch /workdir/openwrt/staging_dir/target-x86_64_musl/root-x86/stamp/.kmod-backlight_installed
build	Compile debug	2026-09-27T15:44:56.4176057Z echo "kmod-backlight" >> /workdir/openwrt/staging_dir/target-x86_64_musl/pkginfo/linux.default.install
build	Compile debug	2026-09-27T15:44:56.4190404Z mkdir -p /workdir/openwrt/staging_dir/target-x86_64_musl/root-x86/stamp
build	Compile debug	2026-09-27T15:44:56.4191192Z 
build	Compile debug	2026-09-27T15:44:56.4192314Z SHELL= flock /workdir/openwrt/tmp/.root-copy.flock -c 'cp -fpR /workdir/openwrt/build_dir/target-x86_64_musl/linux-x86_64/packages/.pkgdir/kmod-fb/. /workdir/openwrt/staging_dir/target-x86_64_musl/root-x86/'
build	Compile debug	2026-09-27T15:44:56.4193571Z touch /workdir/openwrt/staging_dir/target-x86_64_musl/root-x86/stamp/.kmod-fb_installed
build	Compile debug	2026-09-27T15:44:56.4246881Z echo "kmod-fb" >> /workdir/openwrt/staging_dir/target-x86_64_musl/pkginfo/linux.default.install
build	Compile debug	2026-09-27T15:44:56.4260693Z mkdir -p /workdir/openwrt/staging_dir/target-x86_64_musl/root-x86/stamp
build	Compile debug	2026-09-27T15:44:56.4261083Z 
build	Compile debug	2026-09-27T15:44:56.4262654Z SHELL= flock /workdir/openwrt/tmp/.root-copy.flock -c 'cp -fpR /workdir/openwrt/build_dir/target-x86_64_musl/linux-x86_64/packages/.pkgdir/kmod-fb-cfb-fillrect/. /workdir/openwrt/staging_dir/target-x86_64_musl/root-x86/'
build	Compile debug	2026-09-27T15:44:56.4263944Z touch /workdir/openwrt/staging_dir/target-x86_64_musl/root-x86/stamp/.kmod-fb-cfb-fillrect_installed
build	Compile debug	2026-09-27T15:44:56.4317106Z echo "kmod-fb-cfb-fillrect" >> /workdir/openwrt/staging_dir/target-x86_64_musl/pkginfo/linux.default.install
build	Compile debug	2026-09-27T15:44:56.4331183Z mkdir -p /workdir/openwrt/staging_dir/target-x86_64_musl/root-x86/stamp
build	Compile debug	2026-09-27T15:44:56.4331883Z 
build	Compile debug	2026-09-27T15:44:56.4332671Z SHELL= flock /workdir/openwrt/tmp/.root-copy.flock -c 'cp -fpR /workdir/openwrt/build_dir/target-x86_64_musl/linux-x86_64/packages/.pkgdir/kmod-fb-cfb-copyarea/. /workdir/openwrt/staging_dir/target-x86_64_musl/root-x86/'
build	Compile debug	2026-09-27T15:44:56.4333970Z touch /workdir/openwrt/staging_dir/target-x86_64_musl/root-x86/stamp/.kmod-fb-cfb-copyarea_installed
build	Compile debug	2026-09-27T15:44:56.4389652Z echo "kmod-fb-cfb-copyarea" >> /workdir/openwrt/staging_dir/target-x86_64_musl/pkginfo/linux.default.install
build	Compile debug	2026-09-27T15:44:56.4406063Z mkdir -p /workdir/openwrt/staging_dir/target-x86_64_musl/root-x86/stamp
build	Compile debug	2026-09-27T15:44:56.4406446Z 
build	Compile debug	2026-09-27T15:44:56.4407276Z SHELL= flock /workdir/openwrt/tmp/.root-copy.flock -c 'cp -fpR /workdir/openwrt/build_dir/target-x86_64_musl/linux-x86_64/packages/.pkgdir/kmod-fb-cfb-imgblt/. /workdir/openwrt/staging_dir/target-x86_64_musl/root-x86/'
build	Compile debug	2026-09-27T15:44:56.4408887Z touch /workdir/openwrt/staging_dir/target-x86_64_musl/root-x86/stamp/.kmod-fb-cfb-imgblt_installed
build	Compile debug	2026-09-27T15:44:56.4466767Z echo "kmod-fb-cfb-imgblt" >> /workdir/openwrt/staging_dir/target-x86_64_musl/pkginfo/linux.default.install
build	Compile debug	2026-09-27T15:44:56.4484581Z mkdir -p /workdir/openwrt/staging_dir/target-x86_64_musl/root-x86/stamp
build	Compile debug	2026-09-27T15:44:56.4485003Z 
build	Compile debug	2026-09-27T15:44:56.4485821Z SHELL= flock /workdir/openwrt/tmp/.root-copy.flock -c 'cp -fpR /workdir/openwrt/build_dir/target-x86_64_musl/linux-x86_64/packages/.pkgdir/kmod-fb-sys-fops/. /workdir/openwrt/staging_dir/target-x86_64_musl/root-x86/'
build	Compile debug	2026-09-27T15:44:56.4487057Z touch /workdir/openwrt/staging_dir/target-x86_64_musl/root-x86/stamp/.kmod-fb-sys-fops_installed
build	Compile debug	2026-09-27T15:44:56.4544322Z echo "kmod-fb-sys-fops" >> /workdir/openwrt/staging_dir/target-x86_64_musl/pkginfo/linux.default.install
build	Compile debug	2026-09-27T15:44:56.4560547Z mkdir -p /workdir/openwrt/staging_dir/target-x86_64_musl/root-x86/stamp
build	Compile debug	2026-09-27T15:44:56.4560979Z 
build	Compile debug	2026-09-27T15:44:56.4562305Z SHELL= flock /workdir/openwrt/tmp/.root-copy.flock -c 'cp -fpR /workdir/openwrt/build_dir/target-x86_64_musl/linux-x86_64/packages/.pkgdir/kmod-fb-sys-ram/. /workdir/openwrt/staging_dir/target-x86_64_musl/root-x86/'
build	Compile debug	2026-09-27T15:44:56.4563621Z touch /workdir/openwrt/staging_dir/target-x86_64_musl/root-x86/stamp/.kmod-fb-sys-ram_installed
build	Compile debug	2026-09-27T15:44:56.4620763Z echo "kmod-fb-sys-ram" >> /workdir/openwrt/staging_dir/target-x86_64_musl/pkginfo/linux.default.install
build	Compile debug	2026-09-27T15:44:56.4650325Z WARNING: kmod-cec-core is not available in the kernel config - generating empty package
build	Compile debug	2026-09-27T15:44:56.4651514Z mkdir -p /workdir/openwrt/staging_dir/target-x86_64_musl/root-x86/stamp
build	Compile debug	2026-09-27T15:44:56.4652054Z 
build	Compile debug	2026-09-27T15:44:56.4653303Z SHELL= flock /workdir/openwrt/tmp/.root-copy.flock -c 'cp -fpR /workdir/openwrt/build_dir/target-x86_64_musl/linux-x86_64/packages/.pkgdir/kmod-cec-core/. /workdir/openwrt/staging_dir/target-x86_64_musl/root-x86/'
build	Compile debug	2026-09-27T15:44:56.4655615Z touch /workdir/openwrt/staging_dir/target-x86_64_musl/root-x86/stamp/.kmod-cec-core_installed
build	Compile debug	2026-09-27T15:44:56.4708227Z echo "kmod-cec-core" >> /workdir/openwrt/staging_dir/target-x86_64_musl/pkginfo/linux.default.install
build	Compile debug	2026-09-27T15:44:56.4725363Z mkdir -p /workdir/openwrt/staging_dir/target-x86_64_musl/root-x86/stamp
build	Compile debug	2026-09-27T15:44:56.4726014Z 
build	Compile debug	2026-09-27T15:44:56.4726863Z SHELL= flock /workdir/openwrt/tmp/.root-copy.flock -c 'cp -fpR /workdir/openwrt/build_dir/target-x86_64_musl/linux-x86_64/packages/.pkgdir/kmod-drm/. /workdir/openwrt/staging_dir/target-x86_64_musl/root-x86/'
build	Compile debug	2026-09-27T15:44:56.4728086Z touch /workdir/openwrt/staging_dir/target-x86_64_musl/root-x86/stamp/.kmod-drm_installed
build	Compile debug	2026-09-27T15:44:56.4784537Z echo "kmod-drm" >> /workdir/openwrt/staging_dir/target-x86_64_musl/pkginfo/linux.default.install
build	Compile debug	2026-09-27T15:44:56.4800796Z mkdir -p /workdir/openwrt/staging_dir/target-x86_64_musl/root-x86/stamp
build	Compile debug	2026-09-27T15:44:56.4801565Z 
build	Compile debug	2026-09-27T15:44:56.4802766Z SHELL= flock /workdir/openwrt/tmp/.root-copy.flock -c 'cp -fpR /workdir/openwrt/build_dir/target-x86_64_musl/linux-x86_64/packages/.pkgdir/kmod-drm-buddy/. /workdir/openwrt/staging_dir/target-x86_64_musl/root-x86/'
build	Compile debug	2026-09-27T15:44:56.4804512Z touch /workdir/openwrt/staging_dir/target-x86_64_musl/root-x86/stamp/.kmod-drm-buddy_installed
build	Compile debug	2026-09-27T15:44:56.4865000Z echo "kmod-drm-buddy" >> /workdir/openwrt/staging_dir/target-x86_64_musl/pkginfo/linux.default.install
build	Compile debug	2026-09-27T15:44:56.4882314Z mkdir -p /workdir/openwrt/staging_dir/target-x86_64_musl/root-x86/stamp
build	Compile debug	2026-09-27T15:44:56.4882826Z 
build	Compile debug	2026-09-27T15:44:56.4884056Z SHELL= flock /workdir/openwrt/tmp/.root-copy.flock -c 'cp -fpR /workdir/openwrt/build_dir/target-x86_64_musl/linux-x86_64/packages/.pkgdir/kmod-drm-display-helper/. /workdir/openwrt/staging_dir/target-x86_64_musl/root-x86/'
build	Compile debug	2026-09-27T15:44:56.4886466Z touch /workdir/openwrt/staging_dir/target-x86_64_musl/root-x86/stamp/.kmod-drm-display-helper_installed
build	Compile debug	2026-09-27T15:44:56.4960131Z echo "kmod-drm-display-helper" >> /workdir/openwrt/staging_dir/target-x86_64_musl/pkginfo/linux.default.install
build	Compile debug	2026-09-27T15:44:56.4993615Z WARNING: kmod-drm-exec is not available in the kernel config - generating empty package
build	Compile debug	2026-09-27T15:44:56.4995257Z mkdir -p /workdir/openwrt/staging_dir/target-x86_64_musl/root-x86/stamp
build	Compile debug	2026-09-27T15:44:56.4995863Z 
build	Compile debug	2026-09-27T15:44:56.4996820Z SHELL= flock /workdir/openwrt/tmp/.root-copy.flock -c 'cp -fpR /workdir/openwrt/build_dir/target-x86_64_musl/linux-x86_64/packages/.pkgdir/kmod-drm-exec/. /workdir/openwrt/staging_dir/target-x86_64_musl/root-x86/'
build	Compile debug	2026-09-27T15:44:56.4998266Z touch /workdir/openwrt/staging_dir/target-x86_64_musl/root-x86/stamp/.kmod-drm-exec_installed
build	Compile debug	2026-09-27T15:44:56.5051990Z echo "kmod-drm-exec" >> /workdir/openwrt/staging_dir/target-x86_64_musl/pkginfo/linux.default.install
build	Compile debug	2026-09-27T15:44:56.5067639Z mkdir -p /workdir/openwrt/staging_dir/target-x86_64_musl/root-x86/stamp
build	Compile debug	2026-09-27T15:44:56.5068221Z 
build	Compile debug	2026-09-27T15:44:56.5069149Z SHELL= flock /workdir/openwrt/tmp/.root-copy.flock -c 'cp -fpR /workdir/openwrt/build_dir/target-x86_64_musl/linux-x86_64/packages/.pkgdir/kmod-drm-ttm/. /workdir/openwrt/staging_dir/target-x86_64_musl/root-x86/'
build	Compile debug	2026-09-27T15:44:56.5070387Z touch /workdir/openwrt/staging_dir/target-x86_64_musl/root-x86/stamp/.kmod-drm-ttm_installed
build	Compile debug	2026-09-27T15:44:56.5142237Z echo "kmod-drm-ttm" >> /workdir/openwrt/staging_dir/target-x86_64_musl/pkginfo/linux.default.install
build	Compile debug	2026-09-27T15:44:56.5172334Z WARNING: kmod-drm-ttm-helper is not available in the kernel config - generating empty package
build	Compile debug	2026-09-27T15:44:56.5173500Z mkdir -p /workdir/openwrt/staging_dir/target-x86_64_musl/root-x86/stamp
build	Compile debug	2026-09-27T15:44:56.5174072Z 
build	Compile debug	2026-09-27T15:44:56.5175223Z SHELL= flock /workdir/openwrt/tmp/.root-copy.flock -c 'cp -fpR /workdir/openwrt/build_dir/target-x86_64_musl/linux-x86_64/packages/.pkgdir/kmod-drm-ttm-helper/. /workdir/openwrt/staging_dir/target-x86_64_musl/root-x86/'
build	Compile debug	2026-09-27T15:44:56.5177007Z touch /workdir/openwrt/staging_dir/target-x86_64_musl/root-x86/stamp/.kmod-drm-ttm-helper_installed
build	Compile debug	2026-09-27T15:44:56.5229807Z echo "kmod-drm-ttm-helper" >> /workdir/openwrt/staging_dir/target-x86_64_musl/pkginfo/linux.default.install
build	Compile debug	2026-09-27T15:44:56.5246152Z mkdir -p /workdir/openwrt/staging_dir/target-x86_64_musl/root-x86/stamp
build	Compile debug	2026-09-27T15:44:56.5246676Z 
build	Compile debug	2026-09-27T15:44:56.5247900Z SHELL= flock /workdir/openwrt/tmp/.root-copy.flock -c 'cp -fpR /workdir/openwrt/build_dir/target-x86_64_musl/linux-x86_64/packages/.pkgdir/kmod-drm-kms-helper/. /workdir/openwrt/staging_dir/target-x86_64_musl/root-x86/'
build	Compile debug	2026-09-27T15:44:56.5307628Z touch /workdir/openwrt/staging_dir/target-x86_64_musl/root-x86/stamp/.kmod-drm-kms-helper_installed
build	Compile debug	2026-09-27T15:44:56.5308783Z echo "kmod-drm-kms-helper" >> /workdir/openwrt/staging_dir/target-x86_64_musl/pkginfo/linux.default.install
build	Compile debug	2026-09-27T15:44:56.5337959Z WARNING: kmod-drm-suballoc-helper is not available in the kernel config - generating empty package
build	Compile debug	2026-09-27T15:44:56.5339294Z mkdir -p /workdir/openwrt/staging_dir/target-x86_64_musl/root-x86/stamp
build	Compile debug	2026-09-27T15:44:56.5339827Z 
build	Compile debug	2026-09-27T15:44:56.5341091Z SHELL= flock /workdir/openwrt/tmp/.root-copy.flock -c 'cp -fpR /workdir/openwrt/build_dir/target-x86_64_musl/linux-x86_64/packages/.pkgdir/kmod-drm-suballoc-helper/. /workdir/openwrt/staging_dir/target-x86_64_musl/root-x86/'
build	Compile debug	2026-09-27T15:44:56.5343293Z touch /workdir/openwrt/staging_dir/target-x86_64_musl/root-x86/stamp/.kmod-drm-suballoc-helper_installed
build	Compile debug	2026-09-27T15:44:56.5397213Z echo "kmod-drm-suballoc-helper" >> /workdir/openwrt/staging_dir/target-x86_64_musl/pkginfo/linux.default.install
build	Compile debug	2026-09-27T15:44:56.5416246Z mkdir -p /workdir/openwrt/staging_dir/target-x86_64_musl/root-x86/stamp
build	Compile debug	2026-09-27T15:44:56.5416761Z 
build	Compile debug	2026-09-27T15:44:56.5417802Z SHELL= flock /workdir/openwrt/tmp/.root-copy.flock -c 'cp -fpR /workdir/openwrt/build_dir/target-x86_64_musl/linux-x86_64/packages/.pkgdir/kmod-drm-i915/. /workdir/openwrt/staging_dir/target-x86_64_musl/root-x86/'
build	Compile debug	2026-09-27T15:44:56.5419831Z touch /workdir/openwrt/staging_dir/target-x86_64_musl/root-x86/stamp/.kmod-drm-i915_installed
build	Compile debug	2026-09-27T15:44:56.5871516Z echo "kmod-drm-i915" >> /workdir/openwrt/staging_dir/target-x86_64_musl/pkginfo/linux.default.install
build	Compile debug	2026-09-27T15:44:56.5891487Z mkdir -p /workdir/openwrt/staging_dir/target-x86_64_musl/root-x86/stamp
build	Compile debug	2026-09-27T15:44:56.5892035Z 
build	Compile debug	2026-09-27T15:44:56.5907947Z SHELL= flock /workdir/openwrt/tmp/.root-copy.flock -c 'cp -fpR /workdir/openwrt/build_dir/target-x86_64_musl/linux-x86_64/packages/.pkgdir/kmod-amd-xgbe/. /workdir/openwrt/staging_dir/target-x86_64_musl/root-x86/'
build	Compile debug	2026-09-27T15:44:56.5909402Z touch /workdir/openwrt/staging_dir/target-x86_64_musl/root-x86/stamp/.kmod-amd-xgbe_installed
build	Compile debug	2026-09-27T15:44:56.5983070Z echo "kmod-amd-xgbe" >> /workdir/openwrt/staging_dir/target-x86_64_musl/pkginfo/linux.default.install
build	Compile debug	2026-09-27T15:44:56.6002903Z mkdir -p /workdir/openwrt/staging_dir/target-x86_64_musl/root-x86/stamp
build	Compile debug	2026-09-27T15:44:56.6003437Z 
build	Compile debug	2026-09-27T15:44:56.6004491Z SHELL= flock /workdir/openwrt/tmp/.root-copy.flock -c 'cp -fpR /workdir/openwrt/build_dir/target-x86_64_musl/linux-x86_64/packages/.pkgdir/kmod-dwmac-intel/. /workdir/openwrt/staging_dir/target-x86_64_musl/root-x86/'
build	Compile debug	2026-09-27T15:44:56.6006139Z touch /workdir/openwrt/staging_dir/target-x86_64_musl/root-x86/stamp/.kmod-dwmac-intel_installed
build	Compile debug	2026-09-27T15:44:56.6074071Z echo "kmod-dwmac-intel" >> /workdir/openwrt/staging_dir/target-x86_64_musl/pkginfo/linux.default.install
build	Compile debug	2026-09-27T15:44:56.6093013Z make[3]: Leaving directory '/workdir/openwrt/package/kernel/linux'
build	Compile debug	2026-09-27T15:44:56.6106024Z time: package/kernel/linux/compile#1.07#0.71#1.92
build	Compile debug	2026-09-27T15:44:56.6232630Z make[3]: Entering directory '/workdir/openwrt/package/system/ubox'
build	Compile debug	2026-09-27T15:44:56.7329766Z mkdir -p /workdir/openwrt/staging_dir/target-x86_64_musl/root-x86/stamp
build	Compile debug	2026-09-27T15:44:56.7366388Z SHELL= flock /workdir/openwrt/tmp/.root-copy.flock -c 'cp -fpR /workdir/openwrt/build_dir/target-x86_64_musl/ubox-2025.10.30~6f78fa49/.pkgdir/ubox/. /workdir/openwrt/staging_dir/target-x86_64_musl/root-x86/'
build	Compile debug	2026-09-27T15:44:56.7416580Z touch /workdir/openwrt/staging_dir/target-x86_64_musl/root-x86/stamp/.ubox_installed
build	Compile debug	2026-09-27T15:44:56.7442301Z echo "ubox" >> /workdir/openwrt/staging_dir/target-x86_64_musl/pkginfo/ubox.default.install
build	Compile debug	2026-09-27T15:44:56.7472024Z mkdir -p /workdir/openwrt/staging_dir/target-x86_64_musl/root-x86/stamp
build	Compile debug	2026-09-27T15:44:56.7509621Z SHELL= flock /workdir/openwrt/tmp/.root-copy.flock -c 'cp -fpR /workdir/openwrt/build_dir/target-x86_64_musl/ubox-2025.10.30~6f78fa49/.pkgdir/getrandom/. /workdir/openwrt/staging_dir/target-x86_64_musl/root-x86/'
build	Compile debug	2026-09-27T15:44:56.7555007Z touch /workdir/openwrt/staging_dir/target-x86_64_musl/root-x86/stamp/.getrandom_installed
build	Compile debug	2026-09-27T15:44:56.7579825Z echo "getrandom" >> /workdir/openwrt/staging_dir/target-x86_64_musl/pkginfo/ubox.default.install
build	Compile debug	2026-09-27T15:44:56.7608006Z mkdir -p /workdir/openwrt/staging_dir/target-x86_64_musl/root-x86/stamp
build	Compile debug	2026-09-27T15:44:56.7644679Z SHELL= flock /workdir/openwrt/tmp/.root-copy.flock -c 'cp -fpR /workdir/openwrt/build_dir/target-x86_64_musl/ubox-2025.10.30~6f78fa49/.pkgdir/logd/. /workdir/openwrt/staging_dir/target-x86_64_musl/root-x86/'
build	Compile debug	2026-09-27T15:44:56.7695016Z touch /workdir/openwrt/staging_dir/target-x86_64_musl/root-x86/stamp/.logd_installed
build	Compile debug	2026-09-27T15:44:56.7720118Z echo "logd" >> /workdir/openwrt/staging_dir/target-x86_64_musl/pkginfo/ubox.default.install
build	Compile debug	2026-09-27T15:44:56.7748199Z make[3]: Leaving directory '/workdir/openwrt/package/system/ubox'
build	Compile debug	2026-09-27T15:44:56.7756559Z time: package/system/ubox/compile#0.08#0.07#0.16
build	Compile debug	2026-09-27T15:44:56.8184003Z make[3]: Entering directory '/workdir/openwrt/package/libs/ncurses'
build	Compile debug	2026-09-27T15:44:56.9526452Z make[3]: Leaving directory '/workdir/openwrt/package/libs/ncurses'
build	Compile debug	2026-09-27T15:44:56.9533037Z time: package/libs/ncurses/host-compile#0.07#0.06#0.17
build	Compile debug	2026-09-27T15:44:56.9954452Z make[3]: Entering directory '/workdir/openwrt/package/libs/ncurses'
build	Compile debug	2026-09-27T15:44:57.1434141Z mkdir -p /workdir/openwrt/staging_dir/target-x86_64_musl/root-x86/stamp
build	Compile debug	2026-09-27T15:44:57.1470560Z SHELL= flock /workdir/openwrt/tmp/.root-copy.flock -c 'cp -fpR /workdir/openwrt/build_dir/target-x86_64_musl/ncurses-6.6.20260801/.pkgdir/terminfo/. /workdir/openwrt/staging_dir/target-x86_64_musl/root-x86/'
build	Compile debug	2026-09-27T15:44:57.1549381Z touch /workdir/openwrt/staging_dir/target-x86_64_musl/root-x86/stamp/.terminfo_installed
build	Compile debug	2026-09-27T15:44:57.1575919Z echo "terminfo" >> /workdir/openwrt/staging_dir/target-x86_64_musl/pkginfo/ncurses.default.install
build	Compile debug	2026-09-27T15:44:57.1604259Z mkdir -p /workdir/openwrt/staging_dir/target-x86_64_musl/root-x86/stamp
build	Compile debug	2026-09-27T15:44:57.1642240Z echo '6' | cmp -s - /workdir/openwrt/staging_dir/target-x86_64_musl/pkginfo/libncurses.version || { mkdir -p /workdir/openwrt/staging_dir/target-x86_64_musl/pkginfo; echo '6' > /workdir/openwrt/staging_dir/target-x86_64_musl/pkginfo/libncurses.version;  cp /workdir/openwrt/staging_dir/target-x86_64_musl/pkginfo/libncurses.version /workdir/openwrt/staging_dir/target-x86_64_musl/pkginfo/libncurses-any.version;   cp /workdir/openwrt/staging_dir/target-x86_64_musl/pkginfo/libncurses.version /workdir/openwrt/staging_dir/target-x86_64_musl/pkginfo/libncursesw.version;  } 
build	Compile debug	2026-09-27T15:44:57.1672744Z SHELL= flock /workdir/openwrt/tmp/.root-copy.flock -c 'cp -fpR /workdir/openwrt/build_dir/target-x86_64_musl/ncurses-6.6.20260801/.pkgdir/libncurses/. /workdir/openwrt/staging_dir/target-x86_64_musl/root-x86/'
build	Compile debug	2026-09-27T15:44:57.1740865Z touch /workdir/openwrt/staging_dir/target-x86_64_musl/root-x86/stamp/.libncurses_installed
build	Compile debug	2026-09-27T15:44:57.1766856Z echo "libncurses" >> /workdir/openwrt/staging_dir/target-x86_64_musl/pkginfo/ncurses.default.install
build	Compile debug	2026-09-27T15:44:57.1792891Z make[3]: Leaving directory '/workdir/openwrt/package/libs/ncurses'
build	Compile debug	2026-09-27T15:44:57.1800041Z time: package/libs/ncurses/compile#0.10#0.09#0.22
build	Compile debug	2026-09-27T15:44:57.2208035Z make[3]: Entering directory '/workdir/openwrt/package/utils/util-linux'
build	Compile debug	2026-09-27T15:44:57.3734647Z mkdir -p /workdir/openwrt/staging_dir/target-x86_64_musl/root-x86/stamp
build	Compile debug	2026-09-27T15:44:57.3770973Z echo '1' | cmp -s - /workdir/openwrt/staging_dir/target-x86_64_musl/pkginfo/libuuid.version || { mkdir -p /workdir/openwrt/staging_dir/target-x86_64_musl/pkginfo; echo '1' > /workdir/openwrt/staging_dir/target-x86_64_musl/pkginfo/libuuid.version;  cp /workdir/openwrt/staging_dir/target-x86_64_musl/pkginfo/libuuid.version /workdir/openwrt/staging_dir/target-x86_64_musl/pkginfo/libuuid-any.version;  } 
build	Compile debug	2026-09-27T15:44:57.3802229Z SHELL= flock /workdir/openwrt/tmp/.root-copy.flock -c 'cp -fpR /workdir/openwrt/build_dir/target-x86_64_musl/util-linux-2.42.2/.pkgdir/libuuid/. /workdir/openwrt/staging_dir/target-x86_64_musl/root-x86/'
build	Compile debug	2026-09-27T15:44:57.3849312Z touch /workdir/openwrt/staging_dir/target-x86_64_musl/root-x86/stamp/.libuuid_installed
build	Compile debug	2026-09-27T15:44:57.3875309Z echo "libuuid" >> /workdir/openwrt/staging_dir/target-x86_64_musl/pkginfo/util-linux.default.install
build	Compile debug	2026-09-27T15:44:57.3904568Z mkdir -p /workdir/openwrt/staging_dir/target-x86_64_musl/root-x86/stamp
build	Compile debug	2026-09-27T15:44:57.3940493Z echo '1' | cmp -s - /workdir/openwrt/staging_dir/target-x86_64_musl/pkginfo/libblkid.version || { mkdir -p /workdir/openwrt/staging_dir/target-x86_64_musl/pkginfo; echo '1' > /workdir/openwrt/staging_dir/target-x86_64_musl/pkginfo/libblkid.version;  cp /workdir/openwrt/staging_dir/target-x86_64_musl/pkginfo/libblkid.version /workdir/openwrt/staging_dir/target-x86_64_musl/pkginfo/libblkid-any.version;  } 
build	Compile debug	2026-09-27T15:44:57.3970783Z SHELL= flock /workdir/openwrt/tmp/.root-copy.flock -c 'cp -fpR /workdir/openwrt/build_dir/target-x86_64_musl/util-linux-2.42.2/.pkgdir/libblkid/. /workdir/openwrt/staging_dir/target-x86_64_musl/root-x86/'
build	Compile debug	2026-09-27T15:44:57.4028503Z touch /workdir/openwrt/staging_dir/target-x86_64_musl/root-x86/stamp/.libblkid_installed
build	Compile debug	2026-09-27T15:44:57.4053600Z echo "libblkid" >> /workdir/openwrt/staging_dir/target-x86_64_musl/pkginfo/util-linux.default.install
build	Compile debug	2026-09-27T15:44:57.4080717Z mkdir -p /workdir/openwrt/staging_dir/target-x86_64_musl/root-x86/stamp
build	Compile debug	2026-09-27T15:44:57.4116408Z echo '1' | cmp -s - /workdir/openwrt/staging_dir/target-x86_64_musl/pkginfo/libfdisk.version || { mkdir -p /workdir/openwrt/staging_dir/target-x86_64_musl/pkginfo; echo '1' > /workdir/openwrt/staging_dir/target-x86_64_musl/pkginfo/libfdisk.version;  cp /workdir/openwrt/staging_dir/target-x86_64_musl/pkginfo/libfdisk.version /workdir/openwrt/staging_dir/target-x86_64_musl/pkginfo/libfdisk-any.version;  } 
build	Compile debug	2026-09-27T15:44:57.4146202Z SHELL= flock /workdir/openwrt/tmp/.root-copy.flock -c 'cp -fpR /workdir/openwrt/build_dir/target-x86_64_musl/util-linux-2.42.2/.pkgdir/libfdisk/. /workdir/openwrt/staging_dir/target-x86_64_musl/root-x86/'
build	Compile debug	2026-09-27T15:44:57.4204682Z touch /workdir/openwrt/staging_dir/target-x86_64_musl/root-x86/stamp/.libfdisk_installed
build	Compile debug	2026-09-27T15:44:57.4229694Z echo "libfdisk" >> /workdir/openwrt/staging_dir/target-x86_64_musl/pkginfo/util-linux.default.install
build	Compile debug	2026-09-27T15:44:57.4256362Z mkdir -p /workdir/openwrt/staging_dir/target-x86_64_musl/root-x86/stamp
build	Compile debug	2026-09-27T15:44:57.4292101Z echo '1' | cmp -s - /workdir/openwrt/staging_dir/target-x86_64_musl/pkginfo/libmount.version || { mkdir -p /workdir/openwrt/staging_dir/target-x86_64_musl/pkginfo; echo '1' > /workdir/openwrt/staging_dir/target-x86_64_musl/pkginfo/libmount.version;  cp /workdir/openwrt/staging_dir/target-x86_64_musl/pkginfo/libmount.version /workdir/openwrt/staging_dir/target-x86_64_musl/pkginfo/libmount-any.version;  } 
build	Compile debug	2026-09-27T15:44:57.4320950Z SHELL= flock /workdir/openwrt/tmp/.root-copy.flock -c 'cp -fpR /workdir/openwrt/build_dir/target-x86_64_musl/util-linux-2.42.2/.pkgdir/libmount/. /workdir/openwrt/staging_dir/target-x86_64_musl/root-x86/'
build	Compile debug	2026-09-27T15:44:57.4382227Z touch /workdir/openwrt/staging_dir/target-x86_64_musl/root-x86/stamp/.libmount_installed
build	Compile debug	2026-09-27T15:44:57.4406617Z echo "libmount" >> /workdir/openwrt/staging_dir/target-x86_64_musl/pkginfo/util-linux.default.install
build	Compile debug	2026-09-27T15:44:57.4432503Z mkdir -p /workdir/openwrt/staging_dir/target-x86_64_musl/root-x86/stamp
build	Compile debug	2026-09-27T15:44:57.4465339Z echo '1' | cmp -s - /workdir/openwrt/staging_dir/target-x86_64_musl/pkginfo/libsmartcols.version || { mkdir -p /workdir/openwrt/staging_dir/target-x86_64_musl/pkginfo; echo '1' > /workdir/openwrt/staging_dir/target-x86_64_musl/pkginfo/libsmartcols.version;  cp /workdir/openwrt/staging_dir/target-x86_64_musl/pkginfo/libsmartcols.version /workdir/openwrt/staging_dir/target-x86_64_musl/pkginfo/libsmartcols-any.version;  } 
build	Compile debug	2026-09-27T15:44:57.4495413Z SHELL= flock /workdir/openwrt/tmp/.root-copy.flock -c 'cp -fpR /workdir/openwrt/build_dir/target-x86_64_musl/util-linux-2.42.2/.pkgdir/libsmartcols/. /workdir/openwrt/staging_dir/target-x86_64_musl/root-x86/'
build	Compile debug	2026-09-27T15:44:57.4552066Z touch /workdir/openwrt/staging_dir/target-x86_64_musl/root-x86/stamp/.libsmartcols_installed
build	Compile debug	2026-09-27T15:44:57.4577463Z echo "libsmartcols" >> /workdir/openwrt/staging_dir/target-x86_64_musl/pkginfo/util-linux.default.install
build	Compile debug	2026-09-27T15:44:57.4603847Z mkdir -p /workdir/openwrt/staging_dir/target-x86_64_musl/root-x86/stamp
build	Compile debug	2026-09-27T15:44:57.4636954Z SHELL= flock /workdir/openwrt/tmp/.root-copy.flock -c 'cp -fpR /workdir/openwrt/build_dir/target-x86_64_musl/util-linux-2.42.2/.pkgdir/blkid/. /workdir/openwrt/staging_dir/target-x86_64_musl/root-x86/'
build	Compile debug	2026-09-27T15:44:57.4684922Z touch /workdir/openwrt/staging_dir/target-x86_64_musl/root-x86/stamp/.blkid_installed
build	Compile debug	2026-09-27T15:44:57.4709919Z echo "blkid" >> /workdir/openwrt/staging_dir/target-x86_64_musl/pkginfo/util-linux.default.install
build	Compile debug	2026-09-27T15:44:57.4735880Z mkdir -p /workdir/openwrt/staging_dir/target-x86_64_musl/root-x86/stamp
build	Compile debug	2026-09-27T15:44:57.4770806Z SHELL= flock /workdir/openwrt/tmp/.root-copy.flock -c 'cp -fpR /workdir/openwrt/build_dir/target-x86_64_musl/util-linux-2.42.2/.pkgdir/fdisk/. /workdir/openwrt/staging_dir/target-x86_64_musl/root-x86/'
build	Compile debug	2026-09-27T15:44:57.4816971Z touch /workdir/openwrt/staging_dir/target-x86_64_musl/root-x86/stamp/.fdisk_installed
build	Compile debug	2026-09-27T15:44:57.4842671Z echo "fdisk" >> /workdir/openwrt/staging_dir/target-x86_64_musl/pkginfo/util-linux.default.install
build	Compile debug	2026-09-27T15:44:57.4868031Z mkdir -p /workdir/openwrt/staging_dir/target-x86_64_musl/root-x86/stamp
build	Compile debug	2026-09-27T15:44:57.4901594Z SHELL= flock /workdir/openwrt/tmp/.root-copy.flock -c 'cp -fpR /workdir/openwrt/build_dir/target-x86_64_musl/util-linux-2.42.2/.pkgdir/getopt/. /workdir/openwrt/staging_dir/target-x86_64_musl/root-x86/'
build	Compile debug	2026-09-27T15:44:57.4947088Z touch /workdir/openwrt/staging_dir/target-x86_64_musl/root-x86/stamp/.getopt_installed
build	Compile debug	2026-09-27T15:44:57.4973663Z echo "getopt" >> /workdir/openwrt/staging_dir/target-x86_64_musl/pkginfo/util-linux.default.install
build	Compile debug	2026-09-27T15:44:57.4999359Z mkdir -p /workdir/openwrt/staging_dir/target-x86_64_musl/root-x86/stamp
build	Compile debug	2026-09-27T15:44:57.5032180Z SHELL= flock /workdir/openwrt/tmp/.root-copy.flock -c 'cp -fpR /workdir/openwrt/build_dir/target-x86_64_musl/util-linux-2.42.2/.pkgdir/losetup/. /workdir/openwrt/staging_dir/target-x86_64_musl/root-x86/'
build	Compile debug	2026-09-27T15:44:57.5079238Z touch /workdir/openwrt/staging_dir/target-x86_64_musl/root-x86/stamp/.losetup_installed
build	Compile debug	2026-09-27T15:44:57.5104777Z echo "losetup" >> /workdir/openwrt/staging_dir/target-x86_64_musl/pkginfo/util-linux.default.install
build	Compile debug	2026-09-27T15:44:57.5129360Z mkdir -p /workdir/openwrt/staging_dir/target-x86_64_musl/root-x86/stamp
build	Compile debug	2026-09-27T15:44:57.5163322Z SHELL= flock /workdir/openwrt/tmp/.root-copy.flock -c 'cp -fpR /workdir/openwrt/build_dir/target-x86_64_musl/util-linux-2.42.2/.pkgdir/lsblk/. /workdir/openwrt/staging_dir/target-x86_64_musl/root-x86/'
build	Compile debug	2026-09-27T15:44:57.5214387Z touch /workdir/openwrt/staging_dir/target-x86_64_musl/root-x86/stamp/.lsblk_installed
build	Compile debug	2026-09-27T15:44:57.5240019Z echo "lsblk" >> /workdir/openwrt/staging_dir/target-x86_64_musl/pkginfo/util-linux.default.install
build	Compile debug	2026-09-27T15:44:57.5266631Z mkdir -p /workdir/openwrt/staging_dir/target-x86_64_musl/root-x86/stamp
build	Compile debug	2026-09-27T15:44:57.5300991Z SHELL= flock /workdir/openwrt/tmp/.root-copy.flock -c 'cp -fpR /workdir/openwrt/build_dir/target-x86_64_musl/util-linux-2.42.2/.pkgdir/partx-utils/. /workdir/openwrt/staging_dir/target-x86_64_musl/root-x86/'
build	Compile debug	2026-09-27T15:44:57.5353014Z touch /workdir/openwrt/staging_dir/target-x86_64_musl/root-x86/stamp/.partx-utils_installed
build	Compile debug	2026-09-27T15:44:57.5378298Z echo "partx-utils" >> /workdir/openwrt/staging_dir/target-x86_64_musl/pkginfo/util-linux.default.install
build	Compile debug	2026-09-27T15:44:57.5405362Z mkdir -p /workdir/openwrt/staging_dir/target-x86_64_musl/root-x86/stamp
build	Compile debug	2026-09-27T15:44:57.5440114Z SHELL= flock /workdir/openwrt/tmp/.root-copy.flock -c 'cp -fpR /workdir/openwrt/build_dir/target-x86_64_musl/util-linux-2.42.2/.pkgdir/uuidgen/. /workdir/openwrt/staging_dir/target-x86_64_musl/root-x86/'
build	Compile debug	2026-09-27T15:44:57.5485598Z touch /workdir/openwrt/staging_dir/target-x86_64_musl/root-x86/stamp/.uuidgen_installed
build	Compile debug	2026-09-27T15:44:57.5510567Z echo "uuidgen" >> /workdir/openwrt/staging_dir/target-x86_64_musl/pkginfo/util-linux.default.install
build	Compile debug	2026-09-27T15:44:57.5538429Z make[3]: Leaving directory '/workdir/openwrt/package/utils/util-linux'
build	Compile debug	2026-09-27T15:44:57.5546789Z time: package/utils/util-linux/compile#0.13#0.21#0.37
build	Compile debug	2026-09-27T15:44:57.5674271Z make[3]: Entering directory '/workdir/openwrt/package/system/fstools'
build	Compile debug	2026-09-27T15:44:57.6808579Z mkdir -p /workdir/openwrt/staging_dir/target-x86_64_musl/root-x86/stamp
build	Compile debug	2026-09-27T15:44:57.6851903Z SHELL= flock /workdir/openwrt/tmp/.root-copy.flock -c 'cp -fpR /workdir/openwrt/build_dir/target-x86_64_musl/fstools-2026.07.25~2aa16407/.pkgdir/fstools/. /workdir/openwrt/staging_dir/target-x86_64_musl/root-x86/'
build	Compile debug	2026-09-27T15:44:57.6905117Z touch /workdir/openwrt/staging_dir/target-x86_64_musl/root-x86/stamp/.fstools_installed
build	Compile debug	2026-09-27T15:44:57.6932105Z echo "fstools" >> /workdir/openwrt/staging_dir/target-x86_64_musl/pkginfo/fstools.default.install
build	Compile debug	2026-09-27T15:44:57.6967783Z mkdir -p /workdir/openwrt/staging_dir/target-x86_64_musl/root-x86/stamp
build	Compile debug	2026-09-27T15:44:57.7011096Z SHELL= flock /workdir/openwrt/tmp/.root-copy.flock -c 'cp -fpR /workdir/openwrt/build_dir/target-x86_64_musl/fstools-2026.07.25~2aa16407/.pkgdir/block-mount/. /workdir/openwrt/staging_dir/target-x86_64_musl/root-x86/'
build	Compile debug	2026-09-27T15:44:57.7068520Z touch /workdir/openwrt/staging_dir/target-x86_64_musl/root-x86/stamp/.block-mount_installed
build	Compile debug	2026-09-27T15:44:57.7097946Z echo "block-mount" >> /workdir/openwrt/staging_dir/target-x86_64_musl/pkginfo/fstools.default.install
build	Compile debug	2026-09-27T15:44:57.7128692Z make[3]: Leaving directory '/workdir/openwrt/package/system/fstools'
build	Compile debug	2026-09-27T15:44:57.7137506Z time: package/system/fstools/compile#0.07#0.07#0.15
build	Compile debug	2026-09-27T15:44:57.7268281Z make[3]: Entering directory '/workdir/openwrt/package/system/fwtool'
build	Compile debug	2026-09-27T15:44:57.8028076Z make[3]: Leaving directory '/workdir/openwrt/package/system/fwtool'
build	Compile debug	2026-09-27T15:44:57.8035670Z time: package/system/fwtool/host-compile#0.05#0.03#0.08
build	Compile debug	2026-09-27T15:44:57.8159568Z make[3]: Entering directory '/workdir/openwrt/package/system/fwtool'
build	Compile debug	2026-09-27T15:44:57.9106264Z mkdir -p /workdir/openwrt/staging_dir/target-x86_64_musl/root-x86/stamp
build	Compile debug	2026-09-27T15:44:57.9143342Z SHELL= flock /workdir/openwrt/tmp/.root-copy.flock -c 'cp -fpR /workdir/openwrt/build_dir/target-x86_64_musl/fwtool-2025.10.03~04cd252e/.pkgdir/fwtool/. /workdir/openwrt/staging_dir/target-x86_64_musl/root-x86/'
build	Compile debug	2026-09-27T15:44:57.9194971Z touch /workdir/openwrt/staging_dir/target-x86_64_musl/root-x86/stamp/.fwtool_installed
build	Compile debug	2026-09-27T15:44:57.9220811Z echo "fwtool" >> /workdir/openwrt/staging_dir/target-x86_64_musl/pkginfo/fwtool.default.install
build	Compile debug	2026-09-27T15:44:57.9248498Z make[3]: Leaving directory '/workdir/openwrt/package/system/fwtool'
build	Compile debug	2026-09-27T15:44:57.9256518Z time: package/system/fwtool/compile#0.04#0.07#0.11
build	Compile debug	2026-09-27T15:44:57.9678038Z make[3]: Entering directory '/workdir/openwrt/package/libs/libjson-c'
build	Compile debug	2026-09-27T15:44:58.0163692Z make[3]: Leaving directory '/workdir/openwrt/package/libs/libjson-c'
build	Compile debug	2026-09-27T15:44:58.0170756Z time: package/libs/libjson-c/host-compile#0.05#0.02#0.08
build	Compile debug	2026-09-27T15:44:58.0298203Z make[3]: Entering directory '/workdir/openwrt/package/libs/libubox'
build	Compile debug	2026-09-27T15:44:58.1222019Z make[3]: Leaving directory '/workdir/openwrt/package/libs/libubox'
build	Compile debug	2026-09-27T15:44:58.1228874Z time: package/libs/libubox/host-compile#0.05#0.03#0.10
build	Compile debug	2026-09-27T15:44:58.1355027Z make[3]: Entering directory '/workdir/openwrt/package/system/usign'
build	Compile debug	2026-09-27T15:44:58.2118381Z make[3]: Leaving directory '/workdir/openwrt/package/system/usign'
build	Compile debug	2026-09-27T15:44:58.2124745Z time: package/system/usign/host-compile#0.05#0.03#0.08
build	Compile debug	2026-09-27T15:44:58.2249552Z make[3]: Entering directory '/workdir/openwrt/package/system/ucert'
build	Compile debug	2026-09-27T15:44:58.3024141Z make[3]: Leaving directory '/workdir/openwrt/package/system/ucert'
build	Compile debug	2026-09-27T15:44:58.3030904Z time: package/system/ucert/host-compile#0.05#0.03#0.08
build	Compile debug	2026-09-27T15:44:58.3154529Z make[3]: Entering directory '/workdir/openwrt/package/utils/jsonfilter'
build	Compile debug	2026-09-27T15:44:58.4112438Z mkdir -p /workdir/openwrt/staging_dir/target-x86_64_musl/root-x86/stamp
build	Compile debug	2026-09-27T15:44:58.4147232Z SHELL= flock /workdir/openwrt/tmp/.root-copy.flock -c 'cp -fpR /workdir/openwrt/build_dir/target-x86_64_musl/jsonfilter-2026.03.16~b9034210/.pkgdir/jsonfilter/. /workdir/openwrt/staging_dir/target-x86_64_musl/root-x86/'
build	Compile debug	2026-09-27T15:44:58.4200090Z touch /workdir/openwrt/staging_dir/target-x86_64_musl/root-x86/stamp/.jsonfilter_installed
build	Compile debug	2026-09-27T15:44:58.4225590Z echo "jsonfilter" >> /workdir/openwrt/staging_dir/target-x86_64_musl/pkginfo/jsonfilter.default.install
build	Compile debug	2026-09-27T15:44:58.4253124Z make[3]: Leaving directory '/workdir/openwrt/package/utils/jsonfilter'
build	Compile debug	2026-09-27T15:44:58.4260570Z time: package/utils/jsonfilter/compile#0.06#0.05#0.11
build	Compile debug	2026-09-27T15:44:58.4670609Z make[3]: Entering directory '/workdir/openwrt/package/libs/libsepol'
build	Compile debug	2026-09-27T15:44:58.5735303Z make[3]: Leaving directory '/workdir/openwrt/package/libs/libsepol'
build	Compile debug	2026-09-27T15:44:58.5742201Z time: package/libs/libsepol/compile#0.07#0.06#0.14
build	Compile debug	2026-09-27T15:44:58.6168503Z make[3]: Entering directory '/workdir/openwrt/package/libs/pcre2'
build	Compile debug	2026-09-27T15:44:58.6972459Z mkdir -p /workdir/openwrt/staging_dir/target-x86_64_musl/root-x86/stamp
build	Compile debug	2026-09-27T15:44:58.7010343Z SHELL= flock /workdir/openwrt/tmp/.root-copy.flock -c 'cp -fpR /workdir/openwrt/build_dir/target-x86_64_musl/pcre2-10.47/.pkgdir/libpcre2/. /workdir/openwrt/staging_dir/target-x86_64_musl/root-x86/'
build	Compile debug	2026-09-27T15:44:58.7075533Z touch /workdir/openwrt/staging_dir/target-x86_64_musl/root-x86/stamp/.libpcre2_installed
build	Compile debug	2026-09-27T15:44:58.7101719Z echo "libpcre2" >> /workdir/openwrt/staging_dir/target-x86_64_musl/pkginfo/pcre2.default.install
build	Compile debug	2026-09-27T15:44:58.7129661Z mkdir -p /workdir/openwrt/staging_dir/target-x86_64_musl/root-x86/stamp
build	Compile debug	2026-09-27T15:44:58.7165660Z SHELL= flock /workdir/openwrt/tmp/.root-copy.flock -c 'cp -fpR /workdir/openwrt/build_dir/target-x86_64_musl/pcre2-10.47/.pkgdir/libpcre2-16/. /workdir/openwrt/staging_dir/target-x86_64_musl/root-x86/'
build	Compile debug	2026-09-27T15:44:58.7229485Z touch /workdir/openwrt/staging_dir/target-x86_64_musl/root-x86/stamp/.libpcre2-16_installed
build	Compile debug	2026-09-27T15:44:58.7256661Z echo "libpcre2-16" >> /workdir/openwrt/staging_dir/target-x86_64_musl/pkginfo/pcre2.default.install
build	Compile debug	2026-09-27T15:44:58.7283312Z make[3]: Leaving directory '/workdir/openwrt/package/libs/pcre2'
build	Compile debug	2026-09-27T15:44:58.7291040Z time: package/libs/pcre2/compile#0.06#0.07#0.15
build	Compile debug	2026-09-27T15:44:58.7700304Z make[3]: Entering directory '/workdir/openwrt/package/libs/musl-fts'
build	Compile debug	2026-09-27T15:44:58.8660668Z make[3]: Leaving directory '/workdir/openwrt/package/libs/musl-fts'
build	Compile debug	2026-09-27T15:44:58.8667816Z time: package/libs/musl-fts/compile#0.07#0.05#0.13
build	Compile debug	2026-09-27T15:44:58.9095878Z make[3]: Entering directory '/workdir/openwrt/package/libs/libselinux'
build	Compile debug	2026-09-27T15:44:59.0164729Z make[3]: Leaving directory '/workdir/openwrt/package/libs/libselinux'
build	Compile debug	2026-09-27T15:44:59.0172525Z time: package/libs/libselinux/compile#0.07#0.06#0.14
build	Compile debug	2026-09-27T15:44:59.0583826Z make[3]: Entering directory '/workdir/openwrt/package/utils/busybox'
build	Compile debug	2026-09-27T15:44:59.2117455Z mkdir -p /workdir/openwrt/staging_dir/target-x86_64_musl/root-x86/stamp
build	Compile debug	2026-09-27T15:44:59.2153556Z SHELL= flock /workdir/openwrt/tmp/.root-copy.flock -c 'cp -fpR /workdir/openwrt/build_dir/target-x86_64_musl/busybox-default/busybox-1.38.0/.pkgdir/busybox/. /workdir/openwrt/staging_dir/target-x86_64_musl/root-x86/'
build	Compile debug	2026-09-27T15:44:59.2283683Z touch /workdir/openwrt/staging_dir/target-x86_64_musl/root-x86/stamp/.busybox_installed
build	Compile debug	2026-09-27T15:44:59.2309696Z echo "busybox" >> /workdir/openwrt/staging_dir/target-x86_64_musl/pkginfo/busybox.default.install
build	Compile debug	2026-09-27T15:44:59.2337021Z make[3]: Leaving directory '/workdir/openwrt/package/utils/busybox'
build	Compile debug	2026-09-27T15:44:59.2345343Z time: package/utils/busybox/default/compile#0.07#0.10#0.21
build	Compile debug	2026-09-27T15:44:59.2469819Z make[3]: Entering directory '/workdir/openwrt/package/network/services/odhcpd'
build	Compile debug	2026-09-27T15:44:59.3526554Z mkdir -p /workdir/openwrt/staging_dir/target-x86_64_musl/root-x86/stamp
build	Compile debug	2026-09-27T15:44:59.3561855Z SHELL= flock /workdir/openwrt/tmp/.root-copy.flock -c 'cp -fpR /workdir/openwrt/build_dir/target-x86_64_musl/odhcpd-ipv6only/odhcpd-2026.06.28~68f38269/.pkgdir/odhcpd-ipv6only/. /workdir/openwrt/staging_dir/target-x86_64_musl/root-x86/'
build	Compile debug	2026-09-27T15:44:59.3638405Z touch /workdir/openwrt/staging_dir/target-x86_64_musl/root-x86/stamp/.odhcpd-ipv6only_installed
build	Compile debug	2026-09-27T15:44:59.3665119Z echo "odhcpd-ipv6only" >> /workdir/openwrt/staging_dir/target-x86_64_musl/pkginfo/odhcpd.ipv6only.install
build	Compile debug	2026-09-27T15:44:59.3693529Z make[3]: Leaving directory '/workdir/openwrt/package/network/services/odhcpd'
build	Compile debug	2026-09-27T15:44:59.3702197Z time: package/network/services/odhcpd/ipv6only/compile#0.06#0.06#0.13
build	Compile debug	2026-09-27T15:44:59.3829817Z make[3]: Entering directory '/workdir/openwrt/package/system/procd'
build	Compile debug	2026-09-27T15:44:59.5032096Z mkdir -p /workdir/openwrt/staging_dir/target-x86_64_musl/root-x86/stamp
build	Compile debug	2026-09-27T15:44:59.5068152Z SHELL= flock /workdir/openwrt/tmp/.root-copy.flock -c 'cp -fpR /workdir/openwrt/build_dir/target-x86_64_musl/procd-default/procd-2026.09.22~6af440ae/.pkgdir/procd/. /workdir/openwrt/staging_dir/target-x86_64_musl/root-x86/'
build	Compile debug	2026-09-27T15:44:59.5123264Z touch /workdir/openwrt/staging_dir/target-x86_64_musl/root-x86/stamp/.procd_installed
build	Compile debug	2026-09-27T15:44:59.5148423Z echo "procd" >> /workdir/openwrt/staging_dir/target-x86_64_musl/pkginfo/procd.default.install
build	Compile debug	2026-09-27T15:44:59.5176217Z mkdir -p /workdir/openwrt/staging_dir/target-x86_64_musl/root-x86/stamp
build	Compile debug	2026-09-27T15:44:59.5210906Z SHELL= flock /workdir/openwrt/tmp/.root-copy.flock -c 'cp -fpR /workdir/openwrt/build_dir/target-x86_64_musl/procd-default/procd-2026.09.22~6af440ae/.pkgdir/procd-ujail/. /workdir/openwrt/staging_dir/target-x86_64_musl/root-x86/'
build	Compile debug	2026-09-27T15:44:59.5258421Z touch /workdir/openwrt/staging_dir/target-x86_64_musl/root-x86/stamp/.procd-ujail_installed
build	Compile debug	2026-09-27T15:44:59.5283262Z echo "procd-ujail" >> /workdir/openwrt/staging_dir/target-x86_64_musl/pkginfo/procd.default.install
build	Compile debug	2026-09-27T15:44:59.5309890Z mkdir -p /workdir/openwrt/staging_dir/target-x86_64_musl/root-x86/stamp
build	Compile debug	2026-09-27T15:44:59.5345177Z SHELL= flock /workdir/openwrt/tmp/.root-copy.flock -c 'cp -fpR /workdir/openwrt/build_dir/target-x86_64_musl/procd-default/procd-2026.09.22~6af440ae/.pkgdir/procd-seccomp/. /workdir/openwrt/staging_dir/target-x86_64_musl/root-x86/'
build	Compile debug	2026-09-27T15:44:59.5391590Z touch /workdir/openwrt/staging_dir/target-x86_64_musl/root-x86/stamp/.procd-seccomp_installed
build	Compile debug	2026-09-27T15:44:59.5417267Z echo "procd-seccomp" >> /workdir/openwrt/staging_dir/target-x86_64_musl/pkginfo/procd.default.install
build	Compile debug	2026-09-27T15:44:59.5444490Z make[3]: Leaving directory '/workdir/openwrt/package/system/procd'
build	Compile debug	2026-09-27T15:44:59.5452501Z time: package/system/procd/default/compile#0.08#0.09#0.17
build	Compile debug	2026-09-27T15:44:59.5580372Z make[3]: Entering directory '/workdir/openwrt/package/system/openwrt-keyring'
build	Compile debug	2026-09-27T15:44:59.6517644Z mkdir -p /workdir/openwrt/staging_dir/target-x86_64_musl/root-x86/stamp
build	Compile debug	2026-09-27T15:44:59.6554524Z SHELL= flock /workdir/openwrt/tmp/.root-copy.flock -c 'cp -fpR /workdir/openwrt/build_dir/target-x86_64_musl/openwrt-keyring-2025.12.11~14e1f88b/.pkgdir/openwrt-keyring/. /workdir/openwrt/staging_dir/target-x86_64_musl/root-x86/'
build	Compile debug	2026-09-27T15:44:59.6606239Z touch /workdir/openwrt/staging_dir/target-x86_64_musl/root-x86/stamp/.openwrt-keyring_installed
build	Compile debug	2026-09-27T15:44:59.6631539Z echo "openwrt-keyring" >> /workdir/openwrt/staging_dir/target-x86_64_musl/pkginfo/openwrt-keyring.default.install
build	Compile debug	2026-09-27T15:44:59.6658594Z make[3]: Leaving directory '/workdir/openwrt/package/system/openwrt-keyring'
build	Compile debug	2026-09-27T15:44:59.6666601Z time: package/system/openwrt-keyring/compile#0.06#0.05#0.11
build	Compile debug	2026-09-27T15:44:59.6793403Z make[3]: Entering directory '/workdir/openwrt/package/system/usign'
build	Compile debug	2026-09-27T15:44:59.7764933Z mkdir -p /workdir/openwrt/staging_dir/target-x86_64_musl/root-x86/stamp
build	Compile debug	2026-09-27T15:44:59.7802530Z SHELL= flock /workdir/openwrt/tmp/.root-copy.flock -c 'cp -fpR /workdir/openwrt/build_dir/target-x86_64_musl/usign-2025.10.03~c4c72b1b/.pkgdir/usign/. /workdir/openwrt/staging_dir/target-x86_64_musl/root-x86/'
build	Compile debug	2026-09-27T15:44:59.7868609Z touch /workdir/openwrt/staging_dir/target-x86_64_musl/root-x86/stamp/.usign_installed
build	Compile debug	2026-09-27T15:44:59.7895533Z echo "usign" >> /workdir/openwrt/staging_dir/target-x86_64_musl/pkginfo/usign.default.install
build	Compile debug	2026-09-27T15:44:59.7924363Z make[3]: Leaving directory '/workdir/openwrt/package/system/usign'
build	Compile debug	2026-09-27T15:44:59.7932439Z time: package/system/usign/compile#0.05#0.06#0.12
build	Compile debug	2026-09-27T15:44:59.8060078Z make[3]: Entering directory '/workdir/openwrt/package/base-files'
build	Compile debug	2026-09-27T15:44:59.9703218Z mkdir -p /workdir/openwrt/staging_dir/target-x86_64_musl/root-x86/stamp
build	Compile debug	2026-09-27T15:44:59.9738255Z SHELL= flock /workdir/openwrt/tmp/.root-copy.flock -c 'cp -fpR /workdir/openwrt/build_dir/target-x86_64_musl/linux-x86_64/base-files/.pkgdir/base-files/. /workdir/openwrt/staging_dir/target-x86_64_musl/root-x86/'
build	Compile debug	2026-09-27T15:44:59.9864739Z touch /workdir/openwrt/staging_dir/target-x86_64_musl/root-x86/stamp/.base-files_installed
build	Compile debug	2026-09-27T15:44:59.9891684Z echo "base-files" >> /workdir/openwrt/staging_dir/target-x86_64_musl/pkginfo/base-files.default.install
build	Compile debug	2026-09-27T15:44:59.9919230Z make[3]: Leaving directory '/workdir/openwrt/package/base-files'
build	Compile debug	2026-09-27T15:44:59.9927454Z time: package/base-files/compile#0.11#0.08#0.19
build	Compile debug	2026-09-27T15:45:00.0053477Z make[3]: Entering directory '/workdir/openwrt/package/boot/grub2'
build	Compile debug	2026-09-27T15:45:00.2770318Z make[3]: Leaving directory '/workdir/openwrt/package/boot/grub2'
build	Compile debug	2026-09-27T15:45:00.2778004Z time: package/boot/grub2/host-compile#0.09#0.08#0.28
build	Compile debug	2026-09-27T15:45:00.2905833Z make[3]: Entering directory '/workdir/openwrt/package/boot/grub2'
build	Compile debug	2026-09-27T15:45:00.5200636Z rm -f /workdir/openwrt/build_dir/target-x86_64_musl/linux-x86_64/grub-pc/grub-2.12/.built
build	Compile debug	2026-09-27T15:45:00.5238830Z touch /workdir/openwrt/build_dir/target-x86_64_musl/linux-x86_64/grub-pc/grub-2.12/.built_check
build	Compile debug	2026-09-27T15:45:00.5273769Z CFLAGS="-Os -pipe -fno-caller-saves -fhonour-copts -fmacro-prefix-map=/workdir/openwrt/build_dir/target-x86_64_musl/linux-x86_64/grub-pc/grub-2.12=grub-2.12 -fmacro-prefix-map=/workdir/openwrt/staging_dir/target-x86_64_musl=staging_dir/target-x86_64_musl -Wl,-z,max-page-size=4096 -Wformat -Werror=format-security -D_FORTIFY_SOURCE=1 -Wl,-z,now -Wl,-z,relro -Wl,-z,pack-relative-relocs  -I/workdir/openwrt/staging_dir/toolchain-x86_64_gcc-14.4.0_musl/usr/include -I/workdir/openwrt/staging_dir/toolchain-x86_64_gcc-14.4.0_musl/include -I/workdir/openwrt/staging_dir/toolchain-x86_64_gcc-14.4.0_musl/include/fortify " CXXFLAGS="-Os -pipe -fno-caller-saves -fhonour-copts -fmacro-prefix-map=/workdir/openwrt/build_dir/target-x86_64_musl/linux-x86_64/grub-pc/grub-2.12=grub-2.12 -fmacro-prefix-map=/workdir/openwrt/staging_dir/target-x86_64_musl=staging_dir/target-x86_64_musl -Wl,-z,max-page-size=4096 -Wformat -Werror=format-security -D_FORTIFY_SOURCE=1 -Wl,-z,now -Wl,-z,relro -Wl,-z,pack-relative-relocs  -I/workdir/openwrt/staging_dir/toolchain-x86_64_gcc-14.4.0_musl/usr/include -I/workdir/openwrt/staging_dir/toolchain-x86_64_gcc-14.4.0_musl/include -I/workdir/openwrt/staging_dir/toolchain-x86_64_gcc-14.4.0_musl/include/fortify " LDFLAGS="-L/workdir/openwrt/staging_dir/toolchain-x86_64_gcc-14.4.0_musl/usr/lib -L/workdir/openwrt/staging_dir/toolchain-x86_64_gcc-14.4.0_musl/lib -fuse-ld=bfd -zmax-page-size=4096 -znow -zrelro -zpack-relative-relocs " make -j1 -C /workdir/openwrt/build_dir/target-x86_64_musl/linux-x86_64/grub-pc/grub-2.12/grub-core AR="x86_64-openwrt-linux-musl-gcc-ar" AS="x86_64-openwrt-linux-musl-gcc -c -Os -pipe -fno-caller-saves -fhonour-copts -fmacro-prefix-map=/workdir/openwrt/build_dir/target-x86_64_musl/linux-x86_64/grub-pc/grub-2.12=grub-2.12 -fmacro-prefix-map=/workdir/openwrt/staging_dir/target-x86_64_musl=staging_dir/target-x86_64_musl -Wl,-z,max-page-size=4096 -Wformat -Werror=format-security -D_FORTIFY_SOURCE=1 -Wl,-z,now -Wl,-z,relro -Wl,-z,pack-relative-relocs" LD="x86_64-openwrt-linux-musl-ld.bfd" NM="x86_64-openwrt-linux-musl-gcc-nm" CC="x86_64-openwrt-linux-musl-gcc" GCC="x86_64-openwrt-linux-musl-gcc" CXX="x86_64-openwrt-linux-musl-g++" RANLIB="x86_64-openwrt-linux-musl-gcc-ranlib" STRIP=x86_64-openwrt-linux-musl-strip OBJCOPY=x86_64-openwrt-linux-musl-objcopy OBJDUMP=x86_64-openwrt-linux-musl-objdump SIZE=x86_64-openwrt-linux-musl-size CROSS="x86_64-openwrt-linux-musl-" ARCH="x86_64" ;
build	Compile debug	2026-09-27T15:45:00.5605708Z make[4]: Entering directory '/workdir/openwrt/build_dir/target-x86_64_musl/linux-x86_64/grub-pc/grub-2.12/grub-core'
build	Compile debug	2026-09-27T15:45:00.5606678Z make  all-am
build	Compile debug	2026-09-27T15:45:00.6074750Z make[5]: Entering directory '/workdir/openwrt/build_dir/target-x86_64_musl/linux-x86_64/grub-pc/grub-2.12/grub-core'
build	Compile debug	2026-09-27T15:45:00.6075654Z make[5]: Nothing to be done for 'all-am'.
build	Compile debug	2026-09-27T15:45:00.6076430Z make[5]: Leaving directory '/workdir/openwrt/build_dir/target-x86_64_musl/linux-x86_64/grub-pc/grub-2.12/grub-core'
build	Compile debug	2026-09-27T15:45:00.6080921Z make[4]: Leaving directory '/workdir/openwrt/build_dir/target-x86_64_musl/linux-x86_64/grub-pc/grub-2.12/grub-core'
build	Compile debug	2026-09-27T15:45:00.6085831Z touch /workdir/openwrt/build_dir/target-x86_64_musl/linux-x86_64/grub-pc/grub-2.12/.built
build	Compile debug	2026-09-27T15:45:00.6400461Z rm -rf /workdir/openwrt/build_dir/target-x86_64_musl/linux-x86_64/grub-pc/grub-2.12/ipkg-x86_64/grub2
build	Compile debug	2026-09-27T15:45:00.6438837Z /workdir/openwrt/scripts/ipkg-remove grub2 /workdir/openwrt/bin/targets/x86/64/packages/grub2-2.12-r1.apk /workdir/openwrt/bin/targets/x86/64/packages/grub2-bios-setup-2.12-r1.apk /workdir/openwrt/bin/targets/x86/64/packages/grub2-efi-2.12-r1.apk
build	Compile debug	2026-09-27T15:45:00.6482626Z removed '/workdir/openwrt/bin/targets/x86/64/packages/grub2-2.12-r1.apk'
build	Compile debug	2026-09-27T15:45:00.6578373Z mkdir -p /workdir/openwrt/bin/targets/x86/64/packages /workdir/openwrt/build_dir/target-x86_64_musl/linux-x86_64/grub-pc/grub-2.12/ipkg-x86_64/grub2 /workdir/openwrt/staging_dir/target-x86_64_musl/pkginfo
build	Compile debug	2026-09-27T15:45:00.6606361Z install -d -m0755 /workdir/openwrt/staging_dir/target-x86_64_musl/image/grub2
build	Compile debug	2026-09-27T15:45:00.6636120Z cp -fpR /workdir/openwrt/build_dir/target-x86_64_musl/linux-x86_64/grub-pc/grub-2.12/grub-core/boot.img /workdir/openwrt/staging_dir/target-x86_64_musl/image/grub2/
build	Compile debug	2026-09-27T15:45:00.6670472Z cp -fpR /workdir/openwrt/build_dir/target-x86_64_musl/linux-x86_64/grub-pc/grub-2.12/grub-core/cdboot.img /workdir/openwrt/staging_dir/target-x86_64_musl/image/grub2/
build	Compile debug	2026-09-27T15:45:00.6703695Z sed 's#msdos1#gpt1#g' ./files/grub-early.cfg >/workdir/openwrt/build_dir/target-x86_64_musl/linux-x86_64/grub-pc/grub-2.12/grub-early.cfg
build	Compile debug	2026-09-27T15:45:00.6737500Z /workdir/openwrt/staging_dir/host/bin/grub-mkimage -d /workdir/openwrt/build_dir/target-x86_64_musl/linux-x86_64/grub-pc/grub-2.12/grub-core -p /boot/grub -O i386-pc -c /workdir/openwrt/build_dir/target-x86_64_musl/linux-x86_64/grub-pc/grub-2.12/grub-early.cfg -o /workdir/openwrt/staging_dir/target-x86_64_musl/image/grub2/gpt-core.img at_keyboard biosdisk boot chain configfile fat linux ls part_gpt reboot search serial test vga
build	Compile debug	2026-09-27T15:45:00.8105089Z /workdir/openwrt/staging_dir/host/bin/grub-mkimage -d /workdir/openwrt/build_dir/target-x86_64_musl/linux-x86_64/grub-pc/grub-2.12/grub-core -p /boot/grub -O i386-pc -c ./files/grub-early.cfg -o /workdir/openwrt/staging_dir/target-x86_64_musl/image/grub2/generic-core.img at_keyboard biosdisk boot chain configfile ext2 linux ls part_msdos reboot search serial test vga
build	Compile debug	2026-09-27T15:45:00.8942878Z /workdir/openwrt/staging_dir/host/bin/grub-mkimage -d /workdir/openwrt/build_dir/target-x86_64_musl/linux-x86_64/grub-pc/grub-2.12/grub-core -p /boot/grub -O i386-pc -c ./files/grub-early.cfg -o /workdir/openwrt/staging_dir/target-x86_64_musl/image/grub2/eltorito.img at_keyboard biosdisk boot chain configfile iso9660 linux ls part_msdos reboot search serial test vga
build	Compile debug	2026-09-27T15:45:00.9783101Z /workdir/openwrt/staging_dir/host/bin/grub-mkimage -d /workdir/openwrt/build_dir/target-x86_64_musl/linux-x86_64/grub-pc/grub-2.12/grub-core -p /boot/grub -O i386-pc -c ./files/grub-early.cfg -o /workdir/openwrt/staging_dir/target-x86_64_musl/image/grub2/legacy-core.img biosdisk boot chain configfile ext2 linux ls part_msdos reboot search serial vga
build	Compile debug	2026-09-27T15:45:01.0588184Z find /workdir/openwrt/build_dir/target-x86_64_musl/linux-x86_64/grub-pc/grub-2.12/ipkg-x86_64/grub2 -name '.svn' -o -name '.#*' -o -name '*~'| xargs -r rm -rf
build	Compile debug	2026-09-27T15:45:01.0851757Z export CROSS="x86_64-openwrt-linux-musl-"  NO_RENAME=1 ; NM="x86_64-openwrt-linux-musl-nm" STRIP="/workdir/openwrt/staging_dir/host/bin/sstrip -z" STRIP_KMOD="/workdir/openwrt/scripts/strip-kmod.sh" PATCHELF="/workdir/openwrt/staging_dir/host/bin/patchelf" /workdir/openwrt/scripts/rstrip.sh /workdir/openwrt/build_dir/target-x86_64_musl/linux-x86_64/grub-pc/grub-2.12/ipkg-x86_64/grub2
build	Compile debug	2026-09-27T15:45:01.0903892Z install -d -m0755 /workdir/openwrt/bin/targets/x86/64/packages
build	Compile debug	2026-09-27T15:45:01.0932986Z mkdir -p /workdir/openwrt/build_dir/target-x86_64_musl/linux-x86_64/grub-pc/grub-2.12/apk-x86_64/grub2/
build	Compile debug	2026-09-27T15:45:01.0960673Z mkdir -p /workdir/openwrt/build_dir/target-x86_64_musl/linux-x86_64/grub-pc/grub-2.12/ipkg-x86_64/grub2/lib/apk/packages/
build	Compile debug	2026-09-27T15:45:01.0989005Z (cd /workdir/openwrt/build_dir/target-x86_64_musl/linux-x86_64/grub-pc/grub-2.12/apk-x86_64/grub2; )
build	Compile debug	2026-09-27T15:45:01.1014320Z ( echo "#!/bin/sh"; echo "[ \"\${IPKG_NO_SCRIPT}\" = \"1\" ] && exit 0"; echo "[ -s "\${IPKG_INSTROOT}/lib/functions.sh" ] || exit 0"; echo ". \${IPKG_INSTROOT}/lib/functions.sh"; echo 'export root="${IPKG_INSTROOT}"'; echo 'export pkgname="grub2"'; echo "add_group_and_user"; echo "default_postinst"; [ ! -f /workdir/openwrt/build_dir/target-x86_64_musl/linux-x86_64/grub-pc/grub-2.12/apk-x86_64/grub2/postinst-pkg ] || sed '/^\s*#!/d' "/workdir/openwrt/build_dir/target-x86_64_musl/linux-x86_64/grub-pc/grub-2.12/apk-x86_64/grub2/postinst-pkg"; ) > /workdir/openwrt/build_dir/target-x86_64_musl/linux-x86_64/grub-pc/grub-2.12/apk-x86_64/grub2/post-install;
build	Compile debug	2026-09-27T15:45:01.1037567Z ( echo "#!/bin/sh"; echo 'export PKG_UPGRADE=1'; [ ! -f /workdir/openwrt/build_dir/target-x86_64_musl/linux-x86_64/grub-pc/grub-2.12/apk-x86_64/grub2/post-install ] || sed '/^\s*#!/d' "/workdir/openwrt/build_dir/target-x86_64_musl/linux-x86_64/grub-pc/grub-2.12/apk-x86_64/grub2/post-install"; ) > /workdir/openwrt/build_dir/target-x86_64_musl/linux-x86_64/grub-pc/grub-2.12/apk-x86_64/grub2/post-upgrade;
build	Compile debug	2026-09-27T15:45:01.1074289Z ( echo "#!/bin/sh"; echo "[ -s "\${IPKG_INSTROOT}/lib/functions.sh" ] || exit 0"; echo ". \${IPKG_INSTROOT}/lib/functions.sh"; echo 'export root="${IPKG_INSTROOT}"'; echo 'export pkgname="grub2"'; echo "default_prerm"; [ ! -f /workdir/openwrt/build_dir/target-x86_64_musl/linux-x86_64/grub-pc/grub-2.12/apk-x86_64/grub2/prerm-pkg ] || sed '/^\s*#!/d' "/workdir/openwrt/build_dir/target-x86_64_musl/linux-x86_64/grub-pc/grub-2.12/apk-x86_64/grub2/prerm-pkg"; ) > /workdir/openwrt/build_dir/target-x86_64_musl/linux-x86_64/grub-pc/grub-2.12/apk-x86_64/grub2/pre-deinstall;
build	Compile debug	2026-09-27T15:45:01.1096400Z [ ! -f /workdir/openwrt/build_dir/target-x86_64_musl/linux-x86_64/grub-pc/grub-2.12/apk-x86_64/grub2/postrm ] || sed -zi 's/^\s*#!/#!/' "/workdir/openwrt/build_dir/target-x86_64_musl/linux-x86_64/grub-pc/grub-2.12/apk-x86_64/grub2/postrm";
build	Compile debug	2026-09-27T15:45:01.1114503Z if [ -n "" ]; then echo  > /workdir/openwrt/build_dir/target-x86_64_musl/linux-x86_64/grub-pc/grub-2.12/ipkg-x86_64/grub2/lib/apk/packages/grub2.rusers; fi;
build	Compile debug	2026-09-27T15:45:01.1132725Z if [ -n "" ]; then echo  > /workdir/openwrt/build_dir/target-x86_64_musl/linux-x86_64/grub-pc/grub-2.12/ipkg-x86_64/grub2/lib/apk/packages/grub2.alternatives; fi;
build	Compile debug	2026-09-27T15:45:01.1151482Z (cd /workdir/openwrt/build_dir/target-x86_64_musl/linux-x86_64/grub-pc/grub-2.12/ipkg-x86_64/grub2 && find . -type f,l -printf "/%P\n" | sort > /workdir/openwrt/tmp/grub2.list && mv /workdir/openwrt/tmp/grub2.list /workdir/openwrt/build_dir/target-x86_64_musl/linux-x86_64/grub-pc/grub-2.12/ipkg-x86_64/grub2/lib/apk/packages/grub2.list)
build	Compile debug	2026-09-27T15:45:01.1202453Z # Move conffiles to IDIR and build conffiles_static with csums
build	Compile debug	2026-09-27T15:45:01.1225093Z if [ -f /workdir/openwrt/build_dir/target-x86_64_musl/linux-x86_64/grub-pc/grub-2.12/apk-x86_64/grub2/conffiles ]; then mv -f /workdir/openwrt/build_dir/target-x86_64_musl/linux-x86_64/grub-pc/grub-2.12/apk-x86_64/grub2/conffiles /workdir/openwrt/build_dir/target-x86_64_musl/linux-x86_64/grub-pc/grub-2.12/ipkg-x86_64/grub2/lib/apk/packages/grub2.conffiles; for file in $(cat /workdir/openwrt/build_dir/target-x86_64_musl/linux-x86_64/grub-pc/grub-2.12/ipkg-x86_64/grub2/lib/apk/packages/grub2.conffiles); do [ -f /workdir/openwrt/build_dir/target-x86_64_musl/linux-x86_64/grub-pc/grub-2.12/ipkg-x86_64/grub2/$file ] || continue; csum=$(/workdir/openwrt/staging_dir/host/bin/mkhash sha256 /workdir/openwrt/build_dir/target-x86_64_musl/linux-x86_64/grub-pc/grub-2.12/ipkg-x86_64/grub2/$file); echo $file $csum >> /workdir/openwrt/build_dir/target-x86_64_musl/linux-x86_64/grub-pc/grub-2.12/ipkg-x86_64/grub2/lib/apk/packages/grub2.conffiles_static; done; fi
build	Compile debug	2026-09-27T15:45:01.1239945Z # Some package (base-files) manually append stuff to conffiles
build	Compile debug	2026-09-27T15:45:01.1258187Z # Append stuff from it and delete the CONTROL directory since everything else should be migrated
build	Compile debug	2026-09-27T15:45:01.1279448Z if [ -f /workdir/openwrt/build_dir/target-x86_64_musl/linux-x86_64/grub-pc/grub-2.12/ipkg-x86_64/grub2/CONTROL/conffiles ]; then echo $(IDIR_grub2)/CONTROL/conffiles >> /workdir/openwrt/build_dir/target-x86_64_musl/linux-x86_64/grub-pc/grub-2.12/ipkg-x86_64/grub2/lib/apk/packages/grub2.conffiles; for file in $(cat /workdir/openwrt/build_dir/target-x86_64_musl/linux-x86_64/grub-pc/grub-2.12/ipkg-x86_64/grub2/CONTROL/conffiles); do [ -f /workdir/openwrt/build_dir/target-x86_64_musl/linux-x86_64/grub-pc/grub-2.12/ipkg-x86_64/grub2/$file ] || continue; csum=$(/workdir/openwrt/staging_dir/host/bin/mkhash sha256 /workdir/openwrt/build_dir/target-x86_64_musl/linux-x86_64/grub-pc/grub-2.12/ipkg-x86_64/grub2/$file); echo $file $csum >> /workdir/openwrt/build_dir/target-x86_64_musl/linux-x86_64/grub-pc/grub-2.12/ipkg-x86_64/grub2/lib/apk/packages/grub2.conffiles_static; done; rm -rf /workdir/openwrt/build_dir/target-x86_64_musl/linux-x86_64/grub-pc/grub-2.12/ipkg-x86_64/grub2/CONTROL/conffiles; fi
build	Compile debug	2026-09-27T15:45:01.1296108Z if [ -z "$(ls -A /workdir/openwrt/build_dir/target-x86_64_musl/linux-x86_64/grub-pc/grub-2.12/ipkg-x86_64/grub2/CONTROL 2>/dev/null)" ]; then rm -rf /workdir/openwrt/build_dir/target-x86_64_musl/linux-x86_64/grub-pc/grub-2.12/ipkg-x86_64/grub2/CONTROL; else echo "CONTROL directory /workdir/openwrt/build_dir/target-x86_64_musl/linux-x86_64/grub-pc/grub-2.12/ipkg-x86_64/grub2/CONTROL is not empty! This is not right and should be checked!" >&2; exit 1; fi
build	Compile debug	2026-09-27T15:45:01.1344948Z SOURCE_DATE_EPOCH=0 /workdir/openwrt/staging_dir/host/bin/fakeroot /workdir/openwrt/staging_dir/host/bin/apk mkpkg --info "name:grub2" --info "version:2.12-r1" --info "tags:openwrt:section=boot openwrt:cpe=cpe:/a:gnu:grub2" --info "description:GRand Unified Bootloader (pc)" --info "arch:x86_64" --info "license:GPL-3.0-or-later" --info "origin:feeds/base/boot/grub2" --info "url:https://www.gnu.org/software/grub/" --info "maintainer:" --info "provides:grub2-any"  --script "post-install:/workdir/openwrt/build_dir/target-x86_64_musl/linux-x86_64/grub-pc/grub-2.12/apk-x86_64/grub2/post-install" --script "post-upgrade:/workdir/openwrt/build_dir/target-x86_64_musl/linux-x86_64/grub-pc/grub-2.12/apk-x86_64/grub2/post-upgrade" --script "pre-deinstall:/workdir/openwrt/build_dir/target-x86_64_musl/linux-x86_64/grub-pc/grub-2.12/apk-x86_64/grub2/pre-deinstall" --info "depends:libc" --files "/workdir/openwrt/build_dir/target-x86_64_musl/linux-x86_64/grub-pc/grub-2.12/ipkg-x86_64/grub2" --sign /workdir/openwrt/private-key.pem --output "/workdir/openwrt/bin/targets/x86/64/packages/grub2-2.12-r1.apk"
build	Compile debug	2026-09-27T15:45:01.1622039Z rm -rf /workdir/openwrt/build_dir/target-x86_64_musl/linux-x86_64/grub-pc/grub-2.12/.pkgdir/grub2.installed /workdir/openwrt/build_dir/target-x86_64_musl/linux-x86_64/grub-pc/grub-2.12/.pkgdir/grub2
build	Compile debug	2026-09-27T15:45:01.1655663Z mkdir -p /workdir/openwrt/build_dir/target-x86_64_musl/linux-x86_64/grub-pc/grub-2.12/.pkgdir/grub2
build	Compile debug	2026-09-27T15:45:01.1683372Z install -d -m0755 /workdir/openwrt/staging_dir/target-x86_64_musl/image/grub2
build	Compile debug	2026-09-27T15:45:01.1713245Z cp -fpR /workdir/openwrt/build_dir/target-x86_64_musl/linux-x86_64/grub-pc/grub-2.12/grub-core/boot.img /workdir/openwrt/staging_dir/target-x86_64_musl/image/grub2/
build	Compile debug	2026-09-27T15:45:01.1744489Z cp -fpR /workdir/openwrt/build_dir/target-x86_64_musl/linux-x86_64/grub-pc/grub-2.12/grub-core/cdboot.img /workdir/openwrt/staging_dir/target-x86_64_musl/image/grub2/
build	Compile debug	2026-09-27T15:45:01.1773698Z sed 's#msdos1#gpt1#g' ./files/grub-early.cfg >/workdir/openwrt/build_dir/target-x86_64_musl/linux-x86_64/grub-pc/grub-2.12/grub-early.cfg
build	Compile debug	2026-09-27T15:45:01.1805882Z /workdir/openwrt/staging_dir/host/bin/grub-mkimage -d /workdir/openwrt/build_dir/target-x86_64_musl/linux-x86_64/grub-pc/grub-2.12/grub-core -p /boot/grub -O i386-pc -c /workdir/openwrt/build_dir/target-x86_64_musl/linux-x86_64/grub-pc/grub-2.12/grub-early.cfg -o /workdir/openwrt/staging_dir/target-x86_64_musl/image/grub2/gpt-core.img at_keyboard biosdisk boot chain configfile fat linux ls part_gpt reboot search serial test vga
build	Compile debug	2026-09-27T15:45:01.2646424Z /workdir/openwrt/staging_dir/host/bin/grub-mkimage -d /workdir/openwrt/build_dir/target-x86_64_musl/linux-x86_64/grub-pc/grub-2.12/grub-core -p /boot/grub -O i386-pc -c ./files/grub-early.cfg -o /workdir/openwrt/staging_dir/target-x86_64_musl/image/grub2/generic-core.img at_keyboard biosdisk boot chain configfile ext2 linux ls part_msdos reboot search serial test vga
build	Compile debug	2026-09-27T15:45:01.3471518Z /workdir/openwrt/staging_dir/host/bin/grub-mkimage -d /workdir/openwrt/build_dir/target-x86_64_musl/linux-x86_64/grub-pc/grub-2.12/grub-core -p /boot/grub -O i386-pc -c ./files/grub-early.cfg -o /workdir/openwrt/staging_dir/target-x86_64_musl/image/grub2/eltorito.img at_keyboard biosdisk boot chain configfile iso9660 linux ls part_msdos reboot search serial test vga
build	Compile debug	2026-09-27T15:45:01.4310862Z /workdir/openwrt/staging_dir/host/bin/grub-mkimage -d /workdir/openwrt/build_dir/target-x86_64_musl/linux-x86_64/grub-pc/grub-2.12/grub-core -p /boot/grub -O i386-pc -c ./files/grub-early.cfg -o /workdir/openwrt/staging_dir/target-x86_64_musl/image/grub2/legacy-core.img biosdisk boot chain configfile ext2 linux ls part_msdos reboot search serial vga
build	Compile debug	2026-09-27T15:45:01.5117699Z touch /workdir/openwrt/build_dir/target-x86_64_musl/linux-x86_64/grub-pc/grub-2.12/.pkgdir/grub2.installed
build	Compile debug	2026-09-27T15:45:01.5146322Z mkdir -p /workdir/openwrt/staging_dir/target-x86_64_musl/root-x86/stamp
build	Compile debug	2026-09-27T15:45:01.5185324Z SHELL= flock /workdir/openwrt/tmp/.root-copy.flock -c 'cp -fpR /workdir/openwrt/build_dir/target-x86_64_musl/linux-x86_64/grub-pc/grub-2.12/.pkgdir/grub2/. /workdir/openwrt/staging_dir/target-x86_64_musl/root-x86/'
build	Compile debug	2026-09-27T15:45:01.5229852Z touch /workdir/openwrt/staging_dir/target-x86_64_musl/root-x86/stamp/.grub2_installed
build	Compile debug	2026-09-27T15:45:01.5261671Z echo "grub2" >> /workdir/openwrt/staging_dir/target-x86_64_musl/pkginfo/grub2.pc.install
build	Compile debug	2026-09-27T15:45:01.5290693Z make[3]: Leaving directory '/workdir/openwrt/package/boot/grub2'
build	Compile debug	2026-09-27T15:45:01.5299179Z time: package/boot/grub2/pc/compile#0.84#0.30#1.24
build	Compile debug	2026-09-27T15:45:01.5419900Z make[3]: Entering directory '/workdir/openwrt/package/boot/grub2'
build	Compile debug	2026-09-27T15:45:01.7746481Z rm -f /workdir/openwrt/build_dir/target-x86_64_musl/linux-x86_64/grub-efi/grub-2.12/.built
build	Compile debug	2026-09-27T15:45:01.7784921Z touch /workdir/openwrt/build_dir/target-x86_64_musl/linux-x86_64/grub-efi/grub-2.12/.built_check
build	Compile debug	2026-09-27T15:45:01.7826107Z CFLAGS="-Os -pipe -fno-caller-saves -fhonour-copts -fmacro-prefix-map=/workdir/openwrt/build_dir/target-x86_64_musl/linux-x86_64/grub-efi/grub-2.12=grub-2.12 -fmacro-prefix-map=/workdir/openwrt/staging_dir/target-x86_64_musl=staging_dir/target-x86_64_musl -Wl,-z,max-page-size=4096 -Wformat -Werror=format-security -D_FORTIFY_SOURCE=1 -Wl,-z,now -Wl,-z,relro -Wl,-z,pack-relative-relocs  -I/workdir/openwrt/staging_dir/toolchain-x86_64_gcc-14.4.0_musl/usr/include -I/workdir/openwrt/staging_dir/toolchain-x86_64_gcc-14.4.0_musl/include -I/workdir/openwrt/staging_dir/toolchain-x86_64_gcc-14.4.0_musl/include/fortify " CXXFLAGS="-Os -pipe -fno-caller-saves -fhonour-copts -fmacro-prefix-map=/workdir/openwrt/build_dir/target-x86_64_musl/linux-x86_64/grub-efi/grub-2.12=grub-2.12 -fmacro-prefix-map=/workdir/openwrt/staging_dir/target-x86_64_musl=staging_dir/target-x86_64_musl -Wl,-z,max-page-size=4096 -Wformat -Werror=format-security -D_FORTIFY_SOURCE=1 -Wl,-z,now -Wl,-z,relro -Wl,-z,pack-relative-relocs  -I/workdir/openwrt/staging_dir/toolchain-x86_64_gcc-14.4.0_musl/usr/include -I/workdir/openwrt/staging_dir/toolchain-x86_64_gcc-14.4.0_musl/include -I/workdir/openwrt/staging_dir/toolchain-x86_64_gcc-14.4.0_musl/include/fortify " LDFLAGS="-L/workdir/openwrt/staging_dir/toolchain-x86_64_gcc-14.4.0_musl/usr/lib -L/workdir/openwrt/staging_dir/toolchain-x86_64_gcc-14.4.0_musl/lib -fuse-ld=bfd -zmax-page-size=4096 -znow -zrelro -zpack-relative-relocs " make -j1 -C /workdir/openwrt/build_dir/target-x86_64_musl/linux-x86_64/grub-efi/grub-2.12/grub-core AR="x86_64-openwrt-linux-musl-gcc-ar" AS="x86_64-openwrt-linux-musl-gcc -c -Os -pipe -fno-caller-saves -fhonour-copts -fmacro-prefix-map=/workdir/openwrt/build_dir/target-x86_64_musl/linux-x86_64/grub-efi/grub-2.12=grub-2.12 -fmacro-prefix-map=/workdir/openwrt/staging_dir/target-x86_64_musl=staging_dir/target-x86_64_musl -Wl,-z,max-page-size=4096 -Wformat -Werror=format-security -D_FORTIFY_SOURCE=1 -Wl,-z,now -Wl,-z,relro -Wl,-z,pack-relative-relocs" LD="x86_64-openwrt-linux-musl-ld.bfd" NM="x86_64-openwrt-linux-musl-gcc-nm" CC="x86_64-openwrt-linux-musl-gcc" GCC="x86_64-openwrt-linux-musl-gcc" CXX="x86_64-openwrt-linux-musl-g++" RANLIB="x86_64-openwrt-linux-musl-gcc-ranlib" STRIP=x86_64-openwrt-linux-musl-strip OBJCOPY=x86_64-openwrt-linux-musl-objcopy OBJDUMP=x86_64-openwrt-linux-musl-objdump SIZE=x86_64-openwrt-linux-musl-size CROSS="x86_64-openwrt-linux-musl-" ARCH="x86_64" ;
build	Compile debug	2026-09-27T15:45:01.8160592Z make[4]: Entering directory '/workdir/openwrt/build_dir/target-x86_64_musl/linux-x86_64/grub-efi/grub-2.12/grub-core'
build	Compile debug	2026-09-27T15:45:01.8162216Z make  all-am
build	Compile debug	2026-09-27T15:45:01.8641936Z make[5]: Entering directory '/workdir/openwrt/build_dir/target-x86_64_musl/linux-x86_64/grub-efi/grub-2.12/grub-core'
build	Compile debug	2026-09-27T15:45:01.8642842Z make[5]: Nothing to be done for 'all-am'.
build	Compile debug	2026-09-27T15:45:01.8643635Z make[5]: Leaving directory '/workdir/openwrt/build_dir/target-x86_64_musl/linux-x86_64/grub-efi/grub-2.12/grub-core'
build	Compile debug	2026-09-27T15:45:01.8648082Z make[4]: Leaving directory '/workdir/openwrt/build_dir/target-x86_64_musl/linux-x86_64/grub-efi/grub-2.12/grub-core'
build	Compile debug	2026-09-27T15:45:01.8652812Z touch /workdir/openwrt/build_dir/target-x86_64_musl/linux-x86_64/grub-efi/grub-2.12/.built
build	Compile debug	2026-09-27T15:45:01.8965335Z rm -rf /workdir/openwrt/build_dir/target-x86_64_musl/linux-x86_64/grub-efi/grub-2.12/ipkg-x86_64/grub2-efi
build	Compile debug	2026-09-27T15:45:01.9003857Z /workdir/openwrt/scripts/ipkg-remove grub2-efi /workdir/openwrt/bin/targets/x86/64/packages/grub2-efi-2.12-r1.apk
build	Compile debug	2026-09-27T15:45:01.9047172Z removed '/workdir/openwrt/bin/targets/x86/64/packages/grub2-efi-2.12-r1.apk'
build	Compile debug	2026-09-27T15:45:01.9051740Z mkdir -p /workdir/openwrt/bin/targets/x86/64/packages /workdir/openwrt/build_dir/target-x86_64_musl/linux-x86_64/grub-efi/grub-2.12/ipkg-x86_64/grub2-efi /workdir/openwrt/staging_dir/target-x86_64_musl/pkginfo
build	Compile debug	2026-09-27T15:45:01.9080204Z sed 's#msdos1#gpt1#g' ./files/grub-early.cfg >/workdir/openwrt/build_dir/target-x86_64_musl/linux-x86_64/grub-efi/grub-2.12/grub-early.cfg
build	Compile debug	2026-09-27T15:45:01.9115074Z /workdir/openwrt/staging_dir/host/bin/grub-mkimage -d /workdir/openwrt/build_dir/target-x86_64_musl/linux-x86_64/grub-efi/grub-2.12/grub-core -p /boot/grub -O "x86_64"-efi -c /workdir/openwrt/build_dir/target-x86_64_musl/linux-x86_64/grub-efi/grub-2.12/grub-early.cfg -o /workdir/openwrt/staging_dir/target-x86_64_musl/image/grub2/bootx64.efi at_keyboard boot chain configfile fat linux ls part_gpt reboot serial test efi_gop efi_uga
build	Compile debug	2026-09-27T15:45:01.9392925Z /workdir/openwrt/staging_dir/host/bin/grub-mkimage -d /workdir/openwrt/build_dir/target-x86_64_musl/linux-x86_64/grub-efi/grub-2.12/grub-core -p /boot/grub -O "x86_64"-efi -c ./files/grub-early.cfg -o /workdir/openwrt/staging_dir/target-x86_64_musl/image/grub2/iso-bootx64.efi boot chain configfile fat iso9660 linux ls part_msdos part_gpt reboot serial test efi_gop efi_uga
build	Compile debug	2026-09-27T15:45:01.9478428Z find /workdir/openwrt/build_dir/target-x86_64_musl/linux-x86_64/grub-efi/grub-2.12/ipkg-x86_64/grub2-efi -name '.svn' -o -name '.#*' -o -name '*~'| xargs -r rm -rf
build	Compile debug	2026-09-27T15:45:01.9724764Z export CROSS="x86_64-openwrt-linux-musl-"  NO_RENAME=1 ; NM="x86_64-openwrt-linux-musl-nm" STRIP="/workdir/openwrt/staging_dir/host/bin/sstrip -z" STRIP_KMOD="/workdir/openwrt/scripts/strip-kmod.sh" PATCHELF="/workdir/openwrt/staging_dir/host/bin/patchelf" /workdir/openwrt/scripts/rstrip.sh /workdir/openwrt/build_dir/target-x86_64_musl/linux-x86_64/grub-efi/grub-2.12/ipkg-x86_64/grub2-efi
build	Compile debug	2026-09-27T15:45:01.9775595Z install -d -m0755 /workdir/openwrt/bin/targets/x86/64/packages
build	Compile debug	2026-09-27T15:45:01.9806404Z mkdir -p /workdir/openwrt/build_dir/target-x86_64_musl/linux-x86_64/grub-efi/grub-2.12/apk-x86_64/grub2-efi/
build	Compile debug	2026-09-27T15:45:01.9834573Z mkdir -p /workdir/openwrt/build_dir/target-x86_64_musl/linux-x86_64/grub-efi/grub-2.12/ipkg-x86_64/grub2-efi/lib/apk/packages/
build	Compile debug	2026-09-27T15:45:01.9863147Z (cd /workdir/openwrt/build_dir/target-x86_64_musl/linux-x86_64/grub-efi/grub-2.12/apk-x86_64/grub2-efi; )
build	Compile debug	2026-09-27T15:45:01.9889392Z ( echo "#!/bin/sh"; echo "[ \"\${IPKG_NO_SCRIPT}\" = \"1\" ] && exit 0"; echo "[ -s "\${IPKG_INSTROOT}/lib/functions.sh" ] || exit 0"; echo ". \${IPKG_INSTROOT}/lib/functions.sh"; echo 'export root="${IPKG_INSTROOT}"'; echo 'export pkgname="grub2-efi"'; echo "add_group_and_user"; echo "default_postinst"; [ ! -f /workdir/openwrt/build_dir/target-x86_64_musl/linux-x86_64/grub-efi/grub-2.12/apk-x86_64/grub2-efi/postinst-pkg ] || sed '/^\s*#!/d' "/workdir/openwrt/build_dir/target-x86_64_musl/linux-x86_64/grub-efi/grub-2.12/apk-x86_64/grub2-efi/postinst-pkg"; ) > /workdir/openwrt/build_dir/target-x86_64_musl/linux-x86_64/grub-efi/grub-2.12/apk-x86_64/grub2-efi/post-install;
build	Compile debug	2026-09-27T15:45:01.9912622Z ( echo "#!/bin/sh"; echo 'export PKG_UPGRADE=1'; [ ! -f /workdir/openwrt/build_dir/target-x86_64_musl/linux-x86_64/grub-efi/grub-2.12/apk-x86_64/grub2-efi/post-install ] || sed '/^\s*#!/d' "/workdir/openwrt/build_dir/target-x86_64_musl/linux-x86_64/grub-efi/grub-2.12/apk-x86_64/grub2-efi/post-install"; ) > /workdir/openwrt/build_dir/target-x86_64_musl/linux-x86_64/grub-efi/grub-2.12/apk-x86_64/grub2-efi/post-upgrade;
build	Compile debug	2026-09-27T15:45:01.9948860Z ( echo "#!/bin/sh"; echo "[ -s "\${IPKG_INSTROOT}/lib/functions.sh" ] || exit 0"; echo ". \${IPKG_INSTROOT}/lib/functions.sh"; echo 'export root="${IPKG_INSTROOT}"'; echo 'export pkgname="grub2-efi"'; echo "default_prerm"; [ ! -f /workdir/openwrt/build_dir/target-x86_64_musl/linux-x86_64/grub-efi/grub-2.12/apk-x86_64/grub2-efi/prerm-pkg ] || sed '/^\s*#!/d' "/workdir/openwrt/build_dir/target-x86_64_musl/linux-x86_64/grub-efi/grub-2.12/apk-x86_64/grub2-efi/prerm-pkg"; ) > /workdir/openwrt/build_dir/target-x86_64_musl/linux-x86_64/grub-efi/grub-2.12/apk-x86_64/grub2-efi/pre-deinstall;
build	Compile debug	2026-09-27T15:45:01.9971180Z [ ! -f /workdir/openwrt/build_dir/target-x86_64_musl/linux-x86_64/grub-efi/grub-2.12/apk-x86_64/grub2-efi/postrm ] || sed -zi 's/^\s*#!/#!/' "/workdir/openwrt/build_dir/target-x86_64_musl/linux-x86_64/grub-efi/grub-2.12/apk-x86_64/grub2-efi/postrm";
build	Compile debug	2026-09-27T15:45:01.9989390Z if [ -n "" ]; then echo  > /workdir/openwrt/build_dir/target-x86_64_musl/linux-x86_64/grub-efi/grub-2.12/ipkg-x86_64/grub2-efi/lib/apk/packages/grub2-efi.rusers; fi;
build	Compile debug	2026-09-27T15:45:02.0007519Z if [ -n "" ]; then echo  > /workdir/openwrt/build_dir/target-x86_64_musl/linux-x86_64/grub-efi/grub-2.12/ipkg-x86_64/grub2-efi/lib/apk/packages/grub2-efi.alternatives; fi;
build	Compile debug	2026-09-27T15:45:02.0027297Z (cd /workdir/openwrt/build_dir/target-x86_64_musl/linux-x86_64/grub-efi/grub-2.12/ipkg-x86_64/grub2-efi && find . -type f,l -printf "/%P\n" | sort > /workdir/openwrt/tmp/grub2-efi.list && mv /workdir/openwrt/tmp/grub2-efi.list /workdir/openwrt/build_dir/target-x86_64_musl/linux-x86_64/grub-efi/grub-2.12/ipkg-x86_64/grub2-efi/lib/apk/packages/grub2-efi.list)
build	Compile debug	2026-09-27T15:45:02.0077337Z # Move conffiles to IDIR and build conffiles_static with csums
build	Compile debug	2026-09-27T15:45:02.0099639Z if [ -f /workdir/openwrt/build_dir/target-x86_64_musl/linux-x86_64/grub-efi/grub-2.12/apk-x86_64/grub2-efi/conffiles ]; then mv -f /workdir/openwrt/build_dir/target-x86_64_musl/linux-x86_64/grub-efi/grub-2.12/apk-x86_64/grub2-efi/conffiles /workdir/openwrt/build_dir/target-x86_64_musl/linux-x86_64/grub-efi/grub-2.12/ipkg-x86_64/grub2-efi/lib/apk/packages/grub2-efi.conffiles; for file in $(cat /workdir/openwrt/build_dir/target-x86_64_musl/linux-x86_64/grub-efi/grub-2.12/ipkg-x86_64/grub2-efi/lib/apk/packages/grub2-efi.conffiles); do [ -f /workdir/openwrt/build_dir/target-x86_64_musl/linux-x86_64/grub-efi/grub-2.12/ipkg-x86_64/grub2-efi/$file ] || continue; csum=$(/workdir/openwrt/staging_dir/host/bin/mkhash sha256 /workdir/openwrt/build_dir/target-x86_64_musl/linux-x86_64/grub-efi/grub-2.12/ipkg-x86_64/grub2-efi/$file); echo $file $csum >> /workdir/openwrt/build_dir/target-x86_64_musl/linux-x86_64/grub-efi/grub-2.12/ipkg-x86_64/grub2-efi/lib/apk/packages/grub2-efi.conffiles_static; done; fi
build	Compile debug	2026-09-27T15:45:02.0113965Z # Some package (base-files) manually append stuff to conffiles
build	Compile debug	2026-09-27T15:45:02.0131868Z # Append stuff from it and delete the CONTROL directory since everything else should be migrated
build	Compile debug	2026-09-27T15:45:02.0154419Z if [ -f /workdir/openwrt/build_dir/target-x86_64_musl/linux-x86_64/grub-efi/grub-2.12/ipkg-x86_64/grub2-efi/CONTROL/conffiles ]; then echo $(IDIR_grub2-efi)/CONTROL/conffiles >> /workdir/openwrt/build_dir/target-x86_64_musl/linux-x86_64/grub-efi/grub-2.12/ipkg-x86_64/grub2-efi/lib/apk/packages/grub2-efi.conffiles; for file in $(cat /workdir/openwrt/build_dir/target-x86_64_musl/linux-x86_64/grub-efi/grub-2.12/ipkg-x86_64/grub2-efi/CONTROL/conffiles); do [ -f /workdir/openwrt/build_dir/target-x86_64_musl/linux-x86_64/grub-efi/grub-2.12/ipkg-x86_64/grub2-efi/$file ] || continue; csum=$(/workdir/openwrt/staging_dir/host/bin/mkhash sha256 /workdir/openwrt/build_dir/target-x86_64_musl/linux-x86_64/grub-efi/grub-2.12/ipkg-x86_64/grub2-efi/$file); echo $file $csum >> /workdir/openwrt/build_dir/target-x86_64_musl/linux-x86_64/grub-efi/grub-2.12/ipkg-x86_64/grub2-efi/lib/apk/packages/grub2-efi.conffiles_static; done; rm -rf /workdir/openwrt/build_dir/target-x86_64_musl/linux-x86_64/grub-efi/grub-2.12/ipkg-x86_64/grub2-efi/CONTROL/conffiles; fi
build	Compile debug	2026-09-27T15:45:02.0171124Z if [ -z "$(ls -A /workdir/openwrt/build_dir/target-x86_64_musl/linux-x86_64/grub-efi/grub-2.12/ipkg-x86_64/grub2-efi/CONTROL 2>/dev/null)" ]; then rm -rf /workdir/openwrt/build_dir/target-x86_64_musl/linux-x86_64/grub-efi/grub-2.12/ipkg-x86_64/grub2-efi/CONTROL; else echo "CONTROL directory /workdir/openwrt/build_dir/target-x86_64_musl/linux-x86_64/grub-efi/grub-2.12/ipkg-x86_64/grub2-efi/CONTROL is not empty! This is not right and should be checked!" >&2; exit 1; fi
build	Compile debug	2026-09-27T15:45:02.0220737Z SOURCE_DATE_EPOCH=0 /workdir/openwrt/staging_dir/host/bin/fakeroot /workdir/openwrt/staging_dir/host/bin/apk mkpkg --info "name:grub2-efi" --info "version:2.12-r1" --info "tags:openwrt:section=boot openwrt:cpe=cpe:/a:gnu:grub2" --info "description:GRand Unified Bootloader (efi)" --info "arch:x86_64" --info "license:GPL-3.0-or-later" --info "origin:feeds/base/boot/grub2" --info "url:https://www.gnu.org/software/grub/" --info "maintainer:" --info "provides:grub2-efi-any"  --script "post-install:/workdir/openwrt/build_dir/target-x86_64_musl/linux-x86_64/grub-efi/grub-2.12/apk-x86_64/grub2-efi/post-install" --script "post-upgrade:/workdir/openwrt/build_dir/target-x86_64_musl/linux-x86_64/grub-efi/grub-2.12/apk-x86_64/grub2-efi/post-upgrade" --script "pre-deinstall:/workdir/openwrt/build_dir/target-x86_64_musl/linux-x86_64/grub-efi/grub-2.12/apk-x86_64/grub2-efi/pre-deinstall" --info "depends:libc" --files "/workdir/openwrt/build_dir/target-x86_64_musl/linux-x86_64/grub-efi/grub-2.12/ipkg-x86_64/grub2-efi" --sign /workdir/openwrt/private-key.pem --output "/workdir/openwrt/bin/targets/x86/64/packages/grub2-efi-2.12-r1.apk"
build	Compile debug	2026-09-27T15:45:02.0496359Z rm -rf /workdir/openwrt/build_dir/target-x86_64_musl/linux-x86_64/grub-efi/grub-2.12/.pkgdir/grub2-efi.installed /workdir/openwrt/build_dir/target-x86_64_musl/linux-x86_64/grub-efi/grub-2.12/.pkgdir/grub2-efi
build	Compile debug	2026-09-27T15:45:02.0530964Z mkdir -p /workdir/openwrt/build_dir/target-x86_64_musl/linux-x86_64/grub-efi/grub-2.12/.pkgdir/grub2-efi
build	Compile debug	2026-09-27T15:45:02.0560167Z sed 's#msdos1#gpt1#g' ./files/grub-early.cfg >/workdir/openwrt/build_dir/target-x86_64_musl/linux-x86_64/grub-efi/grub-2.12/grub-early.cfg
build	Compile debug	2026-09-27T15:45:02.0592961Z /workdir/openwrt/staging_dir/host/bin/grub-mkimage -d /workdir/openwrt/build_dir/target-x86_64_musl/linux-x86_64/grub-efi/grub-2.12/grub-core -p /boot/grub -O "x86_64"-efi -c /workdir/openwrt/build_dir/target-x86_64_musl/linux-x86_64/grub-efi/grub-2.12/grub-early.cfg -o /workdir/openwrt/staging_dir/target-x86_64_musl/image/grub2/bootx64.efi at_keyboard boot chain configfile fat linux ls part_gpt reboot serial test efi_gop efi_uga
build	Compile debug	2026-09-27T15:45:02.0695713Z /workdir/openwrt/staging_dir/host/bin/grub-mkimage -d /workdir/openwrt/build_dir/target-x86_64_musl/linux-x86_64/grub-efi/grub-2.12/grub-core -p /boot/grub -O "x86_64"-efi -c ./files/grub-early.cfg -o /workdir/openwrt/staging_dir/target-x86_64_musl/image/grub2/iso-bootx64.efi boot chain configfile fat iso9660 linux ls part_msdos part_gpt reboot serial test efi_gop efi_uga
build	Compile debug	2026-09-27T15:45:02.0804661Z touch /workdir/openwrt/build_dir/target-x86_64_musl/linux-x86_64/grub-efi/grub-2.12/.pkgdir/grub2-efi.installed
build	Compile debug	2026-09-27T15:45:02.0833704Z mkdir -p /workdir/openwrt/staging_dir/target-x86_64_musl/root-x86/stamp
build	Compile debug	2026-09-27T15:45:02.0872170Z SHELL= flock /workdir/openwrt/tmp/.root-copy.flock -c 'cp -fpR /workdir/openwrt/build_dir/target-x86_64_musl/linux-x86_64/grub-efi/grub-2.12/.pkgdir/grub2-efi/. /workdir/openwrt/staging_dir/target-x86_64_musl/root-x86/'
build	Compile debug	2026-09-27T15:45:02.0916529Z touch /workdir/openwrt/staging_dir/target-x86_64_musl/root-x86/stamp/.grub2-efi_installed
build	Compile debug	2026-09-27T15:45:02.0942186Z echo "grub2-efi" >> /workdir/openwrt/staging_dir/target-x86_64_musl/pkginfo/grub2.efi.install
build	Compile debug	2026-09-27T15:45:02.0971819Z make[3]: Leaving directory '/workdir/openwrt/package/boot/grub2'
build	Compile debug	2026-09-27T15:45:02.0979980Z time: package/boot/grub2/efi/compile#0.22#0.27#0.56
build	Compile debug	2026-09-27T15:45:02.1099737Z make[3]: Entering directory '/workdir/openwrt/package/boot/grub2'
build	Compile debug	2026-09-27T15:45:02.3254427Z mkdir -p /workdir/openwrt/staging_dir/target-x86_64_musl/root-x86/stamp
build	Compile debug	2026-09-27T15:45:02.3293179Z SHELL= flock /workdir/openwrt/tmp/.root-copy.flock -c 'cp -fpR /workdir/openwrt/build_dir/target-x86_64_musl/linux-x86_64/grub-none/grub-2.12/.pkgdir/grub2-bios-setup/. /workdir/openwrt/staging_dir/target-x86_64_musl/root-x86/'
build	Compile debug	2026-09-27T15:45:02.3360344Z touch /workdir/openwrt/staging_dir/target-x86_64_musl/root-x86/stamp/.grub2-bios-setup_installed
build	Compile debug	2026-09-27T15:45:02.3386460Z echo "grub2-bios-setup" >> /workdir/openwrt/staging_dir/target-x86_64_musl/pkginfo/grub2.none.install
build	Compile debug	2026-09-27T15:45:02.3415411Z make[3]: Leaving directory '/workdir/openwrt/package/boot/grub2'
build	Compile debug	2026-09-27T15:45:02.3424925Z time: package/boot/grub2/none/compile#0.09#0.11#0.24
build	Compile debug	2026-09-27T15:45:02.3860025Z make[3]: Entering directory '/workdir/openwrt/package/utils/e2fsprogs'
build	Compile debug	2026-09-27T15:45:02.5165942Z mkdir -p /workdir/openwrt/staging_dir/target-x86_64_musl/root-x86/stamp
build	Compile debug	2026-09-27T15:45:02.5203149Z echo '0' | cmp -s - /workdir/openwrt/staging_dir/target-x86_64_musl/pkginfo/libcomerr.version || { mkdir -p /workdir/openwrt/staging_dir/target-x86_64_musl/pkginfo; echo '0' > /workdir/openwrt/staging_dir/target-x86_64_musl/pkginfo/libcomerr.version;  cp /workdir/openwrt/staging_dir/target-x86_64_musl/pkginfo/libcomerr.version /workdir/openwrt/staging_dir/target-x86_64_musl/pkginfo/libcomerr-any.version;  } 
build	Compile debug	2026-09-27T15:45:02.5235358Z SHELL= flock /workdir/openwrt/tmp/.root-copy.flock -c 'cp -fpR /workdir/openwrt/build_dir/target-x86_64_musl/e2fsprogs-1.47.4/.pkgdir/libcomerr/. /workdir/openwrt/staging_dir/target-x86_64_musl/root-x86/'
build	Compile debug	2026-09-27T15:45:02.5289891Z touch /workdir/openwrt/staging_dir/target-x86_64_musl/root-x86/stamp/.libcomerr_installed
build	Compile debug	2026-09-27T15:45:02.5316251Z echo "libcomerr" >> /workdir/openwrt/staging_dir/target-x86_64_musl/pkginfo/e2fsprogs.default.install
build	Compile debug	2026-09-27T15:45:02.5345432Z mkdir -p /workdir/openwrt/staging_dir/target-x86_64_musl/root-x86/stamp
build	Compile debug	2026-09-27T15:45:02.5381767Z echo '2' | cmp -s - /workdir/openwrt/staging_dir/target-x86_64_musl/pkginfo/libss.version || { mkdir -p /workdir/openwrt/staging_dir/target-x86_64_musl/pkginfo; echo '2' > /workdir/openwrt/staging_dir/target-x86_64_musl/pkginfo/libss.version;  cp /workdir/openwrt/staging_dir/target-x86_64_musl/pkginfo/libss.version /workdir/openwrt/staging_dir/target-x86_64_musl/pkginfo/libss-any.version;  } 
build	Compile debug	2026-09-27T15:45:02.5412768Z SHELL= flock /workdir/openwrt/tmp/.root-copy.flock -c 'cp -fpR /workdir/openwrt/build_dir/target-x86_64_musl/e2fsprogs-1.47.4/.pkgdir/libss/. /workdir/openwrt/staging_dir/target-x86_64_musl/root-x86/'
build	Compile debug	2026-09-27T15:45:02.5464376Z touch /workdir/openwrt/staging_dir/target-x86_64_musl/root-x86/stamp/.libss_installed
build	Compile debug	2026-09-27T15:45:02.5489559Z echo "libss" >> /workdir/openwrt/staging_dir/target-x86_64_musl/pkginfo/e2fsprogs.default.install
build	Compile debug	2026-09-27T15:45:02.5517122Z mkdir -p /workdir/openwrt/staging_dir/target-x86_64_musl/root-x86/stamp
build	Compile debug	2026-09-27T15:45:02.5551757Z echo '2' | cmp -s - /workdir/openwrt/staging_dir/target-x86_64_musl/pkginfo/libext2fs.version || { mkdir -p /workdir/openwrt/staging_dir/target-x86_64_musl/pkginfo; echo '2' > /workdir/openwrt/staging_dir/target-x86_64_musl/pkginfo/libext2fs.version;  cp /workdir/openwrt/staging_dir/target-x86_64_musl/pkginfo/libext2fs.version /workdir/openwrt/staging_dir/target-x86_64_musl/pkginfo/libext2fs-any.version;  } 
build	Compile debug	2026-09-27T15:45:02.5582163Z SHELL= flock /workdir/openwrt/tmp/.root-copy.flock -c 'cp -fpR /workdir/openwrt/build_dir/target-x86_64_musl/e2fsprogs-1.47.4/.pkgdir/libext2fs/. /workdir/openwrt/staging_dir/target-x86_64_musl/root-x86/'
build	Compile debug	2026-09-27T15:45:02.5691524Z touch /workdir/openwrt/staging_dir/target-x86_64_musl/root-x86/stamp/.libext2fs_installed
build	Compile debug	2026-09-27T15:45:02.5719191Z echo "libext2fs" >> /workdir/openwrt/staging_dir/target-x86_64_musl/pkginfo/e2fsprogs.default.install
build	Compile debug	2026-09-27T15:45:02.5746365Z mkdir -p /workdir/openwrt/staging_dir/target-x86_64_musl/root-x86/stamp
build	Compile debug	2026-09-27T15:45:02.5783095Z echo '2' | cmp -s - /workdir/openwrt/staging_dir/target-x86_64_musl/pkginfo/libe2p.version || { mkdir -p /workdir/openwrt/staging_dir/target-x86_64_musl/pkginfo; echo '2' > /workdir/openwrt/staging_dir/target-x86_64_musl/pkginfo/libe2p.version;  cp /workdir/openwrt/staging_dir/target-x86_64_musl/pkginfo/libe2p.version /workdir/openwrt/staging_dir/target-x86_64_musl/pkginfo/libe2p-any.version;  } 
build	Compile debug	2026-09-27T15:45:02.5814557Z SHELL= flock /workdir/openwrt/tmp/.root-copy.flock -c 'cp -fpR /workdir/openwrt/build_dir/target-x86_64_musl/e2fsprogs-1.47.4/.pkgdir/libe2p/. /workdir/openwrt/staging_dir/target-x86_64_musl/root-x86/'
build	Compile debug	2026-09-27T15:45:02.5862564Z touch /workdir/openwrt/staging_dir/target-x86_64_musl/root-x86/stamp/.libe2p_installed
build	Compile debug	2026-09-27T15:45:02.5888523Z echo "libe2p" >> /workdir/openwrt/staging_dir/target-x86_64_musl/pkginfo/e2fsprogs.default.install
build	Compile debug	2026-09-27T15:45:02.5916385Z mkdir -p /workdir/openwrt/staging_dir/target-x86_64_musl/root-x86/stamp
build	Compile debug	2026-09-27T15:45:02.5950733Z SHELL= flock /workdir/openwrt/tmp/.root-copy.flock -c 'cp -fpR /workdir/openwrt/build_dir/target-x86_64_musl/e2fsprogs-1.47.4/.pkgdir/e2fsprogs/. /workdir/openwrt/staging_dir/target-x86_64_musl/root-x86/'
build	Compile debug	2026-09-27T15:45:02.6022499Z touch /workdir/openwrt/staging_dir/target-x86_64_musl/root-x86/stamp/.e2fsprogs_installed
build	Compile debug	2026-09-27T15:45:02.6048722Z echo "e2fsprogs" >> /workdir/openwrt/staging_dir/target-x86_64_musl/pkginfo/e2fsprogs.default.install
build	Compile debug	2026-09-27T15:45:02.6077475Z mkdir -p /workdir/openwrt/staging_dir/target-x86_64_musl/root-x86/stamp
build	Compile debug	2026-09-27T15:45:02.6111664Z SHELL= flock /workdir/openwrt/tmp/.root-copy.flock -c 'cp -fpR /workdir/openwrt/build_dir/target-x86_64_musl/e2fsprogs-1.47.4/.pkgdir/chattr/. /workdir/openwrt/staging_dir/target-x86_64_musl/root-x86/'
build	Compile debug	2026-09-27T15:45:02.6161396Z touch /workdir/openwrt/staging_dir/target-x86_64_musl/root-x86/stamp/.chattr_installed
build	Compile debug	2026-09-27T15:45:02.6186644Z echo "chattr" >> /workdir/openwrt/staging_dir/target-x86_64_musl/pkginfo/e2fsprogs.default.install
build	Compile debug	2026-09-27T15:45:02.6213461Z mkdir -p /workdir/openwrt/staging_dir/target-x86_64_musl/root-x86/stamp
build	Compile debug	2026-09-27T15:45:02.6247542Z SHELL= flock /workdir/openwrt/tmp/.root-copy.flock -c 'cp -fpR /workdir/openwrt/build_dir/target-x86_64_musl/e2fsprogs-1.47.4/.pkgdir/lsattr/. /workdir/openwrt/staging_dir/target-x86_64_musl/root-x86/'
build	Compile debug	2026-09-27T15:45:02.6298544Z touch /workdir/openwrt/staging_dir/target-x86_64_musl/root-x86/stamp/.lsattr_installed
build	Compile debug	2026-09-27T15:45:02.6324642Z echo "lsattr" >> /workdir/openwrt/staging_dir/target-x86_64_musl/pkginfo/e2fsprogs.default.install
build	Compile debug	2026-09-27T15:45:02.6351531Z make[3]: Leaving directory '/workdir/openwrt/package/utils/e2fsprogs'
build	Compile debug	2026-09-27T15:45:02.6360443Z time: package/utils/e2fsprogs/compile#0.11#0.14#0.28
build	Compile debug	2026-09-27T15:45:02.6778401Z make[3]: Entering directory '/workdir/openwrt/package/emortal/automount'
build	Compile debug	2026-09-27T15:45:02.8622901Z mkdir -p /workdir/openwrt/staging_dir/target-x86_64_musl/root-x86/stamp
build	Compile debug	2026-09-27T15:45:02.8658428Z SHELL= flock /workdir/openwrt/tmp/.root-copy.flock -c 'cp -fpR /workdir/openwrt/build_dir/target-x86_64_musl/automount-ntfs3-mount/automount/.pkgdir/automount/. /workdir/openwrt/staging_dir/target-x86_64_musl/root-x86/'
build	Compile debug	2026-09-27T15:45:02.8705760Z touch /workdir/openwrt/staging_dir/target-x86_64_musl/root-x86/stamp/.automount_installed
build	Compile debug	2026-09-27T15:45:02.8731437Z echo "automount" >> /workdir/openwrt/staging_dir/target-x86_64_musl/pkginfo/automount.ntfs3-mount.install
build	Compile debug	2026-09-27T15:45:02.8758555Z mkdir -p /workdir/openwrt/staging_dir/target-x86_64_musl/root-x86/stamp
build	Compile debug	2026-09-27T15:45:02.8793633Z SHELL= flock /workdir/openwrt/tmp/.root-copy.flock -c 'cp -fpR /workdir/openwrt/build_dir/target-x86_64_musl/automount-ntfs3-mount/automount/.pkgdir/ntfs3-mount/. /workdir/openwrt/staging_dir/target-x86_64_musl/root-x86/'
build	Compile debug	2026-09-27T15:45:02.8839116Z touch /workdir/openwrt/staging_dir/target-x86_64_musl/root-x86/stamp/.ntfs3-mount_installed
build	Compile debug	2026-09-27T15:45:02.8864908Z echo "ntfs3-mount" >> /workdir/openwrt/staging_dir/target-x86_64_musl/pkginfo/automount.ntfs3-mount.install
build	Compile debug	2026-09-27T15:45:02.8891117Z make[3]: Leaving directory '/workdir/openwrt/package/emortal/automount'
build	Compile debug	2026-09-27T15:45:02.8899242Z time: package/emortal/automount/ntfs3-mount/compile#0.18#0.06#0.24
build	Compile debug	2026-09-27T15:45:02.9335438Z make[3]: Entering directory '/workdir/openwrt/feeds/luci/modules/luci-base'
build	Compile debug	2026-09-27T15:45:03.4498724Z [ ! -d ./src/ ] || cp -fpR ./src/* /workdir/openwrt/build_dir/hostpkg/luci-base
build	Compile debug	2026-09-27T15:45:03.4564290Z touch /workdir/openwrt/build_dir/hostpkg/luci-base/.prepared5302191ce80564b43b31e83955bad746_6664517399ebbbc92a37c5bb081b5c53
build	Compile debug	2026-09-27T15:45:03.4589680Z touch /workdir/openwrt/build_dir/hostpkg/luci-base/.configured
build	Compile debug	2026-09-27T15:45:03.4738398Z make -C src/ clean po2lmo jsmin
build	Compile debug	2026-09-27T15:45:03.4778310Z make[4]: Entering directory '/workdir/openwrt/feeds/luci/modules/luci-base/src'
build	Compile debug	2026-09-27T15:45:03.4779491Z rm -f contrib/lemon lib/*.o lib/plural_formula.c lib/plural_formula.h *.o core.so jsmin po2lmo version.uc
build	Compile debug	2026-09-27T15:45:03.4796729Z cc    -DNDEBUG -c -o po2lmo.o po2lmo.c
build	Compile debug	2026-09-27T15:45:03.5310313Z cc -std=gnu17 -o contrib/lemon contrib/lemon.c
build	Compile debug	2026-09-27T15:45:03.7629016Z ./contrib/lemon -q lib/plural_formula.y
build	Compile debug	2026-09-27T15:45:03.7649207Z cc    -DNDEBUG -c -o lib/lmo.o lib/lmo.c
build	Compile debug	2026-09-27T15:45:03.8129445Z cc    -DNDEBUG -c -o lib/plural_formula.o lib/plural_formula.c
build	Compile debug	2026-09-27T15:45:03.8412723Z cc  -o po2lmo po2lmo.o lib/lmo.o lib/plural_formula.o
build	Compile debug	2026-09-27T15:45:03.8601522Z cc    -DNDEBUG -c -o jsmin.o jsmin.c
build	Compile debug	2026-09-27T15:45:03.8888450Z cc  -o jsmin jsmin.o
build	Compile debug	2026-09-27T15:45:03.9066559Z make[4]: Leaving directory '/workdir/openwrt/feeds/luci/modules/luci-base/src'
build	Compile debug	2026-09-27T15:45:03.9067582Z touch /workdir/openwrt/build_dir/hostpkg/luci-base/.built
build	Compile debug	2026-09-27T15:45:03.9120870Z install -d -m0755 /workdir/openwrt/staging_dir/hostpkg/bin
build	Compile debug	2026-09-27T15:45:03.9159116Z install -m0755 src/po2lmo /workdir/openwrt/staging_dir/hostpkg/bin/po2lmo
build	Compile debug	2026-09-27T15:45:03.9189594Z install -m0755 src/jsmin /workdir/openwrt/staging_dir/hostpkg/bin/jsmin
build	Compile debug	2026-09-27T15:45:03.9220447Z mkdir -p /workdir/openwrt/staging_dir/hostpkg/stamp
build	Compile debug	2026-09-27T15:45:03.9248153Z touch /workdir/openwrt/build_dir/hostpkg/luci-base/.built
build	Compile debug	2026-09-27T15:45:03.9273456Z touch /workdir/openwrt/staging_dir/hostpkg/stamp/.luci-base_installed 
build	Compile debug	2026-09-27T15:45:03.9298545Z make[3]: Leaving directory '/workdir/openwrt/feeds/luci/modules/luci-base'
build	Compile debug	2026-09-27T15:45:03.9307326Z time: package/feeds/luci/luci-base/host-compile#0.54#0.49#1.03
build	Compile debug	2026-09-27T15:45:03.9434333Z make[3]: Entering directory '/workdir/openwrt/feeds/luci/contrib/package/lucihttp'
build	Compile debug	2026-09-27T15:45:04.0444220Z mkdir -p /workdir/openwrt/staging_dir/target-x86_64_musl/root-x86/stamp
build	Compile debug	2026-09-27T15:45:04.0482425Z echo '0' | cmp -s - /workdir/openwrt/staging_dir/target-x86_64_musl/pkginfo/liblucihttp.version || { mkdir -p /workdir/openwrt/staging_dir/target-x86_64_musl/pkginfo; echo '0' > /workdir/openwrt/staging_dir/target-x86_64_musl/pkginfo/liblucihttp.version;  cp /workdir/openwrt/staging_dir/target-x86_64_musl/pkginfo/liblucihttp.version /workdir/openwrt/staging_dir/target-x86_64_musl/pkginfo/liblucihttp-any.version;  } 
build	Compile debug	2026-09-27T15:45:04.0514090Z SHELL= flock /workdir/openwrt/tmp/.root-copy.flock -c 'cp -fpR /workdir/openwrt/build_dir/target-x86_64_musl/lucihttp-2023.03.15~9b5b683f/.pkgdir/liblucihttp/. /workdir/openwrt/staging_dir/target-x86_64_musl/root-x86/'
build	Compile debug	2026-09-27T15:45:04.0569616Z touch /workdir/openwrt/staging_dir/target-x86_64_musl/root-x86/stamp/.liblucihttp_installed
build	Compile debug	2026-09-27T15:45:04.0596709Z echo "liblucihttp" >> /workdir/openwrt/staging_dir/target-x86_64_musl/pkginfo/lucihttp.default.install
build	Compile debug	2026-09-27T15:45:04.0625803Z mkdir -p /workdir/openwrt/staging_dir/target-x86_64_musl/root-x86/stamp
build	Compile debug	2026-09-27T15:45:04.0662116Z SHELL= flock /workdir/openwrt/tmp/.root-copy.flock -c 'cp -fpR /workdir/openwrt/build_dir/target-x86_64_musl/lucihttp-2023.03.15~9b5b683f/.pkgdir/liblucihttp-lua/. /workdir/openwrt/staging_dir/target-x86_64_musl/root-x86/'
build	Compile debug	2026-09-27T15:45:04.0716192Z touch /workdir/openwrt/staging_dir/target-x86_64_musl/root-x86/stamp/.liblucihttp-lua_installed
build	Compile debug	2026-09-27T15:45:04.0742450Z echo "liblucihttp-lua" >> /workdir/openwrt/staging_dir/target-x86_64_musl/pkginfo/lucihttp.default.install
build	Compile debug	2026-09-27T15:45:04.0769936Z mkdir -p /workdir/openwrt/staging_dir/target-x86_64_musl/root-x86/stamp
build	Compile debug	2026-09-27T15:45:04.0806072Z SHELL= flock /workdir/openwrt/tmp/.root-copy.flock -c 'cp -fpR /workdir/openwrt/build_dir/target-x86_64_musl/lucihttp-2023.03.15~9b5b683f/.pkgdir/liblucihttp-ucode/. /workdir/openwrt/staging_dir/target-x86_64_musl/root-x86/'
build	Compile debug	2026-09-27T15:45:04.0853242Z touch /workdir/openwrt/staging_dir/target-x86_64_musl/root-x86/stamp/.liblucihttp-ucode_installed
build	Compile debug	2026-09-27T15:45:04.0878369Z echo "liblucihttp-ucode" >> /workdir/openwrt/staging_dir/target-x86_64_musl/pkginfo/lucihttp.default.install
build	Compile debug	2026-09-27T15:45:04.0905684Z make[3]: Leaving directory '/workdir/openwrt/feeds/luci/contrib/package/lucihttp'
build	Compile debug	2026-09-27T15:45:04.0913689Z time: package/feeds/luci/lucihttp/compile#0.07#0.08#0.15
build	Compile debug	2026-09-27T15:45:04.1041009Z make[3]: Entering directory '/workdir/openwrt/package/network/utils/iwinfo'
build	Compile debug	2026-09-27T15:45:04.2062690Z mkdir -p /workdir/openwrt/staging_dir/target-x86_64_musl/root-x86/stamp
build	Compile debug	2026-09-27T15:45:04.2102099Z echo '20230701' | cmp -s - /workdir/openwrt/staging_dir/target-x86_64_musl/pkginfo/libiwinfo.version || { mkdir -p /workdir/openwrt/staging_dir/target-x86_64_musl/pkginfo; echo '20230701' > /workdir/openwrt/staging_dir/target-x86_64_musl/pkginfo/libiwinfo.version;  cp /workdir/openwrt/staging_dir/target-x86_64_musl/pkginfo/libiwinfo.version /workdir/openwrt/staging_dir/target-x86_64_musl/pkginfo/libiwinfo-any.version;  } 
build	Compile debug	2026-09-27T15:45:04.2132445Z SHELL= flock /workdir/openwrt/tmp/.root-copy.flock -c 'cp -fpR /workdir/openwrt/build_dir/target-x86_64_musl/libiwinfo-2026.05.26~66bdd1a0/.pkgdir/libiwinfo/. /workdir/openwrt/staging_dir/target-x86_64_musl/root-x86/'
build	Compile debug	2026-09-27T15:45:04.2187916Z touch /workdir/openwrt/staging_dir/target-x86_64_musl/root-x86/stamp/.libiwinfo_installed
build	Compile debug	2026-09-27T15:45:04.2213103Z echo "libiwinfo" >> /workdir/openwrt/staging_dir/target-x86_64_musl/pkginfo/iwinfo.default.install
build	Compile debug	2026-09-27T15:45:04.2241747Z mkdir -p /workdir/openwrt/staging_dir/target-x86_64_musl/root-x86/stamp
build	Compile debug	2026-09-27T15:45:04.2278598Z SHELL= flock /workdir/openwrt/tmp/.root-copy.flock -c 'cp -fpR /workdir/openwrt/build_dir/target-x86_64_musl/libiwinfo-2026.05.26~66bdd1a0/.pkgdir/libiwinfo-data/. /workdir/openwrt/staging_dir/target-x86_64_musl/root-x86/'
build	Compile debug	2026-09-27T15:45:04.2324943Z touch /workdir/openwrt/staging_dir/target-x86_64_musl/root-x86/stamp/.libiwinfo-data_installed
build	Compile debug	2026-09-27T15:45:04.2350556Z echo "libiwinfo-data" >> /workdir/openwrt/staging_dir/target-x86_64_musl/pkginfo/iwinfo.default.install
build	Compile debug	2026-09-27T15:45:04.2377610Z make[3]: Leaving directory '/workdir/openwrt/package/network/utils/iwinfo'
build	Compile debug	2026-09-27T15:45:04.2386094Z time: package/network/utils/iwinfo/compile#0.06#0.08#0.14
build	Compile debug	2026-09-27T15:45:04.2515208Z make[3]: Entering directory '/workdir/openwrt/package/system/rpcd'
build	Compile debug	2026-09-27T15:45:04.3845316Z mkdir -p /workdir/openwrt/staging_dir/target-x86_64_musl/root-x86/stamp
build	Compile debug	2026-09-27T15:45:04.3883052Z SHELL= flock /workdir/openwrt/tmp/.root-copy.flock -c 'cp -fpR /workdir/openwrt/build_dir/target-x86_64_musl/rpcd-2026.07.19~e37ed9d8/.pkgdir/rpcd/. /workdir/openwrt/staging_dir/target-x86_64_musl/root-x86/'
build	Compile debug	2026-09-27T15:45:04.3954324Z touch /workdir/openwrt/staging_dir/target-x86_64_musl/root-x86/stamp/.rpcd_installed
build	Compile debug	2026-09-27T15:45:04.3981603Z echo "rpcd" >> /workdir/openwrt/staging_dir/target-x86_64_musl/pkginfo/rpcd.default.install
build	Compile debug	2026-09-27T15:45:04.4011035Z mkdir -p /workdir/openwrt/staging_dir/target-x86_64_musl/root-x86/stamp
build	Compile debug	2026-09-27T15:45:04.4049162Z SHELL= flock /workdir/openwrt/tmp/.root-copy.flock -c 'cp -fpR /workdir/openwrt/build_dir/target-x86_64_musl/rpcd-2026.07.19~e37ed9d8/.pkgdir/rpcd-mod-file/. /workdir/openwrt/staging_dir/target-x86_64_musl/root-x86/'
build	Compile debug	2026-09-27T15:45:04.4103962Z touch /workdir/openwrt/staging_dir/target-x86_64_musl/root-x86/stamp/.rpcd-mod-file_installed
build	Compile debug	2026-09-27T15:45:04.4129752Z echo "rpcd-mod-file" >> /workdir/openwrt/staging_dir/target-x86_64_musl/pkginfo/rpcd.default.install
build	Compile debug	2026-09-27T15:45:04.4157505Z mkdir -p /workdir/openwrt/staging_dir/target-x86_64_musl/root-x86/stamp
build	Compile debug	2026-09-27T15:45:04.4194627Z SHELL= flock /workdir/openwrt/tmp/.root-copy.flock -c 'cp -fpR /workdir/openwrt/build_dir/target-x86_64_musl/rpcd-2026.07.19~e37ed9d8/.pkgdir/rpcd-mod-iwinfo/. /workdir/openwrt/staging_dir/target-x86_64_musl/root-x86/'
build	Compile debug	2026-09-27T15:45:04.4243703Z touch /workdir/openwrt/staging_dir/target-x86_64_musl/root-x86/stamp/.rpcd-mod-iwinfo_installed
build	Compile debug	2026-09-27T15:45:04.4268647Z echo "rpcd-mod-iwinfo" >> /workdir/openwrt/staging_dir/target-x86_64_musl/pkginfo/rpcd.default.install
build	Compile debug	2026-09-27T15:45:04.4297010Z mkdir -p /workdir/openwrt/staging_dir/target-x86_64_musl/root-x86/stamp
build	Compile debug	2026-09-27T15:45:04.4332795Z SHELL= flock /workdir/openwrt/tmp/.root-copy.flock -c 'cp -fpR /workdir/openwrt/build_dir/target-x86_64_musl/rpcd-2026.07.19~e37ed9d8/.pkgdir/rpcd-mod-ucode/. /workdir/openwrt/staging_dir/target-x86_64_musl/root-x86/'
build	Compile debug	2026-09-27T15:45:04.4386031Z touch /workdir/openwrt/staging_dir/target-x86_64_musl/root-x86/stamp/.rpcd-mod-ucode_installed
build	Compile debug	2026-09-27T15:45:04.4414106Z echo "rpcd-mod-ucode" >> /workdir/openwrt/staging_dir/target-x86_64_musl/pkginfo/rpcd.default.install
build	Compile debug	2026-09-27T15:45:04.4443769Z make[3]: Leaving directory '/workdir/openwrt/package/system/rpcd'
build	Compile debug	2026-09-27T15:45:04.4452346Z time: package/system/rpcd/compile#0.08#0.11#0.20
build	Compile debug	2026-09-27T15:45:04.4898695Z make[3]: Entering directory '/workdir/openwrt/feeds/luci/libs/rpcd-mod-luci'
build	Compile debug	2026-09-27T15:45:04.5564520Z mkdir -p /workdir/openwrt/staging_dir/target-x86_64_musl/root-x86/stamp
build	Compile debug	2026-09-27T15:45:04.5602086Z SHELL= flock /workdir/openwrt/tmp/.root-copy.flock -c 'cp -fpR /workdir/openwrt/build_dir/target-x86_64_musl/rpcd-mod-luci-20240305/.pkgdir/rpcd-mod-luci/. /workdir/openwrt/staging_dir/target-x86_64_musl/root-x86/'
build	Compile debug	2026-09-27T15:45:04.5648812Z touch /workdir/openwrt/staging_dir/target-x86_64_musl/root-x86/stamp/.rpcd-mod-luci_installed
build	Compile debug	2026-09-27T15:45:04.5674674Z echo "rpcd-mod-luci" >> /workdir/openwrt/staging_dir/target-x86_64_musl/pkginfo/rpcd-mod-luci.default.install
build	Compile debug	2026-09-27T15:45:04.5704502Z make[3]: Leaving directory '/workdir/openwrt/feeds/luci/libs/rpcd-mod-luci'
build	Compile debug	2026-09-27T15:45:04.5714517Z time: package/feeds/luci/rpcd-mod-luci/compile#0.07#0.05#0.12
build	Compile debug	2026-09-27T15:45:04.6149267Z make[3]: Entering directory '/workdir/openwrt/feeds/luci/contrib/package/ucode-mod-html'
build	Compile debug	2026-09-27T15:45:04.7837381Z mkdir -p /workdir/openwrt/staging_dir/target-x86_64_musl/root-x86/stamp
build	Compile debug	2026-09-27T15:45:04.7875060Z SHELL= flock /workdir/openwrt/tmp/.root-copy.flock -c 'cp -fpR /workdir/openwrt/build_dir/target-x86_64_musl/ucode-mod-html/.pkgdir/ucode-mod-html/. /workdir/openwrt/staging_dir/target-x86_64_musl/root-x86/'
build	Compile debug	2026-09-27T15:45:04.7929813Z touch /workdir/openwrt/staging_dir/target-x86_64_musl/root-x86/stamp/.ucode-mod-html_installed
build	Compile debug	2026-09-27T15:45:04.7956032Z echo "ucode-mod-html" >> /workdir/openwrt/staging_dir/target-x86_64_musl/pkginfo/ucode-mod-html.default.install
build	Compile debug	2026-09-27T15:45:04.7984430Z make[3]: Leaving directory '/workdir/openwrt/feeds/luci/contrib/package/ucode-mod-html'
build	Compile debug	2026-09-27T15:45:04.7993317Z time: package/feeds/luci/ucode-mod-html/compile#0.15#0.07#0.22
build	Compile debug	2026-09-27T15:45:04.8124714Z make[3]: Entering directory '/workdir/openwrt/feeds/packages/net/cgi-io'
build	Compile debug	2026-09-27T15:45:04.9131150Z mkdir -p /workdir/openwrt/staging_dir/target-x86_64_musl/root-x86/stamp
build	Compile debug	2026-09-27T15:45:04.9166844Z SHELL= flock /workdir/openwrt/tmp/.root-copy.flock -c 'cp -fpR /workdir/openwrt/build_dir/target-x86_64_musl/cgi-io-2026.07.21~31cb3c89/.pkgdir/cgi-io/. /workdir/openwrt/staging_dir/target-x86_64_musl/root-x86/'
build	Compile debug	2026-09-27T15:45:04.9236123Z touch /workdir/openwrt/staging_dir/target-x86_64_musl/root-x86/stamp/.cgi-io_installed
build	Compile debug	2026-09-27T15:45:04.9262771Z echo "cgi-io" >> /workdir/openwrt/staging_dir/target-x86_64_musl/pkginfo/cgi-io.default.install
build	Compile debug	2026-09-27T15:45:04.9290526Z make[3]: Leaving directory '/workdir/openwrt/feeds/packages/net/cgi-io'
build	Compile debug	2026-09-27T15:45:04.9298776Z time: package/feeds/packages/cgi-io/compile#0.05#0.06#0.12
build	Compile debug	2026-09-27T15:45:04.9424529Z make[3]: Entering directory '/workdir/openwrt/feeds/luci/contrib/package/csstidy'
build	Compile debug	2026-09-27T15:45:05.0581028Z make[3]: Leaving directory '/workdir/openwrt/feeds/luci/contrib/package/csstidy'
build	Compile debug	2026-09-27T15:45:05.0588194Z time: package/feeds/luci/csstidy/host-compile#0.07#0.04#0.12
build	Compile debug	2026-09-27T15:45:05.0716493Z make[3]: Entering directory '/workdir/openwrt/package/utils/ucode'
build	Compile debug	2026-09-27T15:45:05.1728050Z make[3]: Leaving directory '/workdir/openwrt/package/utils/ucode'
build	Compile debug	2026-09-27T15:45:05.1735734Z time: package/utils/ucode/host-compile#0.05#0.04#0.11
build	Compile debug	2026-09-27T15:45:05.2166561Z make[3]: Entering directory '/workdir/openwrt/feeds/luci/modules/luci-base'
build	Compile debug	2026-09-27T15:45:05.7465273Z touch /workdir/openwrt/build_dir/target-x86_64_musl/luci-base/.prepared_229febd921a3be0d37cfa767ecdaa276_6664517399ebbbc92a37c5bb081b5c53_check
build	Compile debug	2026-09-27T15:45:05.7491592Z for d in luasrc ucode htdocs root src; do if [ -d ./$d ]; then mkdir -p /workdir/openwrt/build_dir/target-x86_64_musl/luci-base/$d; cp -fpR ./$d/* /workdir/openwrt/build_dir/target-x86_64_musl/luci-base/$d/; fi; done
build	Compile debug	2026-09-27T15:45:05.7678791Z cp -fpR ../../NOTICE /workdir/openwrt/build_dir/target-x86_64_musl/luci-base
build	Compile debug	2026-09-27T15:45:05.7708066Z cp -fpR ../../LICENSE /workdir/openwrt/build_dir/target-x86_64_musl/luci-base
build	Compile debug	2026-09-27T15:45:05.7737181Z true
build	Compile debug	2026-09-27T15:45:05.7757516Z find /workdir/openwrt/build_dir/target-x86_64_musl/luci-base -mindepth 1 -type f -not -name '.*' -not -name 'version.date' -printf '%T@\n' 2>/dev/null | cut -d. -f1 | sort -n | tail -n1 > /workdir/openwrt/build_dir/target-x86_64_musl/luci-base/version.date
build	Compile debug	2026-09-27T15:45:05.7801799Z [ ! -d ./src/ ] || cp -fpR ./src/. /workdir/openwrt/build_dir/target-x86_64_musl/luci-base
build	Compile debug	2026-09-27T15:45:05.7864456Z touch /workdir/openwrt/build_dir/target-x86_64_musl/luci-base/.prepared_229febd921a3be0d37cfa767ecdaa276_6664517399ebbbc92a37c5bb081b5c53
build	Compile debug	2026-09-27T15:45:05.7889520Z rm -f /workdir/openwrt/build_dir/target-x86_64_musl/luci-base/.configured_*
build	Compile debug	2026-09-27T15:45:05.7925357Z rm -f /workdir/openwrt/staging_dir/target-x86_64_musl/stamp/.luci-base_installed
build	Compile debug	2026-09-27T15:45:05.7973289Z touch /workdir/openwrt/build_dir/target-x86_64_musl/luci-base/.configured_98715a68001fc082a2454d67bd205c32
build	Compile debug	2026-09-27T15:45:05.8109325Z rm -f /workdir/openwrt/build_dir/target-x86_64_musl/luci-base/.built
build	Compile debug	2026-09-27T15:45:05.8145600Z touch /workdir/openwrt/build_dir/target-x86_64_musl/luci-base/.built_check
build	Compile debug	2026-09-27T15:45:05.8182786Z CFLAGS="-Os -pipe -fno-caller-saves -fno-plt -fhonour-copts -fmacro-prefix-map=/workdir/openwrt/build_dir/target-x86_64_musl/luci-base=luci-base -fmacro-prefix-map=/workdir/openwrt/staging_dir/target-x86_64_musl=staging_dir/target-x86_64_musl -Wl,-z,max-page-size=4096 -Wformat -Werror=format-security -fstack-protector -D_FORTIFY_SOURCE=1 -Wl,-z,now -Wl,-z,relro -Wl,-z,pack-relative-relocs  -I/workdir/openwrt/staging_dir/toolchain-x86_64_gcc-14.4.0_musl/usr/include -I/workdir/openwrt/staging_dir/toolchain-x86_64_gcc-14.4.0_musl/include -I/workdir/openwrt/staging_dir/toolchain-x86_64_gcc-14.4.0_musl/include/fortify " CXXFLAGS="-Os -pipe -fno-caller-saves -fno-plt -fhonour-copts -fmacro-prefix-map=/workdir/openwrt/build_dir/target-x86_64_musl/luci-base=luci-base -fmacro-prefix-map=/workdir/openwrt/staging_dir/target-x86_64_musl=staging_dir/target-x86_64_musl -Wl,-z,max-page-size=4096 -Wformat -Werror=format-security -fstack-protector -D_FORTIFY_SOURCE=1 -Wl,-z,now -Wl,-z,relro -Wl,-z,pack-relative-relocs  -I/workdir/openwrt/staging_dir/toolchain-x86_64_gcc-14.4.0_musl/usr/include -I/workdir/openwrt/staging_dir/toolchain-x86_64_gcc-14.4.0_musl/include -I/workdir/openwrt/staging_dir/toolchain-x86_64_gcc-14.4.0_musl/include/fortify " LDFLAGS="-L/workdir/openwrt/staging_dir/toolchain-x86_64_gcc-14.4.0_musl/usr/lib -L/workdir/openwrt/staging_dir/toolchain-x86_64_gcc-14.4.0_musl/lib -fuse-ld=bfd -zmax-page-size=4096 -znow -zrelro -zpack-relative-relocs " FPIC="-DPIC -fpic" LUCI_VERSION="26.261.08411~adc898b" LUCI_GITBRANCH="LuCI Master" make -j1 -C /workdir/openwrt/build_dir/target-x86_64_musl/luci-base/src/ AR="x86_64-openwrt-linux-musl-gcc-ar" AS="x86_64-openwrt-linux-musl-gcc -c -Os -pipe -fno-caller-saves -fno-plt -fhonour-copts -fmacro-prefix-map=/workdir/openwrt/build_dir/target-x86_64_musl/luci-base=luci-base -fmacro-prefix-map=/workdir/openwrt/staging_dir/target-x86_64_musl=staging_dir/target-x86_64_musl -Wl,-z,max-page-size=4096 -Wformat -Werror=format-security -fstack-protector -D_FORTIFY_SOURCE=1 -Wl,-z,now -Wl,-z,relro -Wl,-z,pack-relative-relocs" LD="x86_64-openwrt-linux-musl-ld.bfd" NM="x86_64-openwrt-linux-musl-gcc-nm" CC="x86_64-openwrt-linux-musl-gcc" GCC="x86_64-openwrt-linux-musl-gcc" CXX="x86_64-openwrt-linux-musl-g++" RANLIB="x86_64-openwrt-linux-musl-gcc-ranlib" STRIP=x86_64-openwrt-linux-musl-strip OBJCOPY=x86_64-openwrt-linux-musl-objcopy OBJDUMP=x86_64-openwrt-linux-musl-objdump SIZE=x86_64-openwrt-linux-musl-size CROSS="x86_64-openwrt-linux-musl-" ARCH="x86_64" clean compile;
build	Compile debug	2026-09-27T15:45:05.8203787Z make[4]: Entering directory '/workdir/openwrt/build_dir/target-x86_64_musl/luci-base/src'
build	Compile debug	2026-09-27T15:45:05.8204857Z rm -f contrib/lemon lib/*.o lib/plural_formula.c lib/plural_formula.h *.o core.so jsmin po2lmo version.uc
build	Compile debug	2026-09-27T15:45:05.8226846Z x86_64-openwrt-linux-musl-gcc  -Os -pipe -fno-caller-saves -fno-plt -fhonour-copts -fmacro-prefix-map=/workdir/openwrt/build_dir/target-x86_64_musl/luci-base=luci-base -fmacro-prefix-map=/workdir/openwrt/staging_dir/target-x86_64_musl=staging_dir/target-x86_64_musl -Wl,-z,max-page-size=4096 -Wformat -Werror=format-security -fstack-protector -D_FORTIFY_SOURCE=1 -Wl,-z,now -Wl,-z,relro -Wl,-z,pack-relative-relocs  -I/workdir/openwrt/staging_dir/toolchain-x86_64_gcc-14.4.0_musl/usr/include -I/workdir/openwrt/staging_dir/toolchain-x86_64_gcc-14.4.0_musl/include -I/workdir/openwrt/staging_dir/toolchain-x86_64_gcc-14.4.0_musl/include/fortify  -DPIC -fpic -DNDEBUG -c -o lib/luci.o lib/luci.c
build	Compile debug	2026-09-27T15:45:05.9447419Z cc -std=gnu17 -o contrib/lemon contrib/lemon.c
build	Compile debug	2026-09-27T15:45:06.1757779Z ./contrib/lemon -q lib/plural_formula.y
build	Compile debug	2026-09-27T15:45:06.1781450Z x86_64-openwrt-linux-musl-gcc  -Os -pipe -fno-caller-saves -fno-plt -fhonour-copts -fmacro-prefix-map=/workdir/openwrt/build_dir/target-x86_64_musl/luci-base=luci-base -fmacro-prefix-map=/workdir/openwrt/staging_dir/target-x86_64_musl=staging_dir/target-x86_64_musl -Wl,-z,max-page-size=4096 -Wformat -Werror=format-security -fstack-protector -D_FORTIFY_SOURCE=1 -Wl,-z,now -Wl,-z,relro -Wl,-z,pack-relative-relocs  -I/workdir/openwrt/staging_dir/toolchain-x86_64_gcc-14.4.0_musl/usr/include -I/workdir/openwrt/staging_dir/toolchain-x86_64_gcc-14.4.0_musl/include -I/workdir/openwrt/staging_dir/toolchain-x86_64_gcc-14.4.0_musl/include/fortify  -DPIC -fpic -DNDEBUG -c -o lib/lmo.o lib/lmo.c
build	Compile debug	2026-09-27T15:45:06.3120331Z x86_64-openwrt-linux-musl-gcc  -Os -pipe -fno-caller-saves -fno-plt -fhonour-copts -fmacro-prefix-map=/workdir/openwrt/build_dir/target-x86_64_musl/luci-base=luci-base -fmacro-prefix-map=/workdir/openwrt/staging_dir/target-x86_64_musl=staging_dir/target-x86_64_musl -Wl,-z,max-page-size=4096 -Wformat -Werror=format-security -fstack-protector -D_FORTIFY_SOURCE=1 -Wl,-z,now -Wl,-z,relro -Wl,-z,pack-relative-relocs  -I/workdir/openwrt/staging_dir/toolchain-x86_64_gcc-14.4.0_musl/usr/include -I/workdir/openwrt/staging_dir/toolchain-x86_64_gcc-14.4.0_musl/include -I/workdir/openwrt/staging_dir/toolchain-x86_64_gcc-14.4.0_musl/include/fortify  -DPIC -fpic -DNDEBUG -c -o lib/plural_formula.o lib/plural_formula.c
build	Compile debug	2026-09-27T15:45:06.3669334Z x86_64-openwrt-linux-musl-gcc -L/workdir/openwrt/staging_dir/toolchain-x86_64_gcc-14.4.0_musl/usr/lib -L/workdir/openwrt/staging_dir/toolchain-x86_64_gcc-14.4.0_musl/lib -fuse-ld=bfd -zmax-page-size=4096 -znow -zrelro -zpack-relative-relocs  -shared -lcrypt -o core.so lib/luci.o lib/lmo.o lib/plural_formula.o
build	Compile debug	2026-09-27T15:45:06.3766897Z echo "export const revision = '26.261.08411~adc898b', branch = 'LuCI Master';" > version.uc
build	Compile debug	2026-09-27T15:45:06.3777188Z make[4]: Leaving directory '/workdir/openwrt/build_dir/target-x86_64_musl/luci-base/src'
build	Compile debug	2026-09-27T15:45:06.3792026Z CFLAGS="-Os -pipe -fno-caller-saves -fno-plt -fhonour-copts -fmacro-prefix-map=/workdir/openwrt/build_dir/target-x86_64_musl/luci-base=luci-base -fmacro-prefix-map=/workdir/openwrt/staging_dir/target-x86_64_musl=staging_dir/target-x86_64_musl -Wl,-z,max-page-size=4096 -Wformat -Werror=format-security -fstack-protector -D_FORTIFY_SOURCE=1 -Wl,-z,now -Wl,-z,relro -Wl,-z,pack-relative-relocs  -I/workdir/openwrt/staging_dir/toolchain-x86_64_gcc-14.4.0_musl/usr/include -I/workdir/openwrt/staging_dir/toolchain-x86_64_gcc-14.4.0_musl/include -I/workdir/openwrt/staging_dir/toolchain-x86_64_gcc-14.4.0_musl/include/fortify " CXXFLAGS="-Os -pipe -fno-caller-saves -fno-plt -fhonour-copts -fmacro-prefix-map=/workdir/openwrt/build_dir/target-x86_64_musl/luci-base=luci-base -fmacro-prefix-map=/workdir/openwrt/staging_dir/target-x86_64_musl=staging_dir/target-x86_64_musl -Wl,-z,max-page-size=4096 -Wformat -Werror=format-security -fstack-protector -D_FORTIFY_SOURCE=1 -Wl,-z,now -Wl,-z,relro -Wl,-z,pack-relative-relocs  -I/workdir/openwrt/staging_dir/toolchain-x86_64_gcc-14.4.0_musl/usr/include -I/workdir/openwrt/staging_dir/toolchain-x86_64_gcc-14.4.0_musl/include -I/workdir/openwrt/staging_dir/toolchain-x86_64_gcc-14.4.0_musl/include/fortify " LDFLAGS="-L/workdir/openwrt/staging_dir/toolchain-x86_64_gcc-14.4.0_musl/usr/lib -L/workdir/openwrt/staging_dir/toolchain-x86_64_gcc-14.4.0_musl/lib -fuse-ld=bfd -zmax-page-size=4096 -znow -zrelro -zpack-relative-relocs " FPIC="-DPIC -fpic" LUCI_VERSION="26.261.08411~adc898b" LUCI_GITBRANCH="LuCI Master" make -C /workdir/openwrt/build_dir/target-x86_64_musl/luci-base/src/ AR="x86_64-openwrt-linux-musl-gcc-ar" AS="x86_64-openwrt-linux-musl-gcc -c -Os -pipe -fno-caller-saves -fno-plt -fhonour-copts -fmacro-prefix-map=/workdir/openwrt/build_dir/target-x86_64_musl/luci-base=luci-base -fmacro-prefix-map=/workdir/openwrt/staging_dir/target-x86_64_musl=staging_dir/target-x86_64_musl -Wl,-z,max-page-size=4096 -Wformat -Werror=format-security -fstack-protector -D_FORTIFY_SOURCE=1 -Wl,-z,now -Wl,-z,relro -Wl,-z,pack-relative-relocs" LD="x86_64-openwrt-linux-musl-ld.bfd" NM="x86_64-openwrt-linux-musl-gcc-nm" CC="x86_64-openwrt-linux-musl-gcc" GCC="x86_64-openwrt-linux-musl-gcc" CXX="x86_64-openwrt-linux-musl-g++" RANLIB="x86_64-openwrt-linux-musl-gcc-ranlib" STRIP=x86_64-openwrt-linux-musl-strip OBJCOPY=x86_64-openwrt-linux-musl-objcopy OBJDUMP=x86_64-openwrt-linux-musl-objdump SIZE=x86_64-openwrt-linux-musl-size CROSS="x86_64-openwrt-linux-musl-" ARCH="x86_64" DESTDIR="/workdir/openwrt/build_dir/target-x86_64_musl/luci-base/ipkg-install"   install;
build	Compile debug	2026-09-27T15:45:06.3815410Z make[4]: Entering directory '/workdir/openwrt/build_dir/target-x86_64_musl/luci-base/src'
build	Compile debug	2026-09-27T15:45:06.3816435Z mkdir -p /workdir/openwrt/build_dir/target-x86_64_musl/luci-base/ipkg-install/usr/lib/ucode/luci
build	Compile debug	2026-09-27T15:45:06.3828625Z cp core.so /workdir/openwrt/build_dir/target-x86_64_musl/luci-base/ipkg-install/usr/lib/ucode/luci/core.so
build	Compile debug	2026-09-27T15:45:06.3841395Z mkdir -p /workdir/openwrt/build_dir/target-x86_64_musl/luci-base/ipkg-install/usr/share/ucode/luci
build	Compile debug	2026-09-27T15:45:06.3852937Z cp version.uc /workdir/openwrt/build_dir/target-x86_64_musl/luci-base/ipkg-install/usr/share/ucode/luci/version.uc
build	Compile debug	2026-09-27T15:45:06.3865694Z make[4]: Leaving directory '/workdir/openwrt/build_dir/target-x86_64_musl/luci-base/src'
build	Compile debug	2026-09-27T15:45:06.3867500Z touch /workdir/openwrt/build_dir/target-x86_64_musl/luci-base/.built
build	Compile debug	2026-09-27T15:45:06.4178107Z rm -rf /workdir/openwrt/build_dir/target-x86_64_musl/luci-base/ipkg-x86_64/luci-base
build	Compile debug	2026-09-27T15:45:06.4213901Z /workdir/openwrt/scripts/ipkg-remove luci-base /workdir/openwrt/bin/packages/x86_64/luci/luci-base-26.261.08411~adc898b.apk
build	Compile debug	2026-09-27T15:45:06.4258208Z removed '/workdir/openwrt/bin/packages/x86_64/luci/luci-base-26.261.08411~adc898b.apk'
build	Compile debug	2026-09-27T15:45:06.4262652Z mkdir -p /workdir/openwrt/bin/targets/x86/64/packages /workdir/openwrt/build_dir/target-x86_64_musl/luci-base/ipkg-x86_64/luci-base /workdir/openwrt/staging_dir/target-x86_64_musl/pkginfo
build	Compile debug	2026-09-27T15:45:06.4290649Z install -d -m0755 /workdir/openwrt/build_dir/target-x86_64_musl/luci-base/ipkg-x86_64/luci-base/usr/share/ucode/luci
build	Compile debug	2026-09-27T15:45:06.4321952Z cp -pR /workdir/openwrt/build_dir/target-x86_64_musl/luci-base/ucode/* /workdir/openwrt/build_dir/target-x86_64_musl/luci-base/ipkg-x86_64/luci-base/usr/share/ucode/luci/
build	Compile debug	2026-09-27T15:45:06.4367282Z find /workdir/openwrt/build_dir/target-x86_64_musl/luci-base/ipkg-x86_64/luci-base/usr/share/ucode/luci/ -type f -name '*.htm' | while read src; do /workdir/openwrt/staging_dir/host/bin/sed -i -e 's/<%# *\([^ ]*\)PKG_VERSION *%>/\126.261.08411~adc898b/g' -e 's/"\(<%= *\(media\|resource\) *%>[^"]*\.\(js\|css\)\)"/"\1?v=26.261.08411~adc898b"/g' "$src"; done; find /workdir/openwrt/build_dir/target-x86_64_musl/luci-base/ipkg-x86_64/luci-base/usr/share/ucode/luci/ -type f -name '*.ut' | while read src; do /workdir/openwrt/staging_dir/host/bin/sed -i -e 's/{# *\([^ ]*\)PKG_VERSION *#}/\126.261.08411~adc898b/g' -e 's/"\({{ *\(media\|resource\) *}}[^"]*\.\(js\|css\)\)"/"\1?v=26.261.08411~adc898b"/g' "$src"; done
build	Compile debug	2026-09-27T15:45:06.4497113Z find /workdir/openwrt/build_dir/target-x86_64_musl/luci-base/ipkg-x86_64/luci-base/usr/share/ucode/luci/ -type f -name '*.ut' | while read src; do ucode -T, -s -cno-interp,dynlink=luci.core,dynlink=digest,dynlink=log,dynlink=nl80211,dynlink=resolv,dynlink=rtnl,dynlink=ubus,dynlink=uci,dynlink=uloop -o "$src.o" "$src" || exit 1; mv "$src.o" "$src" && chmod 0644 "$src"; done
build	Compile debug	2026-09-27T15:45:06.4769380Z install -d -m0755 /workdir/openwrt/build_dir/target-x86_64_musl/luci-base/ipkg-x86_64/luci-base/www
build	Compile debug	2026-09-27T15:45:06.4800037Z cp -pR /workdir/openwrt/build_dir/target-x86_64_musl/luci-base/htdocs/* /workdir/openwrt/build_dir/target-x86_64_musl/luci-base/ipkg-x86_64/luci-base/www/
build	Compile debug	2026-09-27T15:45:06.4867734Z find /workdir/openwrt/build_dir/target-x86_64_musl/luci-base/ipkg-x86_64/luci-base/www/ -type f -name '*.js' | while read src; do if jsmin < "$src" > "$src.o"; then mv "$src.o" "$src"; fi; done
build	Compile debug	2026-09-27T15:45:06.5405351Z find /workdir/openwrt/build_dir/target-x86_64_musl/luci-base/ipkg-x86_64/luci-base/www/ -type f -name '*.css' | while read src; do if csstidy "$src" --template=highest --remove_last_semicolon=true "$src.o"; then mv "$src.o" "$src"; fi; done
build	Compile debug	2026-09-27T15:45:06.5437705Z install -d -m0755 /workdir/openwrt/build_dir/target-x86_64_musl/luci-base/ipkg-x86_64/luci-base/
build	Compile debug	2026-09-27T15:45:06.5466996Z cp -pR /workdir/openwrt/build_dir/target-x86_64_musl/luci-base/root/* /workdir/openwrt/build_dir/target-x86_64_musl/luci-base/ipkg-x86_64/luci-base/
build	Compile debug	2026-09-27T15:45:06.5520280Z CFLAGS="-Os -pipe -fno-caller-saves -fno-plt -fhonour-copts -fmacro-prefix-map=/workdir/openwrt/build_dir/target-x86_64_musl/luci-base=luci-base -fmacro-prefix-map=/workdir/openwrt/staging_dir/target-x86_64_musl=staging_dir/target-x86_64_musl -Wl,-z,max-page-size=4096 -Wformat -Werror=format-security -fstack-protector -D_FORTIFY_SOURCE=1 -Wl,-z,now -Wl,-z,relro -Wl,-z,pack-relative-relocs  -I/workdir/openwrt/staging_dir/toolchain-x86_64_gcc-14.4.0_musl/usr/include -I/workdir/openwrt/staging_dir/toolchain-x86_64_gcc-14.4.0_musl/include -I/workdir/openwrt/staging_dir/toolchain-x86_64_gcc-14.4.0_musl/include/fortify " CXXFLAGS="-Os -pipe -fno-caller-saves -fno-plt -fhonour-copts -fmacro-prefix-map=/workdir/openwrt/build_dir/target-x86_64_musl/luci-base=luci-base -fmacro-prefix-map=/workdir/openwrt/staging_dir/target-x86_64_musl=staging_dir/target-x86_64_musl -Wl,-z,max-page-size=4096 -Wformat -Werror=format-security -fstack-protector -D_FORTIFY_SOURCE=1 -Wl,-z,now -Wl,-z,relro -Wl,-z,pack-relative-relocs  -I/workdir/openwrt/staging_dir/toolchain-x86_64_gcc-14.4.0_musl/usr/include -I/workdir/openwrt/staging_dir/toolchain-x86_64_gcc-14.4.0_musl/include -I/workdir/openwrt/staging_dir/toolchain-x86_64_gcc-14.4.0_musl/include/fortify " LDFLAGS="-L/workdir/openwrt/staging_dir/toolchain-x86_64_gcc-14.4.0_musl/usr/lib -L/workdir/openwrt/staging_dir/toolchain-x86_64_gcc-14.4.0_musl/lib -fuse-ld=bfd -zmax-page-size=4096 -znow -zrelro -zpack-relative-relocs " FPIC="-DPIC -fpic" LUCI_VERSION="26.261.08411~adc898b" LUCI_GITBRANCH="LuCI Master" make -C /workdir/openwrt/build_dir/target-x86_64_musl/luci-base/src/ AR="x86_64-openwrt-linux-musl-gcc-ar" AS="x86_64-openwrt-linux-musl-gcc -c -Os -pipe -fno-caller-saves -fno-plt -fhonour-copts -fmacro-prefix-map=/workdir/openwrt/build_dir/target-x86_64_musl/luci-base=luci-base -fmacro-prefix-map=/workdir/openwrt/staging_dir/target-x86_64_musl=staging_dir/target-x86_64_musl -Wl,-z,max-page-size=4096 -Wformat -Werror=format-security -fstack-protector -D_FORTIFY_SOURCE=1 -Wl,-z,now -Wl,-z,relro -Wl,-z,pack-relative-relocs" LD="x86_64-openwrt-linux-musl-ld.bfd" NM="x86_64-openwrt-linux-musl-gcc-nm" CC="x86_64-openwrt-linux-musl-gcc" GCC="x86_64-openwrt-linux-musl-gcc" CXX="x86_64-openwrt-linux-musl-g++" RANLIB="x86_64-openwrt-linux-musl-gcc-ranlib" STRIP=x86_64-openwrt-linux-musl-strip OBJCOPY=x86_64-openwrt-linux-musl-objcopy OBJDUMP=x86_64-openwrt-linux-musl-objdump SIZE=x86_64-openwrt-linux-musl-size CROSS="x86_64-openwrt-linux-musl-" ARCH="x86_64" DESTDIR="/workdir/openwrt/build_dir/target-x86_64_musl/luci-base/ipkg-install"   install;
build	Compile debug	2026-09-27T15:45:06.5544565Z make[4]: Entering directory '/workdir/openwrt/build_dir/target-x86_64_musl/luci-base/src'
build	Compile debug	2026-09-27T15:45:06.5545266Z mkdir -p /workdir/openwrt/build_dir/target-x86_64_musl/luci-base/ipkg-install/usr/lib/ucode/luci
build	Compile debug	2026-09-27T15:45:06.5556583Z cp core.so /workdir/openwrt/build_dir/target-x86_64_musl/luci-base/ipkg-install/usr/lib/ucode/luci/core.so
build	Compile debug	2026-09-27T15:45:06.5572035Z mkdir -p /workdir/openwrt/build_dir/target-x86_64_musl/luci-base/ipkg-install/usr/share/ucode/luci
build	Compile debug	2026-09-27T15:45:06.5583053Z cp version.uc /workdir/openwrt/build_dir/target-x86_64_musl/luci-base/ipkg-install/usr/share/ucode/luci/version.uc
build	Compile debug	2026-09-27T15:45:06.5596600Z make[4]: Leaving directory '/workdir/openwrt/build_dir/target-x86_64_musl/luci-base/src'
build	Compile debug	2026-09-27T15:45:06.5598971Z cp -fpR /workdir/openwrt/build_dir/target-x86_64_musl/luci-base/ipkg-install/* /workdir/openwrt/build_dir/target-x86_64_musl/luci-base/ipkg-x86_64/luci-base/
build	Compile debug	2026-09-27T15:45:06.5635995Z find /workdir/openwrt/build_dir/target-x86_64_musl/luci-base/ipkg-x86_64/luci-base -name '.svn' -o -name '.#*' -o -name '*~'| xargs -r rm -rf
build	Compile debug	2026-09-27T15:45:06.8682940Z export CROSS="x86_64-openwrt-linux-musl-"  NO_RENAME=1 ; NM="x86_64-openwrt-linux-musl-nm" STRIP="/workdir/openwrt/staging_dir/host/bin/sstrip -z" STRIP_KMOD="/workdir/openwrt/scripts/strip-kmod.sh" PATCHELF="/workdir/openwrt/staging_dir/host/bin/patchelf" /workdir/openwrt/scripts/rstrip.sh /workdir/openwrt/build_dir/target-x86_64_musl/luci-base/ipkg-x86_64/luci-base
build	Compile debug	2026-09-27T15:45:07.1326036Z rstrip.sh: /workdir/openwrt/build_dir/target-x86_64_musl/luci-base/ipkg-x86_64/luci-base/usr/lib/ucode/luci/core.so: shared object
build	Compile debug	2026-09-27T15:45:07.1427034Z install -d -m0755 /workdir/openwrt/bin/packages/x86_64/luci
build	Compile debug	2026-09-27T15:45:07.1455823Z mkdir -p /workdir/openwrt/build_dir/target-x86_64_musl/luci-base/apk-x86_64/luci-base/
build	Compile debug	2026-09-27T15:45:07.1484307Z mkdir -p /workdir/openwrt/build_dir/target-x86_64_musl/luci-base/ipkg-x86_64/luci-base/lib/apk/packages/
build	Compile debug	2026-09-27T15:45:07.1512470Z (cd /workdir/openwrt/build_dir/target-x86_64_musl/luci-base/apk-x86_64/luci-base; echo "$V_Package_luci_base_conffiles" > conffiles;  echo "$V_Package_luci_base_postinst" > postinst-pkg; chmod 0755 postinst-pkg;)
build	Compile debug	2026-09-27T15:45:07.1549709Z ( echo "#!/bin/sh"; echo "[ \"\${IPKG_NO_SCRIPT}\" = \"1\" ] && exit 0"; echo "[ -s "\${IPKG_INSTROOT}/lib/functions.sh" ] || exit 0"; echo ". \${IPKG_INSTROOT}/lib/functions.sh"; echo 'export root="${IPKG_INSTROOT}"'; echo 'export pkgname="luci-base"'; echo "add_group_and_user"; echo "default_postinst"; [ ! -f /workdir/openwrt/build_dir/target-x86_64_musl/luci-base/apk-x86_64/luci-base/postinst-pkg ] || sed '/^\s*#!/d' "/workdir/openwrt/build_dir/target-x86_64_musl/luci-base/apk-x86_64/luci-base/postinst-pkg"; ) > /workdir/openwrt/build_dir/target-x86_64_musl/luci-base/apk-x86_64/luci-base/post-install;
build	Compile debug	2026-09-27T15:45:07.1583223Z ( echo "#!/bin/sh"; echo 'export PKG_UPGRADE=1'; [ ! -f /workdir/openwrt/build_dir/target-x86_64_musl/luci-base/apk-x86_64/luci-base/post-install ] || sed '/^\s*#!/d' "/workdir/openwrt/build_dir/target-x86_64_musl/luci-base/apk-x86_64/luci-base/post-install"; ) > /workdir/openwrt/build_dir/target-x86_64_musl/luci-base/apk-x86_64/luci-base/post-upgrade;
build	Compile debug	2026-09-27T15:45:07.1619323Z ( echo "#!/bin/sh"; echo "[ -s "\${IPKG_INSTROOT}/lib/functions.sh" ] || exit 0"; echo ". \${IPKG_INSTROOT}/lib/functions.sh"; echo 'export root="${IPKG_INSTROOT}"'; echo 'export pkgname="luci-base"'; echo "default_prerm"; [ ! -f /workdir/openwrt/build_dir/target-x86_64_musl/luci-base/apk-x86_64/luci-base/prerm-pkg ] || sed '/^\s*#!/d' "/workdir/openwrt/build_dir/target-x86_64_musl/luci-base/apk-x86_64/luci-base/prerm-pkg"; ) > /workdir/openwrt/build_dir/target-x86_64_musl/luci-base/apk-x86_64/luci-base/pre-deinstall;
build	Compile debug	2026-09-27T15:45:07.1640778Z [ ! -f /workdir/openwrt/build_dir/target-x86_64_musl/luci-base/apk-x86_64/luci-base/postrm ] || sed -zi 's/^\s*#!/#!/' "/workdir/openwrt/build_dir/target-x86_64_musl/luci-base/apk-x86_64/luci-base/postrm";
build	Compile debug	2026-09-27T15:45:07.1659380Z if [ -n "" ]; then echo  > /workdir/openwrt/build_dir/target-x86_64_musl/luci-base/ipkg-x86_64/luci-base/lib/apk/packages/luci-base.rusers; fi;
build	Compile debug	2026-09-27T15:45:07.1677392Z if [ -n "" ]; then echo  > /workdir/openwrt/build_dir/target-x86_64_musl/luci-base/ipkg-x86_64/luci-base/lib/apk/packages/luci-base.alternatives; fi;
build	Compile debug	2026-09-27T15:45:07.1697894Z (cd /workdir/openwrt/build_dir/target-x86_64_musl/luci-base/ipkg-x86_64/luci-base && find . -type f,l -printf "/%P\n" | sort > /workdir/openwrt/tmp/luci-base.list && mv /workdir/openwrt/tmp/luci-base.list /workdir/openwrt/build_dir/target-x86_64_musl/luci-base/ipkg-x86_64/luci-base/lib/apk/packages/luci-base.list)
build	Compile debug	2026-09-27T15:45:07.1754857Z # Move conffiles to IDIR and build conffiles_static with csums
build	Compile debug	2026-09-27T15:45:07.1779241Z if [ -f /workdir/openwrt/build_dir/target-x86_64_musl/luci-base/apk-x86_64/luci-base/conffiles ]; then mv -f /workdir/openwrt/build_dir/target-x86_64_musl/luci-base/apk-x86_64/luci-base/conffiles /workdir/openwrt/build_dir/target-x86_64_musl/luci-base/ipkg-x86_64/luci-base/lib/apk/packages/luci-base.conffiles; for file in $(cat /workdir/openwrt/build_dir/target-x86_64_musl/luci-base/ipkg-x86_64/luci-base/lib/apk/packages/luci-base.conffiles); do [ -f /workdir/openwrt/build_dir/target-x86_64_musl/luci-base/ipkg-x86_64/luci-base/$file ] || continue; csum=$(/workdir/openwrt/staging_dir/host/bin/mkhash sha256 /workdir/openwrt/build_dir/target-x86_64_musl/luci-base/ipkg-x86_64/luci-base/$file); echo $file $csum >> /workdir/openwrt/build_dir/target-x86_64_musl/luci-base/ipkg-x86_64/luci-base/lib/apk/packages/luci-base.conffiles_static; done; fi
build	Compile debug	2026-09-27T15:45:07.1831895Z # Some package (base-files) manually append stuff to conffiles
build	Compile debug	2026-09-27T15:45:07.1849996Z # Append stuff from it and delete the CONTROL directory since everything else should be migrated
build	Compile debug	2026-09-27T15:45:07.1870969Z if [ -f /workdir/openwrt/build_dir/target-x86_64_musl/luci-base/ipkg-x86_64/luci-base/CONTROL/conffiles ]; then echo $(IDIR_luci-base)/CONTROL/conffiles >> /workdir/openwrt/build_dir/target-x86_64_musl/luci-base/ipkg-x86_64/luci-base/lib/apk/packages/luci-base.conffiles; for file in $(cat /workdir/openwrt/build_dir/target-x86_64_musl/luci-base/ipkg-x86_64/luci-base/CONTROL/conffiles); do [ -f /workdir/openwrt/build_dir/target-x86_64_musl/luci-base/ipkg-x86_64/luci-base/$file ] || continue; csum=$(/workdir/openwrt/staging_dir/host/bin/mkhash sha256 /workdir/openwrt/build_dir/target-x86_64_musl/luci-base/ipkg-x86_64/luci-base/$file); echo $file $csum >> /workdir/openwrt/build_dir/target-x86_64_musl/luci-base/ipkg-x86_64/luci-base/lib/apk/packages/luci-base.conffiles_static; done; rm -rf /workdir/openwrt/build_dir/target-x86_64_musl/luci-base/ipkg-x86_64/luci-base/CONTROL/conffiles; fi
build	Compile debug	2026-09-27T15:45:07.1888634Z if [ -z "$(ls -A /workdir/openwrt/build_dir/target-x86_64_musl/luci-base/ipkg-x86_64/luci-base/CONTROL 2>/dev/null)" ]; then rm -rf /workdir/openwrt/build_dir/target-x86_64_musl/luci-base/ipkg-x86_64/luci-base/CONTROL; else echo "CONTROL directory /workdir/openwrt/build_dir/target-x86_64_musl/luci-base/ipkg-x86_64/luci-base/CONTROL is not empty! This is not right and should be checked!" >&2; exit 1; fi
build	Compile debug	2026-09-27T15:45:07.1938163Z SOURCE_DATE_EPOCH=0 /workdir/openwrt/staging_dir/host/bin/fakeroot /workdir/openwrt/staging_dir/host/bin/apk mkpkg --info "name:luci-base" --info "version:26.261.08411~adc898b" --info "tags:openwrt:section=luci" --info "description:LuCI core runtime" --info "arch:x86_64" --info "license:Apache-2.0" --info "origin:feeds/luci/feeds/luci/modules/luci-base" --info "url:https://github.com/openwrt/luci" --info "maintainer:OpenWrt LuCI community" --info "provides:luci-base-any"  --script "post-install:/workdir/openwrt/build_dir/target-x86_64_musl/luci-base/apk-x86_64/luci-base/post-install" --script "post-upgrade:/workdir/openwrt/build_dir/target-x86_64_musl/luci-base/apk-x86_64/luci-base/post-upgrade" --script "pre-deinstall:/workdir/openwrt/build_dir/target-x86_64_musl/luci-base/apk-x86_64/luci-base/pre-deinstall" --info "depends:ucode>=2026.02.27 libc rpcd rpcd-mod-file rpcd-mod-luci rpcd-mod-ucode cgi-io ucode-mod-fs ucode-mod-log ucode-mod-uci ucode-mod-ubus ucode-mod-html liblucihttp-ucode" --files "/workdir/openwrt/build_dir/target-x86_64_musl/luci-base/ipkg-x86_64/luci-base" --sign /workdir/openwrt/private-key.pem --output "/workdir/openwrt/bin/packages/x86_64/luci/luci-base-26.261.08411~adc898b.apk"
build	Compile debug	2026-09-27T15:45:07.2692487Z rm -rf /workdir/openwrt/build_dir/target-x86_64_musl/luci-base/ipkg-all/luci-i18n-base-zh-cn
build	Compile debug	2026-09-27T15:45:07.2727335Z /workdir/openwrt/scripts/ipkg-remove luci-i18n-base-zh-cn /workdir/openwrt/bin/packages/x86_64/luci/luci-i18n-base-zh-cn-26.261.08411~adc898b.apk
build	Compile debug	2026-09-27T15:45:07.2772333Z removed '/workdir/openwrt/bin/packages/x86_64/luci/luci-i18n-base-zh-cn-26.261.08411~adc898b.apk'
build	Compile debug	2026-09-27T15:45:07.2776037Z mkdir -p /workdir/openwrt/bin/targets/x86/64/packages /workdir/openwrt/build_dir/target-x86_64_musl/luci-base/ipkg-all/luci-i18n-base-zh-cn /workdir/openwrt/staging_dir/target-x86_64_musl/pkginfo
build	Compile debug	2026-09-27T15:45:07.2805613Z install -d -m0755 /workdir/openwrt/build_dir/target-x86_64_musl/luci-base/ipkg-all/luci-i18n-base-zh-cn/etc/uci-defaults
build	Compile debug	2026-09-27T15:45:07.2864188Z echo "uci set luci.languages.zh_cn='简体中文 (Simplified Chinese)'; uci commit luci" > /workdir/openwrt/build_dir/target-x86_64_musl/luci-base/ipkg-all/luci-i18n-base-zh-cn/etc/uci-defaults/luci-i18n-base-zh-cn
build	Compile debug	2026-09-27T15:45:07.2865684Z install -d -m0755 /workdir/openwrt/build_dir/target-x86_64_musl/luci-base/ipkg-all/luci-i18n-base-zh-cn/usr/lib/lua/luci/i18n
build	Compile debug	2026-09-27T15:45:07.2887561Z po2lmo /workdir/openwrt/feeds/luci/modules/luci-base/po/zh_Hans/base.po /workdir/openwrt/build_dir/target-x86_64_musl/luci-base/ipkg-all/luci-i18n-base-zh-cn/usr/lib/lua/luci/i18n/base.zh-cn.lmo;
build	Compile debug	2026-09-27T15:45:07.3444660Z find /workdir/openwrt/build_dir/target-x86_64_musl/luci-base/ipkg-all/luci-i18n-base-zh-cn -name '.svn' -o -name '.#*' -o -name '*~'| xargs -r rm -rf
build	Compile debug	2026-09-27T15:45:07.3766202Z export CROSS="x86_64-openwrt-linux-musl-"  NO_RENAME=1 ; NM="x86_64-openwrt-linux-musl-nm" STRIP="/workdir/openwrt/staging_dir/host/bin/sstrip -z" STRIP_KMOD="/workdir/openwrt/scripts/strip-kmod.sh" PATCHELF="/workdir/openwrt/staging_dir/host/bin/patchelf" /workdir/openwrt/scripts/rstrip.sh /workdir/openwrt/build_dir/target-x86_64_musl/luci-base/ipkg-all/luci-i18n-base-zh-cn
build	Compile debug	2026-09-27T15:45:07.3895590Z install -d -m0755 /workdir/openwrt/bin/packages/x86_64/luci
build	Compile debug	2026-09-27T15:45:07.3925304Z mkdir -p /workdir/openwrt/build_dir/target-x86_64_musl/luci-base/apk-all/luci-i18n-base-zh-cn/
build	Compile debug	2026-09-27T15:45:07.3953591Z mkdir -p /workdir/openwrt/build_dir/target-x86_64_musl/luci-base/ipkg-all/luci-i18n-base-zh-cn/lib/apk/packages/
build	Compile debug	2026-09-27T15:45:07.3982175Z (cd /workdir/openwrt/build_dir/target-x86_64_musl/luci-base/apk-all/luci-i18n-base-zh-cn; )
build	Compile debug	2026-09-27T15:45:07.4007738Z ( echo "#!/bin/sh"; echo "[ \"\${IPKG_NO_SCRIPT}\" = \"1\" ] && exit 0"; echo "[ -s "\${IPKG_INSTROOT}/lib/functions.sh" ] || exit 0"; echo ". \${IPKG_INSTROOT}/lib/functions.sh"; echo 'export root="${IPKG_INSTROOT}"'; echo 'export pkgname="luci-i18n-base-zh-cn"'; echo "add_group_and_user"; echo "default_postinst"; [ ! -f /workdir/openwrt/build_dir/target-x86_64_musl/luci-base/apk-all/luci-i18n-base-zh-cn/postinst-pkg ] || sed '/^\s*#!/d' "/workdir/openwrt/build_dir/target-x86_64_musl/luci-base/apk-all/luci-i18n-base-zh-cn/postinst-pkg"; ) > /workdir/openwrt/build_dir/target-x86_64_musl/luci-base/apk-all/luci-i18n-base-zh-cn/post-install;
build	Compile debug	2026-09-27T15:45:07.4030442Z ( echo "#!/bin/sh"; echo 'export PKG_UPGRADE=1'; [ ! -f /workdir/openwrt/build_dir/target-x86_64_musl/luci-base/apk-all/luci-i18n-base-zh-cn/post-install ] || sed '/^\s*#!/d' "/workdir/openwrt/build_dir/target-x86_64_musl/luci-base/apk-all/luci-i18n-base-zh-cn/post-install"; ) > /workdir/openwrt/build_dir/target-x86_64_musl/luci-base/apk-all/luci-i18n-base-zh-cn/post-upgrade;
build	Compile debug	2026-09-27T15:45:07.4066828Z ( echo "#!/bin/sh"; echo "[ -s "\${IPKG_INSTROOT}/lib/functions.sh" ] || exit 0"; echo ". \${IPKG_INSTROOT}/lib/functions.sh"; echo 'export root="${IPKG_INSTROOT}"'; echo 'export pkgname="luci-i18n-base-zh-cn"'; echo "default_prerm"; [ ! -f /workdir/openwrt/build_dir/target-x86_64_musl/luci-base/apk-all/luci-i18n-base-zh-cn/prerm-pkg ] || sed '/^\s*#!/d' "/workdir/openwrt/build_dir/target-x86_64_musl/luci-base/apk-all/luci-i18n-base-zh-cn/prerm-pkg"; ) > /workdir/openwrt/build_dir/target-x86_64_musl/luci-base/apk-all/luci-i18n-base-zh-cn/pre-deinstall;
build	Compile debug	2026-09-27T15:45:07.4088274Z [ ! -f /workdir/openwrt/build_dir/target-x86_64_musl/luci-base/apk-all/luci-i18n-base-zh-cn/postrm ] || sed -zi 's/^\s*#!/#!/' "/workdir/openwrt/build_dir/target-x86_64_musl/luci-base/apk-all/luci-i18n-base-zh-cn/postrm";
build	Compile debug	2026-09-27T15:45:07.4106882Z if [ -n "" ]; then echo  > /workdir/openwrt/build_dir/target-x86_64_musl/luci-base/ipkg-all/luci-i18n-base-zh-cn/lib/apk/packages/luci-i18n-base-zh-cn.rusers; fi;
build	Compile debug	2026-09-27T15:45:07.4124846Z if [ -n "" ]; then echo  > /workdir/openwrt/build_dir/target-x86_64_musl/luci-base/ipkg-all/luci-i18n-base-zh-cn/lib/apk/packages/luci-i18n-base-zh-cn.alternatives; fi;
build	Compile debug	2026-09-27T15:45:07.4144375Z (cd /workdir/openwrt/build_dir/target-x86_64_musl/luci-base/ipkg-all/luci-i18n-base-zh-cn && find . -type f,l -printf "/%P\n" | sort > /workdir/openwrt/tmp/luci-i18n-base-zh-cn.list && mv /workdir/openwrt/tmp/luci-i18n-base-zh-cn.list /workdir/openwrt/build_dir/target-x86_64_musl/luci-base/ipkg-all/luci-i18n-base-zh-cn/lib/apk/packages/luci-i18n-base-zh-cn.list)
build	Compile debug	2026-09-27T15:45:07.4194148Z # Move conffiles to IDIR and build conffiles_static with csums
build	Compile debug	2026-09-27T15:45:07.4217134Z if [ -f /workdir/openwrt/build_dir/target-x86_64_musl/luci-base/apk-all/luci-i18n-base-zh-cn/conffiles ]; then mv -f /workdir/openwrt/build_dir/target-x86_64_musl/luci-base/apk-all/luci-i18n-base-zh-cn/conffiles /workdir/openwrt/build_dir/target-x86_64_musl/luci-base/ipkg-all/luci-i18n-base-zh-cn/lib/apk/packages/luci-i18n-base-zh-cn.conffiles; for file in $(cat /workdir/openwrt/build_dir/target-x86_64_musl/luci-base/ipkg-all/luci-i18n-base-zh-cn/lib/apk/packages/luci-i18n-base-zh-cn.conffiles); do [ -f /workdir/openwrt/build_dir/target-x86_64_musl/luci-base/ipkg-all/luci-i18n-base-zh-cn/$file ] || continue; csum=$(/workdir/openwrt/staging_dir/host/bin/mkhash sha256 /workdir/openwrt/build_dir/target-x86_64_musl/luci-base/ipkg-all/luci-i18n-base-zh-cn/$file); echo $file $csum >> /workdir/openwrt/build_dir/target-x86_64_musl/luci-base/ipkg-all/luci-i18n-base-zh-cn/lib/apk/packages/luci-i18n-base-zh-cn.conffiles_static; done; fi
build	Compile debug	2026-09-27T15:45:07.4231076Z # Some package (base-files) manually append stuff to conffiles
build	Compile debug	2026-09-27T15:45:07.4249710Z # Append stuff from it and delete the CONTROL directory since everything else should be migrated
build	Compile debug	2026-09-27T15:45:07.4272227Z if [ -f /workdir/openwrt/build_dir/target-x86_64_musl/luci-base/ipkg-all/luci-i18n-base-zh-cn/CONTROL/conffiles ]; then echo $(IDIR_luci-i18n-base-zh-cn)/CONTROL/conffiles >> /workdir/openwrt/build_dir/target-x86_64_musl/luci-base/ipkg-all/luci-i18n-base-zh-cn/lib/apk/packages/luci-i18n-base-zh-cn.conffiles; for file in $(cat /workdir/openwrt/build_dir/target-x86_64_musl/luci-base/ipkg-all/luci-i18n-base-zh-cn/CONTROL/conffiles); do [ -f /workdir/openwrt/build_dir/target-x86_64_musl/luci-base/ipkg-all/luci-i18n-base-zh-cn/$file ] || continue; csum=$(/workdir/openwrt/staging_dir/host/bin/mkhash sha256 /workdir/openwrt/build_dir/target-x86_64_musl/luci-base/ipkg-all/luci-i18n-base-zh-cn/$file); echo $file $csum >> /workdir/openwrt/build_dir/target-x86_64_musl/luci-base/ipkg-all/luci-i18n-base-zh-cn/lib/apk/packages/luci-i18n-base-zh-cn.conffiles_static; done; rm -rf /workdir/openwrt/build_dir/target-x86_64_musl/luci-base/ipkg-all/luci-i18n-base-zh-cn/CONTROL/conffiles; fi
build	Compile debug	2026-09-27T15:45:07.4288767Z if [ -z "$(ls -A /workdir/openwrt/build_dir/target-x86_64_musl/luci-base/ipkg-all/luci-i18n-base-zh-cn/CONTROL 2>/dev/null)" ]; then rm -rf /workdir/openwrt/build_dir/target-x86_64_musl/luci-base/ipkg-all/luci-i18n-base-zh-cn/CONTROL; else echo "CONTROL directory /workdir/openwrt/build_dir/target-x86_64_musl/luci-base/ipkg-all/luci-i18n-base-zh-cn/CONTROL is not empty! This is not right and should be checked!" >&2; exit 1; fi
build	Compile debug	2026-09-27T15:45:07.4337923Z SOURCE_DATE_EPOCH=0 /workdir/openwrt/staging_dir/host/bin/fakeroot /workdir/openwrt/staging_dir/host/bin/apk mkpkg --info "name:luci-i18n-base-zh-cn" --info "version:26.261.08411~adc898b" --info "tags:openwrt:section=luci" --info "description:Translation for luci-base - 简体中文 (Simplified Chinese)" --info "arch:noarch" --info "license:Apache-2.0" --info "origin:feeds/luci/feeds/luci/modules/luci-base" --info "url:" --info "maintainer:" --info "provides:luci-i18n-base-zh-cn-any"  --script "post-install:/workdir/openwrt/build_dir/target-x86_64_musl/luci-base/apk-all/luci-i18n-base-zh-cn/post-install" --script "post-upgrade:/workdir/openwrt/build_dir/target-x86_64_musl/luci-base/apk-all/luci-i18n-base-zh-cn/post-upgrade" --script "pre-deinstall:/workdir/openwrt/build_dir/target-x86_64_musl/luci-base/apk-all/luci-i18n-base-zh-cn/pre-deinstall" --info "depends:libc luci-base" --files "/workdir/openwrt/build_dir/target-x86_64_musl/luci-base/ipkg-all/luci-i18n-base-zh-cn" --sign /workdir/openwrt/private-key.pem --output "/workdir/openwrt/bin/packages/x86_64/luci/luci-i18n-base-zh-cn-26.261.08411~adc898b.apk"
build	Compile debug	2026-09-27T15:45:07.5143474Z rm -rf /workdir/openwrt/build_dir/target-x86_64_musl/luci-base/.pkgdir/luci-base.installed /workdir/openwrt/build_dir/target-x86_64_musl/luci-base/.pkgdir/luci-base
build	Compile debug	2026-09-27T15:45:07.5177054Z mkdir -p /workdir/openwrt/build_dir/target-x86_64_musl/luci-base/.pkgdir/luci-base
build	Compile debug	2026-09-27T15:45:07.5205602Z install -d -m0755 /workdir/openwrt/build_dir/target-x86_64_musl/luci-base/.pkgdir/luci-base/usr/share/ucode/luci
build	Compile debug	2026-09-27T15:45:07.5235922Z cp -pR /workdir/openwrt/build_dir/target-x86_64_musl/luci-base/ucode/* /workdir/openwrt/build_dir/target-x86_64_musl/luci-base/.pkgdir/luci-base/usr/share/ucode/luci/
build	Compile debug	2026-09-27T15:45:07.5280820Z find /workdir/openwrt/build_dir/target-x86_64_musl/luci-base/.pkgdir/luci-base/usr/share/ucode/luci/ -type f -name '*.htm' | while read src; do /workdir/openwrt/staging_dir/host/bin/sed -i -e 's/<%# *\([^ ]*\)PKG_VERSION *%>/\126.261.08411~adc898b/g' -e 's/"\(<%= *\(media\|resource\) *%>[^"]*\.\(js\|css\)\)"/"\1?v=26.261.08411~adc898b"/g' "$src"; done; find /workdir/openwrt/build_dir/target-x86_64_musl/luci-base/.pkgdir/luci-base/usr/share/ucode/luci/ -type f -name '*.ut' | while read src; do /workdir/openwrt/staging_dir/host/bin/sed -i -e 's/{# *\([^ ]*\)PKG_VERSION *#}/\126.261.08411~adc898b/g' -e 's/"\({{ *\(media\|resource\) *}}[^"]*\.\(js\|css\)\)"/"\1?v=26.261.08411~adc898b"/g' "$src"; done
build	Compile debug	2026-09-27T15:45:07.5415423Z find /workdir/openwrt/build_dir/target-x86_64_musl/luci-base/.pkgdir/luci-base/usr/share/ucode/luci/ -type f -name '*.ut' | while read src; do ucode -T, -s -cno-interp,dynlink=luci.core,dynlink=digest,dynlink=log,dynlink=nl80211,dynlink=resolv,dynlink=rtnl,dynlink=ubus,dynlink=uci,dynlink=uloop -o "$src.o" "$src" || exit 1; mv "$src.o" "$src" && chmod 0644 "$src"; done
build	Compile debug	2026-09-27T15:45:07.5689994Z install -d -m0755 /workdir/openwrt/build_dir/target-x86_64_musl/luci-base/.pkgdir/luci-base/www
build	Compile debug	2026-09-27T15:45:07.5719732Z cp -pR /workdir/openwrt/build_dir/target-x86_64_musl/luci-base/htdocs/* /workdir/openwrt/build_dir/target-x86_64_musl/luci-base/.pkgdir/luci-base/www/
build	Compile debug	2026-09-27T15:45:07.5785627Z find /workdir/openwrt/build_dir/target-x86_64_musl/luci-base/.pkgdir/luci-base/www/ -type f -name '*.js' | while read src; do if jsmin < "$src" > "$src.o"; then mv "$src.o" "$src"; fi; done
build	Compile debug	2026-09-27T15:45:07.6329378Z find /workdir/openwrt/build_dir/target-x86_64_musl/luci-base/.pkgdir/luci-base/www/ -type f -name '*.css' | while read src; do if csstidy "$src" --template=highest --remove_last_semicolon=true "$src.o"; then mv "$src.o" "$src"; fi; done
build	Compile debug	2026-09-27T15:45:07.6363072Z install -d -m0755 /workdir/openwrt/build_dir/target-x86_64_musl/luci-base/.pkgdir/luci-base/
build	Compile debug	2026-09-27T15:45:07.6392645Z cp -pR /workdir/openwrt/build_dir/target-x86_64_musl/luci-base/root/* /workdir/openwrt/build_dir/target-x86_64_musl/luci-base/.pkgdir/luci-base/
build	Compile debug	2026-09-27T15:45:07.6445959Z CFLAGS="-Os -pipe -fno-caller-saves -fno-plt -fhonour-copts -fmacro-prefix-map=/workdir/openwrt/build_dir/target-x86_64_musl/luci-base=luci-base -fmacro-prefix-map=/workdir/openwrt/staging_dir/target-x86_64_musl=staging_dir/target-x86_64_musl -Wl,-z,max-page-size=4096 -Wformat -Werror=format-security -fstack-protector -D_FORTIFY_SOURCE=1 -Wl,-z,now -Wl,-z,relro -Wl,-z,pack-relative-relocs  -I/workdir/openwrt/staging_dir/toolchain-x86_64_gcc-14.4.0_musl/usr/include -I/workdir/openwrt/staging_dir/toolchain-x86_64_gcc-14.4.0_musl/include -I/workdir/openwrt/staging_dir/toolchain-x86_64_gcc-14.4.0_musl/include/fortify " CXXFLAGS="-Os -pipe -fno-caller-saves -fno-plt -fhonour-copts -fmacro-prefix-map=/workdir/openwrt/build_dir/target-x86_64_musl/luci-base=luci-base -fmacro-prefix-map=/workdir/openwrt/staging_dir/target-x86_64_musl=staging_dir/target-x86_64_musl -Wl,-z,max-page-size=4096 -Wformat -Werror=format-security -fstack-protector -D_FORTIFY_SOURCE=1 -Wl,-z,now -Wl,-z,relro -Wl,-z,pack-relative-relocs  -I/workdir/openwrt/staging_dir/toolchain-x86_64_gcc-14.4.0_musl/usr/include -I/workdir/openwrt/staging_dir/toolchain-x86_64_gcc-14.4.0_musl/include -I/workdir/openwrt/staging_dir/toolchain-x86_64_gcc-14.4.0_musl/include/fortify " LDFLAGS="-L/workdir/openwrt/staging_dir/toolchain-x86_64_gcc-14.4.0_musl/usr/lib -L/workdir/openwrt/staging_dir/toolchain-x86_64_gcc-14.4.0_musl/lib -fuse-ld=bfd -zmax-page-size=4096 -znow -zrelro -zpack-relative-relocs " FPIC="-DPIC -fpic" LUCI_VERSION="26.261.08411~adc898b" LUCI_GITBRANCH="LuCI Master" make -C /workdir/openwrt/build_dir/target-x86_64_musl/luci-base/src/ AR="x86_64-openwrt-linux-musl-gcc-ar" AS="x86_64-openwrt-linux-musl-gcc -c -Os -pipe -fno-caller-saves -fno-plt -fhonour-copts -fmacro-prefix-map=/workdir/openwrt/build_dir/target-x86_64_musl/luci-base=luci-base -fmacro-prefix-map=/workdir/openwrt/staging_dir/target-x86_64_musl=staging_dir/target-x86_64_musl -Wl,-z,max-page-size=4096 -Wformat -Werror=format-security -fstack-protector -D_FORTIFY_SOURCE=1 -Wl,-z,now -Wl,-z,relro -Wl,-z,pack-relative-relocs" LD="x86_64-openwrt-linux-musl-ld.bfd" NM="x86_64-openwrt-linux-musl-gcc-nm" CC="x86_64-openwrt-linux-musl-gcc" GCC="x86_64-openwrt-linux-musl-gcc" CXX="x86_64-openwrt-linux-musl-g++" RANLIB="x86_64-openwrt-linux-musl-gcc-ranlib" STRIP=x86_64-openwrt-linux-musl-strip OBJCOPY=x86_64-openwrt-linux-musl-objcopy OBJDUMP=x86_64-openwrt-linux-musl-objdump SIZE=x86_64-openwrt-linux-musl-size CROSS="x86_64-openwrt-linux-musl-" ARCH="x86_64" DESTDIR="/workdir/openwrt/build_dir/target-x86_64_musl/luci-base/ipkg-install"   install;
build	Compile debug	2026-09-27T15:45:07.6468365Z make[4]: Entering directory '/workdir/openwrt/build_dir/target-x86_64_musl/luci-base/src'
build	Compile debug	2026-09-27T15:45:07.6469065Z mkdir -p /workdir/openwrt/build_dir/target-x86_64_musl/luci-base/ipkg-install/usr/lib/ucode/luci
build	Compile debug	2026-09-27T15:45:07.6480113Z cp core.so /workdir/openwrt/build_dir/target-x86_64_musl/luci-base/ipkg-install/usr/lib/ucode/luci/core.so
build	Compile debug	2026-09-27T15:45:07.6493741Z mkdir -p /workdir/openwrt/build_dir/target-x86_64_musl/luci-base/ipkg-install/usr/share/ucode/luci
build	Compile debug	2026-09-27T15:45:07.6504374Z cp version.uc /workdir/openwrt/build_dir/target-x86_64_musl/luci-base/ipkg-install/usr/share/ucode/luci/version.uc
build	Compile debug	2026-09-27T15:45:07.6517304Z make[4]: Leaving directory '/workdir/openwrt/build_dir/target-x86_64_musl/luci-base/src'
build	Compile debug	2026-09-27T15:45:07.6519134Z cp -fpR /workdir/openwrt/build_dir/target-x86_64_musl/luci-base/ipkg-install/* /workdir/openwrt/build_dir/target-x86_64_musl/luci-base/.pkgdir/luci-base/
build	Compile debug	2026-09-27T15:45:07.6553397Z touch /workdir/openwrt/build_dir/target-x86_64_musl/luci-base/.pkgdir/luci-base.installed
build	Compile debug	2026-09-27T15:45:07.6578732Z mkdir -p /workdir/openwrt/staging_dir/target-x86_64_musl/root-x86/stamp
build	Compile debug	2026-09-27T15:45:07.6615052Z SHELL= flock /workdir/openwrt/tmp/.root-copy.flock -c 'cp -fpR /workdir/openwrt/build_dir/target-x86_64_musl/luci-base/.pkgdir/luci-base/. /workdir/openwrt/staging_dir/target-x86_64_musl/root-x86/'
build	Compile debug	2026-09-27T15:45:07.6720983Z touch /workdir/openwrt/staging_dir/target-x86_64_musl/root-x86/stamp/.luci-base_installed
build	Compile debug	2026-09-27T15:45:07.6746135Z echo "luci-base" >> /workdir/openwrt/staging_dir/target-x86_64_musl/pkginfo/luci-base.default.install
build	Compile debug	2026-09-27T15:45:07.6774825Z rm -rf /workdir/openwrt/build_dir/target-x86_64_musl/luci-base/.pkgdir/luci-i18n-base-zh-cn.installed /workdir/openwrt/build_dir/target-x86_64_musl/luci-base/.pkgdir/luci-i18n-base-zh-cn
build	Compile debug	2026-09-27T15:45:07.6806803Z mkdir -p /workdir/openwrt/build_dir/target-x86_64_musl/luci-base/.pkgdir/luci-i18n-base-zh-cn
build	Compile debug	2026-09-27T15:45:07.6835026Z install -d -m0755 /workdir/openwrt/build_dir/target-x86_64_musl/luci-base/.pkgdir/luci-i18n-base-zh-cn/etc/uci-defaults
build	Compile debug	2026-09-27T15:45:07.6866299Z echo "uci set luci.languages.zh_cn='简体中文 (Simplified Chinese)'; uci commit luci" > /workdir/openwrt/build_dir/target-x86_64_musl/luci-base/.pkgdir/luci-i18n-base-zh-cn/etc/uci-defaults/luci-i18n-base-zh-cn
build	Compile debug	2026-09-27T15:45:07.6885105Z install -d -m0755 /workdir/openwrt/build_dir/target-x86_64_musl/luci-base/.pkgdir/luci-i18n-base-zh-cn/usr/lib/lua/luci/i18n
build	Compile debug	2026-09-27T15:45:07.6916274Z po2lmo /workdir/openwrt/feeds/luci/modules/luci-base/po/zh_Hans/base.po /workdir/openwrt/build_dir/target-x86_64_musl/luci-base/.pkgdir/luci-i18n-base-zh-cn/usr/lib/lua/luci/i18n/base.zh-cn.lmo;
build	Compile debug	2026-09-27T15:45:07.7054984Z touch /workdir/openwrt/build_dir/target-x86_64_musl/luci-base/.pkgdir/luci-i18n-base-zh-cn.installed
build	Compile debug	2026-09-27T15:45:07.7082743Z mkdir -p /workdir/openwrt/staging_dir/target-x86_64_musl/root-x86/stamp
build	Compile debug	2026-09-27T15:45:07.7118559Z SHELL= flock /workdir/openwrt/tmp/.root-copy.flock -c 'cp -fpR /workdir/openwrt/build_dir/target-x86_64_musl/luci-base/.pkgdir/luci-i18n-base-zh-cn/. /workdir/openwrt/staging_dir/target-x86_64_musl/root-x86/'
build	Compile debug	2026-09-27T15:45:07.7168867Z touch /workdir/openwrt/staging_dir/target-x86_64_musl/root-x86/stamp/.luci-i18n-base-zh-cn_installed
build	Compile debug	2026-09-27T15:45:07.7194285Z echo "luci-i18n-base-zh-cn" >> /workdir/openwrt/staging_dir/target-x86_64_musl/pkginfo/luci-base.default.install
build	Compile debug	2026-09-27T15:45:07.7220462Z make[3]: Leaving directory '/workdir/openwrt/feeds/luci/modules/luci-base'
build	Compile debug	2026-09-27T15:45:07.7229005Z time: package/feeds/luci/luci-base/compile#1.28#1.27#2.54
build	Compile debug	2026-09-27T15:45:07.7647024Z make[3]: Entering directory '/workdir/openwrt/feeds/luci/applications/luci-app-package-manager'
build	Compile debug	2026-09-27T15:45:08.2540244Z mkdir -p /workdir/openwrt/staging_dir/target-x86_64_musl/root-x86/stamp
build	Compile debug	2026-09-27T15:45:08.2574821Z SHELL= flock /workdir/openwrt/tmp/.root-copy.flock -c 'cp -fpR /workdir/openwrt/build_dir/target-x86_64_musl/luci-app-package-manager/.pkgdir/luci-app-package-manager/. /workdir/openwrt/staging_dir/target-x86_64_musl/root-x86/'
build	Compile debug	2026-09-27T15:45:08.2625632Z touch /workdir/openwrt/staging_dir/target-x86_64_musl/root-x86/stamp/.luci-app-package-manager_installed
build	Compile debug	2026-09-27T15:45:08.2651070Z echo "luci-app-package-manager" >> /workdir/openwrt/staging_dir/target-x86_64_musl/pkginfo/luci-app-package-manager.default.install
build	Compile debug	2026-09-27T15:45:08.2677749Z mkdir -p /workdir/openwrt/staging_dir/target-x86_64_musl/root-x86/stamp
build	Compile debug	2026-09-27T15:45:08.2712997Z SHELL= flock /workdir/openwrt/tmp/.root-copy.flock -c 'cp -fpR /workdir/openwrt/build_dir/target-x86_64_musl/luci-app-package-manager/.pkgdir/luci-i18n-package-manager-zh-cn/. /workdir/openwrt/staging_dir/target-x86_64_musl/root-x86/'
build	Compile debug	2026-09-27T15:45:08.2760024Z touch /workdir/openwrt/staging_dir/target-x86_64_musl/root-x86/stamp/.luci-i18n-package-manager-zh-cn_installed
build	Compile debug	2026-09-27T15:45:08.2786365Z echo "luci-i18n-package-manager-zh-cn" >> /workdir/openwrt/staging_dir/target-x86_64_musl/pkginfo/luci-app-package-manager.default.install
build	Compile debug	2026-09-27T15:45:08.2862676Z make[3]: Leaving directory '/workdir/openwrt/feeds/luci/applications/luci-app-package-manager'
build	Compile debug	2026-09-27T15:45:08.2884906Z time: package/feeds/luci/luci-app-package-manager/compile#0.19#0.37#0.56
build	Compile debug	2026-09-27T15:45:08.3385249Z make[3]: Entering directory '/workdir/openwrt/package/libs/jansson'
build	Compile debug	2026-09-27T15:45:08.4115538Z mkdir -p /workdir/openwrt/staging_dir/target-x86_64_musl/root-x86/stamp
build	Compile debug	2026-09-27T15:45:08.4152091Z echo '4' | cmp -s - /workdir/openwrt/staging_dir/target-x86_64_musl/pkginfo/jansson.version || { mkdir -p /workdir/openwrt/staging_dir/target-x86_64_musl/pkginfo; echo '4' > /workdir/openwrt/staging_dir/target-x86_64_musl/pkginfo/jansson.version;  cp /workdir/openwrt/staging_dir/target-x86_64_musl/pkginfo/jansson.version /workdir/openwrt/staging_dir/target-x86_64_musl/pkginfo/jansson-any.version;  } 
build	Compile debug	2026-09-27T15:45:08.4182494Z SHELL= flock /workdir/openwrt/tmp/.root-copy.flock -c 'cp -fpR /workdir/openwrt/build_dir/target-x86_64_musl/jansson-2.15.0/.pkgdir/jansson/. /workdir/openwrt/staging_dir/target-x86_64_musl/root-x86/'
build	Compile debug	2026-09-27T15:45:08.4237343Z touch /workdir/openwrt/staging_dir/target-x86_64_musl/root-x86/stamp/.jansson_installed
build	Compile debug	2026-09-27T15:45:08.4262652Z echo "jansson" >> /workdir/openwrt/staging_dir/target-x86_64_musl/pkginfo/jansson.default.install
build	Compile debug	2026-09-27T15:45:08.4291361Z make[3]: Leaving directory '/workdir/openwrt/package/libs/jansson'
build	Compile debug	2026-09-27T15:45:08.4300127Z time: package/libs/jansson/compile#0.06#0.05#0.12
build	Compile debug	2026-09-27T15:45:08.4722729Z make[3]: Entering directory '/workdir/openwrt/package/libs/libmnl'
build	Compile debug	2026-09-27T15:45:08.5350765Z mkdir -p /workdir/openwrt/staging_dir/target-x86_64_musl/root-x86/stamp
build	Compile debug	2026-09-27T15:45:08.5387422Z echo '0' | cmp -s - /workdir/openwrt/staging_dir/target-x86_64_musl/pkginfo/libmnl.version || { mkdir -p /workdir/openwrt/staging_dir/target-x86_64_musl/pkginfo; echo '0' > /workdir/openwrt/staging_dir/target-x86_64_musl/pkginfo/libmnl.version;  cp /workdir/openwrt/staging_dir/target-x86_64_musl/pkginfo/libmnl.version /workdir/openwrt/staging_dir/target-x86_64_musl/pkginfo/libmnl-any.version;  } 
build	Compile debug	2026-09-27T15:45:08.5417590Z SHELL= flock /workdir/openwrt/tmp/.root-copy.flock -c 'cp -fpR /workdir/openwrt/build_dir/target-x86_64_musl/libmnl-1.0.5/.pkgdir/libmnl/. /workdir/openwrt/staging_dir/target-x86_64_musl/root-x86/'
build	Compile debug	2026-09-27T15:45:08.5471198Z touch /workdir/openwrt/staging_dir/target-x86_64_musl/root-x86/stamp/.libmnl_installed
build	Compile debug	2026-09-27T15:45:08.5496881Z echo "libmnl" >> /workdir/openwrt/staging_dir/target-x86_64_musl/pkginfo/libmnl.default.install
build	Compile debug	2026-09-27T15:45:08.5526261Z make[3]: Leaving directory '/workdir/openwrt/package/libs/libmnl'
build	Compile debug	2026-09-27T15:45:08.5535041Z time: package/libs/libmnl/compile#0.05#0.06#0.11
build	Compile debug	2026-09-27T15:45:08.5952268Z make[3]: Entering directory '/workdir/openwrt/package/libs/libnftnl'
build	Compile debug	2026-09-27T15:45:08.6706009Z mkdir -p /workdir/openwrt/staging_dir/target-x86_64_musl/root-x86/stamp
build	Compile debug	2026-09-27T15:45:08.6742169Z echo '11' | cmp -s - /workdir/openwrt/staging_dir/target-x86_64_musl/pkginfo/libnftnl.version || { mkdir -p /workdir/openwrt/staging_dir/target-x86_64_musl/pkginfo; echo '11' > /workdir/openwrt/staging_dir/target-x86_64_musl/pkginfo/libnftnl.version;  cp /workdir/openwrt/staging_dir/target-x86_64_musl/pkginfo/libnftnl.version /workdir/openwrt/staging_dir/target-x86_64_musl/pkginfo/libnftnl-any.version;  } 
build	Compile debug	2026-09-27T15:45:08.6773379Z SHELL= flock /workdir/openwrt/tmp/.root-copy.flock -c 'cp -fpR /workdir/openwrt/build_dir/target-x86_64_musl/libnftnl-1.3.1/.pkgdir/libnftnl/. /workdir/openwrt/staging_dir/target-x86_64_musl/root-x86/'
build	Compile debug	2026-09-27T15:45:08.6826718Z touch /workdir/openwrt/staging_dir/target-x86_64_musl/root-x86/stamp/.libnftnl_installed
build	Compile debug	2026-09-27T15:45:08.6851463Z echo "libnftnl" >> /workdir/openwrt/staging_dir/target-x86_64_musl/pkginfo/libnftnl.default.install
build	Compile debug	2026-09-27T15:45:08.6879011Z make[3]: Leaving directory '/workdir/openwrt/package/libs/libnftnl'
build	Compile debug	2026-09-27T15:45:08.6887159Z time: package/libs/libnftnl/compile#0.07#0.05#0.13
build	Compile debug	2026-09-27T15:45:08.7307423Z make[3]: Entering directory '/workdir/openwrt/package/network/utils/nftables'
build	Compile debug	2026-09-27T15:45:08.8273724Z mkdir -p /workdir/openwrt/staging_dir/target-x86_64_musl/root-x86/stamp
build	Compile debug	2026-09-27T15:45:08.8308359Z SHELL= flock /workdir/openwrt/tmp/.root-copy.flock -c 'cp -fpR /workdir/openwrt/build_dir/target-x86_64_musl/nftables-json/nftables-1.1.6/.pkgdir/nftables-json/. /workdir/openwrt/staging_dir/target-x86_64_musl/root-x86/'
build	Compile debug	2026-09-27T15:45:08.8377659Z touch /workdir/openwrt/staging_dir/target-x86_64_musl/root-x86/stamp/.nftables-json_installed
build	Compile debug	2026-09-27T15:45:08.8403554Z echo "nftables-json" >> /workdir/openwrt/staging_dir/target-x86_64_musl/pkginfo/nftables.json.install
build	Compile debug	2026-09-27T15:45:08.8429651Z make[3]: Leaving directory '/workdir/openwrt/package/network/utils/nftables'
build	Compile debug	2026-09-27T15:45:08.8438324Z time: package/network/utils/nftables/json/compile#0.06#0.07#0.15
build	Compile debug	2026-09-27T15:45:08.8562873Z make[3]: Entering directory '/workdir/openwrt/package/turboacc/fullconenat-nft'
build	Compile debug	2026-09-27T15:45:08.9644949Z mkdir -p /workdir/openwrt/staging_dir/target-x86_64_musl/root-x86/stamp
build	Compile debug	2026-09-27T15:45:08.9680811Z SHELL= flock /workdir/openwrt/tmp/.root-copy.flock -c 'cp -fpR /workdir/openwrt/build_dir/target-x86_64_musl/linux-x86_64/fullconenat-nft-2023.05.17~07d93b62/.pkgdir/kmod-nft-fullcone/. /workdir/openwrt/staging_dir/target-x86_64_musl/root-x86/'
build	Compile debug	2026-09-27T15:45:08.9742329Z touch /workdir/openwrt/staging_dir/target-x86_64_musl/root-x86/stamp/.kmod-nft-fullcone_installed
build	Compile debug	2026-09-27T15:45:08.9768248Z echo "kmod-nft-fullcone" >> /workdir/openwrt/staging_dir/target-x86_64_musl/pkginfo/fullconenat-nft.default.install
build	Compile debug	2026-09-27T15:45:08.9797857Z make[3]: Leaving directory '/workdir/openwrt/package/turboacc/fullconenat-nft'
build	Compile debug	2026-09-27T15:45:08.9806269Z time: package/turboacc/fullconenat-nft/compile#0.05#0.07#0.13
build	Compile debug	2026-09-27T15:45:08.9932624Z make[3]: Entering directory '/workdir/openwrt/package/network/config/firewall4'
build	Compile debug	2026-09-27T15:45:09.0875850Z mkdir -p /workdir/openwrt/staging_dir/target-x86_64_musl/root-x86/stamp
build	Compile debug	2026-09-27T15:45:09.0910944Z SHELL= flock /workdir/openwrt/tmp/.root-copy.flock -c 'cp -fpR /workdir/openwrt/build_dir/target-x86_64_musl/firewall4-2025.03.17~b6e51575/.pkgdir/firewall4/. /workdir/openwrt/staging_dir/target-x86_64_musl/root-x86/'
build	Compile debug	2026-09-27T15:45:09.1039953Z touch /workdir/openwrt/staging_dir/target-x86_64_musl/root-x86/stamp/.firewall4_installed
build	Compile debug	2026-09-27T15:45:09.1065283Z echo "firewall4" >> /workdir/openwrt/staging_dir/target-x86_64_musl/pkginfo/firewall4.default.install
build	Compile debug	2026-09-27T15:45:09.1092625Z make[3]: Leaving directory '/workdir/openwrt/package/network/config/firewall4'
build	Compile debug	2026-09-27T15:45:09.1100766Z time: package/network/config/firewall4/compile#0.06#0.05#0.12
build	Compile debug	2026-09-27T15:45:09.1506252Z make[3]: Entering directory '/workdir/openwrt/feeds/luci/applications/luci-app-firewall'
build	Compile debug	2026-09-27T15:45:09.6311481Z mkdir -p /workdir/openwrt/staging_dir/target-x86_64_musl/root-x86/stamp
build	Compile debug	2026-09-27T15:45:09.6348600Z SHELL= flock /workdir/openwrt/tmp/.root-copy.flock -c 'cp -fpR /workdir/openwrt/build_dir/target-x86_64_musl/luci-app-firewall/.pkgdir/luci-app-firewall/. /workdir/openwrt/staging_dir/target-x86_64_musl/root-x86/'
build	Compile debug	2026-09-27T15:45:09.6403589Z touch /workdir/openwrt/staging_dir/target-x86_64_musl/root-x86/stamp/.luci-app-firewall_installed
build	Compile debug	2026-09-27T15:45:09.6429766Z echo "luci-app-firewall" >> /workdir/openwrt/staging_dir/target-x86_64_musl/pkginfo/luci-app-firewall.default.install
build	Compile debug	2026-09-27T15:45:09.6458238Z mkdir -p /workdir/openwrt/staging_dir/target-x86_64_musl/root-x86/stamp
build	Compile debug	2026-09-27T15:45:09.6493855Z SHELL= flock /workdir/openwrt/tmp/.root-copy.flock -c 'cp -fpR /workdir/openwrt/build_dir/target-x86_64_musl/luci-app-firewall/.pkgdir/luci-i18n-firewall-zh-cn/. /workdir/openwrt/staging_dir/target-x86_64_musl/root-x86/'
build	Compile debug	2026-09-27T15:45:09.6541724Z touch /workdir/openwrt/staging_dir/target-x86_64_musl/root-x86/stamp/.luci-i18n-firewall-zh-cn_installed
build	Compile debug	2026-09-27T15:45:09.6567943Z echo "luci-i18n-firewall-zh-cn" >> /workdir/openwrt/staging_dir/target-x86_64_musl/pkginfo/luci-app-firewall.default.install
build	Compile debug	2026-09-27T15:45:09.6595115Z make[3]: Leaving directory '/workdir/openwrt/feeds/luci/applications/luci-app-firewall'
build	Compile debug	2026-09-27T15:45:09.6603632Z time: package/feeds/luci/luci-app-firewall/compile#0.19#0.36#0.54
build	Compile debug	2026-09-27T15:45:09.7025160Z make[3]: Entering directory '/workdir/openwrt/feeds/luci/libs/luci-lib-uqr'
build	Compile debug	2026-09-27T15:45:09.8822390Z mkdir -p /workdir/openwrt/staging_dir/target-x86_64_musl/root-x86/stamp
build	Compile debug	2026-09-27T15:45:09.8857171Z SHELL= flock /workdir/openwrt/tmp/.root-copy.flock -c 'cp -fpR /workdir/openwrt/build_dir/target-x86_64_musl/luci-lib-uqr/.pkgdir/luci-lib-uqr/. /workdir/openwrt/staging_dir/target-x86_64_musl/root-x86/'
build	Compile debug	2026-09-27T15:45:09.8903356Z touch /workdir/openwrt/staging_dir/target-x86_64_musl/root-x86/stamp/.luci-lib-uqr_installed
build	Compile debug	2026-09-27T15:45:09.8928547Z echo "luci-lib-uqr" >> /workdir/openwrt/staging_dir/target-x86_64_musl/pkginfo/luci-lib-uqr.default.install
build	Compile debug	2026-09-27T15:45:09.8955098Z make[3]: Leaving directory '/workdir/openwrt/feeds/luci/libs/luci-lib-uqr'
build	Compile debug	2026-09-27T15:45:09.8963404Z time: package/feeds/luci/luci-lib-uqr/compile#0.10#0.12#0.23
build	Compile debug	2026-09-27T15:45:09.9374954Z make[3]: Entering directory '/workdir/openwrt/feeds/luci/modules/luci-mod-network'
build	Compile debug	2026-09-27T15:45:10.1192653Z mkdir -p /workdir/openwrt/staging_dir/target-x86_64_musl/root-x86/stamp
build	Compile debug	2026-09-27T15:45:10.1226858Z SHELL= flock /workdir/openwrt/tmp/.root-copy.flock -c 'cp -fpR /workdir/openwrt/build_dir/target-x86_64_musl/luci-mod-network/.pkgdir/luci-mod-network/. /workdir/openwrt/staging_dir/target-x86_64_musl/root-x86/'
build	Compile debug	2026-09-27T15:45:10.1290892Z touch /workdir/openwrt/staging_dir/target-x86_64_musl/root-x86/stamp/.luci-mod-network_installed
build	Compile debug	2026-09-27T15:45:10.1315908Z echo "luci-mod-network" >> /workdir/openwrt/staging_dir/target-x86_64_musl/pkginfo/luci-mod-network.default.install
build	Compile debug	2026-09-27T15:45:10.1343320Z make[3]: Leaving directory '/workdir/openwrt/feeds/luci/modules/luci-mod-network'
build	Compile debug	2026-09-27T15:45:10.1351962Z time: package/feeds/luci/luci-mod-network/compile#0.09#0.14#0.23
build	Compile debug	2026-09-27T15:45:10.1769413Z make[3]: Entering directory '/workdir/openwrt/feeds/luci/modules/luci-mod-status'
build	Compile debug	2026-09-27T15:45:10.4145614Z mkdir -p /workdir/openwrt/staging_dir/target-x86_64_musl/root-x86/stamp
build	Compile debug	2026-09-27T15:45:10.4180021Z SHELL= flock /workdir/openwrt/tmp/.root-copy.flock -c 'cp -fpR /workdir/openwrt/build_dir/target-x86_64_musl/luci-mod-status/.pkgdir/luci-mod-status/. /workdir/openwrt/staging_dir/target-x86_64_musl/root-x86/'
build	Compile debug	2026-09-27T15:45:10.4252703Z touch /workdir/openwrt/staging_dir/target-x86_64_musl/root-x86/stamp/.luci-mod-status_installed
build	Compile debug	2026-09-27T15:45:10.4279773Z echo "luci-mod-status" >> /workdir/openwrt/staging_dir/target-x86_64_musl/pkginfo/luci-mod-status.default.install
build	Compile debug	2026-09-27T15:45:10.4307747Z make[3]: Leaving directory '/workdir/openwrt/feeds/luci/modules/luci-mod-status'
build	Compile debug	2026-09-27T15:45:10.4315834Z time: package/feeds/luci/luci-mod-status/compile#0.10#0.20#0.29
build	Compile debug	2026-09-27T15:45:10.4748979Z make[3]: Entering directory '/workdir/openwrt/feeds/luci/modules/luci-mod-system'
build	Compile debug	2026-09-27T15:45:10.6546815Z mkdir -p /workdir/openwrt/staging_dir/target-x86_64_musl/root-x86/stamp
build	Compile debug	2026-09-27T15:45:10.6583326Z SHELL= flock /workdir/openwrt/tmp/.root-copy.flock -c 'cp -fpR /workdir/openwrt/build_dir/target-x86_64_musl/luci-mod-system/.pkgdir/luci-mod-system/. /workdir/openwrt/staging_dir/target-x86_64_musl/root-x86/'
build	Compile debug	2026-09-27T15:45:10.6647074Z touch /workdir/openwrt/staging_dir/target-x86_64_musl/root-x86/stamp/.luci-mod-system_installed
build	Compile debug	2026-09-27T15:45:10.6672904Z echo "luci-mod-system" >> /workdir/openwrt/staging_dir/target-x86_64_musl/pkginfo/luci-mod-system.default.install
build	Compile debug	2026-09-27T15:45:10.6700871Z make[3]: Leaving directory '/workdir/openwrt/feeds/luci/modules/luci-mod-system'
build	Compile debug	2026-09-27T15:45:10.6709278Z time: package/feeds/luci/luci-mod-system/compile#0.09#0.14#0.23
build	Compile debug	2026-09-27T15:45:10.7127192Z make[3]: Entering directory '/workdir/openwrt/feeds/luci/modules/luci-mod-admin-full'
build	Compile debug	2026-09-27T15:45:11.0032875Z mkdir -p /workdir/openwrt/staging_dir/target-x86_64_musl/root-x86/stamp
build	Compile debug	2026-09-27T15:45:11.0068816Z SHELL= flock /workdir/openwrt/tmp/.root-copy.flock -c 'cp -fpR /workdir/openwrt/build_dir/target-x86_64_musl/luci-mod-admin-full/.pkgdir/luci-mod-admin-full/. /workdir/openwrt/staging_dir/target-x86_64_musl/root-x86/'
build	Compile debug	2026-09-27T15:45:11.0113372Z touch /workdir/openwrt/staging_dir/target-x86_64_musl/root-x86/stamp/.luci-mod-admin-full_installed
build	Compile debug	2026-09-27T15:45:11.0138699Z echo "luci-mod-admin-full" >> /workdir/openwrt/staging_dir/target-x86_64_musl/pkginfo/luci-mod-admin-full.default.install
build	Compile debug	2026-09-27T15:45:11.0168498Z make[3]: Leaving directory '/workdir/openwrt/feeds/luci/modules/luci-mod-admin-full'
build	Compile debug	2026-09-27T15:45:11.0176933Z time: package/feeds/luci/luci-mod-admin-full/compile#0.17#0.17#0.34
build	Compile debug	2026-09-27T15:45:11.0605587Z make[3]: Entering directory '/workdir/openwrt/feeds/luci/protocols/luci-proto-ppp'
build	Compile debug	2026-09-27T15:45:11.2412051Z mkdir -p /workdir/openwrt/staging_dir/target-x86_64_musl/root-x86/stamp
build	Compile debug	2026-09-27T15:45:11.2448266Z SHELL= flock /workdir/openwrt/tmp/.root-copy.flock -c 'cp -fpR /workdir/openwrt/build_dir/target-x86_64_musl/luci-proto-ppp/.pkgdir/luci-proto-ppp/. /workdir/openwrt/staging_dir/target-x86_64_musl/root-x86/'
build	Compile debug	2026-09-27T15:45:11.2507675Z touch /workdir/openwrt/staging_dir/target-x86_64_musl/root-x86/stamp/.luci-proto-ppp_installed
build	Compile debug	2026-09-27T15:45:11.2533534Z echo "luci-proto-ppp" >> /workdir/openwrt/staging_dir/target-x86_64_musl/pkginfo/luci-proto-ppp.default.install
build	Compile debug	2026-09-27T15:45:11.2560685Z make[3]: Leaving directory '/workdir/openwrt/feeds/luci/protocols/luci-proto-ppp'
build	Compile debug	2026-09-27T15:45:11.2569278Z time: package/feeds/luci/luci-proto-ppp/compile#0.09#0.13#0.23
build	Compile debug	2026-09-27T15:45:11.2991187Z make[3]: Entering directory '/workdir/openwrt/feeds/luci/themes/luci-theme-bootstrap'
build	Compile debug	2026-09-27T15:45:11.4796607Z mkdir -p /workdir/openwrt/staging_dir/target-x86_64_musl/root-x86/stamp
build	Compile debug	2026-09-27T15:45:11.4832061Z SHELL= flock /workdir/openwrt/tmp/.root-copy.flock -c 'cp -fpR /workdir/openwrt/build_dir/target-x86_64_musl/luci-theme-bootstrap/.pkgdir/luci-theme-bootstrap/. /workdir/openwrt/staging_dir/target-x86_64_musl/root-x86/'
build	Compile debug	2026-09-27T15:45:11.4890740Z touch /workdir/openwrt/staging_dir/target-x86_64_musl/root-x86/stamp/.luci-theme-bootstrap_installed
build	Compile debug	2026-09-27T15:45:11.4916509Z echo "luci-theme-bootstrap" >> /workdir/openwrt/staging_dir/target-x86_64_musl/pkginfo/luci-theme-bootstrap.default.install
build	Compile debug	2026-09-27T15:45:11.4944037Z make[3]: Leaving directory '/workdir/openwrt/feeds/luci/themes/luci-theme-bootstrap'
build	Compile debug	2026-09-27T15:45:11.4952670Z time: package/feeds/luci/luci-theme-bootstrap/compile#0.08#0.15#0.23
build	Compile debug	2026-09-27T15:45:11.5382891Z make[3]: Entering directory '/workdir/openwrt/feeds/luci/libs/rpcd-mod-rrdns'
build	Compile debug	2026-09-27T15:45:11.6008441Z mkdir -p /workdir/openwrt/staging_dir/target-x86_64_musl/root-x86/stamp
build	Compile debug	2026-09-27T15:45:11.6045065Z SHELL= flock /workdir/openwrt/tmp/.root-copy.flock -c 'cp -fpR /workdir/openwrt/build_dir/target-x86_64_musl/rpcd-mod-rrdns-20170710/.pkgdir/rpcd-mod-rrdns/. /workdir/openwrt/staging_dir/target-x86_64_musl/root-x86/'
build	Compile debug	2026-09-27T15:45:11.6100279Z touch /workdir/openwrt/staging_dir/target-x86_64_musl/root-x86/stamp/.rpcd-mod-rrdns_installed
build	Compile debug	2026-09-27T15:45:11.6125783Z echo "rpcd-mod-rrdns" >> /workdir/openwrt/staging_dir/target-x86_64_musl/pkginfo/rpcd-mod-rrdns.default.install
build	Compile debug	2026-09-27T15:45:11.6153291Z make[3]: Leaving directory '/workdir/openwrt/feeds/luci/libs/rpcd-mod-rrdns'
build	Compile debug	2026-09-27T15:45:11.6161594Z time: package/feeds/luci/rpcd-mod-rrdns/compile#0.06#0.05#0.11
build	Compile debug	2026-09-27T15:45:11.6584789Z make[3]: Entering directory '/workdir/openwrt/package/libs/openssl'
build	Compile debug	2026-09-27T15:45:11.6586235Z Package/openssl/add-module 1='provider'; 2='legacy'; 3='/usr/lib/ossl-modules' 4=''
build	Compile debug	2026-09-27T15:45:11.6587180Z MOD_TYPE='provider'; MOD_NAME='legacy'; MOD_DIR='/usr/lib/ossl-modules' OSSL_PKG='libopenssl-legacy'
build	Compile debug	2026-09-27T15:45:11.6587831Z Package/openssl/add-module 1='engine'; 2='afalg'; 3='/usr/lib/engines-3' 4=''
build	Compile debug	2026-09-27T15:45:11.6588407Z MOD_TYPE='engine'; MOD_NAME='afalg'; MOD_DIR='/usr/lib/engines-3' OSSL_PKG='libopenssl-afalg'
build	Compile debug	2026-09-27T15:45:11.6588977Z Package/openssl/add-module 1='engine'; 2='devcrypto'; 3='/usr/lib/engines-3' 4=''
build	Compile debug	2026-09-27T15:45:11.6589788Z MOD_TYPE='engine'; MOD_NAME='devcrypto'; MOD_DIR='/usr/lib/engines-3' OSSL_PKG='libopenssl-devcrypto'
build	Compile debug	2026-09-27T15:45:11.6590377Z Package/openssl/add-module 1='engine'; 2='padlock'; 3='/usr/lib/engines-3' 4=''
build	Compile debug	2026-09-27T15:45:11.6590941Z MOD_TYPE='engine'; MOD_NAME='padlock'; MOD_DIR='/usr/lib/engines-3' OSSL_PKG='libopenssl-padlock'
build	Compile debug	2026-09-27T15:45:12.0321931Z mkdir -p /workdir/openwrt/staging_dir/target-x86_64_musl/root-x86/stamp
build	Compile debug	2026-09-27T15:45:12.0357404Z echo '3' | cmp -s - /workdir/openwrt/staging_dir/target-x86_64_musl/pkginfo/libopenssl.version || { mkdir -p /workdir/openwrt/staging_dir/target-x86_64_musl/pkginfo; echo '3' > /workdir/openwrt/staging_dir/target-x86_64_musl/pkginfo/libopenssl.version;  cp /workdir/openwrt/staging_dir/target-x86_64_musl/pkginfo/libopenssl.version /workdir/openwrt/staging_dir/target-x86_64_musl/pkginfo/libopenssl-any.version;  } 
build	Compile debug	2026-09-27T15:45:12.0388707Z SHELL= flock /workdir/openwrt/tmp/.root-copy.flock -c 'cp -fpR /workdir/openwrt/build_dir/target-x86_64_musl/openssl-3.5.8/.pkgdir/libopenssl/. /workdir/openwrt/staging_dir/target-x86_64_musl/root-x86/'
build	Compile debug	2026-09-27T15:45:12.0550803Z touch /workdir/openwrt/staging_dir/target-x86_64_musl/root-x86/stamp/.libopenssl_installed
build	Compile debug	2026-09-27T15:45:12.0577773Z echo "libopenssl" >> /workdir/openwrt/staging_dir/target-x86_64_musl/pkginfo/openssl.default.install
build	Compile debug	2026-09-27T15:45:12.0608773Z mkdir -p /workdir/openwrt/staging_dir/target-x86_64_musl/root-x86/stamp
build	Compile debug	2026-09-27T15:45:12.0646206Z SHELL= flock /workdir/openwrt/tmp/.root-copy.flock -c 'cp -fpR /workdir/openwrt/build_dir/target-x86_64_musl/openssl-3.5.8/.pkgdir/libopenssl-conf/. /workdir/openwrt/staging_dir/target-x86_64_musl/root-x86/'
build	Compile debug	2026-09-27T15:45:12.0700723Z touch /workdir/openwrt/staging_dir/target-x86_64_musl/root-x86/stamp/.libopenssl-conf_installed
build	Compile debug	2026-09-27T15:45:12.0727561Z echo "libopenssl-conf" >> /workdir/openwrt/staging_dir/target-x86_64_musl/pkginfo/openssl.default.install
build	Compile debug	2026-09-27T15:45:12.0754899Z mkdir -p /workdir/openwrt/staging_dir/target-x86_64_musl/root-x86/stamp
build	Compile debug	2026-09-27T15:45:12.0790020Z SHELL= flock /workdir/openwrt/tmp/.root-copy.flock -c 'cp -fpR /workdir/openwrt/build_dir/target-x86_64_musl/openssl-3.5.8/.pkgdir/libopenssl-legacy/. /workdir/openwrt/staging_dir/target-x86_64_musl/root-x86/'
build	Compile debug	2026-09-27T15:45:12.0851728Z touch /workdir/openwrt/staging_dir/target-x86_64_musl/root-x86/stamp/.libopenssl-legacy_installed
build	Compile debug	2026-09-27T15:45:12.0877438Z echo "libopenssl-legacy" >> /workdir/openwrt/staging_dir/target-x86_64_musl/pkginfo/openssl.default.install
build	Compile debug	2026-09-27T15:45:12.0904352Z mkdir -p /workdir/openwrt/staging_dir/target-x86_64_musl/root-x86/stamp
build	Compile debug	2026-09-27T15:45:12.0939597Z SHELL= flock /workdir/openwrt/tmp/.root-copy.flock -c 'cp -fpR /workdir/openwrt/build_dir/target-x86_64_musl/openssl-3.5.8/.pkgdir/openssl-util/. /workdir/openwrt/staging_dir/target-x86_64_musl/root-x86/'
build	Compile debug	2026-09-27T15:45:12.1009496Z touch /workdir/openwrt/staging_dir/target-x86_64_musl/root-x86/stamp/.openssl-util_installed
build	Compile debug	2026-09-27T15:45:12.1034692Z echo "openssl-util" >> /workdir/openwrt/staging_dir/target-x86_64_musl/pkginfo/openssl.default.install
build	Compile debug	2026-09-27T15:45:12.1061215Z make[3]: Leaving directory '/workdir/openwrt/package/libs/openssl'
build	Compile debug	2026-09-27T15:45:12.1069739Z time: package/libs/openssl/compile#0.11#0.17#0.48
build	Compile debug	2026-09-27T15:45:12.1195756Z make[3]: Entering directory '/workdir/openwrt/package/libs/ustream-ssl'
build	Compile debug	2026-09-27T15:45:12.2182871Z mkdir -p /workdir/openwrt/staging_dir/target-x86_64_musl/root-x86/stamp
build	Compile debug	2026-09-27T15:45:12.2218768Z echo '20201210' | cmp -s - /workdir/openwrt/staging_dir/target-x86_64_musl/pkginfo/libustream-openssl.version || { mkdir -p /workdir/openwrt/staging_dir/target-x86_64_musl/pkginfo; echo '20201210' > /workdir/openwrt/staging_dir/target-x86_64_musl/pkginfo/libustream-openssl.version;  cp /workdir/openwrt/staging_dir/target-x86_64_musl/pkginfo/libustream-openssl.version /workdir/openwrt/staging_dir/target-x86_64_musl/pkginfo/libustream-openssl-any.version;  } 
build	Compile debug	2026-09-27T15:45:12.2250008Z SHELL= flock /workdir/openwrt/tmp/.root-copy.flock -c 'cp -fpR /workdir/openwrt/build_dir/target-x86_64_musl/ustream-ssl-openssl/ustream-ssl-2026.03.01~99f1c0db/.pkgdir/libustream-openssl/. /workdir/openwrt/staging_dir/target-x86_64_musl/root-x86/'
build	Compile debug	2026-09-27T15:45:12.2339803Z touch /workdir/openwrt/staging_dir/target-x86_64_musl/root-x86/stamp/.libustream-openssl_installed
build	Compile debug	2026-09-27T15:45:12.2367944Z echo "libustream-openssl" >> /workdir/openwrt/staging_dir/target-x86_64_musl/pkginfo/ustream-ssl.openssl.install
build	Compile debug	2026-09-27T15:45:12.2400436Z make[3]: Leaving directory '/workdir/openwrt/package/libs/ustream-ssl'
build	Compile debug	2026-09-27T15:45:12.2412968Z time: package/libs/ustream-ssl/openssl/compile#0.06#0.06#0.12
build	Compile debug	2026-09-27T15:45:12.2540200Z make[3]: Entering directory '/workdir/openwrt/package/network/services/uhttpd'
build	Compile debug	2026-09-27T15:45:12.3839224Z mkdir -p /workdir/openwrt/staging_dir/target-x86_64_musl/root-x86/stamp
build	Compile debug	2026-09-27T15:45:12.3875618Z SHELL= flock /workdir/openwrt/tmp/.root-copy.flock -c 'cp -fpR /workdir/openwrt/build_dir/target-x86_64_musl/uhttpd-2026.08.03~60f64bec/.pkgdir/uhttpd/. /workdir/openwrt/staging_dir/target-x86_64_musl/root-x86/'
build	Compile debug	2026-09-27T15:45:12.3949101Z touch /workdir/openwrt/staging_dir/target-x86_64_musl/root-x86/stamp/.uhttpd_installed
build	Compile debug	2026-09-27T15:45:12.3975740Z echo "uhttpd" >> /workdir/openwrt/staging_dir/target-x86_64_musl/pkginfo/uhttpd.default.install
build	Compile debug	2026-09-27T15:45:12.4005174Z mkdir -p /workdir/openwrt/staging_dir/target-x86_64_musl/root-x86/stamp
build	Compile debug	2026-09-27T15:45:12.4043051Z SHELL= flock /workdir/openwrt/tmp/.root-copy.flock -c 'cp -fpR /workdir/openwrt/build_dir/target-x86_64_musl/uhttpd-2026.08.03~60f64bec/.pkgdir/uhttpd-mod-ubus/. /workdir/openwrt/staging_dir/target-x86_64_musl/root-x86/'
build	Compile debug	2026-09-27T15:45:12.4101606Z touch /workdir/openwrt/staging_dir/target-x86_64_musl/root-x86/stamp/.uhttpd-mod-ubus_installed
build	Compile debug	2026-09-27T15:45:12.4127520Z echo "uhttpd-mod-ubus" >> /workdir/openwrt/staging_dir/target-x86_64_musl/pkginfo/uhttpd.default.install
build	Compile debug	2026-09-27T15:45:12.4155296Z make[3]: Leaving directory '/workdir/openwrt/package/network/services/uhttpd'
build	Compile debug	2026-09-27T15:45:12.4163993Z time: package/network/services/uhttpd/compile#0.08#0.08#0.17
build	Compile debug	2026-09-27T15:45:12.4586599Z make[3]: Entering directory '/workdir/openwrt/feeds/luci/protocols/luci-proto-ipv6'
build	Compile debug	2026-09-27T15:45:12.6407640Z mkdir -p /workdir/openwrt/staging_dir/target-x86_64_musl/root-x86/stamp
build	Compile debug	2026-09-27T15:45:12.6443780Z SHELL= flock /workdir/openwrt/tmp/.root-copy.flock -c 'cp -fpR /workdir/openwrt/build_dir/target-x86_64_musl/luci-proto-ipv6/.pkgdir/luci-proto-ipv6/. /workdir/openwrt/staging_dir/target-x86_64_musl/root-x86/'
build	Compile debug	2026-09-27T15:45:12.6506325Z touch /workdir/openwrt/staging_dir/target-x86_64_musl/root-x86/stamp/.luci-proto-ipv6_installed
build	Compile debug	2026-09-27T15:45:12.6532328Z echo "luci-proto-ipv6" >> /workdir/openwrt/staging_dir/target-x86_64_musl/pkginfo/luci-proto-ipv6.default.install
build	Compile debug	2026-09-27T15:45:12.6559723Z make[3]: Leaving directory '/workdir/openwrt/feeds/luci/protocols/luci-proto-ipv6'
build	Compile debug	2026-09-27T15:45:12.6568305Z time: package/feeds/luci/luci-proto-ipv6/compile#0.09#0.14#0.23
build	Compile debug	2026-09-27T15:45:12.6988120Z make[3]: Entering directory '/workdir/openwrt/feeds/luci/collections/luci-light'
build	Compile debug	2026-09-27T15:45:12.9952768Z mkdir -p /workdir/openwrt/staging_dir/target-x86_64_musl/root-x86/stamp
build	Compile debug	2026-09-27T15:45:12.9987589Z SHELL= flock /workdir/openwrt/tmp/.root-copy.flock -c 'cp -fpR /workdir/openwrt/build_dir/target-x86_64_musl/luci-light/.pkgdir/luci-light/. /workdir/openwrt/staging_dir/target-x86_64_musl/root-x86/'
build	Compile debug	2026-09-27T15:45:13.0030236Z touch /workdir/openwrt/staging_dir/target-x86_64_musl/root-x86/stamp/.luci-light_installed
build	Compile debug	2026-09-27T15:45:13.0055296Z echo "luci-light" >> /workdir/openwrt/staging_dir/target-x86_64_musl/pkginfo/luci-light.default.install
build	Compile debug	2026-09-27T15:45:13.0082717Z make[3]: Leaving directory '/workdir/openwrt/feeds/luci/collections/luci-light'
build	Compile debug	2026-09-27T15:45:13.0092821Z time: package/feeds/luci/luci-light/compile#0.18#0.17#0.34
build	Compile debug	2026-09-27T15:45:13.0495478Z make[3]: Entering directory '/workdir/openwrt/feeds/luci/collections/luci'
build	Compile debug	2026-09-27T15:45:13.3337788Z mkdir -p /workdir/openwrt/staging_dir/target-x86_64_musl/root-x86/stamp
build	Compile debug	2026-09-27T15:45:13.3373282Z SHELL= flock /workdir/openwrt/tmp/.root-copy.flock -c 'cp -fpR /workdir/openwrt/build_dir/target-x86_64_musl/luci/.pkgdir/luci/. /workdir/openwrt/staging_dir/target-x86_64_musl/root-x86/'
build	Compile debug	2026-09-27T15:45:13.3416424Z touch /workdir/openwrt/staging_dir/target-x86_64_musl/root-x86/stamp/.luci_installed
build	Compile debug	2026-09-27T15:45:13.3441696Z echo "luci" >> /workdir/openwrt/staging_dir/target-x86_64_musl/pkginfo/luci.default.install
build	Compile debug	2026-09-27T15:45:13.3468041Z make[3]: Leaving directory '/workdir/openwrt/feeds/luci/collections/luci'
build	Compile debug	2026-09-27T15:45:13.3476086Z time: package/feeds/luci/luci/compile#0.17#0.16#0.33
build	Compile debug	2026-09-27T15:45:13.3885456Z make[3]: Entering directory '/workdir/openwrt/package/emortal/default-settings'
build	Compile debug	2026-09-27T15:45:13.5526545Z mkdir -p /workdir/openwrt/staging_dir/target-x86_64_musl/root-x86/stamp
build	Compile debug	2026-09-27T15:45:13.5561934Z SHELL= flock /workdir/openwrt/tmp/.root-copy.flock -c 'cp -fpR /workdir/openwrt/build_dir/target-x86_64_musl/default-settings/.pkgdir/default-settings/. /workdir/openwrt/staging_dir/target-x86_64_musl/root-x86/'
build	Compile debug	2026-09-27T15:45:13.5607209Z touch /workdir/openwrt/staging_dir/target-x86_64_musl/root-x86/stamp/.default-settings_installed
build	Compile debug	2026-09-27T15:45:13.5632870Z echo "default-settings" >> /workdir/openwrt/staging_dir/target-x86_64_musl/pkginfo/default-settings.default.install
build	Compile debug	2026-09-27T15:45:13.5659078Z mkdir -p /workdir/openwrt/staging_dir/target-x86_64_musl/root-x86/stamp
build	Compile debug	2026-09-27T15:45:13.5692535Z SHELL= flock /workdir/openwrt/tmp/.root-copy.flock -c 'cp -fpR /workdir/openwrt/build_dir/target-x86_64_musl/default-settings/.pkgdir/default-settings-chn/. /workdir/openwrt/staging_dir/target-x86_64_musl/root-x86/'
build	Compile debug	2026-09-27T15:45:13.5737644Z touch /workdir/openwrt/staging_dir/target-x86_64_musl/root-x86/stamp/.default-settings-chn_installed
build	Compile debug	2026-09-27T15:45:13.5763545Z echo "default-settings-chn" >> /workdir/openwrt/staging_dir/target-x86_64_musl/pkginfo/default-settings.default.install
build	Compile debug	2026-09-27T15:45:13.5789525Z make[3]: Leaving directory '/workdir/openwrt/package/emortal/default-settings'
build	Compile debug	2026-09-27T15:45:13.5798139Z time: package/emortal/default-settings/compile#0.16#0.06#0.22
build	Compile debug	2026-09-27T15:45:13.6211667Z make[3]: Entering directory '/workdir/openwrt/feeds/packages/utils/attr'
build	Compile debug	2026-09-27T15:45:13.6859875Z mkdir -p /workdir/openwrt/staging_dir/target-x86_64_musl/root-x86/stamp
build	Compile debug	2026-09-27T15:45:13.6896569Z SHELL= flock /workdir/openwrt/tmp/.root-copy.flock -c 'cp -fpR /workdir/openwrt/build_dir/target-x86_64_musl/attr-2.5.2/.pkgdir/attr/. /workdir/openwrt/staging_dir/target-x86_64_musl/root-x86/'
build	Compile debug	2026-09-27T15:45:13.6946845Z touch /workdir/openwrt/staging_dir/target-x86_64_musl/root-x86/stamp/.attr_installed
build	Compile debug	2026-09-27T15:45:13.6974595Z echo "attr" >> /workdir/openwrt/staging_dir/target-x86_64_musl/pkginfo/attr.default.install
build	Compile debug	2026-09-27T15:45:13.7002549Z mkdir -p /workdir/openwrt/staging_dir/target-x86_64_musl/root-x86/stamp
build	Compile debug	2026-09-27T15:45:13.7036489Z SHELL= flock /workdir/openwrt/tmp/.root-copy.flock -c 'cp -fpR /workdir/openwrt/build_dir/target-x86_64_musl/attr-2.5.2/.pkgdir/libattr/. /workdir/openwrt/staging_dir/target-x86_64_musl/root-x86/'
build	Compile debug	2026-09-27T15:45:13.7092475Z touch /workdir/openwrt/staging_dir/target-x86_64_musl/root-x86/stamp/.libattr_installed
build	Compile debug	2026-09-27T15:45:13.7117683Z echo "libattr" >> /workdir/openwrt/staging_dir/target-x86_64_musl/pkginfo/attr.default.install
build	Compile debug	2026-09-27T15:45:13.7142332Z make[3]: Leaving directory '/workdir/openwrt/feeds/packages/utils/attr'
build	Compile debug	2026-09-27T15:45:13.7150509Z time: package/feeds/packages/attr/compile#0.07#0.05#0.13
build	Compile debug	2026-09-27T15:45:13.7566340Z make[3]: Entering directory '/workdir/openwrt/feeds/packages/utils/acl'
build	Compile debug	2026-09-27T15:45:13.8267954Z make[3]: Leaving directory '/workdir/openwrt/feeds/packages/utils/acl'
build	Compile debug	2026-09-27T15:45:13.8276000Z time: package/feeds/packages/acl/compile#0.05#0.04#0.10
build	Compile debug	2026-09-27T15:45:13.8687336Z make[3]: Entering directory '/workdir/openwrt/feeds/packages/libs/lzo'
build	Compile debug	2026-09-27T15:45:13.9416952Z mkdir -p /workdir/openwrt/staging_dir/target-x86_64_musl/root-x86/stamp
build	Compile debug	2026-09-27T15:45:13.9451763Z echo '2' | cmp -s - /workdir/openwrt/staging_dir/target-x86_64_musl/pkginfo/liblzo.version || { mkdir -p /workdir/openwrt/staging_dir/target-x86_64_musl/pkginfo; echo '2' > /workdir/openwrt/staging_dir/target-x86_64_musl/pkginfo/liblzo.version;  cp /workdir/openwrt/staging_dir/target-x86_64_musl/pkginfo/liblzo.version /workdir/openwrt/staging_dir/target-x86_64_musl/pkginfo/liblzo-any.version;  } 
build	Compile debug	2026-09-27T15:45:13.9482266Z SHELL= flock /workdir/openwrt/tmp/.root-copy.flock -c 'cp -fpR /workdir/openwrt/build_dir/target-x86_64_musl/lzo-2.10/.pkgdir/liblzo/. /workdir/openwrt/staging_dir/target-x86_64_musl/root-x86/'
build	Compile debug	2026-09-27T15:45:13.9543596Z touch /workdir/openwrt/staging_dir/target-x86_64_musl/root-x86/stamp/.liblzo_installed
build	Compile debug	2026-09-27T15:45:13.9569608Z echo "liblzo" >> /workdir/openwrt/staging_dir/target-x86_64_musl/pkginfo/lzo.default.install
build	Compile debug	2026-09-27T15:45:13.9598094Z make[3]: Leaving directory '/workdir/openwrt/feeds/packages/libs/lzo'
build	Compile debug	2026-09-27T15:45:13.9606659Z time: package/feeds/packages/lzo/compile#0.05#0.06#0.12
build	Compile debug	2026-09-27T15:45:14.0024987Z make[3]: Entering directory '/workdir/openwrt/feeds/packages/utils/zstd'
build	Compile debug	2026-09-27T15:45:14.0794798Z mkdir -p /workdir/openwrt/staging_dir/target-x86_64_musl/root-x86/stamp
build	Compile debug	2026-09-27T15:45:14.0829196Z SHELL= flock /workdir/openwrt/tmp/.root-copy.flock -c 'cp -fpR /workdir/openwrt/build_dir/target-x86_64_musl/zstd-1.5.7/.pkgdir/libzstd/. /workdir/openwrt/staging_dir/target-x86_64_musl/root-x86/'
build	Compile debug	2026-09-27T15:45:14.0895537Z touch /workdir/openwrt/staging_dir/target-x86_64_musl/root-x86/stamp/.libzstd_installed
build	Compile debug	2026-09-27T15:45:14.0920640Z echo "libzstd" >> /workdir/openwrt/staging_dir/target-x86_64_musl/pkginfo/zstd.default.install
build	Compile debug	2026-09-27T15:45:14.0948831Z make[3]: Leaving directory '/workdir/openwrt/feeds/packages/utils/zstd'
build	Compile debug	2026-09-27T15:45:14.0957439Z time: package/feeds/packages/zstd/compile#0.06#0.06#0.13
build	Compile debug	2026-09-27T15:45:14.1366027Z make[3]: Entering directory '/workdir/openwrt/feeds/packages/utils/btrfs-progs'
build	Compile debug	2026-09-27T15:45:14.2353071Z mkdir -p /workdir/openwrt/staging_dir/target-x86_64_musl/root-x86/stamp
build	Compile debug	2026-09-27T15:45:14.2388377Z SHELL= flock /workdir/openwrt/tmp/.root-copy.flock -c 'cp -fpR /workdir/openwrt/build_dir/target-x86_64_musl/btrfs-progs-v6.11/.pkgdir/btrfs-progs/. /workdir/openwrt/staging_dir/target-x86_64_musl/root-x86/'
build	Compile debug	2026-09-27T15:45:14.2498682Z touch /workdir/openwrt/staging_dir/target-x86_64_musl/root-x86/stamp/.btrfs-progs_installed
build	Compile debug	2026-09-27T15:45:14.2525604Z echo "btrfs-progs" >> /workdir/openwrt/staging_dir/target-x86_64_musl/pkginfo/btrfs-progs.default.install
build	Compile debug	2026-09-27T15:45:14.2553606Z make[3]: Leaving directory '/workdir/openwrt/feeds/packages/utils/btrfs-progs'
build	Compile debug	2026-09-27T15:45:14.2561861Z time: package/feeds/packages/btrfs-progs/compile#0.06#0.07#0.15
build	Compile debug	2026-09-27T15:45:14.2569892Z make[2]: Circular package/feeds/packages/containerd/compile <- package/feeds/packages/dockerd/compile dependency dropped.
build	Compile debug	2026-09-27T15:45:14.2994806Z make[3]: Entering directory '/workdir/openwrt/feeds/packages/lang/golang/golang-bootstrap'
build	Compile debug	2026-09-27T15:45:15.2893307Z make[3]: Leaving directory '/workdir/openwrt/feeds/packages/lang/golang/golang-bootstrap'
build	Compile debug	2026-09-27T15:45:15.2901110Z time: package/feeds/packages/golang-bootstrap/host-compile#0.32#0.52#1.02
build	Compile debug	2026-09-27T15:45:15.3334322Z make[3]: Entering directory '/workdir/openwrt/feeds/packages/lang/golang/golang1.27'
build	Compile debug	2026-09-27T15:45:15.7662727Z make[3]: Leaving directory '/workdir/openwrt/feeds/packages/lang/golang/golang1.27'
build	Compile debug	2026-09-27T15:45:15.7669590Z time: package/feeds/packages/golang1.27/host-compile#0.22#0.17#0.47
build	Compile debug	2026-09-27T15:45:15.8106271Z make[3]: Entering directory '/workdir/openwrt/feeds/packages/lang/golang/golang'
build	Compile debug	2026-09-27T15:45:15.8669118Z make[3]: Leaving directory '/workdir/openwrt/feeds/packages/lang/golang/golang'
build	Compile debug	2026-09-27T15:45:15.8676476Z time: package/feeds/packages/golang/host-compile#0.06#0.03#0.09
build	Compile debug	2026-09-27T15:45:15.9099802Z make[3]: Entering directory '/workdir/openwrt/package/devel/gperf'
build	Compile debug	2026-09-27T15:45:16.0078036Z make[3]: Leaving directory '/workdir/openwrt/package/devel/gperf'
build	Compile debug	2026-09-27T15:45:16.0088269Z time: package/devel/gperf/host-compile#0.07#0.05#0.13
build	Compile debug	2026-09-27T15:45:16.0546583Z make[3]: Entering directory '/workdir/openwrt/feeds/packages/libs/libseccomp'
build	Compile debug	2026-09-27T15:45:16.1463730Z mkdir -p /workdir/openwrt/staging_dir/target-x86_64_musl/root-x86/stamp
build	Compile debug	2026-09-27T15:45:16.1498865Z SHELL= flock /workdir/openwrt/tmp/.root-copy.flock -c 'cp -fpR /workdir/openwrt/build_dir/target-x86_64_musl/libseccomp-2.5.5/.pkgdir/libseccomp/. /workdir/openwrt/staging_dir/target-x86_64_musl/root-x86/'
build	Compile debug	2026-09-27T15:45:16.1558230Z touch /workdir/openwrt/staging_dir/target-x86_64_musl/root-x86/stamp/.libseccomp_installed
build	Compile debug	2026-09-27T15:45:16.1584089Z echo "libseccomp" >> /workdir/openwrt/staging_dir/target-x86_64_musl/pkginfo/libseccomp.default.install
build	Compile debug	2026-09-27T15:45:16.1611752Z make[3]: Leaving directory '/workdir/openwrt/feeds/packages/libs/libseccomp'
build	Compile debug	2026-09-27T15:45:16.1619833Z time: package/feeds/packages/libseccomp/compile#0.06#0.06#0.14
build	Compile debug	2026-09-27T15:45:16.2052277Z make[3]: Entering directory '/workdir/openwrt/feeds/packages/utils/runc'
build	Compile debug	2026-09-27T15:45:16.3059931Z mkdir -p /workdir/openwrt/staging_dir/target-x86_64_musl/root-x86/stamp
build	Compile debug	2026-09-27T15:45:16.3095536Z SHELL= flock /workdir/openwrt/tmp/.root-copy.flock -c 'cp -fpR /workdir/openwrt/build_dir/target-x86_64_musl/runc-1.5.1/.pkgdir/runc/. /workdir/openwrt/staging_dir/target-x86_64_musl/root-x86/'
build	Compile debug	2026-09-27T15:45:16.3526427Z touch /workdir/openwrt/staging_dir/target-x86_64_musl/root-x86/stamp/.runc_installed
build	Compile debug	2026-09-27T15:45:16.3572783Z echo "runc" >> /workdir/openwrt/staging_dir/target-x86_64_musl/pkginfo/runc.default.install
build	Compile debug	2026-09-27T15:45:16.3612470Z make[3]: Leaving directory '/workdir/openwrt/feeds/packages/utils/runc'
build	Compile debug	2026-09-27T15:45:16.3620374Z time: package/feeds/packages/runc/compile#0.08#0.08#0.19
build	Compile debug	2026-09-27T15:45:16.4244578Z make[3]: Entering directory '/workdir/openwrt/feeds/packages/utils/containerd'
build	Compile debug	2026-09-27T15:45:16.6396782Z mkdir -p /workdir/openwrt/staging_dir/target-x86_64_musl/root-x86/stamp
build	Compile debug	2026-09-27T15:45:16.6433232Z SHELL= flock /workdir/openwrt/tmp/.root-copy.flock -c 'cp -fpR /workdir/openwrt/build_dir/target-x86_64_musl/containerd-2.3.5/.pkgdir/containerd/. /workdir/openwrt/staging_dir/target-x86_64_musl/root-x86/'
build	Compile debug	2026-09-27T15:45:16.8534999Z touch /workdir/openwrt/staging_dir/target-x86_64_musl/root-x86/stamp/.containerd_installed
build	Compile debug	2026-09-27T15:45:16.8572158Z echo "containerd" >> /workdir/openwrt/staging_dir/target-x86_64_musl/pkginfo/containerd.default.install
build	Compile debug	2026-09-27T15:45:16.8624802Z make[3]: Leaving directory '/workdir/openwrt/feeds/packages/utils/containerd'
build	Compile debug	2026-09-27T15:45:16.8629672Z time: package/feeds/packages/containerd/compile#0.11#0.29#0.49
build	Compile debug	2026-09-27T15:45:16.8640792Z make[2]: Circular package/feeds/packages/tini/compile <- package/feeds/packages/dockerd/compile dependency dropped.
build	Compile debug	2026-09-27T15:45:16.9151679Z make[3]: Entering directory '/workdir/openwrt/feeds/packages/utils/tini'
build	Compile debug	2026-09-27T15:45:16.9797768Z mkdir -p /workdir/openwrt/staging_dir/target-x86_64_musl/root-x86/stamp
build	Compile debug	2026-09-27T15:45:16.9833279Z SHELL= flock /workdir/openwrt/tmp/.root-copy.flock -c 'cp -fpR /workdir/openwrt/build_dir/target-x86_64_musl/tini-0.19.0/.pkgdir/tini/. /workdir/openwrt/staging_dir/target-x86_64_musl/root-x86/'
build	Compile debug	2026-09-27T15:45:16.9889123Z touch /workdir/openwrt/staging_dir/target-x86_64_musl/root-x86/stamp/.tini_installed
build	Compile debug	2026-09-27T15:45:16.9915079Z echo "tini" >> /workdir/openwrt/staging_dir/target-x86_64_musl/pkginfo/tini.default.install
build	Compile debug	2026-09-27T15:45:16.9942580Z make[3]: Leaving directory '/workdir/openwrt/feeds/packages/utils/tini'
build	Compile debug	2026-09-27T15:45:16.9951161Z time: package/feeds/packages/tini/compile#0.05#0.06#0.12
build	Compile debug	2026-09-27T15:45:17.0375801Z make[3]: Entering directory '/workdir/openwrt/package/system/ca-certificates'
build	Compile debug	2026-09-27T15:45:17.1066742Z mkdir -p /workdir/openwrt/staging_dir/target-x86_64_musl/root-x86/stamp
build	Compile debug	2026-09-27T15:45:17.1103697Z SHELL= flock /workdir/openwrt/tmp/.root-copy.flock -c 'cp -fpR /workdir/openwrt/build_dir/target-x86_64_musl/ca-certificates-20260816/.pkgdir/ca-bundle/. /workdir/openwrt/staging_dir/target-x86_64_musl/root-x86/'
build	Compile debug	2026-09-27T15:45:17.1162564Z touch /workdir/openwrt/staging_dir/target-x86_64_musl/root-x86/stamp/.ca-bundle_installed
build	Compile debug	2026-09-27T15:45:17.1188943Z echo "ca-bundle" >> /workdir/openwrt/staging_dir/target-x86_64_musl/pkginfo/ca-certificates.default.install
build	Compile debug	2026-09-27T15:45:17.1217957Z mkdir -p /workdir/openwrt/staging_dir/target-x86_64_musl/root-x86/stamp
build	Compile debug	2026-09-27T15:45:17.1253538Z SHELL= flock /workdir/openwrt/tmp/.root-copy.flock -c 'cp -fpR /workdir/openwrt/build_dir/target-x86_64_musl/ca-certificates-20260816/.pkgdir/ca-certificates/. /workdir/openwrt/staging_dir/target-x86_64_musl/root-x86/'
build	Compile debug	2026-09-27T15:45:17.1519347Z touch /workdir/openwrt/staging_dir/target-x86_64_musl/root-x86/stamp/.ca-certificates_installed
build	Compile debug	2026-09-27T15:45:17.1546249Z echo "ca-certificates" >> /workdir/openwrt/staging_dir/target-x86_64_musl/pkginfo/ca-certificates.default.install
build	Compile debug	2026-09-27T15:45:17.1573389Z make[3]: Leaving directory '/workdir/openwrt/package/system/ca-certificates'
build	Compile debug	2026-09-27T15:45:17.1581826Z time: package/system/ca-certificates/compile#0.06#0.08#0.15
build	Compile debug	2026-09-27T15:45:17.2002752Z make[3]: Entering directory '/workdir/openwrt/feeds/packages/utils/dockerd'
build	Compile debug	2026-09-27T15:45:17.5106455Z mkdir -p /workdir/openwrt/staging_dir/target-x86_64_musl/root-x86/stamp
build	Compile debug	2026-09-27T15:45:17.5142474Z SHELL= flock /workdir/openwrt/tmp/.root-copy.flock -c 'cp -fpR /workdir/openwrt/build_dir/target-x86_64_musl/dockerd-29.8.1/.pkgdir/dockerd/. /workdir/openwrt/staging_dir/target-x86_64_musl/root-x86/'
build	Compile debug	2026-09-27T15:45:17.5376533Z touch /workdir/openwrt/staging_dir/target-x86_64_musl/root-x86/stamp/.dockerd_installed
build	Compile debug	2026-09-27T15:45:17.5405304Z echo "dockerd" >> /workdir/openwrt/staging_dir/target-x86_64_musl/pkginfo/dockerd.default.install
build	Compile debug	2026-09-27T15:45:17.5433885Z make[3]: Leaving directory '/workdir/openwrt/feeds/packages/utils/dockerd'
build	Compile debug	2026-09-27T15:45:17.5441835Z time: package/feeds/packages/dockerd/compile#0.15#0.22#0.38
build	Compile debug	2026-09-27T15:45:17.5865122Z make[3]: Entering directory '/workdir/openwrt/feeds/packages/utils/docker'
build	Compile debug	2026-09-27T15:45:17.7037238Z mkdir -p /workdir/openwrt/staging_dir/target-x86_64_musl/root-x86/stamp
build	Compile debug	2026-09-27T15:45:17.7072946Z SHELL= flock /workdir/openwrt/tmp/.root-copy.flock -c 'cp -fpR /workdir/openwrt/build_dir/target-x86_64_musl/docker-29.8.1/.pkgdir/docker/. /workdir/openwrt/staging_dir/target-x86_64_musl/root-x86/'
build	Compile debug	2026-09-27T15:45:17.7202405Z touch /workdir/openwrt/staging_dir/target-x86_64_musl/root-x86/stamp/.docker_installed
build	Compile debug	2026-09-27T15:45:17.7229711Z echo "docker" >> /workdir/openwrt/staging_dir/target-x86_64_musl/pkginfo/docker.default.install
build	Compile debug	2026-09-27T15:45:17.7257317Z make[3]: Leaving directory '/workdir/openwrt/feeds/packages/utils/docker'
build	Compile debug	2026-09-27T15:45:17.7265832Z time: package/feeds/packages/docker/compile#0.09#0.08#0.17
build	Compile debug	2026-09-27T15:45:17.7680803Z make[3]: Entering directory '/workdir/openwrt/feeds/packages/utils/docker-compose'
build	Compile debug	2026-09-27T15:45:17.8365843Z mkdir -p /workdir/openwrt/staging_dir/target-x86_64_musl/root-x86/stamp
build	Compile debug	2026-09-27T15:45:17.8403337Z SHELL= flock /workdir/openwrt/tmp/.root-copy.flock -c 'cp -fpR /workdir/openwrt/build_dir/target-x86_64_musl/compose-5.5.0/.pkgdir/docker-compose/. /workdir/openwrt/staging_dir/target-x86_64_musl/root-x86/'
build	Compile debug	2026-09-27T15:45:17.8566191Z touch /workdir/openwrt/staging_dir/target-x86_64_musl/root-x86/stamp/.docker-compose_installed
build	Compile debug	2026-09-27T15:45:17.8594214Z echo "docker-compose" >> /workdir/openwrt/staging_dir/target-x86_64_musl/pkginfo/docker-compose.default.install
build	Compile debug	2026-09-27T15:45:17.8622398Z make[3]: Leaving directory '/workdir/openwrt/feeds/packages/utils/docker-compose'
build	Compile debug	2026-09-27T15:45:17.8629945Z time: package/feeds/packages/docker-compose/compile#0.06#0.06#0.13
build	Compile debug	2026-09-27T15:45:17.9066064Z make[3]: Entering directory '/workdir/openwrt/feeds/packages/libs/libuv'
build	Compile debug	2026-09-27T15:45:17.9813670Z mkdir -p /workdir/openwrt/staging_dir/target-x86_64_musl/root-x86/stamp
build	Compile debug	2026-09-27T15:45:17.9851096Z echo '1' | cmp -s - /workdir/openwrt/staging_dir/target-x86_64_musl/pkginfo/libuv.version || { mkdir -p /workdir/openwrt/staging_dir/target-x86_64_musl/pkginfo; echo '1' > /workdir/openwrt/staging_dir/target-x86_64_musl/pkginfo/libuv.version;  cp /workdir/openwrt/staging_dir/target-x86_64_musl/pkginfo/libuv.version /workdir/openwrt/staging_dir/target-x86_64_musl/pkginfo/libuv-any.version;  } 
build	Compile debug	2026-09-27T15:45:17.9882181Z SHELL= flock /workdir/openwrt/tmp/.root-copy.flock -c 'cp -fpR /workdir/openwrt/build_dir/target-x86_64_musl/libuv-v1.48.0/.pkgdir/libuv/. /workdir/openwrt/staging_dir/target-x86_64_musl/root-x86/'
build	Compile debug	2026-09-27T15:45:17.9941753Z touch /workdir/openwrt/staging_dir/target-x86_64_musl/root-x86/stamp/.libuv_installed
build	Compile debug	2026-09-27T15:45:17.9967927Z echo "libuv" >> /workdir/openwrt/staging_dir/target-x86_64_musl/pkginfo/libuv.default.install
build	Compile debug	2026-09-27T15:45:17.9996414Z make[3]: Leaving directory '/workdir/openwrt/feeds/packages/libs/libuv'
build	Compile debug	2026-09-27T15:45:18.0003788Z time: package/feeds/packages/libuv/compile#0.06#0.06#0.13
build	Compile debug	2026-09-27T15:45:18.0434847Z make[3]: Entering directory '/workdir/openwrt/package/libs/libcap'
build	Compile debug	2026-09-27T15:45:18.1883430Z mkdir -p /workdir/openwrt/staging_dir/target-x86_64_musl/root-x86/stamp
build	Compile debug	2026-09-27T15:45:18.1929831Z SHELL= flock /workdir/openwrt/tmp/.root-copy.flock -c 'cp -fpR /workdir/openwrt/build_dir/target-x86_64_musl/libcap-2.69/.pkgdir/libcap/. /workdir/openwrt/staging_dir/target-x86_64_musl/root-x86/'
build	Compile debug	2026-09-27T15:45:18.1990374Z touch /workdir/openwrt/staging_dir/target-x86_64_musl/root-x86/stamp/.libcap_installed
build	Compile debug	2026-09-27T15:45:18.2016591Z echo "libcap" >> /workdir/openwrt/staging_dir/target-x86_64_musl/pkginfo/libcap.default.install
build	Compile debug	2026-09-27T15:45:18.2045450Z make[3]: Leaving directory '/workdir/openwrt/package/libs/libcap'
build	Compile debug	2026-09-27T15:45:18.2053858Z time: package/libs/libcap/compile#0.08#0.06#0.20
build	Compile debug	2026-09-27T15:45:18.2467136Z make[3]: Entering directory '/workdir/openwrt/package/libs/mbedtls'
build	Compile debug	2026-09-27T15:45:18.3914527Z make[3]: Leaving directory '/workdir/openwrt/package/libs/mbedtls'
build	Compile debug	2026-09-27T15:45:18.3921615Z time: package/libs/mbedtls/compile#0.08#0.07#0.18
build	Compile debug	2026-09-27T15:45:18.4348702Z make[3]: Entering directory '/workdir/openwrt/feeds/packages/libs/libwebsockets'
build	Compile debug	2026-09-27T15:45:18.5484553Z mkdir -p /workdir/openwrt/staging_dir/target-x86_64_musl/root-x86/stamp
build	Compile debug	2026-09-27T15:45:18.5519706Z SHELL= flock /workdir/openwrt/tmp/.root-copy.flock -c 'cp -fpR /workdir/openwrt/build_dir/target-x86_64_musl/libwebsockets-full/libwebsockets-4.5.8/.pkgdir/libwebsockets-full/. /workdir/openwrt/staging_dir/target-x86_64_musl/root-x86/'
build	Compile debug	2026-09-27T15:45:18.5594816Z touch /workdir/openwrt/staging_dir/target-x86_64_musl/root-x86/stamp/.libwebsockets-full_installed
build	Compile debug	2026-09-27T15:45:18.5621061Z echo "libwebsockets-full" >> /workdir/openwrt/staging_dir/target-x86_64_musl/pkginfo/libwebsockets.full.install
build	Compile debug	2026-09-27T15:45:18.5648248Z make[3]: Leaving directory '/workdir/openwrt/feeds/packages/libs/libwebsockets'
build	Compile debug	2026-09-27T15:45:18.5656570Z time: package/feeds/packages/libwebsockets/full/compile#0.06#0.08#0.16
build	Compile debug	2026-09-27T15:45:18.6085361Z make[3]: Entering directory '/workdir/openwrt/feeds/packages/utils/ttyd'
build	Compile debug	2026-09-27T15:45:18.6788853Z mkdir -p /workdir/openwrt/staging_dir/target-x86_64_musl/root-x86/stamp
build	Compile debug	2026-09-27T15:45:18.6825029Z SHELL= flock /workdir/openwrt/tmp/.root-copy.flock -c 'cp -fpR /workdir/openwrt/build_dir/target-x86_64_musl/ttyd-1.7.7/.pkgdir/ttyd/. /workdir/openwrt/staging_dir/target-x86_64_musl/root-x86/'
build	Compile debug	2026-09-27T15:45:18.6897867Z touch /workdir/openwrt/staging_dir/target-x86_64_musl/root-x86/stamp/.ttyd_installed
build	Compile debug	2026-09-27T15:45:18.6924796Z echo "ttyd" >> /workdir/openwrt/staging_dir/target-x86_64_musl/pkginfo/ttyd.default.install
build	Compile debug	2026-09-27T15:45:18.6953703Z make[3]: Leaving directory '/workdir/openwrt/feeds/packages/utils/ttyd'
build	Compile debug	2026-09-27T15:45:18.6961679Z time: package/feeds/packages/ttyd/compile#0.05#0.07#0.12
build	Compile debug	2026-09-27T15:45:18.7379255Z make[3]: Entering directory '/workdir/openwrt/feeds/luci/applications/luci-app-dockerman'
build	Compile debug	2026-09-27T15:45:19.1946619Z mkdir -p /workdir/openwrt/staging_dir/target-x86_64_musl/root-x86/stamp
build	Compile debug	2026-09-27T15:45:19.1982268Z SHELL= flock /workdir/openwrt/tmp/.root-copy.flock -c 'cp -fpR /workdir/openwrt/build_dir/target-x86_64_musl/luci-app-dockerman/.pkgdir/luci-app-dockerman/. /workdir/openwrt/staging_dir/target-x86_64_musl/root-x86/'
build	Compile debug	2026-09-27T15:45:19.2047142Z touch /workdir/openwrt/staging_dir/target-x86_64_musl/root-x86/stamp/.luci-app-dockerman_installed
build	Compile debug	2026-09-27T15:45:19.2073711Z echo "luci-app-dockerman" >> /workdir/openwrt/staging_dir/target-x86_64_musl/pkginfo/luci-app-dockerman.default.install
build	Compile debug	2026-09-27T15:45:19.2101122Z mkdir -p /workdir/openwrt/staging_dir/target-x86_64_musl/root-x86/stamp
build	Compile debug	2026-09-27T15:45:19.2134395Z SHELL= flock /workdir/openwrt/tmp/.root-copy.flock -c 'cp -fpR /workdir/openwrt/build_dir/target-x86_64_musl/luci-app-dockerman/.pkgdir/luci-i18n-dockerman-zh-cn/. /workdir/openwrt/staging_dir/target-x86_64_musl/root-x86/'
build	Compile debug	2026-09-27T15:45:19.2181867Z touch /workdir/openwrt/staging_dir/target-x86_64_musl/root-x86/stamp/.luci-i18n-dockerman-zh-cn_installed
build	Compile debug	2026-09-27T15:45:19.2207718Z echo "luci-i18n-dockerman-zh-cn" >> /workdir/openwrt/staging_dir/target-x86_64_musl/pkginfo/luci-app-dockerman.default.install
build	Compile debug	2026-09-27T15:45:19.2232253Z make[3]: Leaving directory '/workdir/openwrt/feeds/luci/applications/luci-app-dockerman'
build	Compile debug	2026-09-27T15:45:19.2240694Z time: package/feeds/luci/luci-app-dockerman/compile#0.17#0.35#0.52
build	Compile debug	2026-09-27T15:45:19.2660884Z make[3]: Entering directory '/workdir/openwrt/package/libs/readline'
build	Compile debug	2026-09-27T15:45:19.3746220Z mkdir -p /workdir/openwrt/staging_dir/target-x86_64_musl/root-x86/stamp
build	Compile debug	2026-09-27T15:45:19.3783703Z echo '8' | cmp -s - /workdir/openwrt/staging_dir/target-x86_64_musl/pkginfo/libreadline.version || { mkdir -p /workdir/openwrt/staging_dir/target-x86_64_musl/pkginfo; echo '8' > /workdir/openwrt/staging_dir/target-x86_64_musl/pkginfo/libreadline.version;  cp /workdir/openwrt/staging_dir/target-x86_64_musl/pkginfo/libreadline.version /workdir/openwrt/staging_dir/target-x86_64_musl/pkginfo/libreadline-any.version;  } 
build	Compile debug	2026-09-27T15:45:19.3814618Z SHELL= flock /workdir/openwrt/tmp/.root-copy.flock -c 'cp -fpR /workdir/openwrt/build_dir/target-x86_64_musl/readline-8.3/.pkgdir/libreadline/. /workdir/openwrt/staging_dir/target-x86_64_musl/root-x86/'
build	Compile debug	2026-09-27T15:45:19.3882615Z touch /workdir/openwrt/staging_dir/target-x86_64_musl/root-x86/stamp/.libreadline_installed
build	Compile debug	2026-09-27T15:45:19.3908334Z echo "libreadline" >> /workdir/openwrt/staging_dir/target-x86_64_musl/pkginfo/readline.default.install
build	Compile debug	2026-09-27T15:45:19.3935063Z make[3]: Leaving directory '/workdir/openwrt/package/libs/readline'
build	Compile debug	2026-09-27T15:45:19.3942971Z time: package/libs/readline/compile#0.07#0.08#0.16
build	Compile debug	2026-09-27T15:45:19.4351996Z make[3]: Entering directory '/workdir/openwrt/feeds/packages/utils/bash'
build	Compile debug	2026-09-27T15:45:19.5348155Z mkdir -p /workdir/openwrt/staging_dir/target-x86_64_musl/root-x86/stamp
build	Compile debug	2026-09-27T15:45:19.5383226Z SHELL= flock /workdir/openwrt/tmp/.root-copy.flock -c 'cp -fpR /workdir/openwrt/build_dir/target-x86_64_musl/bash-5.3/.pkgdir/bash/. /workdir/openwrt/staging_dir/target-x86_64_musl/root-x86/'
build	Compile debug	2026-09-27T15:45:19.5495588Z touch /workdir/openwrt/staging_dir/target-x86_64_musl/root-x86/stamp/.bash_installed
build	Compile debug	2026-09-27T15:45:19.5522588Z echo "bash" >> /workdir/openwrt/staging_dir/target-x86_64_musl/pkginfo/bash.default.install
build	Compile debug	2026-09-27T15:45:19.5550418Z make[3]: Leaving directory '/workdir/openwrt/feeds/packages/utils/bash'
build	Compile debug	2026-09-27T15:45:19.5560470Z time: package/feeds/packages/bash/compile#0.06#0.08#0.15
build	Compile debug	2026-09-27T15:45:19.5998460Z make[3]: Entering directory '/workdir/openwrt/feeds/packages/libs/nghttp2'
build	Compile debug	2026-09-27T15:45:19.7090442Z mkdir -p /workdir/openwrt/staging_dir/target-x86_64_musl/root-x86/stamp
build	Compile debug	2026-09-27T15:45:19.7127298Z echo '14' | cmp -s - /workdir/openwrt/staging_dir/target-x86_64_musl/pkginfo/libnghttp2.version || { mkdir -p /workdir/openwrt/staging_dir/target-x86_64_musl/pkginfo; echo '14' > /workdir/openwrt/staging_dir/target-x86_64_musl/pkginfo/libnghttp2.version;  cp /workdir/openwrt/staging_dir/target-x86_64_musl/pkginfo/libnghttp2.version /workdir/openwrt/staging_dir/target-x86_64_musl/pkginfo/libnghttp2-any.version;  } 
build	Compile debug	2026-09-27T15:45:19.7158106Z SHELL= flock /workdir/openwrt/tmp/.root-copy.flock -c 'cp -fpR /workdir/openwrt/build_dir/target-x86_64_musl/nghttp2-1.70.0/.pkgdir/libnghttp2/. /workdir/openwrt/staging_dir/target-x86_64_musl/root-x86/'
build	Compile debug	2026-09-27T15:45:19.7241771Z touch /workdir/openwrt/staging_dir/target-x86_64_musl/root-x86/stamp/.libnghttp2_installed
build	Compile debug	2026-09-27T15:45:19.7268873Z echo "libnghttp2" >> /workdir/openwrt/staging_dir/target-x86_64_musl/pkginfo/nghttp2.default.install
build	Compile debug	2026-09-27T15:45:19.7296368Z make[3]: Leaving directory '/workdir/openwrt/feeds/packages/libs/nghttp2'
build	Compile debug	2026-09-27T15:45:19.7304620Z time: package/feeds/packages/nghttp2/compile#0.06#0.07#0.16
build	Compile debug	2026-09-27T15:45:19.7730114Z make[3]: Entering directory '/workdir/openwrt/feeds/packages/net/curl'
build	Compile debug	2026-09-27T15:45:19.9312896Z mkdir -p /workdir/openwrt/staging_dir/target-x86_64_musl/root-x86/stamp
build	Compile debug	2026-09-27T15:45:19.9350632Z echo '4' | cmp -s - /workdir/openwrt/staging_dir/target-x86_64_musl/pkginfo/libcurl.version || { mkdir -p /workdir/openwrt/staging_dir/target-x86_64_musl/pkginfo; echo '4' > /workdir/openwrt/staging_dir/target-x86_64_musl/pkginfo/libcurl.version;  cp /workdir/openwrt/staging_dir/target-x86_64_musl/pkginfo/libcurl.version /workdir/openwrt/staging_dir/target-x86_64_musl/pkginfo/libcurl-any.version;  } 
build	Compile debug	2026-09-27T15:45:19.9382606Z SHELL= flock /workdir/openwrt/tmp/.root-copy.flock -c 'cp -fpR /workdir/openwrt/build_dir/target-x86_64_musl/curl-8.21.0/.pkgdir/libcurl/. /workdir/openwrt/staging_dir/target-x86_64_musl/root-x86/'
build	Compile debug	2026-09-27T15:45:19.9445472Z touch /workdir/openwrt/staging_dir/target-x86_64_musl/root-x86/stamp/.libcurl_installed
build	Compile debug	2026-09-27T15:45:19.9470829Z echo "libcurl" >> /workdir/openwrt/staging_dir/target-x86_64_musl/pkginfo/curl.default.install
build	Compile debug	2026-09-27T15:45:19.9500490Z mkdir -p /workdir/openwrt/staging_dir/target-x86_64_musl/root-x86/stamp
build	Compile debug	2026-09-27T15:45:19.9537222Z SHELL= flock /workdir/openwrt/tmp/.root-copy.flock -c 'cp -fpR /workdir/openwrt/build_dir/target-x86_64_musl/curl-8.21.0/.pkgdir/curl/. /workdir/openwrt/staging_dir/target-x86_64_musl/root-x86/'
build	Compile debug	2026-09-27T15:45:19.9595383Z touch /workdir/openwrt/staging_dir/target-x86_64_musl/root-x86/stamp/.curl_installed
build	Compile debug	2026-09-27T15:45:19.9621042Z echo "curl" >> /workdir/openwrt/staging_dir/target-x86_64_musl/pkginfo/curl.default.install
build	Compile debug	2026-09-27T15:45:19.9648103Z make[3]: Leaving directory '/workdir/openwrt/feeds/packages/net/curl'
build	Compile debug	2026-09-27T15:45:19.9656727Z time: package/feeds/packages/curl/compile#0.07#0.11#0.23
build	Compile debug	2026-09-27T15:45:20.0148118Z make[3]: Entering directory '/workdir/openwrt/feeds/packages/libs/protobuf/protobuf-compat'
build	Compile debug	2026-09-27T15:45:20.1205850Z mkdir -p /workdir/openwrt/staging_dir/target-x86_64_musl/root-x86/stamp
build	Compile debug	2026-09-27T15:45:20.1240921Z SHELL= flock /workdir/openwrt/tmp/.root-copy.flock -c 'cp -fpR /workdir/openwrt/build_dir/target-x86_64_musl/protobuf-3.17.3/.pkgdir/protobuf-compat/. /workdir/openwrt/staging_dir/target-x86_64_musl/root-x86/'
build	Compile debug	2026-09-27T15:45:20.1420312Z touch /workdir/openwrt/staging_dir/target-x86_64_musl/root-x86/stamp/.protobuf-compat_installed
build	Compile debug	2026-09-27T15:45:20.1449569Z echo "protobuf-compat" >> /workdir/openwrt/staging_dir/target-x86_64_musl/pkginfo/protobuf-compat.default.install
build	Compile debug	2026-09-27T15:45:20.1478365Z mkdir -p /workdir/openwrt/staging_dir/target-x86_64_musl/root-x86/stamp
build	Compile debug	2026-09-27T15:45:20.1514745Z SHELL= flock /workdir/openwrt/tmp/.root-copy.flock -c 'cp -fpR /workdir/openwrt/build_dir/target-x86_64_musl/protobuf-3.17.3/.pkgdir/protobuf-compat-lite/. /workdir/openwrt/staging_dir/target-x86_64_musl/root-x86/'
build	Compile debug	2026-09-27T15:45:20.1578443Z touch /workdir/openwrt/staging_dir/target-x86_64_musl/root-x86/stamp/.protobuf-compat-lite_installed
build	Compile debug	2026-09-27T15:45:20.1606160Z echo "protobuf-compat-lite" >> /workdir/openwrt/staging_dir/target-x86_64_musl/pkginfo/protobuf-compat.default.install
build	Compile debug	2026-09-27T15:45:20.1635219Z make[3]: Leaving directory '/workdir/openwrt/feeds/packages/libs/protobuf/protobuf-compat'
build	Compile debug	2026-09-27T15:45:20.1646620Z time: package/feeds/packages/protobuf-compat/compile#0.07#0.09#0.19
build	Compile debug	2026-09-27T15:45:20.2140979Z make[3]: Entering directory '/workdir/openwrt/feeds/packages/libs/protobuf/protobuf-compat'
build	Compile debug	2026-09-27T15:45:20.3284247Z make[3]: Leaving directory '/workdir/openwrt/feeds/packages/libs/protobuf/protobuf-compat'
build	Compile debug	2026-09-27T15:45:20.3291920Z time: package/feeds/packages/protobuf-compat/host-compile#0.06#0.06#0.15
build	Compile debug	2026-09-27T15:45:20.3716451Z make[3]: Entering directory '/workdir/openwrt/feeds/packages/admin/netdata'
build	Compile debug	2026-09-27T15:45:20.4997731Z mkdir -p /workdir/openwrt/staging_dir/target-x86_64_musl/root-x86/stamp
build	Compile debug	2026-09-27T15:45:20.5033832Z SHELL= flock /workdir/openwrt/tmp/.root-copy.flock -c 'cp -fpR /workdir/openwrt/build_dir/target-x86_64_musl/netdata-v1.38.1/.pkgdir/netdata/. /workdir/openwrt/staging_dir/target-x86_64_musl/root-x86/'
build	Compile debug	2026-09-27T15:45:20.6092395Z touch /workdir/openwrt/staging_dir/target-x86_64_musl/root-x86/stamp/.netdata_installed
build	Compile debug	2026-09-27T15:45:20.6119157Z echo "netdata" >> /workdir/openwrt/staging_dir/target-x86_64_musl/pkginfo/netdata.default.install
build	Compile debug	2026-09-27T15:45:20.6147455Z make[3]: Leaving directory '/workdir/openwrt/feeds/packages/admin/netdata'
build	Compile debug	2026-09-27T15:45:20.6156126Z time: package/feeds/packages/netdata/compile#0.08#0.14#0.28
build	Compile debug	2026-09-27T15:45:20.6559186Z make[3]: Entering directory '/workdir/openwrt/feeds/luci/applications/luci-app-netdata'
build	Compile debug	2026-09-27T15:45:20.8472869Z mkdir -p /workdir/openwrt/staging_dir/target-x86_64_musl/root-x86/stamp
build	Compile debug	2026-09-27T15:45:20.8509149Z SHELL= flock /workdir/openwrt/tmp/.root-copy.flock -c 'cp -fpR /workdir/openwrt/build_dir/target-x86_64_musl/luci-app-netdata/.pkgdir/luci-app-netdata/. /workdir/openwrt/staging_dir/target-x86_64_musl/root-x86/'
build	Compile debug	2026-09-27T15:45:20.8568664Z touch /workdir/openwrt/staging_dir/target-x86_64_musl/root-x86/stamp/.luci-app-netdata_installed
build	Compile debug	2026-09-27T15:45:20.8595699Z echo "luci-app-netdata" >> /workdir/openwrt/staging_dir/target-x86_64_musl/pkginfo/luci-app-netdata.default.install
build	Compile debug	2026-09-27T15:45:20.8624110Z mkdir -p /workdir/openwrt/staging_dir/target-x86_64_musl/root-x86/stamp
build	Compile debug	2026-09-27T15:45:20.8658901Z SHELL= flock /workdir/openwrt/tmp/.root-copy.flock -c 'cp -fpR /workdir/openwrt/build_dir/target-x86_64_musl/luci-app-netdata/.pkgdir/luci-i18n-netdata-zh-cn/. /workdir/openwrt/staging_dir/target-x86_64_musl/root-x86/'
build	Compile debug	2026-09-27T15:45:20.8709442Z touch /workdir/openwrt/staging_dir/target-x86_64_musl/root-x86/stamp/.luci-i18n-netdata-zh-cn_installed
build	Compile debug	2026-09-27T15:45:20.8735804Z echo "luci-i18n-netdata-zh-cn" >> /workdir/openwrt/staging_dir/target-x86_64_musl/pkginfo/luci-app-netdata.default.install
build	Compile debug	2026-09-27T15:45:20.8763026Z make[3]: Leaving directory '/workdir/openwrt/feeds/luci/applications/luci-app-netdata'
build	Compile debug	2026-09-27T15:45:20.8772570Z time: package/feeds/luci/luci-app-netdata/compile#0.10#0.15#0.25
build	Compile debug	2026-09-27T15:45:20.9207989Z make[3]: Entering directory '/workdir/openwrt/feeds/packages/libs/boost'
build	Compile debug	2026-09-27T15:45:20.9666160Z Selected Boost API sysv for architecture x86_64 and cpu type " " 
build	Compile debug	2026-09-27T15:45:22.4335694Z make[3]: Leaving directory '/workdir/openwrt/feeds/packages/libs/boost'
build	Compile debug	2026-09-27T15:45:22.4343582Z time: package/feeds/packages/boost/host-compile#0.32#0.88#1.55
build	Compile debug	2026-09-27T15:45:22.4753235Z make[3]: Entering directory '/workdir/openwrt/feeds/packages/libs/boost'
build	Compile debug	2026-09-27T15:45:22.5203528Z Selected Boost API sysv for architecture x86_64 and cpu type " " 
build	Compile debug	2026-09-27T15:45:24.5286394Z make[3]: Leaving directory '/workdir/openwrt/feeds/packages/libs/boost'
build	Compile debug	2026-09-27T15:45:24.5297143Z time: package/feeds/packages/boost/compile#0.45#0.93#2.09
build	Compile debug	2026-09-27T15:45:24.5777300Z make[3]: Entering directory '/workdir/openwrt/feeds/packages/libs/libtorrent-rasterbar'
build	Compile debug	2026-09-27T15:45:24.6739042Z mkdir -p /workdir/openwrt/staging_dir/target-x86_64_musl/root-x86/stamp
build	Compile debug	2026-09-27T15:45:24.6776217Z SHELL= flock /workdir/openwrt/tmp/.root-copy.flock -c 'cp -fpR /workdir/openwrt/build_dir/target-x86_64_musl/libtorrent-rasterbar-2.0.11/.pkgdir/libtorrent-rasterbar/. /workdir/openwrt/staging_dir/target-x86_64_musl/root-x86/'
build	Compile debug	2026-09-27T15:45:24.7160586Z touch /workdir/openwrt/staging_dir/target-x86_64_musl/root-x86/stamp/.libtorrent-rasterbar_installed
build	Compile debug	2026-09-27T15:45:24.7188741Z echo "libtorrent-rasterbar" >> /workdir/openwrt/staging_dir/target-x86_64_musl/pkginfo/libtorrent-rasterbar.default.install
build	Compile debug	2026-09-27T15:45:24.7217148Z make[3]: Leaving directory '/workdir/openwrt/feeds/packages/libs/libtorrent-rasterbar'
build	Compile debug	2026-09-27T15:45:24.7227143Z time: package/feeds/packages/libtorrent-rasterbar/compile#0.07#0.09#0.18
build	Compile debug	2026-09-27T15:45:24.7782031Z make[3]: Entering directory '/workdir/openwrt/feeds/packages/libs/libpng'
build	Compile debug	2026-09-27T15:45:24.8513255Z make[3]: Leaving directory '/workdir/openwrt/feeds/packages/libs/libpng'
build	Compile debug	2026-09-27T15:45:24.8521161Z time: package/feeds/packages/libpng/compile#0.07#0.04#0.12
build	Compile debug	2026-09-27T15:45:24.8959868Z make[3]: Entering directory '/workdir/openwrt/feeds/packages/libs/freetype'
build	Compile debug	2026-09-27T15:45:24.9850496Z make[3]: Leaving directory '/workdir/openwrt/feeds/packages/libs/freetype'
build	Compile debug	2026-09-27T15:45:24.9858070Z time: package/feeds/packages/freetype/compile#0.06#0.05#0.12
build	Compile debug	2026-09-27T15:45:25.0294267Z make[3]: Entering directory '/workdir/openwrt/feeds/packages/net/krb5'
build	Compile debug	2026-09-27T15:45:25.1857744Z mkdir -p /workdir/openwrt/staging_dir/target-x86_64_musl/root-x86/stamp
build	Compile debug	2026-09-27T15:45:25.1893526Z SHELL= flock /workdir/openwrt/tmp/.root-copy.flock -c 'cp -fpR /workdir/openwrt/build_dir/target-x86_64_musl/krb5-1.22.2/.pkgdir/krb5-libs/. /workdir/openwrt/staging_dir/target-x86_64_musl/root-x86/'
build	Compile debug	2026-09-27T15:45:25.2054258Z touch /workdir/openwrt/staging_dir/target-x86_64_musl/root-x86/stamp/.krb5-libs_installed
build	Compile debug	2026-09-27T15:45:25.2084191Z echo "krb5-libs" >> /workdir/openwrt/staging_dir/target-x86_64_musl/pkginfo/krb5.default.install
build	Compile debug	2026-09-27T15:45:25.2113724Z make[3]: Leaving directory '/workdir/openwrt/feeds/packages/net/krb5'
build	Compile debug	2026-09-27T15:45:25.2124433Z time: package/feeds/packages/krb5/compile#0.07#0.11#0.22
build	Compile debug	2026-09-27T15:45:25.2557249Z make[3]: Entering directory '/workdir/openwrt/feeds/packages/libs/libdouble-conversion'
build	Compile debug	2026-09-27T15:45:25.3223688Z mkdir -p /workdir/openwrt/staging_dir/target-x86_64_musl/root-x86/stamp
build	Compile debug	2026-09-27T15:45:25.3258954Z SHELL= flock /workdir/openwrt/tmp/.root-copy.flock -c 'cp -fpR /workdir/openwrt/build_dir/target-x86_64_musl/double-conversion-3.4.0/.pkgdir/libdouble-conversion/. /workdir/openwrt/staging_dir/target-x86_64_musl/root-x86/'
build	Compile debug	2026-09-27T15:45:25.3315158Z touch /workdir/openwrt/staging_dir/target-x86_64_musl/root-x86/stamp/.libdouble-conversion_installed
build	Compile debug	2026-09-27T15:45:25.3342515Z echo "libdouble-conversion" >> /workdir/openwrt/staging_dir/target-x86_64_musl/pkginfo/libdouble-conversion.default.install
build	Compile debug	2026-09-27T15:45:25.3369743Z make[3]: Leaving directory '/workdir/openwrt/feeds/packages/libs/libdouble-conversion'
build	Compile debug	2026-09-27T15:45:25.3377945Z time: package/feeds/packages/libdouble-conversion/compile#0.06#0.05#0.12
build	Compile debug	2026-09-27T15:45:25.3824041Z make[3]: Entering directory '/workdir/openwrt/feeds/packages/libs/libpciaccess'
build	Compile debug	2026-09-27T15:45:25.4428373Z make[3]: Leaving directory '/workdir/openwrt/feeds/packages/libs/libpciaccess'
build	Compile debug	2026-09-27T15:45:25.4436607Z time: package/feeds/packages/libpciaccess/compile#0.05#0.04#0.10
build	Compile debug	2026-09-27T15:45:25.4875679Z make[3]: Entering directory '/workdir/openwrt/feeds/packages/libs/libdrm'
build	Compile debug	2026-09-27T15:45:25.5588997Z make[3]: Leaving directory '/workdir/openwrt/feeds/packages/libs/libdrm'
build	Compile debug	2026-09-27T15:45:25.5596808Z time: package/feeds/packages/libdrm/compile#0.05#0.04#0.11
build	Compile debug	2026-09-27T15:45:25.6022465Z make[3]: Entering directory '/workdir/openwrt/feeds/packages/libs/qt6base'
build	Compile debug	2026-09-27T15:45:26.5114124Z make[3]: Leaving directory '/workdir/openwrt/feeds/packages/libs/qt6base'
build	Compile debug	2026-09-27T15:45:26.5124826Z time: package/feeds/packages/qt6base/host-compile#0.13#0.32#0.94
build	Compile debug	2026-09-27T15:45:26.5578105Z make[3]: Entering directory '/workdir/openwrt/feeds/packages/libs/sqlite3'
build	Compile debug	2026-09-27T15:45:26.6276279Z mkdir -p /workdir/openwrt/staging_dir/target-x86_64_musl/root-x86/stamp
build	Compile debug	2026-09-27T15:45:26.6311799Z echo '0' | cmp -s - /workdir/openwrt/staging_dir/target-x86_64_musl/pkginfo/libsqlite3.version || { mkdir -p /workdir/openwrt/staging_dir/target-x86_64_musl/pkginfo; echo '0' > /workdir/openwrt/staging_dir/target-x86_64_musl/pkginfo/libsqlite3.version;  cp /workdir/openwrt/staging_dir/target-x86_64_musl/pkginfo/libsqlite3.version /workdir/openwrt/staging_dir/target-x86_64_musl/pkginfo/libsqlite3-any.version;  } 
build	Compile debug	2026-09-27T15:45:26.6344939Z SHELL= flock /workdir/openwrt/tmp/.root-copy.flock -c 'cp -fpR /workdir/openwrt/build_dir/target-x86_64_musl/sqlite-autoconf-3530400/.pkgdir/libsqlite3/. /workdir/openwrt/staging_dir/target-x86_64_musl/root-x86/'
build	Compile debug	2026-09-27T15:45:26.6423358Z touch /workdir/openwrt/staging_dir/target-x86_64_musl/root-x86/stamp/.libsqlite3_installed
build	Compile debug	2026-09-27T15:45:26.6449814Z echo "libsqlite3" >> /workdir/openwrt/staging_dir/target-x86_64_musl/pkginfo/sqlite3.default.install
build	Compile debug	2026-09-27T15:45:26.6478557Z make[3]: Leaving directory '/workdir/openwrt/feeds/packages/libs/sqlite3'
build	Compile debug	2026-09-27T15:45:26.6488468Z time: package/feeds/packages/sqlite3/compile#0.06#0.06#0.13
build	Compile debug	2026-09-27T15:45:26.6922901Z make[3]: Entering directory '/workdir/openwrt/feeds/packages/libs/qt6base'
build	Compile debug	2026-09-27T15:45:27.1705046Z mkdir -p /workdir/openwrt/staging_dir/target-x86_64_musl/root-x86/stamp
build	Compile debug	2026-09-27T15:45:27.1740844Z SHELL= flock /workdir/openwrt/tmp/.root-copy.flock -c 'cp -fpR /workdir/openwrt/build_dir/target-x86_64_musl/qtbase-everywhere-src-6.9.3/.pkgdir/libQt6Core/. /workdir/openwrt/staging_dir/target-x86_64_musl/root-x86/'
build	Compile debug	2026-09-27T15:45:27.1990179Z touch /workdir/openwrt/staging_dir/target-x86_64_musl/root-x86/stamp/.libQt6Core_installed
build	Compile debug	2026-09-27T15:45:27.2022161Z echo "libQt6Core" >> /workdir/openwrt/staging_dir/target-x86_64_musl/pkginfo/qt6base.default.install
build	Compile debug	2026-09-27T15:45:27.2051121Z mkdir -p /workdir/openwrt/staging_dir/target-x86_64_musl/root-x86/stamp
build	Compile debug	2026-09-27T15:45:27.2089116Z SHELL= flock /workdir/openwrt/tmp/.root-copy.flock -c 'cp -fpR /workdir/openwrt/build_dir/target-x86_64_musl/qtbase-everywhere-src-6.9.3/.pkgdir/libQt6Network/. /workdir/openwrt/staging_dir/target-x86_64_musl/root-x86/'
build	Compile debug	2026-09-27T15:45:27.2189467Z touch /workdir/openwrt/staging_dir/target-x86_64_musl/root-x86/stamp/.libQt6Network_installed
build	Compile debug	2026-09-27T15:45:27.2219068Z echo "libQt6Network" >> /workdir/openwrt/staging_dir/target-x86_64_musl/pkginfo/qt6base.default.install
build	Compile debug	2026-09-27T15:45:27.2253567Z mkdir -p /workdir/openwrt/staging_dir/target-x86_64_musl/root-x86/stamp
build	Compile debug	2026-09-27T15:45:27.2299932Z SHELL= flock /workdir/openwrt/tmp/.root-copy.flock -c 'cp -fpR /workdir/openwrt/build_dir/target-x86_64_musl/qtbase-everywhere-src-6.9.3/.pkgdir/libQt6Sql/. /workdir/openwrt/staging_dir/target-x86_64_musl/root-x86/'
build	Compile debug	2026-09-27T15:45:27.2367072Z touch /workdir/openwrt/staging_dir/target-x86_64_musl/root-x86/stamp/.libQt6Sql_installed
build	Compile debug	2026-09-27T15:45:27.2398585Z echo "libQt6Sql" >> /workdir/openwrt/staging_dir/target-x86_64_musl/pkginfo/qt6base.default.install
build	Compile debug	2026-09-27T15:45:27.2429632Z mkdir -p /workdir/openwrt/staging_dir/target-x86_64_musl/root-x86/stamp
build	Compile debug	2026-09-27T15:45:27.2469954Z SHELL= flock /workdir/openwrt/tmp/.root-copy.flock -c 'cp -fpR /workdir/openwrt/build_dir/target-x86_64_musl/qtbase-everywhere-src-6.9.3/.pkgdir/libQt6Xml/. /workdir/openwrt/staging_dir/target-x86_64_musl/root-x86/'
build	Compile debug	2026-09-27T15:45:27.2533028Z touch /workdir/openwrt/staging_dir/target-x86_64_musl/root-x86/stamp/.libQt6Xml_installed
build	Compile debug	2026-09-27T15:45:27.2561683Z echo "libQt6Xml" >> /workdir/openwrt/staging_dir/target-x86_64_musl/pkginfo/qt6base.default.install
build	Compile debug	2026-09-27T15:45:27.2589021Z mkdir -p /workdir/openwrt/staging_dir/target-x86_64_musl/root-x86/stamp
build	Compile debug	2026-09-27T15:45:27.2625381Z SHELL= flock /workdir/openwrt/tmp/.root-copy.flock -c 'cp -fpR /workdir/openwrt/build_dir/target-x86_64_musl/qtbase-everywhere-src-6.9.3/.pkgdir/qt6-plugin-libqsqlite/. /workdir/openwrt/staging_dir/target-x86_64_musl/root-x86/'
build	Compile debug	2026-09-27T15:45:27.2684484Z touch /workdir/openwrt/staging_dir/target-x86_64_musl/root-x86/stamp/.qt6-plugin-libqsqlite_installed
build	Compile debug	2026-09-27T15:45:27.2709968Z echo "qt6-plugin-libqsqlite" >> /workdir/openwrt/staging_dir/target-x86_64_musl/pkginfo/qt6base.default.install
build	Compile debug	2026-09-27T15:45:27.2736898Z mkdir -p /workdir/openwrt/staging_dir/target-x86_64_musl/root-x86/stamp
build	Compile debug	2026-09-27T15:45:27.2772522Z SHELL= flock /workdir/openwrt/tmp/.root-copy.flock -c 'cp -fpR /workdir/openwrt/build_dir/target-x86_64_musl/qtbase-everywhere-src-6.9.3/.pkgdir/qt6-plugin-libqopensslbackend/. /workdir/openwrt/staging_dir/target-x86_64_musl/root-x86/'
build	Compile debug	2026-09-27T15:45:27.2833405Z touch /workdir/openwrt/staging_dir/target-x86_64_musl/root-x86/stamp/.qt6-plugin-libqopensslbackend_installed
build	Compile debug	2026-09-27T15:45:27.2859651Z echo "qt6-plugin-libqopensslbackend" >> /workdir/openwrt/staging_dir/target-x86_64_musl/pkginfo/qt6base.default.install
build	Compile debug	2026-09-27T15:45:27.2886788Z make[3]: Leaving directory '/workdir/openwrt/feeds/packages/libs/qt6base'
build	Compile debug	2026-09-27T15:45:27.2895494Z time: package/feeds/packages/qt6base/compile#0.19#0.34#0.63
build	Compile debug	2026-09-27T15:45:27.3331954Z make[3]: Entering directory '/workdir/openwrt/package/libs/libiconv-full'
build	Compile debug	2026-09-27T15:45:27.4532077Z make[3]: Leaving directory '/workdir/openwrt/package/libs/libiconv-full'
build	Compile debug	2026-09-27T15:45:27.4538368Z time: package/libs/libiconv-full/host-compile#0.09#0.05#0.15
build	Compile debug	2026-09-27T15:45:27.4984762Z make[3]: Entering directory '/workdir/openwrt/package/libs/libxml2'
build	Compile debug	2026-09-27T15:45:27.6192181Z make[3]: Leaving directory '/workdir/openwrt/package/libs/libxml2'
build	Compile debug	2026-09-27T15:45:27.6199891Z time: package/libs/libxml2/host-compile#0.06#0.06#0.16
build	Compile debug	2026-09-27T15:45:27.6630781Z make[3]: Entering directory '/workdir/openwrt/feeds/packages/utils/qt6tools'
build	Compile debug	2026-09-27T15:45:27.7737989Z make[3]: Leaving directory '/workdir/openwrt/feeds/packages/utils/qt6tools'
build	Compile debug	2026-09-27T15:45:27.7745885Z time: package/feeds/packages/qt6tools/host-compile#0.06#0.07#0.14
build	Compile debug	2026-09-27T15:45:27.8158382Z make[3]: Entering directory '/workdir/openwrt/feeds/packages/net/qbittorrent'
build	Compile debug	2026-09-27T15:45:27.8967573Z mkdir -p /workdir/openwrt/staging_dir/target-x86_64_musl/root-x86/stamp
build	Compile debug	2026-09-27T15:45:27.9003287Z SHELL= flock /workdir/openwrt/tmp/.root-copy.flock -c 'cp -fpR /workdir/openwrt/build_dir/target-x86_64_musl/qBittorrent-release-5.2.3/.pkgdir/qbittorrent/. /workdir/openwrt/staging_dir/target-x86_64_musl/root-x86/'
build	Compile debug	2026-09-27T15:45:27.9199113Z touch /workdir/openwrt/staging_dir/target-x86_64_musl/root-x86/stamp/.qbittorrent_installed
build	Compile debug	2026-09-27T15:45:27.9228443Z echo "qbittorrent" >> /workdir/openwrt/staging_dir/target-x86_64_musl/pkginfo/qbittorrent.default.install
build	Compile debug	2026-09-27T15:45:27.9260759Z make[3]: Leaving directory '/workdir/openwrt/feeds/packages/net/qbittorrent'
build	Compile debug	2026-09-27T15:45:27.9273182Z time: package/feeds/packages/qbittorrent/compile#0.06#0.07#0.14
build	Compile debug	2026-09-27T15:45:27.9693438Z make[3]: Entering directory '/workdir/openwrt/feeds/luci/applications/luci-app-qbittorrent'
build	Compile debug	2026-09-27T15:45:28.1627638Z mkdir -p /workdir/openwrt/staging_dir/target-x86_64_musl/root-x86/stamp
build	Compile debug	2026-09-27T15:45:28.1664491Z SHELL= flock /workdir/openwrt/tmp/.root-copy.flock -c 'cp -fpR /workdir/openwrt/build_dir/target-x86_64_musl/luci-app-qbittorrent/.pkgdir/luci-app-qbittorrent/. /workdir/openwrt/staging_dir/target-x86_64_musl/root-x86/'
build	Compile debug	2026-09-27T15:45:28.1725885Z touch /workdir/openwrt/staging_dir/target-x86_64_musl/root-x86/stamp/.luci-app-qbittorrent_installed
build	Compile debug	2026-09-27T15:45:28.1752923Z echo "luci-app-qbittorrent" >> /workdir/openwrt/staging_dir/target-x86_64_musl/pkginfo/luci-app-qbittorrent.default.install
build	Compile debug	2026-09-27T15:45:28.1780997Z mkdir -p /workdir/openwrt/staging_dir/target-x86_64_musl/root-x86/stamp
build	Compile debug	2026-09-27T15:45:28.1816949Z SHELL= flock /workdir/openwrt/tmp/.root-copy.flock -c 'cp -fpR /workdir/openwrt/build_dir/target-x86_64_musl/luci-app-qbittorrent/.pkgdir/luci-i18n-qbittorrent-zh-cn/. /workdir/openwrt/staging_dir/target-x86_64_musl/root-x86/'
build	Compile debug	2026-09-27T15:45:28.1870162Z touch /workdir/openwrt/staging_dir/target-x86_64_musl/root-x86/stamp/.luci-i18n-qbittorrent-zh-cn_installed
build	Compile debug	2026-09-27T15:45:28.1896625Z echo "luci-i18n-qbittorrent-zh-cn" >> /workdir/openwrt/staging_dir/target-x86_64_musl/pkginfo/luci-app-qbittorrent.default.install
build	Compile debug	2026-09-27T15:45:28.1923879Z make[3]: Leaving directory '/workdir/openwrt/feeds/luci/applications/luci-app-qbittorrent'
build	Compile debug	2026-09-27T15:45:28.1932221Z time: package/feeds/luci/luci-app-qbittorrent/compile#0.10#0.15#0.26
build	Compile debug	2026-09-27T15:45:28.2349236Z make[3]: Entering directory '/workdir/openwrt/feeds/luci/libs/luci-lib-ip'
build	Compile debug	2026-09-27T15:45:28.4671064Z rm -f /workdir/openwrt/build_dir/target-x86_64_musl/luci-lib-ip/.built
build	Compile debug	2026-09-27T15:45:28.4705753Z touch /workdir/openwrt/build_dir/target-x86_64_musl/luci-lib-ip/.built_check
build	Compile debug	2026-09-27T15:45:28.4740371Z CFLAGS="-Os -pipe -fno-caller-saves -fno-plt -fhonour-copts -fmacro-prefix-map=/workdir/openwrt/build_dir/target-x86_64_musl/luci-lib-ip=luci-lib-ip -fmacro-prefix-map=/workdir/openwrt/staging_dir/target-x86_64_musl=staging_dir/target-x86_64_musl -Wl,-z,max-page-size=4096 -Wformat -Werror=format-security -fstack-protector -D_FORTIFY_SOURCE=1 -Wl,-z,now -Wl,-z,relro -Wl,-z,pack-relative-relocs  -I/workdir/openwrt/staging_dir/toolchain-x86_64_gcc-14.4.0_musl/usr/include -I/workdir/openwrt/staging_dir/toolchain-x86_64_gcc-14.4.0_musl/include -I/workdir/openwrt/staging_dir/toolchain-x86_64_gcc-14.4.0_musl/include/fortify " CXXFLAGS="-Os -pipe -fno-caller-saves -fno-plt -fhonour-copts -fmacro-prefix-map=/workdir/openwrt/build_dir/target-x86_64_musl/luci-lib-ip=luci-lib-ip -fmacro-prefix-map=/workdir/openwrt/staging_dir/target-x86_64_musl=staging_dir/target-x86_64_musl -Wl,-z,max-page-size=4096 -Wformat -Werror=format-security -fstack-protector -D_FORTIFY_SOURCE=1 -Wl,-z,now -Wl,-z,relro -Wl,-z,pack-relative-relocs  -I/workdir/openwrt/staging_dir/toolchain-x86_64_gcc-14.4.0_musl/usr/include -I/workdir/openwrt/staging_dir/toolchain-x86_64_gcc-14.4.0_musl/include -I/workdir/openwrt/staging_dir/toolchain-x86_64_gcc-14.4.0_musl/include/fortify " LDFLAGS="-L/workdir/openwrt/staging_dir/toolchain-x86_64_gcc-14.4.0_musl/usr/lib -L/workdir/openwrt/staging_dir/toolchain-x86_64_gcc-14.4.0_musl/lib -fuse-ld=bfd -zmax-page-size=4096 -znow -zrelro -zpack-relative-relocs " FPIC="-DPIC -fpic" LUCI_VERSION="26.261.08411~adc898b" LUCI_GITBRANCH="LuCI Master" make -j1 -C /workdir/openwrt/build_dir/target-x86_64_musl/luci-lib-ip/src/ AR="x86_64-openwrt-linux-musl-gcc-ar" AS="x86_64-openwrt-linux-musl-gcc -c -Os -pipe -fno-caller-saves -fno-plt -fhonour-copts -fmacro-prefix-map=/workdir/openwrt/build_dir/target-x86_64_musl/luci-lib-ip=luci-lib-ip -fmacro-prefix-map=/workdir/openwrt/staging_dir/target-x86_64_musl=staging_dir/target-x86_64_musl -Wl,-z,max-page-size=4096 -Wformat -Werror=format-security -fstack-protector -D_FORTIFY_SOURCE=1 -Wl,-z,now -Wl,-z,relro -Wl,-z,pack-relative-relocs" LD="x86_64-openwrt-linux-musl-ld.bfd" NM="x86_64-openwrt-linux-musl-gcc-nm" CC="x86_64-openwrt-linux-musl-gcc" GCC="x86_64-openwrt-linux-musl-gcc" CXX="x86_64-openwrt-linux-musl-g++" RANLIB="x86_64-openwrt-linux-musl-gcc-ranlib" STRIP=x86_64-openwrt-linux-musl-strip OBJCOPY=x86_64-openwrt-linux-musl-objcopy OBJDUMP=x86_64-openwrt-linux-musl-objdump SIZE=x86_64-openwrt-linux-musl-size CROSS="x86_64-openwrt-linux-musl-" ARCH="x86_64" clean compile;
build	Compile debug	2026-09-27T15:45:28.4765642Z make[4]: Entering directory '/workdir/openwrt/build_dir/target-x86_64_musl/luci-lib-ip/src'
build	Compile debug	2026-09-27T15:45:28.4766887Z rm -f *.o *.so
build	Compile debug	2026-09-27T15:45:28.4794936Z x86_64-openwrt-linux-musl-gcc  -Os -pipe -fno-caller-saves -fno-plt -fhonour-copts -fmacro-prefix-map=/workdir/openwrt/build_dir/target-x86_64_musl/luci-lib-ip=luci-lib-ip -fmacro-prefix-map=/workdir/openwrt/staging_dir/target-x86_64_musl=staging_dir/target-x86_64_musl -Wl,-z,max-page-size=4096 -Wformat -Werror=format-security -fstack-protector -D_FORTIFY_SOURCE=1 -Wl,-z,now -Wl,-z,relro -Wl,-z,pack-relative-relocs  -I/workdir/openwrt/staging_dir/toolchain-x86_64_gcc-14.4.0_musl/usr/include -I/workdir/openwrt/staging_dir/toolchain-x86_64_gcc-14.4.0_musl/include -I/workdir/openwrt/staging_dir/toolchain-x86_64_gcc-14.4.0_musl/include/fortify   -std=gnu99 -I/workdir/openwrt/staging_dir/target-x86_64_musl/usr/include/libnl-tiny/ -DPIC -fpic -c -o ip.o ip.c
build	Compile debug	2026-09-27T15:45:28.9057636Z x86_64-openwrt-linux-musl-gcc -L/workdir/openwrt/staging_dir/toolchain-x86_64_gcc-14.4.0_musl/usr/lib -L/workdir/openwrt/staging_dir/toolchain-x86_64_gcc-14.4.0_musl/lib -fuse-ld=bfd -zmax-page-size=4096 -znow -zrelro -zpack-relative-relocs  -shared -o ip.so ip.o -llua -lm -lnl-tiny -DPIC -fpic
build	Compile debug	2026-09-27T15:45:28.9158958Z make[4]: Leaving directory '/workdir/openwrt/build_dir/target-x86_64_musl/luci-lib-ip/src'
build	Compile debug	2026-09-27T15:45:28.9171869Z CFLAGS="-Os -pipe -fno-caller-saves -fno-plt -fhonour-copts -fmacro-prefix-map=/workdir/openwrt/build_dir/target-x86_64_musl/luci-lib-ip=luci-lib-ip -fmacro-prefix-map=/workdir/openwrt/staging_dir/target-x86_64_musl=staging_dir/target-x86_64_musl -Wl,-z,max-page-size=4096 -Wformat -Werror=format-security -fstack-protector -D_FORTIFY_SOURCE=1 -Wl,-z,now -Wl,-z,relro -Wl,-z,pack-relative-relocs  -I/workdir/openwrt/staging_dir/toolchain-x86_64_gcc-14.4.0_musl/usr/include -I/workdir/openwrt/staging_dir/toolchain-x86_64_gcc-14.4.0_musl/include -I/workdir/openwrt/staging_dir/toolchain-x86_64_gcc-14.4.0_musl/include/fortify " CXXFLAGS="-Os -pipe -fno-caller-saves -fno-plt -fhonour-copts -fmacro-prefix-map=/workdir/openwrt/build_dir/target-x86_64_musl/luci-lib-ip=luci-lib-ip -fmacro-prefix-map=/workdir/openwrt/staging_dir/target-x86_64_musl=staging_dir/target-x86_64_musl -Wl,-z,max-page-size=4096 -Wformat -Werror=format-security -fstack-protector -D_FORTIFY_SOURCE=1 -Wl,-z,now -Wl,-z,relro -Wl,-z,pack-relative-relocs  -I/workdir/openwrt/staging_dir/toolchain-x86_64_gcc-14.4.0_musl/usr/include -I/workdir/openwrt/staging_dir/toolchain-x86_64_gcc-14.4.0_musl/include -I/workdir/openwrt/staging_dir/toolchain-x86_64_gcc-14.4.0_musl/include/fortify " LDFLAGS="-L/workdir/openwrt/staging_dir/toolchain-x86_64_gcc-14.4.0_musl/usr/lib -L/workdir/openwrt/staging_dir/toolchain-x86_64_gcc-14.4.0_musl/lib -fuse-ld=bfd -zmax-page-size=4096 -znow -zrelro -zpack-relative-relocs " FPIC="-DPIC -fpic" LUCI_VERSION="26.261.08411~adc898b" LUCI_GITBRANCH="LuCI Master" make -C /workdir/openwrt/build_dir/target-x86_64_musl/luci-lib-ip/src/ AR="x86_64-openwrt-linux-musl-gcc-ar" AS="x86_64-openwrt-linux-musl-gcc -c -Os -pipe -fno-caller-saves -fno-plt -fhonour-copts -fmacro-prefix-map=/workdir/openwrt/build_dir/target-x86_64_musl/luci-lib-ip=luci-lib-ip -fmacro-prefix-map=/workdir/openwrt/staging_dir/target-x86_64_musl=staging_dir/target-x86_64_musl -Wl,-z,max-page-size=4096 -Wformat -Werror=format-security -fstack-protector -D_FORTIFY_SOURCE=1 -Wl,-z,now -Wl,-z,relro -Wl,-z,pack-relative-relocs" LD="x86_64-openwrt-linux-musl-ld.bfd" NM="x86_64-openwrt-linux-musl-gcc-nm" CC="x86_64-openwrt-linux-musl-gcc" GCC="x86_64-openwrt-linux-musl-gcc" CXX="x86_64-openwrt-linux-musl-g++" RANLIB="x86_64-openwrt-linux-musl-gcc-ranlib" STRIP=x86_64-openwrt-linux-musl-strip OBJCOPY=x86_64-openwrt-linux-musl-objcopy OBJDUMP=x86_64-openwrt-linux-musl-objdump SIZE=x86_64-openwrt-linux-musl-size CROSS="x86_64-openwrt-linux-musl-" ARCH="x86_64" DESTDIR="/workdir/openwrt/build_dir/target-x86_64_musl/luci-lib-ip/ipkg-install"   install;
build	Compile debug	2026-09-27T15:45:28.9194736Z make[4]: Entering directory '/workdir/openwrt/build_dir/target-x86_64_musl/luci-lib-ip/src'
build	Compile debug	2026-09-27T15:45:28.9196446Z x86_64-openwrt-linux-musl-gcc -L/workdir/openwrt/staging_dir/toolchain-x86_64_gcc-14.4.0_musl/usr/lib -L/workdir/openwrt/staging_dir/toolchain-x86_64_gcc-14.4.0_musl/lib -fuse-ld=bfd -zmax-page-size=4096 -znow -zrelro -zpack-relative-relocs  -shared -o ip.so ip.o -llua -lm -lnl-tiny -DPIC -fpic
build	Compile debug	2026-09-27T15:45:28.9296326Z mkdir -p /workdir/openwrt/build_dir/target-x86_64_musl/luci-lib-ip/ipkg-install/usr/lib/lua/luci
build	Compile debug	2026-09-27T15:45:28.9309314Z cp ip.so /workdir/openwrt/build_dir/target-x86_64_musl/luci-lib-ip/ipkg-install/usr/lib/lua/luci/ip.so
build	Compile debug	2026-09-27T15:45:28.9323542Z make[4]: Leaving directory '/workdir/openwrt/build_dir/target-x86_64_musl/luci-lib-ip/src'
build	Compile debug	2026-09-27T15:45:28.9324989Z touch /workdir/openwrt/build_dir/target-x86_64_musl/luci-lib-ip/.built
build	Compile debug	2026-09-27T15:45:28.9641845Z rm -rf /workdir/openwrt/build_dir/target-x86_64_musl/luci-lib-ip/ipkg-x86_64/luci-lib-ip
build	Compile debug	2026-09-27T15:45:28.9683733Z /workdir/openwrt/scripts/ipkg-remove luci-lib-ip /workdir/openwrt/bin/packages/x86_64/luci/luci-lib-ip-26.261.08411~adc898b.apk
build	Compile debug	2026-09-27T15:45:28.9729621Z removed '/workdir/openwrt/bin/packages/x86_64/luci/luci-lib-ip-26.261.08411~adc898b.apk'
build	Compile debug	2026-09-27T15:45:28.9733973Z mkdir -p /workdir/openwrt/bin/targets/x86/64/packages /workdir/openwrt/build_dir/target-x86_64_musl/luci-lib-ip/ipkg-x86_64/luci-lib-ip /workdir/openwrt/staging_dir/target-x86_64_musl/pkginfo
build	Compile debug	2026-09-27T15:45:28.9774164Z CFLAGS="-Os -pipe -fno-caller-saves -fno-plt -fhonour-copts -fmacro-prefix-map=/workdir/openwrt/build_dir/target-x86_64_musl/luci-lib-ip=luci-lib-ip -fmacro-prefix-map=/workdir/openwrt/staging_dir/target-x86_64_musl=staging_dir/target-x86_64_musl -Wl,-z,max-page-size=4096 -Wformat -Werror=format-security -fstack-protector -D_FORTIFY_SOURCE=1 -Wl,-z,now -Wl,-z,relro -Wl,-z,pack-relative-relocs  -I/workdir/openwrt/staging_dir/toolchain-x86_64_gcc-14.4.0_musl/usr/include -I/workdir/openwrt/staging_dir/toolchain-x86_64_gcc-14.4.0_musl/include -I/workdir/openwrt/staging_dir/toolchain-x86_64_gcc-14.4.0_musl/include/fortify " CXXFLAGS="-Os -pipe -fno-caller-saves -fno-plt -fhonour-copts -fmacro-prefix-map=/workdir/openwrt/build_dir/target-x86_64_musl/luci-lib-ip=luci-lib-ip -fmacro-prefix-map=/workdir/openwrt/staging_dir/target-x86_64_musl=staging_dir/target-x86_64_musl -Wl,-z,max-page-size=4096 -Wformat -Werror=format-security -fstack-protector -D_FORTIFY_SOURCE=1 -Wl,-z,now -Wl,-z,relro -Wl,-z,pack-relative-relocs  -I/workdir/openwrt/staging_dir/toolchain-x86_64_gcc-14.4.0_musl/usr/include -I/workdir/openwrt/staging_dir/toolchain-x86_64_gcc-14.4.0_musl/include -I/workdir/openwrt/staging_dir/toolchain-x86_64_gcc-14.4.0_musl/include/fortify " LDFLAGS="-L/workdir/openwrt/staging_dir/toolchain-x86_64_gcc-14.4.0_musl/usr/lib -L/workdir/openwrt/staging_dir/toolchain-x86_64_gcc-14.4.0_musl/lib -fuse-ld=bfd -zmax-page-size=4096 -znow -zrelro -zpack-relative-relocs " FPIC="-DPIC -fpic" LUCI_VERSION="26.261.08411~adc898b" LUCI_GITBRANCH="LuCI Master" make -C /workdir/openwrt/build_dir/target-x86_64_musl/luci-lib-ip/src/ AR="x86_64-openwrt-linux-musl-gcc-ar" AS="x86_64-openwrt-linux-musl-gcc -c -Os -pipe -fno-caller-saves -fno-plt -fhonour-copts -fmacro-prefix-map=/workdir/openwrt/build_dir/target-x86_64_musl/luci-lib-ip=luci-lib-ip -fmacro-prefix-map=/workdir/openwrt/staging_dir/target-x86_64_musl=staging_dir/target-x86_64_musl -Wl,-z,max-page-size=4096 -Wformat -Werror=format-security -fstack-protector -D_FORTIFY_SOURCE=1 -Wl,-z,now -Wl,-z,relro -Wl,-z,pack-relative-relocs" LD="x86_64-openwrt-linux-musl-ld.bfd" NM="x86_64-openwrt-linux-musl-gcc-nm" CC="x86_64-openwrt-linux-musl-gcc" GCC="x86_64-openwrt-linux-musl-gcc" CXX="x86_64-openwrt-linux-musl-g++" RANLIB="x86_64-openwrt-linux-musl-gcc-ranlib" STRIP=x86_64-openwrt-linux-musl-strip OBJCOPY=x86_64-openwrt-linux-musl-objcopy OBJDUMP=x86_64-openwrt-linux-musl-objdump SIZE=x86_64-openwrt-linux-musl-size CROSS="x86_64-openwrt-linux-musl-" ARCH="x86_64" DESTDIR="/workdir/openwrt/build_dir/target-x86_64_musl/luci-lib-ip/ipkg-install"   install;
build	Compile debug	2026-09-27T15:45:28.9798074Z make[4]: Entering directory '/workdir/openwrt/build_dir/target-x86_64_musl/luci-lib-ip/src'
build	Compile debug	2026-09-27T15:45:28.9800480Z x86_64-openwrt-linux-musl-gcc -L/workdir/openwrt/staging_dir/toolchain-x86_64_gcc-14.4.0_musl/usr/lib -L/workdir/openwrt/staging_dir/toolchain-x86_64_gcc-14.4.0_musl/lib -fuse-ld=bfd -zmax-page-size=4096 -znow -zrelro -zpack-relative-relocs  -shared -o ip.so ip.o -llua -lm -lnl-tiny -DPIC -fpic
build	Compile debug	2026-09-27T15:45:28.9910248Z mkdir -p /workdir/openwrt/build_dir/target-x86_64_musl/luci-lib-ip/ipkg-install/usr/lib/lua/luci
build	Compile debug	2026-09-27T15:45:28.9923989Z cp ip.so /workdir/openwrt/build_dir/target-x86_64_musl/luci-lib-ip/ipkg-install/usr/lib/lua/luci/ip.so
build	Compile debug	2026-09-27T15:45:28.9939853Z make[4]: Leaving directory '/workdir/openwrt/build_dir/target-x86_64_musl/luci-lib-ip/src'
build	Compile debug	2026-09-27T15:45:28.9942225Z cp -fpR /workdir/openwrt/build_dir/target-x86_64_musl/luci-lib-ip/ipkg-install/* /workdir/openwrt/build_dir/target-x86_64_musl/luci-lib-ip/ipkg-x86_64/luci-lib-ip/
build	Compile debug	2026-09-27T15:45:28.9977314Z find /workdir/openwrt/build_dir/target-x86_64_musl/luci-lib-ip/ipkg-x86_64/luci-lib-ip -name '.svn' -o -name '.#*' -o -name '*~'| xargs -r rm -rf
build	Compile debug	2026-09-27T15:45:29.0277549Z export CROSS="x86_64-openwrt-linux-musl-"  NO_RENAME=1 ; NM="x86_64-openwrt-linux-musl-nm" STRIP="/workdir/openwrt/staging_dir/host/bin/sstrip -z" STRIP_KMOD="/workdir/openwrt/scripts/strip-kmod.sh" PATCHELF="/workdir/openwrt/staging_dir/host/bin/patchelf" /workdir/openwrt/scripts/rstrip.sh /workdir/openwrt/build_dir/target-x86_64_musl/luci-lib-ip/ipkg-x86_64/luci-lib-ip
build	Compile debug	2026-09-27T15:45:29.0346678Z rstrip.sh: /workdir/openwrt/build_dir/target-x86_64_musl/luci-lib-ip/ipkg-x86_64/luci-lib-ip/usr/lib/lua/luci/ip.so: shared object
build	Compile debug	2026-09-27T15:45:29.0408736Z install -d -m0755 /workdir/openwrt/bin/packages/x86_64/luci
build	Compile debug	2026-09-27T15:45:29.0440281Z mkdir -p /workdir/openwrt/build_dir/target-x86_64_musl/luci-lib-ip/apk-x86_64/luci-lib-ip/
build	Compile debug	2026-09-27T15:45:29.0468891Z mkdir -p /workdir/openwrt/build_dir/target-x86_64_musl/luci-lib-ip/ipkg-x86_64/luci-lib-ip/lib/apk/packages/
build	Compile debug	2026-09-27T15:45:29.0498128Z (cd /workdir/openwrt/build_dir/target-x86_64_musl/luci-lib-ip/apk-x86_64/luci-lib-ip; echo "$V_Package_luci_lib_ip_postinst" > postinst-pkg; chmod 0755 postinst-pkg;)
build	Compile debug	2026-09-27T15:45:29.0534641Z ( echo "#!/bin/sh"; echo "[ \"\${IPKG_NO_SCRIPT}\" = \"1\" ] && exit 0"; echo "[ -s "\${IPKG_INSTROOT}/lib/functions.sh" ] || exit 0"; echo ". \${IPKG_INSTROOT}/lib/functions.sh"; echo 'export root="${IPKG_INSTROOT}"'; echo 'export pkgname="luci-lib-ip"'; echo "add_group_and_user"; echo "default_postinst"; [ ! -f /workdir/openwrt/build_dir/target-x86_64_musl/luci-lib-ip/apk-x86_64/luci-lib-ip/postinst-pkg ] || sed '/^\s*#!/d' "/workdir/openwrt/build_dir/target-x86_64_musl/luci-lib-ip/apk-x86_64/luci-lib-ip/postinst-pkg"; ) > /workdir/openwrt/build_dir/target-x86_64_musl/luci-lib-ip/apk-x86_64/luci-lib-ip/post-install;
build	Compile debug	2026-09-27T15:45:29.0568878Z ( echo "#!/bin/sh"; echo 'export PKG_UPGRADE=1'; [ ! -f /workdir/openwrt/build_dir/target-x86_64_musl/luci-lib-ip/apk-x86_64/luci-lib-ip/post-install ] || sed '/^\s*#!/d' "/workdir/openwrt/build_dir/target-x86_64_musl/luci-lib-ip/apk-x86_64/luci-lib-ip/post-install"; ) > /workdir/openwrt/build_dir/target-x86_64_musl/luci-lib-ip/apk-x86_64/luci-lib-ip/post-upgrade;
build	Compile debug	2026-09-27T15:45:29.0605406Z ( echo "#!/bin/sh"; echo "[ -s "\${IPKG_INSTROOT}/lib/functions.sh" ] || exit 0"; echo ". \${IPKG_INSTROOT}/lib/functions.sh"; echo 'export root="${IPKG_INSTROOT}"'; echo 'export pkgname="luci-lib-ip"'; echo "default_prerm"; [ ! -f /workdir/openwrt/build_dir/target-x86_64_musl/luci-lib-ip/apk-x86_64/luci-lib-ip/prerm-pkg ] || sed '/^\s*#!/d' "/workdir/openwrt/build_dir/target-x86_64_musl/luci-lib-ip/apk-x86_64/luci-lib-ip/prerm-pkg"; ) > /workdir/openwrt/build_dir/target-x86_64_musl/luci-lib-ip/apk-x86_64/luci-lib-ip/pre-deinstall;
build	Compile debug	2026-09-27T15:45:29.0627653Z [ ! -f /workdir/openwrt/build_dir/target-x86_64_musl/luci-lib-ip/apk-x86_64/luci-lib-ip/postrm ] || sed -zi 's/^\s*#!/#!/' "/workdir/openwrt/build_dir/target-x86_64_musl/luci-lib-ip/apk-x86_64/luci-lib-ip/postrm";
build	Compile debug	2026-09-27T15:45:29.0645785Z if [ -n "" ]; then echo  > /workdir/openwrt/build_dir/target-x86_64_musl/luci-lib-ip/ipkg-x86_64/luci-lib-ip/lib/apk/packages/luci-lib-ip.rusers; fi;
build	Compile debug	2026-09-27T15:45:29.0663866Z if [ -n "" ]; then echo  > /workdir/openwrt/build_dir/target-x86_64_musl/luci-lib-ip/ipkg-x86_64/luci-lib-ip/lib/apk/packages/luci-lib-ip.alternatives; fi;
build	Compile debug	2026-09-27T15:45:29.0682954Z (cd /workdir/openwrt/build_dir/target-x86_64_musl/luci-lib-ip/ipkg-x86_64/luci-lib-ip && find . -type f,l -printf "/%P\n" | sort > /workdir/openwrt/tmp/luci-lib-ip.list && mv /workdir/openwrt/tmp/luci-lib-ip.list /workdir/openwrt/build_dir/target-x86_64_musl/luci-lib-ip/ipkg-x86_64/luci-lib-ip/lib/apk/packages/luci-lib-ip.list)
build	Compile debug	2026-09-27T15:45:29.0733178Z # Move conffiles to IDIR and build conffiles_static with csums
build	Compile debug	2026-09-27T15:45:29.0754568Z if [ -f /workdir/openwrt/build_dir/target-x86_64_musl/luci-lib-ip/apk-x86_64/luci-lib-ip/conffiles ]; then mv -f /workdir/openwrt/build_dir/target-x86_64_musl/luci-lib-ip/apk-x86_64/luci-lib-ip/conffiles /workdir/openwrt/build_dir/target-x86_64_musl/luci-lib-ip/ipkg-x86_64/luci-lib-ip/lib/apk/packages/luci-lib-ip.conffiles; for file in $(cat /workdir/openwrt/build_dir/target-x86_64_musl/luci-lib-ip/ipkg-x86_64/luci-lib-ip/lib/apk/packages/luci-lib-ip.conffiles); do [ -f /workdir/openwrt/build_dir/target-x86_64_musl/luci-lib-ip/ipkg-x86_64/luci-lib-ip/$file ] || continue; csum=$(/workdir/openwrt/staging_dir/host/bin/mkhash sha256 /workdir/openwrt/build_dir/target-x86_64_musl/luci-lib-ip/ipkg-x86_64/luci-lib-ip/$file); echo $file $csum >> /workdir/openwrt/build_dir/target-x86_64_musl/luci-lib-ip/ipkg-x86_64/luci-lib-ip/lib/apk/packages/luci-lib-ip.conffiles_static; done; fi
build	Compile debug	2026-09-27T15:45:29.0769125Z # Some package (base-files) manually append stuff to conffiles
build	Compile debug	2026-09-27T15:45:29.0787143Z # Append stuff from it and delete the CONTROL directory since everything else should be migrated
build	Compile debug	2026-09-27T15:45:29.0809665Z if [ -f /workdir/openwrt/build_dir/target-x86_64_musl/luci-lib-ip/ipkg-x86_64/luci-lib-ip/CONTROL/conffiles ]; then echo $(IDIR_luci-lib-ip)/CONTROL/conffiles >> /workdir/openwrt/build_dir/target-x86_64_musl/luci-lib-ip/ipkg-x86_64/luci-lib-ip/lib/apk/packages/luci-lib-ip.conffiles; for file in $(cat /workdir/openwrt/build_dir/target-x86_64_musl/luci-lib-ip/ipkg-x86_64/luci-lib-ip/CONTROL/conffiles); do [ -f /workdir/openwrt/build_dir/target-x86_64_musl/luci-lib-ip/ipkg-x86_64/luci-lib-ip/$file ] || continue; csum=$(/workdir/openwrt/staging_dir/host/bin/mkhash sha256 /workdir/openwrt/build_dir/target-x86_64_musl/luci-lib-ip/ipkg-x86_64/luci-lib-ip/$file); echo $file $csum >> /workdir/openwrt/build_dir/target-x86_64_musl/luci-lib-ip/ipkg-x86_64/luci-lib-ip/lib/apk/packages/luci-lib-ip.conffiles_static; done; rm -rf /workdir/openwrt/build_dir/target-x86_64_musl/luci-lib-ip/ipkg-x86_64/luci-lib-ip/CONTROL/conffiles; fi
build	Compile debug	2026-09-27T15:45:29.0824914Z if [ -z "$(ls -A /workdir/openwrt/build_dir/target-x86_64_musl/luci-lib-ip/ipkg-x86_64/luci-lib-ip/CONTROL 2>/dev/null)" ]; then rm -rf /workdir/openwrt/build_dir/target-x86_64_musl/luci-lib-ip/ipkg-x86_64/luci-lib-ip/CONTROL; else echo "CONTROL directory /workdir/openwrt/build_dir/target-x86_64_musl/luci-lib-ip/ipkg-x86_64/luci-lib-ip/CONTROL is not empty! This is not right and should be checked!" >&2; exit 1; fi
build	Compile debug	2026-09-27T15:45:29.0873565Z SOURCE_DATE_EPOCH=0 /workdir/openwrt/staging_dir/host/bin/fakeroot /workdir/openwrt/staging_dir/host/bin/apk mkpkg --info "name:luci-lib-ip" --info "version:26.261.08411~adc898b" --info "tags:openwrt:section=luci" --info "description:Lua library for IP calculation and routing information" --info "arch:x86_64" --info "license:Apache-2.0" --info "origin:feeds/luci/feeds/luci/libs/luci-lib-ip" --info "url:https://github.com/openwrt/luci" --info "maintainer:OpenWrt LuCI community" --info "provides:luci-lib-ip-any"  --script "post-install:/workdir/openwrt/build_dir/target-x86_64_musl/luci-lib-ip/apk-x86_64/luci-lib-ip/post-install" --script "post-upgrade:/workdir/openwrt/build_dir/target-x86_64_musl/luci-lib-ip/apk-x86_64/luci-lib-ip/post-upgrade" --script "pre-deinstall:/workdir/openwrt/build_dir/target-x86_64_musl/luci-lib-ip/apk-x86_64/luci-lib-ip/pre-deinstall" --info "depends:libc liblua5.1.5 libnl-tiny1" --files "/workdir/openwrt/build_dir/target-x86_64_musl/luci-lib-ip/ipkg-x86_64/luci-lib-ip" --sign /workdir/openwrt/private-key.pem --output "/workdir/openwrt/bin/packages/x86_64/luci/luci-lib-ip-26.261.08411~adc898b.apk"
build	Compile debug	2026-09-27T15:45:29.1225965Z rm -rf /workdir/openwrt/build_dir/target-x86_64_musl/luci-lib-ip/.pkgdir/luci-lib-ip.installed /workdir/openwrt/build_dir/target-x86_64_musl/luci-lib-ip/.pkgdir/luci-lib-ip
build	Compile debug	2026-09-27T15:45:29.1260649Z mkdir -p /workdir/openwrt/build_dir/target-x86_64_musl/luci-lib-ip/.pkgdir/luci-lib-ip
build	Compile debug	2026-09-27T15:45:29.1298869Z CFLAGS="-Os -pipe -fno-caller-saves -fno-plt -fhonour-copts -fmacro-prefix-map=/workdir/openwrt/build_dir/target-x86_64_musl/luci-lib-ip=luci-lib-ip -fmacro-prefix-map=/workdir/openwrt/staging_dir/target-x86_64_musl=staging_dir/target-x86_64_musl -Wl,-z,max-page-size=4096 -Wformat -Werror=format-security -fstack-protector -D_FORTIFY_SOURCE=1 -Wl,-z,now -Wl,-z,relro -Wl,-z,pack-relative-relocs  -I/workdir/openwrt/staging_dir/toolchain-x86_64_gcc-14.4.0_musl/usr/include -I/workdir/openwrt/staging_dir/toolchain-x86_64_gcc-14.4.0_musl/include -I/workdir/openwrt/staging_dir/toolchain-x86_64_gcc-14.4.0_musl/include/fortify " CXXFLAGS="-Os -pipe -fno-caller-saves -fno-plt -fhonour-copts -fmacro-prefix-map=/workdir/openwrt/build_dir/target-x86_64_musl/luci-lib-ip=luci-lib-ip -fmacro-prefix-map=/workdir/openwrt/staging_dir/target-x86_64_musl=staging_dir/target-x86_64_musl -Wl,-z,max-page-size=4096 -Wformat -Werror=format-security -fstack-protector -D_FORTIFY_SOURCE=1 -Wl,-z,now -Wl,-z,relro -Wl,-z,pack-relative-relocs  -I/workdir/openwrt/staging_dir/toolchain-x86_64_gcc-14.4.0_musl/usr/include -I/workdir/openwrt/staging_dir/toolchain-x86_64_gcc-14.4.0_musl/include -I/workdir/openwrt/staging_dir/toolchain-x86_64_gcc-14.4.0_musl/include/fortify " LDFLAGS="-L/workdir/openwrt/staging_dir/toolchain-x86_64_gcc-14.4.0_musl/usr/lib -L/workdir/openwrt/staging_dir/toolchain-x86_64_gcc-14.4.0_musl/lib -fuse-ld=bfd -zmax-page-size=4096 -znow -zrelro -zpack-relative-relocs " FPIC="-DPIC -fpic" LUCI_VERSION="26.261.08411~adc898b" LUCI_GITBRANCH="LuCI Master" make -C /workdir/openwrt/build_dir/target-x86_64_musl/luci-lib-ip/src/ AR="x86_64-openwrt-linux-musl-gcc-ar" AS="x86_64-openwrt-linux-musl-gcc -c -Os -pipe -fno-caller-saves -fno-plt -fhonour-copts -fmacro-prefix-map=/workdir/openwrt/build_dir/target-x86_64_musl/luci-lib-ip=luci-lib-ip -fmacro-prefix-map=/workdir/openwrt/staging_dir/target-x86_64_musl=staging_dir/target-x86_64_musl -Wl,-z,max-page-size=4096 -Wformat -Werror=format-security -fstack-protector -D_FORTIFY_SOURCE=1 -Wl,-z,now -Wl,-z,relro -Wl,-z,pack-relative-relocs" LD="x86_64-openwrt-linux-musl-ld.bfd" NM="x86_64-openwrt-linux-musl-gcc-nm" CC="x86_64-openwrt-linux-musl-gcc" GCC="x86_64-openwrt-linux-musl-gcc" CXX="x86_64-openwrt-linux-musl-g++" RANLIB="x86_64-openwrt-linux-musl-gcc-ranlib" STRIP=x86_64-openwrt-linux-musl-strip OBJCOPY=x86_64-openwrt-linux-musl-objcopy OBJDUMP=x86_64-openwrt-linux-musl-objdump SIZE=x86_64-openwrt-linux-musl-size CROSS="x86_64-openwrt-linux-musl-" ARCH="x86_64" DESTDIR="/workdir/openwrt/build_dir/target-x86_64_musl/luci-lib-ip/ipkg-install"   install;
build	Compile debug	2026-09-27T15:45:29.1319692Z make[4]: Entering directory '/workdir/openwrt/build_dir/target-x86_64_musl/luci-lib-ip/src'
build	Compile debug	2026-09-27T15:45:29.1322161Z x86_64-openwrt-linux-musl-gcc -L/workdir/openwrt/staging_dir/toolchain-x86_64_gcc-14.4.0_musl/usr/lib -L/workdir/openwrt/staging_dir/toolchain-x86_64_gcc-14.4.0_musl/lib -fuse-ld=bfd -zmax-page-size=4096 -znow -zrelro -zpack-relative-relocs  -shared -o ip.so ip.o -llua -lm -lnl-tiny -DPIC -fpic
build	Compile debug	2026-09-27T15:45:29.1419793Z mkdir -p /workdir/openwrt/build_dir/target-x86_64_musl/luci-lib-ip/ipkg-install/usr/lib/lua/luci
build	Compile debug	2026-09-27T15:45:29.1431922Z cp ip.so /workdir/openwrt/build_dir/target-x86_64_musl/luci-lib-ip/ipkg-install/usr/lib/lua/luci/ip.so
build	Compile debug	2026-09-27T15:45:29.1445953Z make[4]: Leaving directory '/workdir/openwrt/build_dir/target-x86_64_musl/luci-lib-ip/src'
build	Compile debug	2026-09-27T15:45:29.1448035Z cp -fpR /workdir/openwrt/build_dir/target-x86_64_musl/luci-lib-ip/ipkg-install/* /workdir/openwrt/build_dir/target-x86_64_musl/luci-lib-ip/.pkgdir/luci-lib-ip/
build	Compile debug	2026-09-27T15:45:29.1481314Z touch /workdir/openwrt/build_dir/target-x86_64_musl/luci-lib-ip/.pkgdir/luci-lib-ip.installed
build	Compile debug	2026-09-27T15:45:29.1507365Z mkdir -p /workdir/openwrt/staging_dir/target-x86_64_musl/root-x86/stamp
build	Compile debug	2026-09-27T15:45:29.1543230Z SHELL= flock /workdir/openwrt/tmp/.root-copy.flock -c 'cp -fpR /workdir/openwrt/build_dir/target-x86_64_musl/luci-lib-ip/.pkgdir/luci-lib-ip/. /workdir/openwrt/staging_dir/target-x86_64_musl/root-x86/'
build	Compile debug	2026-09-27T15:45:29.1589660Z touch /workdir/openwrt/staging_dir/target-x86_64_musl/root-x86/stamp/.luci-lib-ip_installed
build	Compile debug	2026-09-27T15:45:29.1615187Z echo "luci-lib-ip" >> /workdir/openwrt/staging_dir/target-x86_64_musl/pkginfo/luci-lib-ip.default.install
build	Compile debug	2026-09-27T15:45:29.1642926Z make[3]: Leaving directory '/workdir/openwrt/feeds/luci/libs/luci-lib-ip'
build	Compile debug	2026-09-27T15:45:29.1651849Z time: package/feeds/luci/luci-lib-ip/compile#0.63#0.37#0.96
build	Compile debug	2026-09-27T15:45:29.2089165Z make[3]: Entering directory '/workdir/openwrt/feeds/luci/libs/luci-lib-jsonc'
build	Compile debug	2026-09-27T15:45:29.4433411Z rm -f /workdir/openwrt/build_dir/target-x86_64_musl/luci-lib-jsonc/.built
build	Compile debug	2026-09-27T15:45:29.4470692Z touch /workdir/openwrt/build_dir/target-x86_64_musl/luci-lib-jsonc/.built_check
build	Compile debug	2026-09-27T15:45:29.4508011Z CFLAGS="-Os -pipe -fno-caller-saves -fno-plt -fhonour-copts -fmacro-prefix-map=/workdir/openwrt/build_dir/target-x86_64_musl/luci-lib-jsonc=luci-lib-jsonc -fmacro-prefix-map=/workdir/openwrt/staging_dir/target-x86_64_musl=staging_dir/target-x86_64_musl -Wl,-z,max-page-size=4096 -Wformat -Werror=format-security -fstack-protector -D_FORTIFY_SOURCE=1 -Wl,-z,now -Wl,-z,relro -Wl,-z,pack-relative-relocs  -I/workdir/openwrt/staging_dir/toolchain-x86_64_gcc-14.4.0_musl/usr/include -I/workdir/openwrt/staging_dir/toolchain-x86_64_gcc-14.4.0_musl/include -I/workdir/openwrt/staging_dir/toolchain-x86_64_gcc-14.4.0_musl/include/fortify " CXXFLAGS="-Os -pipe -fno-caller-saves -fno-plt -fhonour-copts -fmacro-prefix-map=/workdir/openwrt/build_dir/target-x86_64_musl/luci-lib-jsonc=luci-lib-jsonc -fmacro-prefix-map=/workdir/openwrt/staging_dir/target-x86_64_musl=staging_dir/target-x86_64_musl -Wl,-z,max-page-size=4096 -Wformat -Werror=format-security -fstack-protector -D_FORTIFY_SOURCE=1 -Wl,-z,now -Wl,-z,relro -Wl,-z,pack-relative-relocs  -I/workdir/openwrt/staging_dir/toolchain-x86_64_gcc-14.4.0_musl/usr/include -I/workdir/openwrt/staging_dir/toolchain-x86_64_gcc-14.4.0_musl/include -I/workdir/openwrt/staging_dir/toolchain-x86_64_gcc-14.4.0_musl/include/fortify " LDFLAGS="-L/workdir/openwrt/staging_dir/toolchain-x86_64_gcc-14.4.0_musl/usr/lib -L/workdir/openwrt/staging_dir/toolchain-x86_64_gcc-14.4.0_musl/lib -fuse-ld=bfd -zmax-page-size=4096 -znow -zrelro -zpack-relative-relocs " FPIC="-DPIC -fpic" LUCI_VERSION="26.261.08411~adc898b" LUCI_GITBRANCH="LuCI Master" make -j1 -C /workdir/openwrt/build_dir/target-x86_64_musl/luci-lib-jsonc/src/ AR="x86_64-openwrt-linux-musl-gcc-ar" AS="x86_64-openwrt-linux-musl-gcc -c -Os -pipe -fno-caller-saves -fno-plt -fhonour-copts -fmacro-prefix-map=/workdir/openwrt/build_dir/target-x86_64_musl/luci-lib-jsonc=luci-lib-jsonc -fmacro-prefix-map=/workdir/openwrt/staging_dir/target-x86_64_musl=staging_dir/target-x86_64_musl -Wl,-z,max-page-size=4096 -Wformat -Werror=format-security -fstack-protector -D_FORTIFY_SOURCE=1 -Wl,-z,now -Wl,-z,relro -Wl,-z,pack-relative-relocs" LD="x86_64-openwrt-linux-musl-ld.bfd" NM="x86_64-openwrt-linux-musl-gcc-nm" CC="x86_64-openwrt-linux-musl-gcc" GCC="x86_64-openwrt-linux-musl-gcc" CXX="x86_64-openwrt-linux-musl-g++" RANLIB="x86_64-openwrt-linux-musl-gcc-ranlib" STRIP=x86_64-openwrt-linux-musl-strip OBJCOPY=x86_64-openwrt-linux-musl-objcopy OBJDUMP=x86_64-openwrt-linux-musl-objdump SIZE=x86_64-openwrt-linux-musl-size CROSS="x86_64-openwrt-linux-musl-" ARCH="x86_64" clean compile;
build	Compile debug	2026-09-27T15:45:29.4532512Z make[4]: Entering directory '/workdir/openwrt/build_dir/target-x86_64_musl/luci-lib-jsonc/src'
build	Compile debug	2026-09-27T15:45:29.4533096Z rm -f *.o *.so
build	Compile debug	2026-09-27T15:45:29.4555243Z x86_64-openwrt-linux-musl-gcc  -Os -pipe -fno-caller-saves -fno-plt -fhonour-copts -fmacro-prefix-map=/workdir/openwrt/build_dir/target-x86_64_musl/luci-lib-jsonc=luci-lib-jsonc -fmacro-prefix-map=/workdir/openwrt/staging_dir/target-x86_64_musl=staging_dir/target-x86_64_musl -Wl,-z,max-page-size=4096 -Wformat -Werror=format-security -fstack-protector -D_FORTIFY_SOURCE=1 -Wl,-z,now -Wl,-z,relro -Wl,-z,pack-relative-relocs  -I/workdir/openwrt/staging_dir/toolchain-x86_64_gcc-14.4.0_musl/usr/include -I/workdir/openwrt/staging_dir/toolchain-x86_64_gcc-14.4.0_musl/include -I/workdir/openwrt/staging_dir/toolchain-x86_64_gcc-14.4.0_musl/include/fortify   -std=gnu99 -I/workdir/openwrt/staging_dir/target-x86_64_musl/usr/include/json-c/ -DPIC -fpic -c -o jsonc.o jsonc.c
build	Compile debug	2026-09-27T15:45:29.5535630Z x86_64-openwrt-linux-musl-gcc -L/workdir/openwrt/staging_dir/toolchain-x86_64_gcc-14.4.0_musl/usr/lib -L/workdir/openwrt/staging_dir/toolchain-x86_64_gcc-14.4.0_musl/lib -fuse-ld=bfd -zmax-page-size=4096 -znow -zrelro -zpack-relative-relocs  -shared -o jsonc.so jsonc.o -llua -lm -ljson-c -DPIC -fpic
build	Compile debug	2026-09-27T15:45:29.5635879Z make[4]: Leaving directory '/workdir/openwrt/build_dir/target-x86_64_musl/luci-lib-jsonc/src'
build	Compile debug	2026-09-27T15:45:29.5649454Z CFLAGS="-Os -pipe -fno-caller-saves -fno-plt -fhonour-copts -fmacro-prefix-map=/workdir/openwrt/build_dir/target-x86_64_musl/luci-lib-jsonc=luci-lib-jsonc -fmacro-prefix-map=/workdir/openwrt/staging_dir/target-x86_64_musl=staging_dir/target-x86_64_musl -Wl,-z,max-page-size=4096 -Wformat -Werror=format-security -fstack-protector -D_FORTIFY_SOURCE=1 -Wl,-z,now -Wl,-z,relro -Wl,-z,pack-relative-relocs  -I/workdir/openwrt/staging_dir/toolchain-x86_64_gcc-14.4.0_musl/usr/include -I/workdir/openwrt/staging_dir/toolchain-x86_64_gcc-14.4.0_musl/include -I/workdir/openwrt/staging_dir/toolchain-x86_64_gcc-14.4.0_musl/include/fortify " CXXFLAGS="-Os -pipe -fno-caller-saves -fno-plt -fhonour-copts -fmacro-prefix-map=/workdir/openwrt/build_dir/target-x86_64_musl/luci-lib-jsonc=luci-lib-jsonc -fmacro-prefix-map=/workdir/openwrt/staging_dir/target-x86_64_musl=staging_dir/target-x86_64_musl -Wl,-z,max-page-size=4096 -Wformat -Werror=format-security -fstack-protector -D_FORTIFY_SOURCE=1 -Wl,-z,now -Wl,-z,relro -Wl,-z,pack-relative-relocs  -I/workdir/openwrt/staging_dir/toolchain-x86_64_gcc-14.4.0_musl/usr/include -I/workdir/openwrt/staging_dir/toolchain-x86_64_gcc-14.4.0_musl/include -I/workdir/openwrt/staging_dir/toolchain-x86_64_gcc-14.4.0_musl/include/fortify " LDFLAGS="-L/workdir/openwrt/staging_dir/toolchain-x86_64_gcc-14.4.0_musl/usr/lib -L/workdir/openwrt/staging_dir/toolchain-x86_64_gcc-14.4.0_musl/lib -fuse-ld=bfd -zmax-page-size=4096 -znow -zrelro -zpack-relative-relocs " FPIC="-DPIC -fpic" LUCI_VERSION="26.261.08411~adc898b" LUCI_GITBRANCH="LuCI Master" make -C /workdir/openwrt/build_dir/target-x86_64_musl/luci-lib-jsonc/src/ AR="x86_64-openwrt-linux-musl-gcc-ar" AS="x86_64-openwrt-linux-musl-gcc -c -Os -pipe -fno-caller-saves -fno-plt -fhonour-copts -fmacro-prefix-map=/workdir/openwrt/build_dir/target-x86_64_musl/luci-lib-jsonc=luci-lib-jsonc -fmacro-prefix-map=/workdir/openwrt/staging_dir/target-x86_64_musl=staging_dir/target-x86_64_musl -Wl,-z,max-page-size=4096 -Wformat -Werror=format-security -fstack-protector -D_FORTIFY_SOURCE=1 -Wl,-z,now -Wl,-z,relro -Wl,-z,pack-relative-relocs" LD="x86_64-openwrt-linux-musl-ld.bfd" NM="x86_64-openwrt-linux-musl-gcc-nm" CC="x86_64-openwrt-linux-musl-gcc" GCC="x86_64-openwrt-linux-musl-gcc" CXX="x86_64-openwrt-linux-musl-g++" RANLIB="x86_64-openwrt-linux-musl-gcc-ranlib" STRIP=x86_64-openwrt-linux-musl-strip OBJCOPY=x86_64-openwrt-linux-musl-objcopy OBJDUMP=x86_64-openwrt-linux-musl-objdump SIZE=x86_64-openwrt-linux-musl-size CROSS="x86_64-openwrt-linux-musl-" ARCH="x86_64" DESTDIR="/workdir/openwrt/build_dir/target-x86_64_musl/luci-lib-jsonc/ipkg-install"   install;
build	Compile debug	2026-09-27T15:45:29.5670918Z make[4]: Entering directory '/workdir/openwrt/build_dir/target-x86_64_musl/luci-lib-jsonc/src'
build	Compile debug	2026-09-27T15:45:29.5673202Z x86_64-openwrt-linux-musl-gcc -L/workdir/openwrt/staging_dir/toolchain-x86_64_gcc-14.4.0_musl/usr/lib -L/workdir/openwrt/staging_dir/toolchain-x86_64_gcc-14.4.0_musl/lib -fuse-ld=bfd -zmax-page-size=4096 -znow -zrelro -zpack-relative-relocs  -shared -o jsonc.so jsonc.o -llua -lm -ljson-c -DPIC -fpic
build	Compile debug	2026-09-27T15:45:29.5772110Z mkdir -p /workdir/openwrt/build_dir/target-x86_64_musl/luci-lib-jsonc/ipkg-install/usr/lib/lua/luci
build	Compile debug	2026-09-27T15:45:29.5789962Z cp jsonc.so /workdir/openwrt/build_dir/target-x86_64_musl/luci-lib-jsonc/ipkg-install/usr/lib/lua/luci/jsonc.so
build	Compile debug	2026-09-27T15:45:29.5804134Z make[4]: Leaving directory '/workdir/openwrt/build_dir/target-x86_64_musl/luci-lib-jsonc/src'
build	Compile debug	2026-09-27T15:45:29.5805591Z touch /workdir/openwrt/build_dir/target-x86_64_musl/luci-lib-jsonc/.built
build	Compile debug	2026-09-27T15:45:29.6119580Z rm -rf /workdir/openwrt/build_dir/target-x86_64_musl/luci-lib-jsonc/ipkg-x86_64/luci-lib-jsonc
build	Compile debug	2026-09-27T15:45:29.6160532Z /workdir/openwrt/scripts/ipkg-remove luci-lib-jsonc /workdir/openwrt/bin/packages/x86_64/luci/luci-lib-jsonc-26.261.08411~adc898b.apk
build	Compile debug	2026-09-27T15:45:29.6206503Z removed '/workdir/openwrt/bin/packages/x86_64/luci/luci-lib-jsonc-26.261.08411~adc898b.apk'
build	Compile debug	2026-09-27T15:45:29.6210523Z mkdir -p /workdir/openwrt/bin/targets/x86/64/packages /workdir/openwrt/build_dir/target-x86_64_musl/luci-lib-jsonc/ipkg-x86_64/luci-lib-jsonc /workdir/openwrt/staging_dir/target-x86_64_musl/pkginfo
build	Compile debug	2026-09-27T15:45:29.6250789Z CFLAGS="-Os -pipe -fno-caller-saves -fno-plt -fhonour-copts -fmacro-prefix-map=/workdir/openwrt/build_dir/target-x86_64_musl/luci-lib-jsonc=luci-lib-jsonc -fmacro-prefix-map=/workdir/openwrt/staging_dir/target-x86_64_musl=staging_dir/target-x86_64_musl -Wl,-z,max-page-size=4096 -Wformat -Werror=format-security -fstack-protector -D_FORTIFY_SOURCE=1 -Wl,-z,now -Wl,-z,relro -Wl,-z,pack-relative-relocs  -I/workdir/openwrt/staging_dir/toolchain-x86_64_gcc-14.4.0_musl/usr/include -I/workdir/openwrt/staging_dir/toolchain-x86_64_gcc-14.4.0_musl/include -I/workdir/openwrt/staging_dir/toolchain-x86_64_gcc-14.4.0_musl/include/fortify " CXXFLAGS="-Os -pipe -fno-caller-saves -fno-plt -fhonour-copts -fmacro-prefix-map=/workdir/openwrt/build_dir/target-x86_64_musl/luci-lib-jsonc=luci-lib-jsonc -fmacro-prefix-map=/workdir/openwrt/staging_dir/target-x86_64_musl=staging_dir/target-x86_64_musl -Wl,-z,max-page-size=4096 -Wformat -Werror=format-security -fstack-protector -D_FORTIFY_SOURCE=1 -Wl,-z,now -Wl,-z,relro -Wl,-z,pack-relative-relocs  -I/workdir/openwrt/staging_dir/toolchain-x86_64_gcc-14.4.0_musl/usr/include -I/workdir/openwrt/staging_dir/toolchain-x86_64_gcc-14.4.0_musl/include -I/workdir/openwrt/staging_dir/toolchain-x86_64_gcc-14.4.0_musl/include/fortify " LDFLAGS="-L/workdir/openwrt/staging_dir/toolchain-x86_64_gcc-14.4.0_musl/usr/lib -L/workdir/openwrt/staging_dir/toolchain-x86_64_gcc-14.4.0_musl/lib -fuse-ld=bfd -zmax-page-size=4096 -znow -zrelro -zpack-relative-relocs " FPIC="-DPIC -fpic" LUCI_VERSION="26.261.08411~adc898b" LUCI_GITBRANCH="LuCI Master" make -C /workdir/openwrt/build_dir/target-x86_64_musl/luci-lib-jsonc/src/ AR="x86_64-openwrt-linux-musl-gcc-ar" AS="x86_64-openwrt-linux-musl-gcc -c -Os -pipe -fno-caller-saves -fno-plt -fhonour-copts -fmacro-prefix-map=/workdir/openwrt/build_dir/target-x86_64_musl/luci-lib-jsonc=luci-lib-jsonc -fmacro-prefix-map=/workdir/openwrt/staging_dir/target-x86_64_musl=staging_dir/target-x86_64_musl -Wl,-z,max-page-size=4096 -Wformat -Werror=format-security -fstack-protector -D_FORTIFY_SOURCE=1 -Wl,-z,now -Wl,-z,relro -Wl,-z,pack-relative-relocs" LD="x86_64-openwrt-linux-musl-ld.bfd" NM="x86_64-openwrt-linux-musl-gcc-nm" CC="x86_64-openwrt-linux-musl-gcc" GCC="x86_64-openwrt-linux-musl-gcc" CXX="x86_64-openwrt-linux-musl-g++" RANLIB="x86_64-openwrt-linux-musl-gcc-ranlib" STRIP=x86_64-openwrt-linux-musl-strip OBJCOPY=x86_64-openwrt-linux-musl-objcopy OBJDUMP=x86_64-openwrt-linux-musl-objdump SIZE=x86_64-openwrt-linux-musl-size CROSS="x86_64-openwrt-linux-musl-" ARCH="x86_64" DESTDIR="/workdir/openwrt/build_dir/target-x86_64_musl/luci-lib-jsonc/ipkg-install"   install;
build	Compile debug	2026-09-27T15:45:29.6273170Z make[4]: Entering directory '/workdir/openwrt/build_dir/target-x86_64_musl/luci-lib-jsonc/src'
build	Compile debug	2026-09-27T15:45:29.6275129Z x86_64-openwrt-linux-musl-gcc -L/workdir/openwrt/staging_dir/toolchain-x86_64_gcc-14.4.0_musl/usr/lib -L/workdir/openwrt/staging_dir/toolchain-x86_64_gcc-14.4.0_musl/lib -fuse-ld=bfd -zmax-page-size=4096 -znow -zrelro -zpack-relative-relocs  -shared -o jsonc.so jsonc.o -llua -lm -ljson-c -DPIC -fpic
build	Compile debug	2026-09-27T15:45:29.6377891Z mkdir -p /workdir/openwrt/build_dir/target-x86_64_musl/luci-lib-jsonc/ipkg-install/usr/lib/lua/luci
build	Compile debug	2026-09-27T15:45:29.6390129Z cp jsonc.so /workdir/openwrt/build_dir/target-x86_64_musl/luci-lib-jsonc/ipkg-install/usr/lib/lua/luci/jsonc.so
build	Compile debug	2026-09-27T15:45:29.6404391Z make[4]: Leaving directory '/workdir/openwrt/build_dir/target-x86_64_musl/luci-lib-jsonc/src'
build	Compile debug	2026-09-27T15:45:29.6406917Z cp -fpR /workdir/openwrt/build_dir/target-x86_64_musl/luci-lib-jsonc/ipkg-install/* /workdir/openwrt/build_dir/target-x86_64_musl/luci-lib-jsonc/ipkg-x86_64/luci-lib-jsonc/
build	Compile debug	2026-09-27T15:45:29.6441550Z find /workdir/openwrt/build_dir/target-x86_64_musl/luci-lib-jsonc/ipkg-x86_64/luci-lib-jsonc -name '.svn' -o -name '.#*' -o -name '*~'| xargs -r rm -rf
build	Compile debug	2026-09-27T15:45:29.6729094Z export CROSS="x86_64-openwrt-linux-musl-"  NO_RENAME=1 ; NM="x86_64-openwrt-linux-musl-nm" STRIP="/workdir/openwrt/staging_dir/host/bin/sstrip -z" STRIP_KMOD="/workdir/openwrt/scripts/strip-kmod.sh" PATCHELF="/workdir/openwrt/staging_dir/host/bin/patchelf" /workdir/openwrt/scripts/rstrip.sh /workdir/openwrt/build_dir/target-x86_64_musl/luci-lib-jsonc/ipkg-x86_64/luci-lib-jsonc
build	Compile debug	2026-09-27T15:45:29.6799428Z rstrip.sh: /workdir/openwrt/build_dir/target-x86_64_musl/luci-lib-jsonc/ipkg-x86_64/luci-lib-jsonc/usr/lib/lua/luci/jsonc.so: shared object
build	Compile debug	2026-09-27T15:45:29.6861669Z install -d -m0755 /workdir/openwrt/bin/packages/x86_64/luci
build	Compile debug	2026-09-27T15:45:29.6892454Z mkdir -p /workdir/openwrt/build_dir/target-x86_64_musl/luci-lib-jsonc/apk-x86_64/luci-lib-jsonc/
build	Compile debug	2026-09-27T15:45:29.6921449Z mkdir -p /workdir/openwrt/build_dir/target-x86_64_musl/luci-lib-jsonc/ipkg-x86_64/luci-lib-jsonc/lib/apk/packages/
build	Compile debug	2026-09-27T15:45:29.6950279Z (cd /workdir/openwrt/build_dir/target-x86_64_musl/luci-lib-jsonc/apk-x86_64/luci-lib-jsonc; echo "$V_Package_luci_lib_jsonc_postinst" > postinst-pkg; chmod 0755 postinst-pkg;)
build	Compile debug	2026-09-27T15:45:29.6988613Z ( echo "#!/bin/sh"; echo "[ \"\${IPKG_NO_SCRIPT}\" = \"1\" ] && exit 0"; echo "[ -s "\${IPKG_INSTROOT}/lib/functions.sh" ] || exit 0"; echo ". \${IPKG_INSTROOT}/lib/functions.sh"; echo 'export root="${IPKG_INSTROOT}"'; echo 'export pkgname="luci-lib-jsonc"'; echo "add_group_and_user"; echo "default_postinst"; [ ! -f /workdir/openwrt/build_dir/target-x86_64_musl/luci-lib-jsonc/apk-x86_64/luci-lib-jsonc/postinst-pkg ] || sed '/^\s*#!/d' "/workdir/openwrt/build_dir/target-x86_64_musl/luci-lib-jsonc/apk-x86_64/luci-lib-jsonc/postinst-pkg"; ) > /workdir/openwrt/build_dir/target-x86_64_musl/luci-lib-jsonc/apk-x86_64/luci-lib-jsonc/post-install;
build	Compile debug	2026-09-27T15:45:29.7024460Z ( echo "#!/bin/sh"; echo 'export PKG_UPGRADE=1'; [ ! -f /workdir/openwrt/build_dir/target-x86_64_musl/luci-lib-jsonc/apk-x86_64/luci-lib-jsonc/post-install ] || sed '/^\s*#!/d' "/workdir/openwrt/build_dir/target-x86_64_musl/luci-lib-jsonc/apk-x86_64/luci-lib-jsonc/post-install"; ) > /workdir/openwrt/build_dir/target-x86_64_musl/luci-lib-jsonc/apk-x86_64/luci-lib-jsonc/post-upgrade;
build	Compile debug	2026-09-27T15:45:29.7060289Z ( echo "#!/bin/sh"; echo "[ -s "\${IPKG_INSTROOT}/lib/functions.sh" ] || exit 0"; echo ". \${IPKG_INSTROOT}/lib/functions.sh"; echo 'export root="${IPKG_INSTROOT}"'; echo 'export pkgname="luci-lib-jsonc"'; echo "default_prerm"; [ ! -f /workdir/openwrt/build_dir/target-x86_64_musl/luci-lib-jsonc/apk-x86_64/luci-lib-jsonc/prerm-pkg ] || sed '/^\s*#!/d' "/workdir/openwrt/build_dir/target-x86_64_musl/luci-lib-jsonc/apk-x86_64/luci-lib-jsonc/prerm-pkg"; ) > /workdir/openwrt/build_dir/target-x86_64_musl/luci-lib-jsonc/apk-x86_64/luci-lib-jsonc/pre-deinstall;
build	Compile debug	2026-09-27T15:45:29.7084686Z [ ! -f /workdir/openwrt/build_dir/target-x86_64_musl/luci-lib-jsonc/apk-x86_64/luci-lib-jsonc/postrm ] || sed -zi 's/^\s*#!/#!/' "/workdir/openwrt/build_dir/target-x86_64_musl/luci-lib-jsonc/apk-x86_64/luci-lib-jsonc/postrm";
build	Compile debug	2026-09-27T15:45:29.7103164Z if [ -n "" ]; then echo  > /workdir/openwrt/build_dir/target-x86_64_musl/luci-lib-jsonc/ipkg-x86_64/luci-lib-jsonc/lib/apk/packages/luci-lib-jsonc.rusers; fi;
build	Compile debug	2026-09-27T15:45:29.7121891Z if [ -n "" ]; then echo  > /workdir/openwrt/build_dir/target-x86_64_musl/luci-lib-jsonc/ipkg-x86_64/luci-lib-jsonc/lib/apk/packages/luci-lib-jsonc.alternatives; fi;
build	Compile debug	2026-09-27T15:45:29.7141592Z (cd /workdir/openwrt/build_dir/target-x86_64_musl/luci-lib-jsonc/ipkg-x86_64/luci-lib-jsonc && find . -type f,l -printf "/%P\n" | sort > /workdir/openwrt/tmp/luci-lib-jsonc.list && mv /workdir/openwrt/tmp/luci-lib-jsonc.list /workdir/openwrt/build_dir/target-x86_64_musl/luci-lib-jsonc/ipkg-x86_64/luci-lib-jsonc/lib/apk/packages/luci-lib-jsonc.list)
build	Compile debug	2026-09-27T15:45:29.7193735Z # Move conffiles to IDIR and build conffiles_static with csums
build	Compile debug	2026-09-27T15:45:29.7215809Z if [ -f /workdir/openwrt/build_dir/target-x86_64_musl/luci-lib-jsonc/apk-x86_64/luci-lib-jsonc/conffiles ]; then mv -f /workdir/openwrt/build_dir/target-x86_64_musl/luci-lib-jsonc/apk-x86_64/luci-lib-jsonc/conffiles /workdir/openwrt/build_dir/target-x86_64_musl/luci-lib-jsonc/ipkg-x86_64/luci-lib-jsonc/lib/apk/packages/luci-lib-jsonc.conffiles; for file in $(cat /workdir/openwrt/build_dir/target-x86_64_musl/luci-lib-jsonc/ipkg-x86_64/luci-lib-jsonc/lib/apk/packages/luci-lib-jsonc.conffiles); do [ -f /workdir/openwrt/build_dir/target-x86_64_musl/luci-lib-jsonc/ipkg-x86_64/luci-lib-jsonc/$file ] || continue; csum=$(/workdir/openwrt/staging_dir/host/bin/mkhash sha256 /workdir/openwrt/build_dir/target-x86_64_musl/luci-lib-jsonc/ipkg-x86_64/luci-lib-jsonc/$file); echo $file $csum >> /workdir/openwrt/build_dir/target-x86_64_musl/luci-lib-jsonc/ipkg-x86_64/luci-lib-jsonc/lib/apk/packages/luci-lib-jsonc.conffiles_static; done; fi
build	Compile debug	2026-09-27T15:45:29.7230872Z # Some package (base-files) manually append stuff to conffiles
build	Compile debug	2026-09-27T15:45:29.7249381Z # Append stuff from it and delete the CONTROL directory since everything else should be migrated
build	Compile debug	2026-09-27T15:45:29.7271199Z if [ -f /workdir/openwrt/build_dir/target-x86_64_musl/luci-lib-jsonc/ipkg-x86_64/luci-lib-jsonc/CONTROL/conffiles ]; then echo $(IDIR_luci-lib-jsonc)/CONTROL/conffiles >> /workdir/openwrt/build_dir/target-x86_64_musl/luci-lib-jsonc/ipkg-x86_64/luci-lib-jsonc/lib/apk/packages/luci-lib-jsonc.conffiles; for file in $(cat /workdir/openwrt/build_dir/target-x86_64_musl/luci-lib-jsonc/ipkg-x86_64/luci-lib-jsonc/CONTROL/conffiles); do [ -f /workdir/openwrt/build_dir/target-x86_64_musl/luci-lib-jsonc/ipkg-x86_64/luci-lib-jsonc/$file ] || continue; csum=$(/workdir/openwrt/staging_dir/host/bin/mkhash sha256 /workdir/openwrt/build_dir/target-x86_64_musl/luci-lib-jsonc/ipkg-x86_64/luci-lib-jsonc/$file); echo $file $csum >> /workdir/openwrt/build_dir/target-x86_64_musl/luci-lib-jsonc/ipkg-x86_64/luci-lib-jsonc/lib/apk/packages/luci-lib-jsonc.conffiles_static; done; rm -rf /workdir/openwrt/build_dir/target-x86_64_musl/luci-lib-jsonc/ipkg-x86_64/luci-lib-jsonc/CONTROL/conffiles; fi
build	Compile debug	2026-09-27T15:45:29.7289473Z if [ -z "$(ls -A /workdir/openwrt/build_dir/target-x86_64_musl/luci-lib-jsonc/ipkg-x86_64/luci-lib-jsonc/CONTROL 2>/dev/null)" ]; then rm -rf /workdir/openwrt/build_dir/target-x86_64_musl/luci-lib-jsonc/ipkg-x86_64/luci-lib-jsonc/CONTROL; else echo "CONTROL directory /workdir/openwrt/build_dir/target-x86_64_musl/luci-lib-jsonc/ipkg-x86_64/luci-lib-jsonc/CONTROL is not empty! This is not right and should be checked!" >&2; exit 1; fi
build	Compile debug	2026-09-27T15:45:29.7339635Z SOURCE_DATE_EPOCH=0 /workdir/openwrt/staging_dir/host/bin/fakeroot /workdir/openwrt/staging_dir/host/bin/apk mkpkg --info "name:luci-lib-jsonc" --info "version:26.261.08411~adc898b" --info "tags:openwrt:section=luci" --info "description:Lua binding for JSON-C" --info "arch:x86_64" --info "license:Apache-2.0" --info "origin:feeds/luci/feeds/luci/libs/luci-lib-jsonc" --info "url:https://github.com/openwrt/luci" --info "maintainer:OpenWrt LuCI community" --info "provides:luci-lib-jsonc-any"  --script "post-install:/workdir/openwrt/build_dir/target-x86_64_musl/luci-lib-jsonc/apk-x86_64/luci-lib-jsonc/post-install" --script "post-upgrade:/workdir/openwrt/build_dir/target-x86_64_musl/luci-lib-jsonc/apk-x86_64/luci-lib-jsonc/post-upgrade" --script "pre-deinstall:/workdir/openwrt/build_dir/target-x86_64_musl/luci-lib-jsonc/apk-x86_64/luci-lib-jsonc/pre-deinstall" --info "depends:libc liblua5.1.5 libjson-c5" --files "/workdir/openwrt/build_dir/target-x86_64_musl/luci-lib-jsonc/ipkg-x86_64/luci-lib-jsonc" --sign /workdir/openwrt/private-key.pem --output "/workdir/openwrt/bin/packages/x86_64/luci/luci-lib-jsonc-26.261.08411~adc898b.apk"
build	Compile debug	2026-09-27T15:45:29.7659034Z rm -rf /workdir/openwrt/build_dir/target-x86_64_musl/luci-lib-jsonc/.pkgdir/luci-lib-jsonc.installed /workdir/openwrt/build_dir/target-x86_64_musl/luci-lib-jsonc/.pkgdir/luci-lib-jsonc
build	Compile debug	2026-09-27T15:45:29.7697006Z mkdir -p /workdir/openwrt/build_dir/target-x86_64_musl/luci-lib-jsonc/.pkgdir/luci-lib-jsonc
build	Compile debug	2026-09-27T15:45:29.7735148Z CFLAGS="-Os -pipe -fno-caller-saves -fno-plt -fhonour-copts -fmacro-prefix-map=/workdir/openwrt/build_dir/target-x86_64_musl/luci-lib-jsonc=luci-lib-jsonc -fmacro-prefix-map=/workdir/openwrt/staging_dir/target-x86_64_musl=staging_dir/target-x86_64_musl -Wl,-z,max-page-size=4096 -Wformat -Werror=format-security -fstack-protector -D_FORTIFY_SOURCE=1 -Wl,-z,now -Wl,-z,relro -Wl,-z,pack-relative-relocs  -I/workdir/openwrt/staging_dir/toolchain-x86_64_gcc-14.4.0_musl/usr/include -I/workdir/openwrt/staging_dir/toolchain-x86_64_gcc-14.4.0_musl/include -I/workdir/openwrt/staging_dir/toolchain-x86_64_gcc-14.4.0_musl/include/fortify " CXXFLAGS="-Os -pipe -fno-caller-saves -fno-plt -fhonour-copts -fmacro-prefix-map=/workdir/openwrt/build_dir/target-x86_64_musl/luci-lib-jsonc=luci-lib-jsonc -fmacro-prefix-map=/workdir/openwrt/staging_dir/target-x86_64_musl=staging_dir/target-x86_64_musl -Wl,-z,max-page-size=4096 -Wformat -Werror=format-security -fstack-protector -D_FORTIFY_SOURCE=1 -Wl,-z,now -Wl,-z,relro -Wl,-z,pack-relative-relocs  -I/workdir/openwrt/staging_dir/toolchain-x86_64_gcc-14.4.0_musl/usr/include -I/workdir/openwrt/staging_dir/toolchain-x86_64_gcc-14.4.0_musl/include -I/workdir/openwrt/staging_dir/toolchain-x86_64_gcc-14.4.0_musl/include/fortify " LDFLAGS="-L/workdir/openwrt/staging_dir/toolchain-x86_64_gcc-14.4.0_musl/usr/lib -L/workdir/openwrt/staging_dir/toolchain-x86_64_gcc-14.4.0_musl/lib -fuse-ld=bfd -zmax-page-size=4096 -znow -zrelro -zpack-relative-relocs " FPIC="-DPIC -fpic" LUCI_VERSION="26.261.08411~adc898b" LUCI_GITBRANCH="LuCI Master" make -C /workdir/openwrt/build_dir/target-x86_64_musl/luci-lib-jsonc/src/ AR="x86_64-openwrt-linux-musl-gcc-ar" AS="x86_64-openwrt-linux-musl-gcc -c -Os -pipe -fno-caller-saves -fno-plt -fhonour-copts -fmacro-prefix-map=/workdir/openwrt/build_dir/target-x86_64_musl/luci-lib-jsonc=luci-lib-jsonc -fmacro-prefix-map=/workdir/openwrt/staging_dir/target-x86_64_musl=staging_dir/target-x86_64_musl -Wl,-z,max-page-size=4096 -Wformat -Werror=format-security -fstack-protector -D_FORTIFY_SOURCE=1 -Wl,-z,now -Wl,-z,relro -Wl,-z,pack-relative-relocs" LD="x86_64-openwrt-linux-musl-ld.bfd" NM="x86_64-openwrt-linux-musl-gcc-nm" CC="x86_64-openwrt-linux-musl-gcc" GCC="x86_64-openwrt-linux-musl-gcc" CXX="x86_64-openwrt-linux-musl-g++" RANLIB="x86_64-openwrt-linux-musl-gcc-ranlib" STRIP=x86_64-openwrt-linux-musl-strip OBJCOPY=x86_64-openwrt-linux-musl-objcopy OBJDUMP=x86_64-openwrt-linux-musl-objdump SIZE=x86_64-openwrt-linux-musl-size CROSS="x86_64-openwrt-linux-musl-" ARCH="x86_64" DESTDIR="/workdir/openwrt/build_dir/target-x86_64_musl/luci-lib-jsonc/ipkg-install"   install;
build	Compile debug	2026-09-27T15:45:29.7756959Z make[4]: Entering directory '/workdir/openwrt/build_dir/target-x86_64_musl/luci-lib-jsonc/src'
build	Compile debug	2026-09-27T15:45:29.7759604Z x86_64-openwrt-linux-musl-gcc -L/workdir/openwrt/staging_dir/toolchain-x86_64_gcc-14.4.0_musl/usr/lib -L/workdir/openwrt/staging_dir/toolchain-x86_64_gcc-14.4.0_musl/lib -fuse-ld=bfd -zmax-page-size=4096 -znow -zrelro -zpack-relative-relocs  -shared -o jsonc.so jsonc.o -llua -lm -ljson-c -DPIC -fpic
build	Compile debug	2026-09-27T15:45:29.7860620Z mkdir -p /workdir/openwrt/build_dir/target-x86_64_musl/luci-lib-jsonc/ipkg-install/usr/lib/lua/luci
build	Compile debug	2026-09-27T15:45:29.7873652Z cp jsonc.so /workdir/openwrt/build_dir/target-x86_64_musl/luci-lib-jsonc/ipkg-install/usr/lib/lua/luci/jsonc.so
build	Compile debug	2026-09-27T15:45:29.7888351Z make[4]: Leaving directory '/workdir/openwrt/build_dir/target-x86_64_musl/luci-lib-jsonc/src'
build	Compile debug	2026-09-27T15:45:29.7890919Z cp -fpR /workdir/openwrt/build_dir/target-x86_64_musl/luci-lib-jsonc/ipkg-install/* /workdir/openwrt/build_dir/target-x86_64_musl/luci-lib-jsonc/.pkgdir/luci-lib-jsonc/
build	Compile debug	2026-09-27T15:45:29.7925520Z touch /workdir/openwrt/build_dir/target-x86_64_musl/luci-lib-jsonc/.pkgdir/luci-lib-jsonc.installed
build	Compile debug	2026-09-27T15:45:29.7953403Z mkdir -p /workdir/openwrt/staging_dir/target-x86_64_musl/root-x86/stamp
build	Compile debug	2026-09-27T15:45:29.7990903Z SHELL= flock /workdir/openwrt/tmp/.root-copy.flock -c 'cp -fpR /workdir/openwrt/build_dir/target-x86_64_musl/luci-lib-jsonc/.pkgdir/luci-lib-jsonc/. /workdir/openwrt/staging_dir/target-x86_64_musl/root-x86/'
build	Compile debug	2026-09-27T15:45:29.8038080Z touch /workdir/openwrt/staging_dir/target-x86_64_musl/root-x86/stamp/.luci-lib-jsonc_installed
build	Compile debug	2026-09-27T15:45:29.8063779Z echo "luci-lib-jsonc" >> /workdir/openwrt/staging_dir/target-x86_64_musl/pkginfo/luci-lib-jsonc.default.install
build	Compile debug	2026-09-27T15:45:29.8092933Z make[3]: Leaving directory '/workdir/openwrt/feeds/luci/libs/luci-lib-jsonc'
build	Compile debug	2026-09-27T15:45:29.8101041Z time: package/feeds/luci/luci-lib-jsonc/compile#0.31#0.36#0.64
build	Compile debug	2026-09-27T15:45:29.8538163Z make[3]: Entering directory '/workdir/openwrt/feeds/luci/libs/luci-lib-nixio'
build	Compile debug	2026-09-27T15:45:30.0883862Z rm -f /workdir/openwrt/build_dir/target-x86_64_musl/luci-lib-nixio/.built
build	Compile debug	2026-09-27T15:45:30.0918279Z touch /workdir/openwrt/build_dir/target-x86_64_musl/luci-lib-nixio/.built_check
build	Compile debug	2026-09-27T15:45:30.0953779Z CFLAGS="-Os -pipe -fno-caller-saves -fno-plt -fhonour-copts -fmacro-prefix-map=/workdir/openwrt/build_dir/target-x86_64_musl/luci-lib-nixio=luci-lib-nixio -fmacro-prefix-map=/workdir/openwrt/staging_dir/target-x86_64_musl=staging_dir/target-x86_64_musl -Wl,-z,max-page-size=4096 -Wformat -Werror=format-security -fstack-protector -D_FORTIFY_SOURCE=1 -Wl,-z,now -Wl,-z,relro -Wl,-z,pack-relative-relocs  -I/workdir/openwrt/staging_dir/toolchain-x86_64_gcc-14.4.0_musl/usr/include -I/workdir/openwrt/staging_dir/toolchain-x86_64_gcc-14.4.0_musl/include -I/workdir/openwrt/staging_dir/toolchain-x86_64_gcc-14.4.0_musl/include/fortify " CXXFLAGS="-Os -pipe -fno-caller-saves -fno-plt -fhonour-copts -fmacro-prefix-map=/workdir/openwrt/build_dir/target-x86_64_musl/luci-lib-nixio=luci-lib-nixio -fmacro-prefix-map=/workdir/openwrt/staging_dir/target-x86_64_musl=staging_dir/target-x86_64_musl -Wl,-z,max-page-size=4096 -Wformat -Werror=format-security -fstack-protector -D_FORTIFY_SOURCE=1 -Wl,-z,now -Wl,-z,relro -Wl,-z,pack-relative-relocs  -I/workdir/openwrt/staging_dir/toolchain-x86_64_gcc-14.4.0_musl/usr/include -I/workdir/openwrt/staging_dir/toolchain-x86_64_gcc-14.4.0_musl/include -I/workdir/openwrt/staging_dir/toolchain-x86_64_gcc-14.4.0_musl/include/fortify " LDFLAGS="-L/workdir/openwrt/staging_dir/toolchain-x86_64_gcc-14.4.0_musl/usr/lib -L/workdir/openwrt/staging_dir/toolchain-x86_64_gcc-14.4.0_musl/lib -fuse-ld=bfd -zmax-page-size=4096 -znow -zrelro -zpack-relative-relocs " FPIC="-DPIC -fpic" LUCI_VERSION="26.261.08411~adc898b" LUCI_GITBRANCH="LuCI Master" make -j1 -C /workdir/openwrt/build_dir/target-x86_64_musl/luci-lib-nixio/src/ AR="x86_64-openwrt-linux-musl-gcc-ar" AS="x86_64-openwrt-linux-musl-gcc -c -Os -pipe -fno-caller-saves -fno-plt -fhonour-copts -fmacro-prefix-map=/workdir/openwrt/build_dir/target-x86_64_musl/luci-lib-nixio=luci-lib-nixio -fmacro-prefix-map=/workdir/openwrt/staging_dir/target-x86_64_musl=staging_dir/target-x86_64_musl -Wl,-z,max-page-size=4096 -Wformat -Werror=format-security -fstack-protector -D_FORTIFY_SOURCE=1 -Wl,-z,now -Wl,-z,relro -Wl,-z,pack-relative-relocs" LD="x86_64-openwrt-linux-musl-ld.bfd" NM="x86_64-openwrt-linux-musl-gcc-nm" CC="x86_64-openwrt-linux-musl-gcc" GCC="x86_64-openwrt-linux-musl-gcc" CXX="x86_64-openwrt-linux-musl-g++" RANLIB="x86_64-openwrt-linux-musl-gcc-ranlib" STRIP=x86_64-openwrt-linux-musl-strip OBJCOPY=x86_64-openwrt-linux-musl-objcopy OBJDUMP=x86_64-openwrt-linux-musl-objdump SIZE=x86_64-openwrt-linux-musl-size CROSS="x86_64-openwrt-linux-musl-" ARCH="x86_64" clean compile;
build	Compile debug	2026-09-27T15:45:30.0976250Z make[4]: Entering directory '/workdir/openwrt/build_dir/target-x86_64_musl/luci-lib-nixio/src'
build	Compile debug	2026-09-27T15:45:30.1227792Z rm -f *.o *.so *.a *.dll
build	Compile debug	2026-09-27T15:45:30.1251752Z x86_64-openwrt-linux-musl-gcc  -Os -pipe -fno-caller-saves -fno-plt -fhonour-copts -fmacro-prefix-map=/workdir/openwrt/build_dir/target-x86_64_musl/luci-lib-nixio=luci-lib-nixio -fmacro-prefix-map=/workdir/openwrt/staging_dir/target-x86_64_musl=staging_dir/target-x86_64_musl -Wl,-z,max-page-size=4096 -Wformat -Werror=format-security -fstack-protector -D_FORTIFY_SOURCE=1 -Wl,-z,now -Wl,-z,relro -Wl,-z,pack-relative-relocs  -I/workdir/openwrt/staging_dir/toolchain-x86_64_gcc-14.4.0_musl/usr/include -I/workdir/openwrt/staging_dir/toolchain-x86_64_gcc-14.4.0_musl/include -I/workdir/openwrt/staging_dir/toolchain-x86_64_gcc-14.4.0_musl/include/fortify  -std=gnu99 -DNO_TLS  -DPIC -fpic -c -o nixio.o nixio.c
build	Compile debug	2026-09-27T15:45:30.1921682Z x86_64-openwrt-linux-musl-gcc  -Os -pipe -fno-caller-saves -fno-plt -fhonour-copts -fmacro-prefix-map=/workdir/openwrt/build_dir/target-x86_64_musl/luci-lib-nixio=luci-lib-nixio -fmacro-prefix-map=/workdir/openwrt/staging_dir/target-x86_64_musl=staging_dir/target-x86_64_musl -Wl,-z,max-page-size=4096 -Wformat -Werror=format-security -fstack-protector -D_FORTIFY_SOURCE=1 -Wl,-z,now -Wl,-z,relro -Wl,-z,pack-relative-relocs  -I/workdir/openwrt/staging_dir/toolchain-x86_64_gcc-14.4.0_musl/usr/include -I/workdir/openwrt/staging_dir/toolchain-x86_64_gcc-14.4.0_musl/include -I/workdir/openwrt/staging_dir/toolchain-x86_64_gcc-14.4.0_musl/include/fortify  -std=gnu99 -DNO_TLS  -DPIC -fpic -c -o socket.o socket.c
build	Compile debug	2026-09-27T15:45:30.2431685Z x86_64-openwrt-linux-musl-gcc  -Os -pipe -fno-caller-saves -fno-plt -fhonour-copts -fmacro-prefix-map=/workdir/openwrt/build_dir/target-x86_64_musl/luci-lib-nixio=luci-lib-nixio -fmacro-prefix-map=/workdir/openwrt/staging_dir/target-x86_64_musl=staging_dir/target-x86_64_musl -Wl,-z,max-page-size=4096 -Wformat -Werror=format-security -fstack-protector -D_FORTIFY_SOURCE=1 -Wl,-z,now -Wl,-z,relro -Wl,-z,pack-relative-relocs  -I/workdir/openwrt/staging_dir/toolchain-x86_64_gcc-14.4.0_musl/usr/include -I/workdir/openwrt/staging_dir/toolchain-x86_64_gcc-14.4.0_musl/include -I/workdir/openwrt/staging_dir/toolchain-x86_64_gcc-14.4.0_musl/include/fortify  -std=gnu99 -DNO_TLS  -DPIC -fpic -c -o sockopt.o sockopt.c
build	Compile debug	2026-09-27T15:45:30.3442519Z x86_64-openwrt-linux-musl-gcc  -Os -pipe -fno-caller-saves -fno-plt -fhonour-copts -fmacro-prefix-map=/workdir/openwrt/build_dir/target-x86_64_musl/luci-lib-nixio=luci-lib-nixio -fmacro-prefix-map=/workdir/openwrt/staging_dir/target-x86_64_musl=staging_dir/target-x86_64_musl -Wl,-z,max-page-size=4096 -Wformat -Werror=format-security -fstack-protector -D_FORTIFY_SOURCE=1 -Wl,-z,now -Wl,-z,relro -Wl,-z,pack-relative-relocs  -I/workdir/openwrt/staging_dir/toolchain-x86_64_gcc-14.4.0_musl/usr/include -I/workdir/openwrt/staging_dir/toolchain-x86_64_gcc-14.4.0_musl/include -I/workdir/openwrt/staging_dir/toolchain-x86_64_gcc-14.4.0_musl/include/fortify  -std=gnu99 -DNO_TLS  -DPIC -fpic -c -o bind.o bind.c
build	Compile debug	2026-09-27T15:45:30.4255730Z x86_64-openwrt-linux-musl-gcc  -Os -pipe -fno-caller-saves -fno-plt -fhonour-copts -fmacro-prefix-map=/workdir/openwrt/build_dir/target-x86_64_musl/luci-lib-nixio=luci-lib-nixio -fmacro-prefix-map=/workdir/openwrt/staging_dir/target-x86_64_musl=staging_dir/target-x86_64_musl -Wl,-z,max-page-size=4096 -Wformat -Werror=format-security -fstack-protector -D_FORTIFY_SOURCE=1 -Wl,-z,now -Wl,-z,relro -Wl,-z,pack-relative-relocs  -I/workdir/openwrt/staging_dir/toolchain-x86_64_gcc-14.4.0_musl/usr/include -I/workdir/openwrt/staging_dir/toolchain-x86_64_gcc-14.4.0_musl/include -I/workdir/openwrt/staging_dir/toolchain-x86_64_gcc-14.4.0_musl/include/fortify  -std=gnu99 -DNO_TLS  -DPIC -fpic -c -o address.o address.c
build	Compile debug	2026-09-27T15:45:30.5555429Z x86_64-openwrt-linux-musl-gcc  -Os -pipe -fno-caller-saves -fno-plt -fhonour-copts -fmacro-prefix-map=/workdir/openwrt/build_dir/target-x86_64_musl/luci-lib-nixio=luci-lib-nixio -fmacro-prefix-map=/workdir/openwrt/staging_dir/target-x86_64_musl=staging_dir/target-x86_64_musl -Wl,-z,max-page-size=4096 -Wformat -Werror=format-security -fstack-protector -D_FORTIFY_SOURCE=1 -Wl,-z,now -Wl,-z,relro -Wl,-z,pack-relative-relocs  -I/workdir/openwrt/staging_dir/toolchain-x86_64_gcc-14.4.0_musl/usr/include -I/workdir/openwrt/staging_dir/toolchain-x86_64_gcc-14.4.0_musl/include -I/workdir/openwrt/staging_dir/toolchain-x86_64_gcc-14.4.0_musl/include/fortify  -std=gnu99 -DNO_TLS  -DPIC -fpic -c -o protoent.o protoent.c
build	Compile debug	2026-09-27T15:45:30.5947003Z x86_64-openwrt-linux-musl-gcc  -Os -pipe -fno-caller-saves -fno-plt -fhonour-copts -fmacro-prefix-map=/workdir/openwrt/build_dir/target-x86_64_musl/luci-lib-nixio=luci-lib-nixio -fmacro-prefix-map=/workdir/openwrt/staging_dir/target-x86_64_musl=staging_dir/target-x86_64_musl -Wl,-z,max-page-size=4096 -Wformat -Werror=format-security -fstack-protector -D_FORTIFY_SOURCE=1 -Wl,-z,now -Wl,-z,relro -Wl,-z,pack-relative-relocs  -I/workdir/openwrt/staging_dir/toolchain-x86_64_gcc-14.4.0_musl/usr/include -I/workdir/openwrt/staging_dir/toolchain-x86_64_gcc-14.4.0_musl/include -I/workdir/openwrt/staging_dir/toolchain-x86_64_gcc-14.4.0_musl/include/fortify  -std=gnu99 -DNO_TLS  -DPIC -fpic -c -o poll.o poll.c
build	Compile debug	2026-09-27T15:45:30.6590777Z x86_64-openwrt-linux-musl-gcc  -Os -pipe -fno-caller-saves -fno-plt -fhonour-copts -fmacro-prefix-map=/workdir/openwrt/build_dir/target-x86_64_musl/luci-lib-nixio=luci-lib-nixio -fmacro-prefix-map=/workdir/openwrt/staging_dir/target-x86_64_musl=staging_dir/target-x86_64_musl -Wl,-z,max-page-size=4096 -Wformat -Werror=format-security -fstack-protector -D_FORTIFY_SOURCE=1 -Wl,-z,now -Wl,-z,relro -Wl,-z,pack-relative-relocs  -I/workdir/openwrt/staging_dir/toolchain-x86_64_gcc-14.4.0_musl/usr/include -I/workdir/openwrt/staging_dir/toolchain-x86_64_gcc-14.4.0_musl/include -I/workdir/openwrt/staging_dir/toolchain-x86_64_gcc-14.4.0_musl/include/fortify  -std=gnu99 -DNO_TLS  -DPIC -fpic -c -o io.o io.c
build	Compile debug	2026-09-27T15:45:30.7234798Z x86_64-openwrt-linux-musl-gcc  -Os -pipe -fno-caller-saves -fno-plt -fhonour-copts -fmacro-prefix-map=/workdir/openwrt/build_dir/target-x86_64_musl/luci-lib-nixio=luci-lib-nixio -fmacro-prefix-map=/workdir/openwrt/staging_dir/target-x86_64_musl=staging_dir/target-x86_64_musl -Wl,-z,max-page-size=4096 -Wformat -Werror=format-security -fstack-protector -D_FORTIFY_SOURCE=1 -Wl,-z,now -Wl,-z,relro -Wl,-z,pack-relative-relocs  -I/workdir/openwrt/staging_dir/toolchain-x86_64_gcc-14.4.0_musl/usr/include -I/workdir/openwrt/staging_dir/toolchain-x86_64_gcc-14.4.0_musl/include -I/workdir/openwrt/staging_dir/toolchain-x86_64_gcc-14.4.0_musl/include/fortify  -std=gnu99 -DNO_TLS  -DPIC -fpic -c -o file.o file.c
build	Compile debug	2026-09-27T15:45:30.8379996Z x86_64-openwrt-linux-musl-gcc  -Os -pipe -fno-caller-saves -fno-plt -fhonour-copts -fmacro-prefix-map=/workdir/openwrt/build_dir/target-x86_64_musl/luci-lib-nixio=luci-lib-nixio -fmacro-prefix-map=/workdir/openwrt/staging_dir/target-x86_64_musl=staging_dir/target-x86_64_musl -Wl,-z,max-page-size=4096 -Wformat -Werror=format-security -fstack-protector -D_FORTIFY_SOURCE=1 -Wl,-z,now -Wl,-z,relro -Wl,-z,pack-relative-relocs  -I/workdir/openwrt/staging_dir/toolchain-x86_64_gcc-14.4.0_musl/usr/include -I/workdir/openwrt/staging_dir/toolchain-x86_64_gcc-14.4.0_musl/include -I/workdir/openwrt/staging_dir/toolchain-x86_64_gcc-14.4.0_musl/include/fortify  -std=gnu99 -DNO_TLS  -DPIC -fpic -c -o splice.o splice.c
build	Compile debug	2026-09-27T15:45:30.8826278Z x86_64-openwrt-linux-musl-gcc  -Os -pipe -fno-caller-saves -fno-plt -fhonour-copts -fmacro-prefix-map=/workdir/openwrt/build_dir/target-x86_64_musl/luci-lib-nixio=luci-lib-nixio -fmacro-prefix-map=/workdir/openwrt/staging_dir/target-x86_64_musl=staging_dir/target-x86_64_musl -Wl,-z,max-page-size=4096 -Wformat -Werror=format-security -fstack-protector -D_FORTIFY_SOURCE=1 -Wl,-z,now -Wl,-z,relro -Wl,-z,pack-relative-relocs  -I/workdir/openwrt/staging_dir/toolchain-x86_64_gcc-14.4.0_musl/usr/include -I/workdir/openwrt/staging_dir/toolchain-x86_64_gcc-14.4.0_musl/include -I/workdir/openwrt/staging_dir/toolchain-x86_64_gcc-14.4.0_musl/include/fortify  -std=gnu99 -DNO_TLS  -DPIC -fpic -c -o process.o process.c
build	Compile debug	2026-09-27T15:45:31.0076568Z x86_64-openwrt-linux-musl-gcc  -Os -pipe -fno-caller-saves -fno-plt -fhonour-copts -fmacro-prefix-map=/workdir/openwrt/build_dir/target-x86_64_musl/luci-lib-nixio=luci-lib-nixio -fmacro-prefix-map=/workdir/openwrt/staging_dir/target-x86_64_musl=staging_dir/target-x86_64_musl -Wl,-z,max-page-size=4096 -Wformat -Werror=format-security -fstack-protector -D_FORTIFY_SOURCE=1 -Wl,-z,now -Wl,-z,relro -Wl,-z,pack-relative-relocs  -I/workdir/openwrt/staging_dir/toolchain-x86_64_gcc-14.4.0_musl/usr/include -I/workdir/openwrt/staging_dir/toolchain-x86_64_gcc-14.4.0_musl/include -I/workdir/openwrt/staging_dir/toolchain-x86_64_gcc-14.4.0_musl/include/fortify  -std=gnu99 -DNO_TLS  -DPIC -fpic -c -o syslog.o syslog.c
build	Compile debug	2026-09-27T15:45:31.0533989Z x86_64-openwrt-linux-musl-gcc  -Os -pipe -fno-caller-saves -fno-plt -fhonour-copts -fmacro-prefix-map=/workdir/openwrt/build_dir/target-x86_64_musl/luci-lib-nixio=luci-lib-nixio -fmacro-prefix-map=/workdir/openwrt/staging_dir/target-x86_64_musl=staging_dir/target-x86_64_musl -Wl,-z,max-page-size=4096 -Wformat -Werror=format-security -fstack-protector -D_FORTIFY_SOURCE=1 -Wl,-z,now -Wl,-z,relro -Wl,-z,pack-relative-relocs  -I/workdir/openwrt/staging_dir/toolchain-x86_64_gcc-14.4.0_musl/usr/include -I/workdir/openwrt/staging_dir/toolchain-x86_64_gcc-14.4.0_musl/include -I/workdir/openwrt/staging_dir/toolchain-x86_64_gcc-14.4.0_musl/include/fortify  -std=gnu99 -DNO_TLS  -DPIC -fpic -c -o bit.o bit.c
build	Compile debug	2026-09-27T15:45:31.1261094Z x86_64-openwrt-linux-musl-gcc  -Os -pipe -fno-caller-saves -fno-plt -fhonour-copts -fmacro-prefix-map=/workdir/openwrt/build_dir/target-x86_64_musl/luci-lib-nixio=luci-lib-nixio -fmacro-prefix-map=/workdir/openwrt/staging_dir/target-x86_64_musl=staging_dir/target-x86_64_musl -Wl,-z,max-page-size=4096 -Wformat -Werror=format-security -fstack-protector -D_FORTIFY_SOURCE=1 -Wl,-z,now -Wl,-z,relro -Wl,-z,pack-relative-relocs  -I/workdir/openwrt/staging_dir/toolchain-x86_64_gcc-14.4.0_musl/usr/include -I/workdir/openwrt/staging_dir/toolchain-x86_64_gcc-14.4.0_musl/include -I/workdir/openwrt/staging_dir/toolchain-x86_64_gcc-14.4.0_musl/include/fortify  -std=gnu99 -DNO_TLS  -DPIC -fpic -c -o binary.o binary.c
build	Compile debug	2026-09-27T15:45:31.2145526Z x86_64-openwrt-linux-musl-gcc  -Os -pipe -fno-caller-saves -fno-plt -fhonour-copts -fmacro-prefix-map=/workdir/openwrt/build_dir/target-x86_64_musl/luci-lib-nixio=luci-lib-nixio -fmacro-prefix-map=/workdir/openwrt/staging_dir/target-x86_64_musl=staging_dir/target-x86_64_musl -Wl,-z,max-page-size=4096 -Wformat -Werror=format-security -fstack-protector -D_FORTIFY_SOURCE=1 -Wl,-z,now -Wl,-z,relro -Wl,-z,pack-relative-relocs  -I/workdir/openwrt/staging_dir/toolchain-x86_64_gcc-14.4.0_musl/usr/include -I/workdir/openwrt/staging_dir/toolchain-x86_64_gcc-14.4.0_musl/include -I/workdir/openwrt/staging_dir/toolchain-x86_64_gcc-14.4.0_musl/include/fortify  -std=gnu99 -DNO_TLS  -DPIC -fpic -c -o fs.o fs.c
build	Compile debug	2026-09-27T15:45:31.3895111Z x86_64-openwrt-linux-musl-gcc  -Os -pipe -fno-caller-saves -fno-plt -fhonour-copts -fmacro-prefix-map=/workdir/openwrt/build_dir/target-x86_64_musl/luci-lib-nixio=luci-lib-nixio -fmacro-prefix-map=/workdir/openwrt/staging_dir/target-x86_64_musl=staging_dir/target-x86_64_musl -Wl,-z,max-page-size=4096 -Wformat -Werror=format-security -fstack-protector -D_FORTIFY_SOURCE=1 -Wl,-z,now -Wl,-z,relro -Wl,-z,pack-relative-relocs  -I/workdir/openwrt/staging_dir/toolchain-x86_64_gcc-14.4.0_musl/usr/include -I/workdir/openwrt/staging_dir/toolchain-x86_64_gcc-14.4.0_musl/include -I/workdir/openwrt/staging_dir/toolchain-x86_64_gcc-14.4.0_musl/include/fortify  -std=gnu99 -DNO_TLS  -DPIC -fpic -c -o user.o user.c
build	Compile debug	2026-09-27T15:45:31.4609828Z x86_64-openwrt-linux-musl-gcc -L/workdir/openwrt/staging_dir/toolchain-x86_64_gcc-14.4.0_musl/usr/lib -L/workdir/openwrt/staging_dir/toolchain-x86_64_gcc-14.4.0_musl/lib -fuse-ld=bfd -zmax-page-size=4096 -znow -zrelro -zpack-relative-relocs   -o nixio.so nixio.o socket.o sockopt.o bind.o address.o protoent.o poll.o io.o file.o splice.o process.o syslog.o bit.o binary.o fs.o user.o  -llua -lm -ldl -lcrypt -shared  -DPIC -fpic
build	Compile debug	2026-09-27T15:45:31.4743612Z mkdir -p dist/usr/lib/lua
build	Compile debug	2026-09-27T15:45:31.4755331Z cp nixio.so dist/usr/lib/lua/nixio.so
build	Compile debug	2026-09-27T15:45:31.4770031Z make[4]: Leaving directory '/workdir/openwrt/build_dir/target-x86_64_musl/luci-lib-nixio/src'
build	Compile debug	2026-09-27T15:45:31.4782809Z CFLAGS="-Os -pipe -fno-caller-saves -fno-plt -fhonour-copts -fmacro-prefix-map=/workdir/openwrt/build_dir/target-x86_64_musl/luci-lib-nixio=luci-lib-nixio -fmacro-prefix-map=/workdir/openwrt/staging_dir/target-x86_64_musl=staging_dir/target-x86_64_musl -Wl,-z,max-page-size=4096 -Wformat -Werror=format-security -fstack-protector -D_FORTIFY_SOURCE=1 -Wl,-z,now -Wl,-z,relro -Wl,-z,pack-relative-relocs  -I/workdir/openwrt/staging_dir/toolchain-x86_64_gcc-14.4.0_musl/usr/include -I/workdir/openwrt/staging_dir/toolchain-x86_64_gcc-14.4.0_musl/include -I/workdir/openwrt/staging_dir/toolchain-x86_64_gcc-14.4.0_musl/include/fortify " CXXFLAGS="-Os -pipe -fno-caller-saves -fno-plt -fhonour-copts -fmacro-prefix-map=/workdir/openwrt/build_dir/target-x86_64_musl/luci-lib-nixio=luci-lib-nixio -fmacro-prefix-map=/workdir/openwrt/staging_dir/target-x86_64_musl=staging_dir/target-x86_64_musl -Wl,-z,max-page-size=4096 -Wformat -Werror=format-security -fstack-protector -D_FORTIFY_SOURCE=1 -Wl,-z,now -Wl,-z,relro -Wl,-z,pack-relative-relocs  -I/workdir/openwrt/staging_dir/toolchain-x86_64_gcc-14.4.0_musl/usr/include -I/workdir/openwrt/staging_dir/toolchain-x86_64_gcc-14.4.0_musl/include -I/workdir/openwrt/staging_dir/toolchain-x86_64_gcc-14.4.0_musl/include/fortify " LDFLAGS="-L/workdir/openwrt/staging_dir/toolchain-x86_64_gcc-14.4.0_musl/usr/lib -L/workdir/openwrt/staging_dir/toolchain-x86_64_gcc-14.4.0_musl/lib -fuse-ld=bfd -zmax-page-size=4096 -znow -zrelro -zpack-relative-relocs " FPIC="-DPIC -fpic" LUCI_VERSION="26.261.08411~adc898b" LUCI_GITBRANCH="LuCI Master" make -C /workdir/openwrt/build_dir/target-x86_64_musl/luci-lib-nixio/src/ AR="x86_64-openwrt-linux-musl-gcc-ar" AS="x86_64-openwrt-linux-musl-gcc -c -Os -pipe -fno-caller-saves -fno-plt -fhonour-copts -fmacro-prefix-map=/workdir/openwrt/build_dir/target-x86_64_musl/luci-lib-nixio=luci-lib-nixio -fmacro-prefix-map=/workdir/openwrt/staging_dir/target-x86_64_musl=staging_dir/target-x86_64_musl -Wl,-z,max-page-size=4096 -Wformat -Werror=format-security -fstack-protector -D_FORTIFY_SOURCE=1 -Wl,-z,now -Wl,-z,relro -Wl,-z,pack-relative-relocs" LD="x86_64-openwrt-linux-musl-ld.bfd" NM="x86_64-openwrt-linux-musl-gcc-nm" CC="x86_64-openwrt-linux-musl-gcc" GCC="x86_64-openwrt-linux-musl-gcc" CXX="x86_64-openwrt-linux-musl-g++" RANLIB="x86_64-openwrt-linux-musl-gcc-ranlib" STRIP=x86_64-openwrt-linux-musl-strip OBJCOPY=x86_64-openwrt-linux-musl-objcopy OBJDUMP=x86_64-openwrt-linux-musl-objdump SIZE=x86_64-openwrt-linux-musl-size CROSS="x86_64-openwrt-linux-musl-" ARCH="x86_64" DESTDIR="/workdir/openwrt/build_dir/target-x86_64_musl/luci-lib-nixio/ipkg-install"   install;
build	Compile debug	2026-09-27T15:45:31.4803577Z make[4]: Entering directory '/workdir/openwrt/build_dir/target-x86_64_musl/luci-lib-nixio/src'
build	Compile debug	2026-09-27T15:45:31.5067550Z x86_64-openwrt-linux-musl-gcc -L/workdir/openwrt/staging_dir/toolchain-x86_64_gcc-14.4.0_musl/usr/lib -L/workdir/openwrt/staging_dir/toolchain-x86_64_gcc-14.4.0_musl/lib -fuse-ld=bfd -zmax-page-size=4096 -znow -zrelro -zpack-relative-relocs   -o nixio.so nixio.o socket.o sockopt.o bind.o address.o protoent.o poll.o io.o file.o splice.o process.o syslog.o bit.o binary.o fs.o user.o  -llua -lm -ldl -lcrypt -shared  -DPIC -fpic
build	Compile debug	2026-09-27T15:45:31.5199407Z mkdir -p dist/usr/lib/lua
build	Compile debug	2026-09-27T15:45:31.5211737Z cp nixio.so dist/usr/lib/lua/nixio.so
build	Compile debug	2026-09-27T15:45:31.5227130Z mkdir -p /workdir/openwrt/build_dir/target-x86_64_musl/luci-lib-nixio/ipkg-install
build	Compile debug	2026-09-27T15:45:31.5238349Z cp -pR dist/* /workdir/openwrt/build_dir/target-x86_64_musl/luci-lib-nixio/ipkg-install/
build	Compile debug	2026-09-27T15:45:31.5262104Z make[4]: Leaving directory '/workdir/openwrt/build_dir/target-x86_64_musl/luci-lib-nixio/src'
build	Compile debug	2026-09-27T15:45:31.5264113Z touch /workdir/openwrt/build_dir/target-x86_64_musl/luci-lib-nixio/.built
build	Compile debug	2026-09-27T15:45:31.5577727Z rm -rf /workdir/openwrt/build_dir/target-x86_64_musl/luci-lib-nixio/ipkg-x86_64/luci-lib-nixio
build	Compile debug	2026-09-27T15:45:31.5617675Z /workdir/openwrt/scripts/ipkg-remove luci-lib-nixio /workdir/openwrt/bin/packages/x86_64/luci/luci-lib-nixio-26.261.08411~adc898b.apk
build	Compile debug	2026-09-27T15:45:31.5661951Z removed '/workdir/openwrt/bin/packages/x86_64/luci/luci-lib-nixio-26.261.08411~adc898b.apk'
build	Compile debug	2026-09-27T15:45:31.5665121Z mkdir -p /workdir/openwrt/bin/targets/x86/64/packages /workdir/openwrt/build_dir/target-x86_64_musl/luci-lib-nixio/ipkg-x86_64/luci-lib-nixio /workdir/openwrt/staging_dir/target-x86_64_musl/pkginfo
build	Compile debug	2026-09-27T15:45:31.5694500Z install -d -m0755 /workdir/openwrt/build_dir/target-x86_64_musl/luci-lib-nixio/ipkg-x86_64/luci-lib-nixio/
build	Compile debug	2026-09-27T15:45:31.5725096Z cp -pR /workdir/openwrt/build_dir/target-x86_64_musl/luci-lib-nixio/root/* /workdir/openwrt/build_dir/target-x86_64_musl/luci-lib-nixio/ipkg-x86_64/luci-lib-nixio/
build	Compile debug	2026-09-27T15:45:31.5777584Z CFLAGS="-Os -pipe -fno-caller-saves -fno-plt -fhonour-copts -fmacro-prefix-map=/workdir/openwrt/build_dir/target-x86_64_musl/luci-lib-nixio=luci-lib-nixio -fmacro-prefix-map=/workdir/openwrt/staging_dir/target-x86_64_musl=staging_dir/target-x86_64_musl -Wl,-z,max-page-size=4096 -Wformat -Werror=format-security -fstack-protector -D_FORTIFY_SOURCE=1 -Wl,-z,now -Wl,-z,relro -Wl,-z,pack-relative-relocs  -I/workdir/openwrt/staging_dir/toolchain-x86_64_gcc-14.4.0_musl/usr/include -I/workdir/openwrt/staging_dir/toolchain-x86_64_gcc-14.4.0_musl/include -I/workdir/openwrt/staging_dir/toolchain-x86_64_gcc-14.4.0_musl/include/fortify " CXXFLAGS="-Os -pipe -fno-caller-saves -fno-plt -fhonour-copts -fmacro-prefix-map=/workdir/openwrt/build_dir/target-x86_64_musl/luci-lib-nixio=luci-lib-nixio -fmacro-prefix-map=/workdir/openwrt/staging_dir/target-x86_64_musl=staging_dir/target-x86_64_musl -Wl,-z,max-page-size=4096 -Wformat -Werror=format-security -fstack-protector -D_FORTIFY_SOURCE=1 -Wl,-z,now -Wl,-z,relro -Wl,-z,pack-relative-relocs  -I/workdir/openwrt/staging_dir/toolchain-x86_64_gcc-14.4.0_musl/usr/include -I/workdir/openwrt/staging_dir/toolchain-x86_64_gcc-14.4.0_musl/include -I/workdir/openwrt/staging_dir/toolchain-x86_64_gcc-14.4.0_musl/include/fortify " LDFLAGS="-L/workdir/openwrt/staging_dir/toolchain-x86_64_gcc-14.4.0_musl/usr/lib -L/workdir/openwrt/staging_dir/toolchain-x86_64_gcc-14.4.0_musl/lib -fuse-ld=bfd -zmax-page-size=4096 -znow -zrelro -zpack-relative-relocs " FPIC="-DPIC -fpic" LUCI_VERSION="26.261.08411~adc898b" LUCI_GITBRANCH="LuCI Master" make -C /workdir/openwrt/build_dir/target-x86_64_musl/luci-lib-nixio/src/ AR="x86_64-openwrt-linux-musl-gcc-ar" AS="x86_64-openwrt-linux-musl-gcc -c -Os -pipe -fno-caller-saves -fno-plt -fhonour-copts -fmacro-prefix-map=/workdir/openwrt/build_dir/target-x86_64_musl/luci-lib-nixio=luci-lib-nixio -fmacro-prefix-map=/workdir/openwrt/staging_dir/target-x86_64_musl=staging_dir/target-x86_64_musl -Wl,-z,max-page-size=4096 -Wformat -Werror=format-security -fstack-protector -D_FORTIFY_SOURCE=1 -Wl,-z,now -Wl,-z,relro -Wl,-z,pack-relative-relocs" LD="x86_64-openwrt-linux-musl-ld.bfd" NM="x86_64-openwrt-linux-musl-gcc-nm" CC="x86_64-openwrt-linux-musl-gcc" GCC="x86_64-openwrt-linux-musl-gcc" CXX="x86_64-openwrt-linux-musl-g++" RANLIB="x86_64-openwrt-linux-musl-gcc-ranlib" STRIP=x86_64-openwrt-linux-musl-strip OBJCOPY=x86_64-openwrt-linux-musl-objcopy OBJDUMP=x86_64-openwrt-linux-musl-objdump SIZE=x86_64-openwrt-linux-musl-size CROSS="x86_64-openwrt-linux-musl-" ARCH="x86_64" DESTDIR="/workdir/openwrt/build_dir/target-x86_64_musl/luci-lib-nixio/ipkg-install"   install;
build	Compile debug	2026-09-27T15:45:31.5797467Z make[4]: Entering directory '/workdir/openwrt/build_dir/target-x86_64_musl/luci-lib-nixio/src'
build	Compile debug	2026-09-27T15:45:31.6060877Z x86_64-openwrt-linux-musl-gcc -L/workdir/openwrt/staging_dir/toolchain-x86_64_gcc-14.4.0_musl/usr/lib -L/workdir/openwrt/staging_dir/toolchain-x86_64_gcc-14.4.0_musl/lib -fuse-ld=bfd -zmax-page-size=4096 -znow -zrelro -zpack-relative-relocs   -o nixio.so nixio.o socket.o sockopt.o bind.o address.o protoent.o poll.o io.o file.o splice.o process.o syslog.o bit.o binary.o fs.o user.o  -llua -lm -ldl -lcrypt -shared  -DPIC -fpic
build	Compile debug	2026-09-27T15:45:31.6193709Z mkdir -p dist/usr/lib/lua
build	Compile debug	2026-09-27T15:45:31.6205642Z cp nixio.so dist/usr/lib/lua/nixio.so
build	Compile debug	2026-09-27T15:45:31.6221565Z mkdir -p /workdir/openwrt/build_dir/target-x86_64_musl/luci-lib-nixio/ipkg-install
build	Compile debug	2026-09-27T15:45:31.6232693Z cp -pR dist/* /workdir/openwrt/build_dir/target-x86_64_musl/luci-lib-nixio/ipkg-install/
build	Compile debug	2026-09-27T15:45:31.6256074Z make[4]: Leaving directory '/workdir/openwrt/build_dir/target-x86_64_musl/luci-lib-nixio/src'
build	Compile debug	2026-09-27T15:45:31.6258500Z cp -fpR /workdir/openwrt/build_dir/target-x86_64_musl/luci-lib-nixio/ipkg-install/* /workdir/openwrt/build_dir/target-x86_64_musl/luci-lib-nixio/ipkg-x86_64/luci-lib-nixio/
build	Compile debug	2026-09-27T15:45:31.6292110Z find /workdir/openwrt/build_dir/target-x86_64_musl/luci-lib-nixio/ipkg-x86_64/luci-lib-nixio -name '.svn' -o -name '.#*' -o -name '*~'| xargs -r rm -rf
build	Compile debug	2026-09-27T15:45:31.6752300Z export CROSS="x86_64-openwrt-linux-musl-"  NO_RENAME=1 ; NM="x86_64-openwrt-linux-musl-nm" STRIP="/workdir/openwrt/staging_dir/host/bin/sstrip -z" STRIP_KMOD="/workdir/openwrt/scripts/strip-kmod.sh" PATCHELF="/workdir/openwrt/staging_dir/host/bin/patchelf" /workdir/openwrt/scripts/rstrip.sh /workdir/openwrt/build_dir/target-x86_64_musl/luci-lib-nixio/ipkg-x86_64/luci-lib-nixio
build	Compile debug	2026-09-27T15:45:31.7003909Z rstrip.sh: /workdir/openwrt/build_dir/target-x86_64_musl/luci-lib-nixio/ipkg-x86_64/luci-lib-nixio/usr/lib/lua/nixio.so: shared object
build	Compile debug	2026-09-27T15:45:31.7068389Z install -d -m0755 /workdir/openwrt/bin/packages/x86_64/luci
build	Compile debug	2026-09-27T15:45:31.7098561Z mkdir -p /workdir/openwrt/build_dir/target-x86_64_musl/luci-lib-nixio/apk-x86_64/luci-lib-nixio/
build	Compile debug	2026-09-27T15:45:31.7126458Z mkdir -p /workdir/openwrt/build_dir/target-x86_64_musl/luci-lib-nixio/ipkg-x86_64/luci-lib-nixio/lib/apk/packages/
build	Compile debug	2026-09-27T15:45:31.7155548Z (cd /workdir/openwrt/build_dir/target-x86_64_musl/luci-lib-nixio/apk-x86_64/luci-lib-nixio; echo "$V_Package_luci_lib_nixio_postinst" > postinst-pkg; chmod 0755 postinst-pkg;)
build	Compile debug	2026-09-27T15:45:31.7193303Z ( echo "#!/bin/sh"; echo "[ \"\${IPKG_NO_SCRIPT}\" = \"1\" ] && exit 0"; echo "[ -s "\${IPKG_INSTROOT}/lib/functions.sh" ] || exit 0"; echo ". \${IPKG_INSTROOT}/lib/functions.sh"; echo 'export root="${IPKG_INSTROOT}"'; echo 'export pkgname="luci-lib-nixio"'; echo "add_group_and_user"; echo "default_postinst"; [ ! -f /workdir/openwrt/build_dir/target-x86_64_musl/luci-lib-nixio/apk-x86_64/luci-lib-nixio/postinst-pkg ] || sed '/^\s*#!/d' "/workdir/openwrt/build_dir/target-x86_64_musl/luci-lib-nixio/apk-x86_64/luci-lib-nixio/postinst-pkg"; ) > /workdir/openwrt/build_dir/target-x86_64_musl/luci-lib-nixio/apk-x86_64/luci-lib-nixio/post-install;
build	Compile debug	2026-09-27T15:45:31.7226955Z ( echo "#!/bin/sh"; echo 'export PKG_UPGRADE=1'; [ ! -f /workdir/openwrt/build_dir/target-x86_64_musl/luci-lib-nixio/apk-x86_64/luci-lib-nixio/post-install ] || sed '/^\s*#!/d' "/workdir/openwrt/build_dir/target-x86_64_musl/luci-lib-nixio/apk-x86_64/luci-lib-nixio/post-install"; ) > /workdir/openwrt/build_dir/target-x86_64_musl/luci-lib-nixio/apk-x86_64/luci-lib-nixio/post-upgrade;
build	Compile debug	2026-09-27T15:45:31.7263370Z ( echo "#!/bin/sh"; echo "[ -s "\${IPKG_INSTROOT}/lib/functions.sh" ] || exit 0"; echo ". \${IPKG_INSTROOT}/lib/functions.sh"; echo 'export root="${IPKG_INSTROOT}"'; echo 'export pkgname="luci-lib-nixio"'; echo "default_prerm"; [ ! -f /workdir/openwrt/build_dir/target-x86_64_musl/luci-lib-nixio/apk-x86_64/luci-lib-nixio/prerm-pkg ] || sed '/^\s*#!/d' "/workdir/openwrt/build_dir/target-x86_64_musl/luci-lib-nixio/apk-x86_64/luci-lib-nixio/prerm-pkg"; ) > /workdir/openwrt/build_dir/target-x86_64_musl/luci-lib-nixio/apk-x86_64/luci-lib-nixio/pre-deinstall;
build	Compile debug	2026-09-27T15:45:31.7285764Z [ ! -f /workdir/openwrt/build_dir/target-x86_64_musl/luci-lib-nixio/apk-x86_64/luci-lib-nixio/postrm ] || sed -zi 's/^\s*#!/#!/' "/workdir/openwrt/build_dir/target-x86_64_musl/luci-lib-nixio/apk-x86_64/luci-lib-nixio/postrm";
build	Compile debug	2026-09-27T15:45:31.7303862Z if [ -n "" ]; then echo  > /workdir/openwrt/build_dir/target-x86_64_musl/luci-lib-nixio/ipkg-x86_64/luci-lib-nixio/lib/apk/packages/luci-lib-nixio.rusers; fi;
build	Compile debug	2026-09-27T15:45:31.7322511Z if [ -n "" ]; then echo  > /workdir/openwrt/build_dir/target-x86_64_musl/luci-lib-nixio/ipkg-x86_64/luci-lib-nixio/lib/apk/packages/luci-lib-nixio.alternatives; fi;
build	Compile debug	2026-09-27T15:45:31.7342107Z (cd /workdir/openwrt/build_dir/target-x86_64_musl/luci-lib-nixio/ipkg-x86_64/luci-lib-nixio && find . -type f,l -printf "/%P\n" | sort > /workdir/openwrt/tmp/luci-lib-nixio.list && mv /workdir/openwrt/tmp/luci-lib-nixio.list /workdir/openwrt/build_dir/target-x86_64_musl/luci-lib-nixio/ipkg-x86_64/luci-lib-nixio/lib/apk/packages/luci-lib-nixio.list)
build	Compile debug	2026-09-27T15:45:31.7390531Z # Move conffiles to IDIR and build conffiles_static with csums
build	Compile debug	2026-09-27T15:45:31.7412975Z if [ -f /workdir/openwrt/build_dir/target-x86_64_musl/luci-lib-nixio/apk-x86_64/luci-lib-nixio/conffiles ]; then mv -f /workdir/openwrt/build_dir/target-x86_64_musl/luci-lib-nixio/apk-x86_64/luci-lib-nixio/conffiles /workdir/openwrt/build_dir/target-x86_64_musl/luci-lib-nixio/ipkg-x86_64/luci-lib-nixio/lib/apk/packages/luci-lib-nixio.conffiles; for file in $(cat /workdir/openwrt/build_dir/target-x86_64_musl/luci-lib-nixio/ipkg-x86_64/luci-lib-nixio/lib/apk/packages/luci-lib-nixio.conffiles); do [ -f /workdir/openwrt/build_dir/target-x86_64_musl/luci-lib-nixio/ipkg-x86_64/luci-lib-nixio/$file ] || continue; csum=$(/workdir/openwrt/staging_dir/host/bin/mkhash sha256 /workdir/openwrt/build_dir/target-x86_64_musl/luci-lib-nixio/ipkg-x86_64/luci-lib-nixio/$file); echo $file $csum >> /workdir/openwrt/build_dir/target-x86_64_musl/luci-lib-nixio/ipkg-x86_64/luci-lib-nixio/lib/apk/packages/luci-lib-nixio.conffiles_static; done; fi
build	Compile debug	2026-09-27T15:45:31.7427124Z # Some package (base-files) manually append stuff to conffiles
build	Compile debug	2026-09-27T15:45:31.7445488Z # Append stuff from it and delete the CONTROL directory since everything else should be migrated
build	Compile debug	2026-09-27T15:45:31.7467183Z if [ -f /workdir/openwrt/build_dir/target-x86_64_musl/luci-lib-nixio/ipkg-x86_64/luci-lib-nixio/CONTROL/conffiles ]; then echo $(IDIR_luci-lib-nixio)/CONTROL/conffiles >> /workdir/openwrt/build_dir/target-x86_64_musl/luci-lib-nixio/ipkg-x86_64/luci-lib-nixio/lib/apk/packages/luci-lib-nixio.conffiles; for file in $(cat /workdir/openwrt/build_dir/target-x86_64_musl/luci-lib-nixio/ipkg-x86_64/luci-lib-nixio/CONTROL/conffiles); do [ -f /workdir/openwrt/build_dir/target-x86_64_musl/luci-lib-nixio/ipkg-x86_64/luci-lib-nixio/$file ] || continue; csum=$(/workdir/openwrt/staging_dir/host/bin/mkhash sha256 /workdir/openwrt/build_dir/target-x86_64_musl/luci-lib-nixio/ipkg-x86_64/luci-lib-nixio/$file); echo $file $csum >> /workdir/openwrt/build_dir/target-x86_64_musl/luci-lib-nixio/ipkg-x86_64/luci-lib-nixio/lib/apk/packages/luci-lib-nixio.conffiles_static; done; rm -rf /workdir/openwrt/build_dir/target-x86_64_musl/luci-lib-nixio/ipkg-x86_64/luci-lib-nixio/CONTROL/conffiles; fi
build	Compile debug	2026-09-27T15:45:31.7484211Z if [ -z "$(ls -A /workdir/openwrt/build_dir/target-x86_64_musl/luci-lib-nixio/ipkg-x86_64/luci-lib-nixio/CONTROL 2>/dev/null)" ]; then rm -rf /workdir/openwrt/build_dir/target-x86_64_musl/luci-lib-nixio/ipkg-x86_64/luci-lib-nixio/CONTROL; else echo "CONTROL directory /workdir/openwrt/build_dir/target-x86_64_musl/luci-lib-nixio/ipkg-x86_64/luci-lib-nixio/CONTROL is not empty! This is not right and should be checked!" >&2; exit 1; fi
build	Compile debug	2026-09-27T15:45:31.7530570Z SOURCE_DATE_EPOCH=0 /workdir/openwrt/staging_dir/host/bin/fakeroot /workdir/openwrt/staging_dir/host/bin/apk mkpkg --info "name:luci-lib-nixio" --info "version:26.261.08411~adc898b" --info "tags:openwrt:section=luci" --info "description:NIXIO POSIX library" --info "arch:x86_64" --info "license:Apache-2.0" --info "origin:feeds/luci/feeds/luci/libs/luci-lib-nixio" --info "url:https://github.com/openwrt/luci" --info "maintainer:OpenWrt LuCI community" --info "provides:luci-lib-nixio-any"  --script "post-install:/workdir/openwrt/build_dir/target-x86_64_musl/luci-lib-nixio/apk-x86_64/luci-lib-nixio/post-install" --script "post-upgrade:/workdir/openwrt/build_dir/target-x86_64_musl/luci-lib-nixio/apk-x86_64/luci-lib-nixio/post-upgrade" --script "pre-deinstall:/workdir/openwrt/build_dir/target-x86_64_musl/luci-lib-nixio/apk-x86_64/luci-lib-nixio/pre-deinstall" --info "depends:libc liblua5.1.5" --files "/workdir/openwrt/build_dir/target-x86_64_musl/luci-lib-nixio/ipkg-x86_64/luci-lib-nixio" --sign /workdir/openwrt/private-key.pem --output "/workdir/openwrt/bin/packages/x86_64/luci/luci-lib-nixio-26.261.08411~adc898b.apk"
build	Compile debug	2026-09-27T15:45:31.8010171Z rm -rf /workdir/openwrt/build_dir/target-x86_64_musl/luci-lib-nixio/.pkgdir/luci-lib-nixio.installed /workdir/openwrt/build_dir/target-x86_64_musl/luci-lib-nixio/.pkgdir/luci-lib-nixio
build	Compile debug	2026-09-27T15:45:31.8051187Z mkdir -p /workdir/openwrt/build_dir/target-x86_64_musl/luci-lib-nixio/.pkgdir/luci-lib-nixio
build	Compile debug	2026-09-27T15:45:31.8079101Z install -d -m0755 /workdir/openwrt/build_dir/target-x86_64_musl/luci-lib-nixio/.pkgdir/luci-lib-nixio/
build	Compile debug	2026-09-27T15:45:31.8108962Z cp -pR /workdir/openwrt/build_dir/target-x86_64_musl/luci-lib-nixio/root/* /workdir/openwrt/build_dir/target-x86_64_musl/luci-lib-nixio/.pkgdir/luci-lib-nixio/
build	Compile debug	2026-09-27T15:45:31.8156089Z CFLAGS="-Os -pipe -fno-caller-saves -fno-plt -fhonour-copts -fmacro-prefix-map=/workdir/openwrt/build_dir/target-x86_64_musl/luci-lib-nixio=luci-lib-nixio -fmacro-prefix-map=/workdir/openwrt/staging_dir/target-x86_64_musl=staging_dir/target-x86_64_musl -Wl,-z,max-page-size=4096 -Wformat -Werror=format-security -fstack-protector -D_FORTIFY_SOURCE=1 -Wl,-z,now -Wl,-z,relro -Wl,-z,pack-relative-relocs  -I/workdir/openwrt/staging_dir/toolchain-x86_64_gcc-14.4.0_musl/usr/include -I/workdir/openwrt/staging_dir/toolchain-x86_64_gcc-14.4.0_musl/include -I/workdir/openwrt/staging_dir/toolchain-x86_64_gcc-14.4.0_musl/include/fortify " CXXFLAGS="-Os -pipe -fno-caller-saves -fno-plt -fhonour-copts -fmacro-prefix-map=/workdir/openwrt/build_dir/target-x86_64_musl/luci-lib-nixio=luci-lib-nixio -fmacro-prefix-map=/workdir/openwrt/staging_dir/target-x86_64_musl=staging_dir/target-x86_64_musl -Wl,-z,max-page-size=4096 -Wformat -Werror=format-security -fstack-protector -D_FORTIFY_SOURCE=1 -Wl,-z,now -Wl,-z,relro -Wl,-z,pack-relative-relocs  -I/workdir/openwrt/staging_dir/toolchain-x86_64_gcc-14.4.0_musl/usr/include -I/workdir/openwrt/staging_dir/toolchain-x86_64_gcc-14.4.0_musl/include -I/workdir/openwrt/staging_dir/toolchain-x86_64_gcc-14.4.0_musl/include/fortify " LDFLAGS="-L/workdir/openwrt/staging_dir/toolchain-x86_64_gcc-14.4.0_musl/usr/lib -L/workdir/openwrt/staging_dir/toolchain-x86_64_gcc-14.4.0_musl/lib -fuse-ld=bfd -zmax-page-size=4096 -znow -zrelro -zpack-relative-relocs " FPIC="-DPIC -fpic" LUCI_VERSION="26.261.08411~adc898b" LUCI_GITBRANCH="LuCI Master" make -C /workdir/openwrt/build_dir/target-x86_64_musl/luci-lib-nixio/src/ AR="x86_64-openwrt-linux-musl-gcc-ar" AS="x86_64-openwrt-linux-musl-gcc -c -Os -pipe -fno-caller-saves -fno-plt -fhonour-copts -fmacro-prefix-map=/workdir/openwrt/build_dir/target-x86_64_musl/luci-lib-nixio=luci-lib-nixio -fmacro-prefix-map=/workdir/openwrt/staging_dir/target-x86_64_musl=staging_dir/target-x86_64_musl -Wl,-z,max-page-size=4096 -Wformat -Werror=format-security -fstack-protector -D_FORTIFY_SOURCE=1 -Wl,-z,now -Wl,-z,relro -Wl,-z,pack-relative-relocs" LD="x86_64-openwrt-linux-musl-ld.bfd" NM="x86_64-openwrt-linux-musl-gcc-nm" CC="x86_64-openwrt-linux-musl-gcc" GCC="x86_64-openwrt-linux-musl-gcc" CXX="x86_64-openwrt-linux-musl-g++" RANLIB="x86_64-openwrt-linux-musl-gcc-ranlib" STRIP=x86_64-openwrt-linux-musl-strip OBJCOPY=x86_64-openwrt-linux-musl-objcopy OBJDUMP=x86_64-openwrt-linux-musl-objdump SIZE=x86_64-openwrt-linux-musl-size CROSS="x86_64-openwrt-linux-musl-" ARCH="x86_64" DESTDIR="/workdir/openwrt/build_dir/target-x86_64_musl/luci-lib-nixio/ipkg-install"   install;
build	Compile debug	2026-09-27T15:45:31.8173976Z make[4]: Entering directory '/workdir/openwrt/build_dir/target-x86_64_musl/luci-lib-nixio/src'
build	Compile debug	2026-09-27T15:45:31.8434518Z x86_64-openwrt-linux-musl-gcc -L/workdir/openwrt/staging_dir/toolchain-x86_64_gcc-14.4.0_musl/usr/lib -L/workdir/openwrt/staging_dir/toolchain-x86_64_gcc-14.4.0_musl/lib -fuse-ld=bfd -zmax-page-size=4096 -znow -zrelro -zpack-relative-relocs   -o nixio.so nixio.o socket.o sockopt.o bind.o address.o protoent.o poll.o io.o file.o splice.o process.o syslog.o bit.o binary.o fs.o user.o  -llua -lm -ldl -lcrypt -shared  -DPIC -fpic
build	Compile debug	2026-09-27T15:45:31.8567294Z mkdir -p dist/usr/lib/lua
build	Compile debug	2026-09-27T15:45:31.8578953Z cp nixio.so dist/usr/lib/lua/nixio.so
build	Compile debug	2026-09-27T15:45:31.8595299Z mkdir -p /workdir/openwrt/build_dir/target-x86_64_musl/luci-lib-nixio/ipkg-install
build	Compile debug	2026-09-27T15:45:31.8606450Z cp -pR dist/* /workdir/openwrt/build_dir/target-x86_64_musl/luci-lib-nixio/ipkg-install/
build	Compile debug	2026-09-27T15:45:31.8629918Z make[4]: Leaving directory '/workdir/openwrt/build_dir/target-x86_64_musl/luci-lib-nixio/src'
build	Compile debug	2026-09-27T15:45:31.8632548Z cp -fpR /workdir/openwrt/build_dir/target-x86_64_musl/luci-lib-nixio/ipkg-install/* /workdir/openwrt/build_dir/target-x86_64_musl/luci-lib-nixio/.pkgdir/luci-lib-nixio/
build	Compile debug	2026-09-27T15:45:31.8665215Z touch /workdir/openwrt/build_dir/target-x86_64_musl/luci-lib-nixio/.pkgdir/luci-lib-nixio.installed
build	Compile debug	2026-09-27T15:45:31.8690909Z mkdir -p /workdir/openwrt/staging_dir/target-x86_64_musl/root-x86/stamp
build	Compile debug	2026-09-27T15:45:31.8728894Z SHELL= flock /workdir/openwrt/tmp/.root-copy.flock -c 'cp -fpR /workdir/openwrt/build_dir/target-x86_64_musl/luci-lib-nixio/.pkgdir/luci-lib-nixio/. /workdir/openwrt/staging_dir/target-x86_64_musl/root-x86/'
build	Compile debug	2026-09-27T15:45:31.8778421Z touch /workdir/openwrt/staging_dir/target-x86_64_musl/root-x86/stamp/.luci-lib-nixio_installed
build	Compile debug	2026-09-27T15:45:31.8804482Z echo "luci-lib-nixio" >> /workdir/openwrt/staging_dir/target-x86_64_musl/pkginfo/luci-lib-nixio.default.install
build	Compile debug	2026-09-27T15:45:31.8832720Z make[3]: Leaving directory '/workdir/openwrt/feeds/luci/libs/luci-lib-nixio'
build	Compile debug	2026-09-27T15:45:31.8842306Z time: package/feeds/luci/luci-lib-nixio/compile#1.51#0.63#2.06
build	Compile debug	2026-09-27T15:45:31.9264120Z make[3]: Entering directory '/workdir/openwrt/feeds/luci/libs/luci-lib-base'
build	Compile debug	2026-09-27T15:45:32.1062852Z mkdir -p /workdir/openwrt/staging_dir/target-x86_64_musl/root-x86/stamp
build	Compile debug	2026-09-27T15:45:32.1098678Z SHELL= flock /workdir/openwrt/tmp/.root-copy.flock -c 'cp -fpR /workdir/openwrt/build_dir/target-x86_64_musl/luci-lib-base/.pkgdir/luci-lib-base/. /workdir/openwrt/staging_dir/target-x86_64_musl/root-x86/'
build	Compile debug	2026-09-27T15:45:32.1153711Z touch /workdir/openwrt/staging_dir/target-x86_64_musl/root-x86/stamp/.luci-lib-base_installed
build	Compile debug	2026-09-27T15:45:32.1178794Z echo "luci-lib-base" >> /workdir/openwrt/staging_dir/target-x86_64_musl/pkginfo/luci-lib-base.default.install
build	Compile debug	2026-09-27T15:45:32.1205960Z make[3]: Leaving directory '/workdir/openwrt/feeds/luci/libs/luci-lib-base'
build	Compile debug	2026-09-27T15:45:32.1216136Z time: package/feeds/luci/luci-lib-base/compile#0.09#0.13#0.23
build	Compile debug	2026-09-27T15:45:32.1627649Z make[3]: Entering directory '/workdir/openwrt/feeds/luci/contrib/package/ucode-mod-lua'
build	Compile debug	2026-09-27T15:45:32.3312494Z mkdir -p /workdir/openwrt/staging_dir/target-x86_64_musl/root-x86/stamp
build	Compile debug	2026-09-27T15:45:32.3347919Z SHELL= flock /workdir/openwrt/tmp/.root-copy.flock -c 'cp -fpR /workdir/openwrt/build_dir/target-x86_64_musl/ucode-mod-lua/.pkgdir/ucode-mod-lua/. /workdir/openwrt/staging_dir/target-x86_64_musl/root-x86/'
build	Compile debug	2026-09-27T15:45:32.3402970Z touch /workdir/openwrt/staging_dir/target-x86_64_musl/root-x86/stamp/.ucode-mod-lua_installed
build	Compile debug	2026-09-27T15:45:32.3427897Z echo "ucode-mod-lua" >> /workdir/openwrt/staging_dir/target-x86_64_musl/pkginfo/ucode-mod-lua.default.install
build	Compile debug	2026-09-27T15:45:32.3455183Z make[3]: Leaving directory '/workdir/openwrt/feeds/luci/contrib/package/ucode-mod-lua'
build	Compile debug	2026-09-27T15:45:32.3463906Z time: package/feeds/luci/ucode-mod-lua/compile#0.14#0.08#0.22
build	Compile debug	2026-09-27T15:45:32.3889759Z make[3]: Entering directory '/workdir/openwrt/feeds/luci/modules/luci-lua-runtime'
build	Compile debug	2026-09-27T15:45:32.6260063Z mkdir -p /workdir/openwrt/staging_dir/target-x86_64_musl/root-x86/stamp
build	Compile debug	2026-09-27T15:45:32.6294596Z SHELL= flock /workdir/openwrt/tmp/.root-copy.flock -c 'cp -fpR /workdir/openwrt/build_dir/target-x86_64_musl/luci-lua-runtime/.pkgdir/luci-lua-runtime/. /workdir/openwrt/staging_dir/target-x86_64_musl/root-x86/'
build	Compile debug	2026-09-27T15:45:32.6356496Z touch /workdir/openwrt/staging_dir/target-x86_64_musl/root-x86/stamp/.luci-lua-runtime_installed
build	Compile debug	2026-09-27T15:45:32.6381842Z echo "luci-lua-runtime" >> /workdir/openwrt/staging_dir/target-x86_64_musl/pkginfo/luci-lua-runtime.default.install
build	Compile debug	2026-09-27T15:45:32.6408720Z make[3]: Leaving directory '/workdir/openwrt/feeds/luci/modules/luci-lua-runtime'
build	Compile debug	2026-09-27T15:45:32.6418674Z time: package/feeds/luci/luci-lua-runtime/compile#0.11#0.18#0.29
build	Compile debug	2026-09-27T15:45:32.6840609Z make[3]: Entering directory '/workdir/openwrt/feeds/luci/modules/luci-compat'
build	Compile debug	2026-09-27T15:45:32.8709292Z mkdir -p /workdir/openwrt/staging_dir/target-x86_64_musl/root-x86/stamp
build	Compile debug	2026-09-27T15:45:32.8745558Z SHELL= flock /workdir/openwrt/tmp/.root-copy.flock -c 'cp -fpR /workdir/openwrt/build_dir/target-x86_64_musl/luci-compat/.pkgdir/luci-compat/. /workdir/openwrt/staging_dir/target-x86_64_musl/root-x86/'
build	Compile debug	2026-09-27T15:45:32.8843483Z touch /workdir/openwrt/staging_dir/target-x86_64_musl/root-x86/stamp/.luci-compat_installed
build	Compile debug	2026-09-27T15:45:32.8869076Z echo "luci-compat" >> /workdir/openwrt/staging_dir/target-x86_64_musl/pkginfo/luci-compat.default.install
build	Compile debug	2026-09-27T15:45:32.8897567Z make[3]: Leaving directory '/workdir/openwrt/feeds/luci/modules/luci-compat'
build	Compile debug	2026-09-27T15:45:32.8906063Z time: package/feeds/luci/luci-compat/compile#0.09#0.15#0.24
build	Compile debug	2026-09-27T15:45:32.9033022Z make[3]: Entering directory '/workdir/openwrt/package/libs/uclient'
build	Compile debug	2026-09-27T15:45:32.9997399Z mkdir -p /workdir/openwrt/staging_dir/target-x86_64_musl/root-x86/stamp
build	Compile debug	2026-09-27T15:45:33.0036327Z echo '20201210' | cmp -s - /workdir/openwrt/staging_dir/target-x86_64_musl/pkginfo/libuclient.version || { mkdir -p /workdir/openwrt/staging_dir/target-x86_64_musl/pkginfo; echo '20201210' > /workdir/openwrt/staging_dir/target-x86_64_musl/pkginfo/libuclient.version;  cp /workdir/openwrt/staging_dir/target-x86_64_musl/pkginfo/libuclient.version /workdir/openwrt/staging_dir/target-x86_64_musl/pkginfo/libuclient-any.version;  } 
build	Compile debug	2026-09-27T15:45:33.0069473Z SHELL= flock /workdir/openwrt/tmp/.root-copy.flock -c 'cp -fpR /workdir/openwrt/build_dir/target-x86_64_musl/uclient-2026.06.07~daad21fa/.pkgdir/libuclient/. /workdir/openwrt/staging_dir/target-x86_64_musl/root-x86/'
build	Compile debug	2026-09-27T15:45:33.0130296Z touch /workdir/openwrt/staging_dir/target-x86_64_musl/root-x86/stamp/.libuclient_installed
build	Compile debug	2026-09-27T15:45:33.0157473Z echo "libuclient" >> /workdir/openwrt/staging_dir/target-x86_64_musl/pkginfo/uclient.default.install
build	Compile debug	2026-09-27T15:45:33.0187508Z mkdir -p /workdir/openwrt/staging_dir/target-x86_64_musl/root-x86/stamp
build	Compile debug	2026-09-27T15:45:33.0223749Z SHELL= flock /workdir/openwrt/tmp/.root-copy.flock -c 'cp -fpR /workdir/openwrt/build_dir/target-x86_64_musl/uclient-2026.06.07~daad21fa/.pkgdir/uclient-fetch/. /workdir/openwrt/staging_dir/target-x86_64_musl/root-x86/'
build	Compile debug	2026-09-27T15:45:33.0281034Z touch /workdir/openwrt/staging_dir/target-x86_64_musl/root-x86/stamp/.uclient-fetch_installed
build	Compile debug	2026-09-27T15:45:33.0307755Z echo "uclient-fetch" >> /workdir/openwrt/staging_dir/target-x86_64_musl/pkginfo/uclient.default.install
build	Compile debug	2026-09-27T15:45:33.0334942Z make[3]: Leaving directory '/workdir/openwrt/package/libs/uclient'
build	Compile debug	2026-09-27T15:45:33.0343218Z time: package/libs/uclient/compile#0.06#0.07#0.13
build	Compile debug	2026-09-27T15:45:33.0772360Z make[3]: Entering directory '/workdir/openwrt/feeds/luci/themes/luci-theme-argon'
build	Compile debug	2026-09-27T15:45:33.1379637Z mkdir -p /workdir/openwrt/staging_dir/target-x86_64_musl/root-x86/stamp
build	Compile debug	2026-09-27T15:45:33.1414618Z SHELL= flock /workdir/openwrt/tmp/.root-copy.flock -c 'cp -fpR /workdir/openwrt/build_dir/target-x86_64_musl/luci-theme-argon/.pkgdir/luci-theme-argon/. /workdir/openwrt/staging_dir/target-x86_64_musl/root-x86/'
build	Compile debug	2026-09-27T15:45:33.1544272Z touch /workdir/openwrt/staging_dir/target-x86_64_musl/root-x86/stamp/.luci-theme-argon_installed
build	Compile debug	2026-09-27T15:45:33.1570502Z echo "luci-theme-argon" >> /workdir/openwrt/staging_dir/target-x86_64_musl/pkginfo/luci-theme-argon.default.install
build	Compile debug	2026-09-27T15:45:33.1598310Z make[3]: Leaving directory '/workdir/openwrt/feeds/luci/themes/luci-theme-argon'
build	Compile debug	2026-09-27T15:45:33.1606535Z time: package/feeds/luci/luci-theme-argon/compile#0.06#0.05#0.12
build	Compile debug	2026-09-27T15:45:33.2020535Z make[3]: Entering directory '/workdir/openwrt/feeds/packages/libs/libpam'
build	Compile debug	2026-09-27T15:45:33.2930254Z make[3]: Leaving directory '/workdir/openwrt/feeds/packages/libs/libpam'
build	Compile debug	2026-09-27T15:45:33.2938225Z time: package/feeds/packages/libpam/compile#0.05#0.06#0.12
build	Compile debug	2026-09-27T15:45:33.3360427Z make[3]: Entering directory '/workdir/openwrt/feeds/packages/net/3proxy'
build	Compile debug	2026-09-27T15:45:33.4052307Z mkdir -p /workdir/openwrt/staging_dir/target-x86_64_musl/root-x86/stamp
build	Compile debug	2026-09-27T15:45:33.4088539Z SHELL= flock /workdir/openwrt/tmp/.root-copy.flock -c 'cp -fpR /workdir/openwrt/build_dir/target-x86_64_musl/3proxy-0.9.5/.pkgdir/3proxy/. /workdir/openwrt/staging_dir/target-x86_64_musl/root-x86/'
build	Compile debug	2026-09-27T15:45:33.4156640Z touch /workdir/openwrt/staging_dir/target-x86_64_musl/root-x86/stamp/.3proxy_installed
build	Compile debug	2026-09-27T15:45:33.4183649Z echo "3proxy" >> /workdir/openwrt/staging_dir/target-x86_64_musl/pkginfo/3proxy.default.install
build	Compile debug	2026-09-27T15:45:33.4212213Z make[3]: Leaving directory '/workdir/openwrt/feeds/packages/net/3proxy'
build	Compile debug	2026-09-27T15:45:33.4220858Z time: package/feeds/packages/3proxy/compile#0.06#0.05#0.12
build	Compile debug	2026-09-27T15:45:33.4649239Z make[3]: Entering directory '/workdir/openwrt/feeds/packages/utils/acpid'
build	Compile debug	2026-09-27T15:45:33.5296457Z mkdir -p /workdir/openwrt/staging_dir/target-x86_64_musl/root-x86/stamp
build	Compile debug	2026-09-27T15:45:33.5333370Z SHELL= flock /workdir/openwrt/tmp/.root-copy.flock -c 'cp -fpR /workdir/openwrt/build_dir/target-x86_64_musl/acpid-2.0.34/.pkgdir/acpid/. /workdir/openwrt/staging_dir/target-x86_64_musl/root-x86/'
build	Compile debug	2026-09-27T15:45:33.5402966Z touch /workdir/openwrt/staging_dir/target-x86_64_musl/root-x86/stamp/.acpid_installed
build	Compile debug	2026-09-27T15:45:33.5428293Z echo "acpid" >> /workdir/openwrt/staging_dir/target-x86_64_musl/pkginfo/acpid.default.install
build	Compile debug	2026-09-27T15:45:33.5456658Z make[3]: Leaving directory '/workdir/openwrt/feeds/packages/utils/acpid'
build	Compile debug	2026-09-27T15:45:33.5465499Z time: package/feeds/packages/acpid/compile#0.05#0.06#0.11
build	Compile debug	2026-09-27T15:45:33.5893145Z make[3]: Entering directory '/workdir/openwrt/feeds/packages/net/aria2'
build	Compile debug	2026-09-27T15:45:33.7120917Z mkdir -p /workdir/openwrt/staging_dir/target-x86_64_musl/root-x86/stamp
build	Compile debug	2026-09-27T15:45:33.7156435Z SHELL= flock /workdir/openwrt/tmp/.root-copy.flock -c 'cp -fpR /workdir/openwrt/build_dir/target-x86_64_musl/aria2-1.37.0/.pkgdir/aria2/. /workdir/openwrt/staging_dir/target-x86_64_musl/root-x86/'
build	Compile debug	2026-09-27T15:45:33.7249558Z touch /workdir/openwrt/staging_dir/target-x86_64_musl/root-x86/stamp/.aria2_installed
build	Compile debug	2026-09-27T15:45:33.7276581Z echo "aria2" >> /workdir/openwrt/staging_dir/target-x86_64_musl/pkginfo/aria2.default.install
build	Compile debug	2026-09-27T15:45:33.7305011Z mkdir -p /workdir/openwrt/staging_dir/target-x86_64_musl/root-x86/stamp
build	Compile debug	2026-09-27T15:45:33.7340530Z SHELL= flock /workdir/openwrt/tmp/.root-copy.flock -c 'cp -fpR /workdir/openwrt/build_dir/target-x86_64_musl/aria2-1.37.0/.pkgdir/aria2-openssl/. /workdir/openwrt/staging_dir/target-x86_64_musl/root-x86/'
build	Compile debug	2026-09-27T15:45:33.7383556Z touch /workdir/openwrt/staging_dir/target-x86_64_musl/root-x86/stamp/.aria2-openssl_installed
build	Compile debug	2026-09-27T15:45:33.7408443Z echo "aria2-openssl" >> /workdir/openwrt/staging_dir/target-x86_64_musl/pkginfo/aria2.default.install
build	Compile debug	2026-09-27T15:45:33.7435551Z make[3]: Leaving directory '/workdir/openwrt/feeds/packages/net/aria2'
build	Compile debug	2026-09-27T15:45:33.7444213Z time: package/feeds/packages/aria2/compile#0.08#0.07#0.19
build	Compile debug	2026-09-27T15:45:33.7883015Z make[3]: Entering directory '/workdir/openwrt/feeds/packages/net/ariang'
build	Compile debug	2026-09-27T15:45:33.8522032Z mkdir -p /workdir/openwrt/staging_dir/target-x86_64_musl/root-x86/stamp
build	Compile debug	2026-09-27T15:45:33.8560122Z SHELL= flock /workdir/openwrt/tmp/.root-copy.flock -c 'cp -fpR /workdir/openwrt/build_dir/target-x86_64_musl/ariang-1.3.14/.pkgdir/ariang/. /workdir/openwrt/staging_dir/target-x86_64_musl/root-x86/'
build	Compile debug	2026-09-27T15:45:33.8726611Z touch /workdir/openwrt/staging_dir/target-x86_64_musl/root-x86/stamp/.ariang_installed
build	Compile debug	2026-09-27T15:45:33.8754328Z echo "ariang" >> /workdir/openwrt/staging_dir/target-x86_64_musl/pkginfo/ariang.default.install
build	Compile debug	2026-09-27T15:45:33.8782906Z make[3]: Leaving directory '/workdir/openwrt/feeds/packages/net/ariang'
build	Compile debug	2026-09-27T15:45:33.8791712Z time: package/feeds/packages/ariang/compile#0.07#0.05#0.13
build	Compile debug	2026-09-27T15:45:33.9240109Z make[3]: Entering directory '/workdir/openwrt/feeds/packages/libs/liburcu'
build	Compile debug	2026-09-27T15:45:33.9986028Z mkdir -p /workdir/openwrt/staging_dir/target-x86_64_musl/root-x86/stamp
build	Compile debug	2026-09-27T15:45:34.0022180Z SHELL= flock /workdir/openwrt/tmp/.root-copy.flock -c 'cp -fpR /workdir/openwrt/build_dir/target-x86_64_musl/userspace-rcu-0.15.6/.pkgdir/liburcu/. /workdir/openwrt/staging_dir/target-x86_64_musl/root-x86/'
build	Compile debug	2026-09-27T15:45:34.0094171Z touch /workdir/openwrt/staging_dir/target-x86_64_musl/root-x86/stamp/.liburcu_installed
build	Compile debug	2026-09-27T15:45:34.0120575Z echo "liburcu" >> /workdir/openwrt/staging_dir/target-x86_64_musl/pkginfo/liburcu.default.install
build	Compile debug	2026-09-27T15:45:34.0149924Z make[3]: Leaving directory '/workdir/openwrt/feeds/packages/libs/liburcu'
build	Compile debug	2026-09-27T15:45:34.0158319Z time: package/feeds/packages/liburcu/compile#0.06#0.06#0.13
build	Compile debug	2026-09-27T15:45:34.0599797Z make[3]: Entering directory '/workdir/openwrt/feeds/packages/net/bind'
build	Compile debug	2026-09-27T15:45:34.2483045Z mkdir -p /workdir/openwrt/staging_dir/target-x86_64_musl/root-x86/stamp
build	Compile debug	2026-09-27T15:45:34.2518708Z SHELL= flock /workdir/openwrt/tmp/.root-copy.flock -c 'cp -fpR /workdir/openwrt/build_dir/target-x86_64_musl/bind-9.20.26/.pkgdir/bind-libs/. /workdir/openwrt/staging_dir/target-x86_64_musl/root-x86/'
build	Compile debug	2026-09-27T15:45:34.2634228Z touch /workdir/openwrt/staging_dir/target-x86_64_musl/root-x86/stamp/.bind-libs_installed
build	Compile debug	2026-09-27T15:45:34.2659247Z echo "bind-libs" >> /workdir/openwrt/staging_dir/target-x86_64_musl/pkginfo/bind.default.install
build	Compile debug	2026-09-27T15:45:34.2687325Z mkdir -p /workdir/openwrt/staging_dir/target-x86_64_musl/root-x86/stamp
build	Compile debug	2026-09-27T15:45:34.2724110Z SHELL= flock /workdir/openwrt/tmp/.root-copy.flock -c 'cp -fpR /workdir/openwrt/build_dir/target-x86_64_musl/bind-9.20.26/.pkgdir/bind-host/. /workdir/openwrt/staging_dir/target-x86_64_musl/root-x86/'
build	Compile debug	2026-09-27T15:45:34.2778577Z touch /workdir/openwrt/staging_dir/target-x86_64_musl/root-x86/stamp/.bind-host_installed
build	Compile debug	2026-09-27T15:45:34.2804570Z echo "bind-host" >> /workdir/openwrt/staging_dir/target-x86_64_musl/pkginfo/bind.default.install
build	Compile debug	2026-09-27T15:45:34.2830881Z make[3]: Leaving directory '/workdir/openwrt/feeds/packages/net/bind'
build	Compile debug	2026-09-27T15:45:34.2839329Z time: package/feeds/packages/bind/compile#0.09#0.13#0.26
build	Compile debug	2026-09-27T15:45:34.3275321Z make[3]: Entering directory '/workdir/openwrt/package/libs/gmp'
build	Compile debug	2026-09-27T15:45:34.5193061Z mkdir -p /workdir/openwrt/staging_dir/target-x86_64_musl/root-x86/stamp
build	Compile debug	2026-09-27T15:45:34.5230245Z echo '10' | cmp -s - /workdir/openwrt/staging_dir/target-x86_64_musl/pkginfo/libgmp.version || { mkdir -p /workdir/openwrt/staging_dir/target-x86_64_musl/pkginfo; echo '10' > /workdir/openwrt/staging_dir/target-x86_64_musl/pkginfo/libgmp.version;  cp /workdir/openwrt/staging_dir/target-x86_64_musl/pkginfo/libgmp.version /workdir/openwrt/staging_dir/target-x86_64_musl/pkginfo/libgmp-any.version;  } 
build	Compile debug	2026-09-27T15:45:34.5260322Z SHELL= flock /workdir/openwrt/tmp/.root-copy.flock -c 'cp -fpR /workdir/openwrt/build_dir/target-x86_64_musl/gmp-6.3.0/.pkgdir/libgmp/. /workdir/openwrt/staging_dir/target-x86_64_musl/root-x86/'
build	Compile debug	2026-09-27T15:45:34.5323263Z touch /workdir/openwrt/staging_dir/target-x86_64_musl/root-x86/stamp/.libgmp_installed
build	Compile debug	2026-09-27T15:45:34.5349243Z echo "libgmp" >> /workdir/openwrt/staging_dir/target-x86_64_musl/pkginfo/gmp.default.install
build	Compile debug	2026-09-27T15:45:34.5378059Z make[3]: Leaving directory '/workdir/openwrt/package/libs/gmp'
build	Compile debug	2026-09-27T15:45:34.5386413Z time: package/libs/gmp/compile#0.09#0.10#0.25
build	Compile debug	2026-09-27T15:45:34.5882976Z make[3]: Entering directory '/workdir/openwrt/feeds/packages/utils/coreutils'
build	Compile debug	2026-09-27T15:45:34.7255973Z mkdir -p /workdir/openwrt/staging_dir/target-x86_64_musl/root-x86/stamp
build	Compile debug	2026-09-27T15:45:34.7291577Z SHELL= flock /workdir/openwrt/tmp/.root-copy.flock -c 'cp -fpR /workdir/openwrt/build_dir/target-x86_64_musl/coreutils-9.11/.pkgdir/coreutils/. /workdir/openwrt/staging_dir/target-x86_64_musl/root-x86/'
build	Compile debug	2026-09-27T15:45:34.7335202Z touch /workdir/openwrt/staging_dir/target-x86_64_musl/root-x86/stamp/.coreutils_installed
build	Compile debug	2026-09-27T15:45:34.7361393Z echo "coreutils" >> /workdir/openwrt/staging_dir/target-x86_64_musl/pkginfo/coreutils.default.install
build	Compile debug	2026-09-27T15:45:34.7389426Z mkdir -p /workdir/openwrt/staging_dir/target-x86_64_musl/root-x86/stamp
build	Compile debug	2026-09-27T15:45:34.7424150Z SHELL= flock /workdir/openwrt/tmp/.root-copy.flock -c 'cp -fpR /workdir/openwrt/build_dir/target-x86_64_musl/coreutils-9.11/.pkgdir/coreutils-base64/. /workdir/openwrt/staging_dir/target-x86_64_musl/root-x86/'
build	Compile debug	2026-09-27T15:45:34.7470844Z touch /workdir/openwrt/staging_dir/target-x86_64_musl/root-x86/stamp/.coreutils-base64_installed
build	Compile debug	2026-09-27T15:45:34.7497056Z echo "coreutils-base64" >> /workdir/openwrt/staging_dir/target-x86_64_musl/pkginfo/coreutils.default.install
build	Compile debug	2026-09-27T15:45:34.7524661Z mkdir -p /workdir/openwrt/staging_dir/target-x86_64_musl/root-x86/stamp
build	Compile debug	2026-09-27T15:45:34.7567944Z SHELL= flock /workdir/openwrt/tmp/.root-copy.flock -c 'cp -fpR /workdir/openwrt/build_dir/target-x86_64_musl/coreutils-9.11/.pkgdir/coreutils-nohup/. /workdir/openwrt/staging_dir/target-x86_64_musl/root-x86/'
build	Compile debug	2026-09-27T15:45:34.7615842Z touch /workdir/openwrt/staging_dir/target-x86_64_musl/root-x86/stamp/.coreutils-nohup_installed
build	Compile debug	2026-09-27T15:45:34.7642045Z echo "coreutils-nohup" >> /workdir/openwrt/staging_dir/target-x86_64_musl/pkginfo/coreutils.default.install
build	Compile debug	2026-09-27T15:45:34.7670143Z mkdir -p /workdir/openwrt/staging_dir/target-x86_64_musl/root-x86/stamp
build	Compile debug	2026-09-27T15:45:34.7708568Z SHELL= flock /workdir/openwrt/tmp/.root-copy.flock -c 'cp -fpR /workdir/openwrt/build_dir/target-x86_64_musl/coreutils-9.11/.pkgdir/coreutils-timeout/. /workdir/openwrt/staging_dir/target-x86_64_musl/root-x86/'
build	Compile debug	2026-09-27T15:45:34.7764633Z touch /workdir/openwrt/staging_dir/target-x86_64_musl/root-x86/stamp/.coreutils-timeout_installed
build	Compile debug	2026-09-27T15:45:34.7791199Z echo "coreutils-timeout" >> /workdir/openwrt/staging_dir/target-x86_64_musl/pkginfo/coreutils.default.install
build	Compile debug	2026-09-27T15:45:34.7819771Z make[3]: Leaving directory '/workdir/openwrt/feeds/packages/utils/coreutils'
build	Compile debug	2026-09-27T15:45:34.7828207Z time: package/feeds/packages/coreutils/compile#0.08#0.12#0.23
build	Compile debug	2026-09-27T15:45:34.8249806Z make[3]: Entering directory '/workdir/openwrt/feeds/packages/utils/dosfstools'
build	Compile debug	2026-09-27T15:45:34.8904452Z mkdir -p /workdir/openwrt/staging_dir/target-x86_64_musl/root-x86/stamp
build	Compile debug	2026-09-27T15:45:34.8940045Z SHELL= flock /workdir/openwrt/tmp/.root-copy.flock -c 'cp -fpR /workdir/openwrt/build_dir/target-x86_64_musl/dosfstools-4.2/.pkgdir/dosfstools/. /workdir/openwrt/staging_dir/target-x86_64_musl/root-x86/'
build	Compile debug	2026-09-27T15:45:34.8997547Z touch /workdir/openwrt/staging_dir/target-x86_64_musl/root-x86/stamp/.dosfstools_installed
build	Compile debug	2026-09-27T15:45:34.9023275Z echo "dosfstools" >> /workdir/openwrt/staging_dir/target-x86_64_musl/pkginfo/dosfstools.default.install
build	Compile debug	2026-09-27T15:45:34.9050653Z make[3]: Leaving directory '/workdir/openwrt/feeds/packages/utils/dosfstools'
build	Compile debug	2026-09-27T15:45:34.9058722Z time: package/feeds/packages/dosfstools/compile#0.05#0.06#0.11
build	Compile debug	2026-09-27T15:45:34.9497829Z make[3]: Entering directory '/workdir/openwrt/feeds/packages/libs/expat'
build	Compile debug	2026-09-27T15:45:35.0167128Z mkdir -p /workdir/openwrt/staging_dir/target-x86_64_musl/root-x86/stamp
build	Compile debug	2026-09-27T15:45:35.0207582Z SHELL= flock /workdir/openwrt/tmp/.root-copy.flock -c 'cp -fpR /workdir/openwrt/build_dir/target-x86_64_musl/expat-2.8.2/.pkgdir/libexpat/. /workdir/openwrt/staging_dir/target-x86_64_musl/root-x86/'
build	Compile debug	2026-09-27T15:45:35.0264558Z touch /workdir/openwrt/staging_dir/target-x86_64_musl/root-x86/stamp/.libexpat_installed
build	Compile debug	2026-09-27T15:45:35.0290969Z echo "libexpat" >> /workdir/openwrt/staging_dir/target-x86_64_musl/pkginfo/expat.default.install
build	Compile debug	2026-09-27T15:45:35.0319187Z make[3]: Leaving directory '/workdir/openwrt/feeds/packages/libs/expat'
build	Compile debug	2026-09-27T15:45:35.0327675Z time: package/feeds/packages/expat/compile#0.06#0.05#0.12
build	Compile debug	2026-09-27T15:45:35.0455342Z make[3]: Entering directory '/workdir/openwrt/feeds/packages/utils/fuse3'
build	Compile debug	2026-09-27T15:45:35.1636143Z mkdir -p /workdir/openwrt/staging_dir/target-x86_64_musl/root-x86/stamp
build	Compile debug	2026-09-27T15:45:35.1675915Z echo '3' | cmp -s - /workdir/openwrt/staging_dir/target-x86_64_musl/pkginfo/libfuse3.version || { mkdir -p /workdir/openwrt/staging_dir/target-x86_64_musl/pkginfo; echo '3' > /workdir/openwrt/staging_dir/target-x86_64_musl/pkginfo/libfuse3.version;  cp /workdir/openwrt/staging_dir/target-x86_64_musl/pkginfo/libfuse3.version /workdir/openwrt/staging_dir/target-x86_64_musl/pkginfo/libfuse3-any.version;  } 
build	Compile debug	2026-09-27T15:45:35.1707606Z SHELL= flock /workdir/openwrt/tmp/.root-copy.flock -c 'cp -fpR /workdir/openwrt/build_dir/target-x86_64_musl/fuse-3.18.2/.pkgdir/libfuse3/. /workdir/openwrt/staging_dir/target-x86_64_musl/root-x86/'
build	Compile debug	2026-09-27T15:45:35.1770314Z touch /workdir/openwrt/staging_dir/target-x86_64_musl/root-x86/stamp/.libfuse3_installed
build	Compile debug	2026-09-27T15:45:35.1795768Z echo "libfuse3" >> /workdir/openwrt/staging_dir/target-x86_64_musl/pkginfo/fuse3.default.install
build	Compile debug	2026-09-27T15:45:35.1824405Z mkdir -p /workdir/openwrt/staging_dir/target-x86_64_musl/root-x86/stamp
build	Compile debug	2026-09-27T15:45:35.1859992Z SHELL= flock /workdir/openwrt/tmp/.root-copy.flock -c 'cp -fpR /workdir/openwrt/build_dir/target-x86_64_musl/fuse-3.18.2/.pkgdir/fuse3-utils/. /workdir/openwrt/staging_dir/target-x86_64_musl/root-x86/'
build	Compile debug	2026-09-27T15:45:35.1912570Z touch /workdir/openwrt/staging_dir/target-x86_64_musl/root-x86/stamp/.fuse3-utils_installed
build	Compile debug	2026-09-27T15:45:35.1938452Z echo "fuse3-utils" >> /workdir/openwrt/staging_dir/target-x86_64_musl/pkginfo/fuse3.default.install
build	Compile debug	2026-09-27T15:45:35.1965839Z make[3]: Leaving directory '/workdir/openwrt/feeds/packages/utils/fuse3'
build	Compile debug	2026-09-27T15:45:35.1974323Z time: package/feeds/packages/fuse3/compile#0.07#0.08#0.15
build	Compile debug	2026-09-27T15:45:35.2402266Z make[3]: Entering directory '/workdir/openwrt/feeds/packages/utils/gawk'
build	Compile debug	2026-09-27T15:45:35.3408655Z mkdir -p /workdir/openwrt/staging_dir/target-x86_64_musl/root-x86/stamp
build	Compile debug	2026-09-27T15:45:35.3444415Z SHELL= flock /workdir/openwrt/tmp/.root-copy.flock -c 'cp -fpR /workdir/openwrt/build_dir/target-x86_64_musl/gawk-5.4.1/.pkgdir/gawk/. /workdir/openwrt/staging_dir/target-x86_64_musl/root-x86/'
build	Compile debug	2026-09-27T15:45:35.3588193Z touch /workdir/openwrt/staging_dir/target-x86_64_musl/root-x86/stamp/.gawk_installed
build	Compile debug	2026-09-27T15:45:35.3615339Z echo "gawk" >> /workdir/openwrt/staging_dir/target-x86_64_musl/pkginfo/gawk.default.install
build	Compile debug	2026-09-27T15:45:35.3644085Z make[3]: Leaving directory '/workdir/openwrt/feeds/packages/utils/gawk'
build	Compile debug	2026-09-27T15:45:35.3653353Z time: package/feeds/packages/gawk/compile#0.06#0.08#0.16
build	Compile debug	2026-09-27T15:45:35.4082026Z make[3]: Entering directory '/workdir/openwrt/feeds/packages/lang/lua/lua5.4'
build	Compile debug	2026-09-27T15:45:35.4738574Z mkdir -p /workdir/openwrt/staging_dir/target-x86_64_musl/root-x86/stamp
build	Compile debug	2026-09-27T15:45:35.4774389Z echo '5.4' | cmp -s - /workdir/openwrt/staging_dir/target-x86_64_musl/pkginfo/liblua5.4.version || { mkdir -p /workdir/openwrt/staging_dir/target-x86_64_musl/pkginfo; echo '5.4' > /workdir/openwrt/staging_dir/target-x86_64_musl/pkginfo/liblua5.4.version;  cp /workdir/openwrt/staging_dir/target-x86_64_musl/pkginfo/liblua5.4.version /workdir/openwrt/staging_dir/target-x86_64_musl/pkginfo/liblua5.4-any.version;  } 
build	Compile debug	2026-09-27T15:45:35.4804980Z SHELL= flock /workdir/openwrt/tmp/.root-copy.flock -c 'cp -fpR /workdir/openwrt/build_dir/target-x86_64_musl/lua-5.4.7/.pkgdir/liblua5.4/. /workdir/openwrt/staging_dir/target-x86_64_musl/root-x86/'
build	Compile debug	2026-09-27T15:45:35.4872447Z touch /workdir/openwrt/staging_dir/target-x86_64_musl/root-x86/stamp/.liblua5.4_installed
build	Compile debug	2026-09-27T15:45:35.4898613Z echo "liblua5.4" >> /workdir/openwrt/staging_dir/target-x86_64_musl/pkginfo/lua5.4.default.install
build	Compile debug	2026-09-27T15:45:35.4927341Z make[3]: Leaving directory '/workdir/openwrt/feeds/packages/lang/lua/lua5.4'
build	Compile debug	2026-09-27T15:45:35.4935792Z time: package/feeds/packages/lua5.4/compile#0.06#0.05#0.12
build	Compile debug	2026-09-27T15:45:35.5370621Z make[3]: Entering directory '/workdir/openwrt/package/libs/libtool'
build	Compile debug	2026-09-27T15:45:35.6044435Z mkdir -p /workdir/openwrt/staging_dir/target-x86_64_musl/root-x86/stamp
build	Compile debug	2026-09-27T15:45:35.6082590Z echo '7' | cmp -s - /workdir/openwrt/staging_dir/target-x86_64_musl/pkginfo/libltdl.version || { mkdir -p /workdir/openwrt/staging_dir/target-x86_64_musl/pkginfo; echo '7' > /workdir/openwrt/staging_dir/target-x86_64_musl/pkginfo/libltdl.version;  cp /workdir/openwrt/staging_dir/target-x86_64_musl/pkginfo/libltdl.version /workdir/openwrt/staging_dir/target-x86_64_musl/pkginfo/libltdl-any.version;  } 
build	Compile debug	2026-09-27T15:45:35.6113169Z SHELL= flock /workdir/openwrt/tmp/.root-copy.flock -c 'cp -fpR /workdir/openwrt/build_dir/target-x86_64_musl/libtool-2.5.4/.pkgdir/libltdl/. /workdir/openwrt/staging_dir/target-x86_64_musl/root-x86/'
build	Compile debug	2026-09-27T15:45:35.6167235Z touch /workdir/openwrt/staging_dir/target-x86_64_musl/root-x86/stamp/.libltdl_installed
build	Compile debug	2026-09-27T15:45:35.6192874Z echo "libltdl" >> /workdir/openwrt/staging_dir/target-x86_64_musl/pkginfo/libtool.default.install
build	Compile debug	2026-09-27T15:45:35.6220276Z make[3]: Leaving directory '/workdir/openwrt/package/libs/libtool'
build	Compile debug	2026-09-27T15:45:35.6228775Z time: package/libs/libtool/compile#0.06#0.05#0.12
build	Compile debug	2026-09-27T15:45:35.6652609Z make[3]: Entering directory '/workdir/openwrt/feeds/packages/net/haproxy'
build	Compile debug	2026-09-27T15:45:35.7692886Z mkdir -p /workdir/openwrt/staging_dir/target-x86_64_musl/root-x86/stamp
build	Compile debug	2026-09-27T15:45:35.7728742Z SHELL= flock /workdir/openwrt/tmp/.root-copy.flock -c 'cp -fpR /workdir/openwrt/build_dir/target-x86_64_musl/haproxy-ssl/haproxy-3.4.2/.pkgdir/haproxy/. /workdir/openwrt/staging_dir/target-x86_64_musl/root-x86/'
build	Compile debug	2026-09-27T15:45:35.8320053Z touch /workdir/openwrt/staging_dir/target-x86_64_musl/root-x86/stamp/.haproxy_installed
build	Compile debug	2026-09-27T15:45:35.8350150Z echo "haproxy" >> /workdir/openwrt/staging_dir/target-x86_64_musl/pkginfo/haproxy.ssl.install
build	Compile debug	2026-09-27T15:45:35.8378051Z make[3]: Leaving directory '/workdir/openwrt/feeds/packages/net/haproxy'
build	Compile debug	2026-09-27T15:45:35.8388251Z time: package/feeds/packages/haproxy/ssl/compile#0.08#0.09#0.21
build	Compile debug	2026-09-27T15:45:35.8950560Z make[3]: Entering directory '/workdir/openwrt/package/libs/sysfsutils'
build	Compile debug	2026-09-27T15:45:35.9647401Z mkdir -p /workdir/openwrt/staging_dir/target-x86_64_musl/root-x86/stamp
build	Compile debug	2026-09-27T15:45:35.9685345Z echo '2' | cmp -s - /workdir/openwrt/staging_dir/target-x86_64_musl/pkginfo/libsysfs.version || { mkdir -p /workdir/openwrt/staging_dir/target-x86_64_musl/pkginfo; echo '2' > /workdir/openwrt/staging_dir/target-x86_64_musl/pkginfo/libsysfs.version;  cp /workdir/openwrt/staging_dir/target-x86_64_musl/pkginfo/libsysfs.version /workdir/openwrt/staging_dir/target-x86_64_musl/pkginfo/libsysfs-any.version;  } 
build	Compile debug	2026-09-27T15:45:35.9716102Z SHELL= flock /workdir/openwrt/tmp/.root-copy.flock -c 'cp -fpR /workdir/openwrt/build_dir/target-x86_64_musl/sysfsutils-2.1.0/.pkgdir/libsysfs/. /workdir/openwrt/staging_dir/target-x86_64_musl/root-x86/'
build	Compile debug	2026-09-27T15:45:35.9770375Z touch /workdir/openwrt/staging_dir/target-x86_64_musl/root-x86/stamp/.libsysfs_installed
build	Compile debug	2026-09-27T15:45:35.9796955Z echo "libsysfs" >> /workdir/openwrt/staging_dir/target-x86_64_musl/pkginfo/sysfsutils.default.install
build	Compile debug	2026-09-27T15:45:35.9825296Z mkdir -p /workdir/openwrt/staging_dir/target-x86_64_musl/root-x86/stamp
build	Compile debug	2026-09-27T15:45:35.9860500Z SHELL= flock /workdir/openwrt/tmp/.root-copy.flock -c 'cp -fpR /workdir/openwrt/build_dir/target-x86_64_musl/sysfsutils-2.1.0/.pkgdir/sysfsutils/. /workdir/openwrt/staging_dir/target-x86_64_musl/root-x86/'
build	Compile debug	2026-09-27T15:45:35.9920001Z touch /workdir/openwrt/staging_dir/target-x86_64_musl/root-x86/stamp/.sysfsutils_installed
build	Compile debug	2026-09-27T15:45:35.9946729Z echo "sysfsutils" >> /workdir/openwrt/staging_dir/target-x86_64_musl/pkginfo/sysfsutils.default.install
build	Compile debug	2026-09-27T15:45:35.9974673Z make[3]: Leaving directory '/workdir/openwrt/package/libs/sysfsutils'
build	Compile debug	2026-09-27T15:45:35.9984234Z time: package/libs/sysfsutils/compile#0.07#0.07#0.15
build	Compile debug	2026-09-27T15:45:36.0405601Z make[3]: Entering directory '/workdir/openwrt/feeds/packages/utils/lm-sensors'
build	Compile debug	2026-09-27T15:45:36.1094095Z mkdir -p /workdir/openwrt/staging_dir/target-x86_64_musl/root-x86/stamp
build	Compile debug	2026-09-27T15:45:36.1131129Z echo '5' | cmp -s - /workdir/openwrt/staging_dir/target-x86_64_musl/pkginfo/libsensors.version || { mkdir -p /workdir/openwrt/staging_dir/target-x86_64_musl/pkginfo; echo '5' > /workdir/openwrt/staging_dir/target-x86_64_musl/pkginfo/libsensors.version;  cp /workdir/openwrt/staging_dir/target-x86_64_musl/pkginfo/libsensors.version /workdir/openwrt/staging_dir/target-x86_64_musl/pkginfo/libsensors-any.version;  } 
build	Compile debug	2026-09-27T15:45:36.1162312Z SHELL= flock /workdir/openwrt/tmp/.root-copy.flock -c 'cp -fpR /workdir/openwrt/build_dir/target-x86_64_musl/lm-sensors-3-6-2/.pkgdir/libsensors/. /workdir/openwrt/staging_dir/target-x86_64_musl/root-x86/'
build	Compile debug	2026-09-27T15:45:36.1217954Z touch /workdir/openwrt/staging_dir/target-x86_64_musl/root-x86/stamp/.libsensors_installed
build	Compile debug	2026-09-27T15:45:36.1244103Z echo "libsensors" >> /workdir/openwrt/staging_dir/target-x86_64_musl/pkginfo/lm-sensors.default.install
build	Compile debug	2026-09-27T15:45:36.1272072Z make[3]: Leaving directory '/workdir/openwrt/feeds/packages/utils/lm-sensors'
build	Compile debug	2026-09-27T15:45:36.1280262Z time: package/feeds/packages/lm-sensors/compile#0.06#0.05#0.12
build	Compile debug	2026-09-27T15:45:36.1702486Z make[3]: Entering directory '/workdir/openwrt/feeds/packages/admin/htop'
build	Compile debug	2026-09-27T15:45:36.2412901Z mkdir -p /workdir/openwrt/staging_dir/target-x86_64_musl/root-x86/stamp
build	Compile debug	2026-09-27T15:45:36.2448510Z SHELL= flock /workdir/openwrt/tmp/.root-copy.flock -c 'cp -fpR /workdir/openwrt/build_dir/target-x86_64_musl/htop-3.5.1/.pkgdir/htop/. /workdir/openwrt/staging_dir/target-x86_64_musl/root-x86/'
build	Compile debug	2026-09-27T15:45:36.2506210Z touch /workdir/openwrt/staging_dir/target-x86_64_musl/root-x86/stamp/.htop_installed
build	Compile debug	2026-09-27T15:45:36.2532069Z echo "htop" >> /workdir/openwrt/staging_dir/target-x86_64_musl/pkginfo/htop.default.install
build	Compile debug	2026-09-27T15:45:36.2559553Z make[3]: Leaving directory '/workdir/openwrt/feeds/packages/admin/htop'
build	Compile debug	2026-09-27T15:45:36.2568317Z time: package/feeds/packages/htop/compile#0.06#0.05#0.12
build	Compile debug	2026-09-27T15:45:36.2991824Z make[3]: Entering directory '/workdir/openwrt/feeds/packages/libs/inih'
build	Compile debug	2026-09-27T15:45:36.3648580Z mkdir -p /workdir/openwrt/staging_dir/target-x86_64_musl/root-x86/stamp
build	Compile debug	2026-09-27T15:45:36.3682833Z SHELL= flock /workdir/openwrt/tmp/.root-copy.flock -c 'cp -fpR /workdir/openwrt/build_dir/target-x86_64_musl/inih-62/.pkgdir/libinih/. /workdir/openwrt/staging_dir/target-x86_64_musl/root-x86/'
build	Compile debug	2026-09-27T15:45:36.3732605Z touch /workdir/openwrt/staging_dir/target-x86_64_musl/root-x86/stamp/.libinih_installed
build	Compile debug	2026-09-27T15:45:36.3757684Z echo "libinih" >> /workdir/openwrt/staging_dir/target-x86_64_musl/pkginfo/inih.default.install
build	Compile debug	2026-09-27T15:45:36.3784518Z make[3]: Leaving directory '/workdir/openwrt/feeds/packages/libs/inih'
build	Compile debug	2026-09-27T15:45:36.3792665Z time: package/feeds/packages/inih/compile#0.06#0.05#0.11
build	Compile debug	2026-09-27T15:45:36.4196903Z make[3]: Entering directory '/workdir/openwrt/feeds/packages/net/iputils'
build	Compile debug	2026-09-27T15:45:36.4852145Z mkdir -p /workdir/openwrt/staging_dir/target-x86_64_musl/root-x86/stamp
build	Compile debug	2026-09-27T15:45:36.4888721Z SHELL= flock /workdir/openwrt/tmp/.root-copy.flock -c 'cp -fpR /workdir/openwrt/build_dir/target-x86_64_musl/iputils-20250605/.pkgdir/iputils-arping/. /workdir/openwrt/staging_dir/target-x86_64_musl/root-x86/'
build	Compile debug	2026-09-27T15:45:36.4939334Z touch /workdir/openwrt/staging_dir/target-x86_64_musl/root-x86/stamp/.iputils-arping_installed
build	Compile debug	2026-09-27T15:45:36.4964883Z echo "iputils-arping" >> /workdir/openwrt/staging_dir/target-x86_64_musl/pkginfo/iputils.default.install
build	Compile debug	2026-09-27T15:45:36.4991119Z make[3]: Leaving directory '/workdir/openwrt/feeds/packages/net/iputils'
build	Compile debug	2026-09-27T15:45:36.4998949Z time: package/feeds/packages/iputils/compile#0.06#0.05#0.11
build	Compile debug	2026-09-27T15:45:36.5458954Z make[3]: Entering directory '/workdir/openwrt/feeds/packages/libs/oniguruma'
build	Compile debug	2026-09-27T15:45:36.6137480Z make[3]: Leaving directory '/workdir/openwrt/feeds/packages/libs/oniguruma'
build	Compile debug	2026-09-27T15:45:36.6145281Z time: package/feeds/packages/oniguruma/compile#0.05#0.04#0.11
build	Compile debug	2026-09-27T15:45:36.6555092Z make[3]: Entering directory '/workdir/openwrt/feeds/packages/utils/jq'
build	Compile debug	2026-09-27T15:45:36.7637857Z mkdir -p /workdir/openwrt/staging_dir/target-x86_64_musl/root-x86/stamp
build	Compile debug	2026-09-27T15:45:36.7673911Z SHELL= flock /workdir/openwrt/tmp/.root-copy.flock -c 'cp -fpR /workdir/openwrt/build_dir/target-x86_64_musl/jq-noregex/jq-1.8.2/.pkgdir/jq/. /workdir/openwrt/staging_dir/target-x86_64_musl/root-x86/'
build	Compile debug	2026-09-27T15:45:36.7740521Z touch /workdir/openwrt/staging_dir/target-x86_64_musl/root-x86/stamp/.jq_installed
build	Compile debug	2026-09-27T15:45:36.7766710Z echo "jq" >> /workdir/openwrt/staging_dir/target-x86_64_musl/pkginfo/jq.noregex.install
build	Compile debug	2026-09-27T15:45:36.7795003Z make[3]: Leaving directory '/workdir/openwrt/feeds/packages/utils/jq'
build	Compile debug	2026-09-27T15:45:36.7803832Z time: package/feeds/packages/jq/noregex/compile#0.07#0.08#0.16
build	Compile debug	2026-09-27T15:45:36.8215855Z make[3]: Entering directory '/workdir/openwrt/feeds/packages/utils/xz'
build	Compile debug	2026-09-27T15:45:36.9018768Z mkdir -p /workdir/openwrt/staging_dir/target-x86_64_musl/root-x86/stamp
build	Compile debug	2026-09-27T15:45:36.9055328Z SHELL= flock /workdir/openwrt/tmp/.root-copy.flock -c 'cp -fpR /workdir/openwrt/build_dir/target-x86_64_musl/xz-5.8.3/.pkgdir/liblzma/. /workdir/openwrt/staging_dir/target-x86_64_musl/root-x86/'
build	Compile debug	2026-09-27T15:45:36.9102994Z touch /workdir/openwrt/staging_dir/target-x86_64_musl/root-x86/stamp/.liblzma_installed
build	Compile debug	2026-09-27T15:45:36.9127569Z echo "liblzma" >> /workdir/openwrt/staging_dir/target-x86_64_musl/pkginfo/xz.default.install
build	Compile debug	2026-09-27T15:45:36.9154831Z make[3]: Leaving directory '/workdir/openwrt/feeds/packages/utils/xz'
build	Compile debug	2026-09-27T15:45:36.9163168Z time: package/feeds/packages/xz/compile#0.05#0.06#0.13
build	Compile debug	2026-09-27T15:45:36.9587130Z make[3]: Entering directory '/workdir/openwrt/package/utils/bzip2'
build	Compile debug	2026-09-27T15:45:37.0571997Z mkdir -p /workdir/openwrt/staging_dir/target-x86_64_musl/root-x86/stamp
build	Compile debug	2026-09-27T15:45:37.0609728Z echo '1.0' | cmp -s - /workdir/openwrt/staging_dir/target-x86_64_musl/pkginfo/libbz2.version || { mkdir -p /workdir/openwrt/staging_dir/target-x86_64_musl/pkginfo; echo '1.0' > /workdir/openwrt/staging_dir/target-x86_64_musl/pkginfo/libbz2.version;  cp /workdir/openwrt/staging_dir/target-x86_64_musl/pkginfo/libbz2.version /workdir/openwrt/staging_dir/target-x86_64_musl/pkginfo/libbz2-any.version;  } 
build	Compile debug	2026-09-27T15:45:37.0639560Z SHELL= flock /workdir/openwrt/tmp/.root-copy.flock -c 'cp -fpR /workdir/openwrt/build_dir/target-x86_64_musl/bzip2-1.0.8/.pkgdir/libbz2/. /workdir/openwrt/staging_dir/target-x86_64_musl/root-x86/'
build	Compile debug	2026-09-27T15:45:37.0694280Z touch /workdir/openwrt/staging_dir/target-x86_64_musl/root-x86/stamp/.libbz2_installed
build	Compile debug	2026-09-27T15:45:37.0719845Z echo "libbz2" >> /workdir/openwrt/staging_dir/target-x86_64_musl/pkginfo/bzip2.default.install
build	Compile debug	2026-09-27T15:45:37.0747266Z make[3]: Leaving directory '/workdir/openwrt/package/utils/bzip2'
build	Compile debug	2026-09-27T15:45:37.0756090Z time: package/utils/bzip2/compile#0.07#0.08#0.15
build	Compile debug	2026-09-27T15:45:37.1179591Z make[3]: Entering directory '/workdir/openwrt/feeds/packages/libs/libarchive'
build	Compile debug	2026-09-27T15:45:37.2180695Z mkdir -p /workdir/openwrt/staging_dir/target-x86_64_musl/root-x86/stamp
build	Compile debug	2026-09-27T15:45:37.2216989Z SHELL= flock /workdir/openwrt/tmp/.root-copy.flock -c 'cp -fpR /workdir/openwrt/build_dir/target-x86_64_musl/libarchive-noopenssl/libarchive-3.8.1/.pkgdir/libarchive/. /workdir/openwrt/staging_dir/target-x86_64_musl/root-x86/'
build	Compile debug	2026-09-27T15:45:37.2280680Z touch /workdir/openwrt/staging_dir/target-x86_64_musl/root-x86/stamp/.libarchive_installed
build	Compile debug	2026-09-27T15:45:37.2307159Z echo "libarchive" >> /workdir/openwrt/staging_dir/target-x86_64_musl/pkginfo/libarchive.noopenssl.install
build	Compile debug	2026-09-27T15:45:37.2335981Z mkdir -p /workdir/openwrt/staging_dir/target-x86_64_musl/root-x86/stamp
build	Compile debug	2026-09-27T15:45:37.2371891Z SHELL= flock /workdir/openwrt/tmp/.root-copy.flock -c 'cp -fpR /workdir/openwrt/build_dir/target-x86_64_musl/libarchive-noopenssl/libarchive-3.8.1/.pkgdir/bsdtar/. /workdir/openwrt/staging_dir/target-x86_64_musl/root-x86/'
build	Compile debug	2026-09-27T15:45:37.2427256Z touch /workdir/openwrt/staging_dir/target-x86_64_musl/root-x86/stamp/.bsdtar_installed
build	Compile debug	2026-09-27T15:45:37.2454063Z echo "bsdtar" >> /workdir/openwrt/staging_dir/target-x86_64_musl/pkginfo/libarchive.noopenssl.install
build	Compile debug	2026-09-27T15:45:37.2480372Z make[3]: Leaving directory '/workdir/openwrt/feeds/packages/libs/libarchive'
build	Compile debug	2026-09-27T15:45:37.2489203Z time: package/feeds/packages/libarchive/noopenssl/compile#0.07#0.08#0.16
build	Compile debug	2026-09-27T15:45:37.2901043Z make[3]: Entering directory '/workdir/openwrt/feeds/packages/libs/libev'
build	Compile debug	2026-09-27T15:45:37.3524453Z mkdir -p /workdir/openwrt/staging_dir/target-x86_64_musl/root-x86/stamp
build	Compile debug	2026-09-27T15:45:37.3560493Z SHELL= flock /workdir/openwrt/tmp/.root-copy.flock -c 'cp -fpR /workdir/openwrt/build_dir/target-x86_64_musl/libev-4.33/.pkgdir/libev/. /workdir/openwrt/staging_dir/target-x86_64_musl/root-x86/'
build	Compile debug	2026-09-27T15:45:37.3614790Z touch /workdir/openwrt/staging_dir/target-x86_64_musl/root-x86/stamp/.libev_installed
build	Compile debug	2026-09-27T15:45:37.3640300Z echo "libev" >> /workdir/openwrt/staging_dir/target-x86_64_musl/pkginfo/libev.default.install
build	Compile debug	2026-09-27T15:45:37.3668896Z make[3]: Leaving directory '/workdir/openwrt/feeds/packages/libs/libev'
build	Compile debug	2026-09-27T15:45:37.3677818Z time: package/feeds/packages/libev/compile#0.05#0.05#0.11
build	Compile debug	2026-09-27T15:45:37.4097698Z make[3]: Entering directory '/workdir/openwrt/feeds/packages/libs/libsodium'
build	Compile debug	2026-09-27T15:45:37.5013592Z mkdir -p /workdir/openwrt/staging_dir/target-x86_64_musl/root-x86/stamp
build	Compile debug	2026-09-27T15:45:37.5050834Z SHELL= flock /workdir/openwrt/tmp/.root-copy.flock -c 'cp -fpR /workdir/openwrt/build_dir/target-x86_64_musl/libsodium-1.0.20/.pkgdir/libsodium/. /workdir/openwrt/staging_dir/target-x86_64_musl/root-x86/'
build	Compile debug	2026-09-27T15:45:37.5109052Z touch /workdir/openwrt/staging_dir/target-x86_64_musl/root-x86/stamp/.libsodium_installed
build	Compile debug	2026-09-27T15:45:37.5134589Z echo "libsodium" >> /workdir/openwrt/staging_dir/target-x86_64_musl/pkginfo/libsodium.default.install
build	Compile debug	2026-09-27T15:45:37.5162786Z make[3]: Leaving directory '/workdir/openwrt/feeds/packages/libs/libsodium'
build	Compile debug	2026-09-27T15:45:37.5171027Z time: package/feeds/packages/libsodium/compile#0.06#0.06#0.14
build	Compile debug	2026-09-27T15:45:37.5297287Z make[3]: Entering directory '/workdir/openwrt/feeds/packages/utils/lsof'
build	Compile debug	2026-09-27T15:45:37.6412629Z mkdir -p /workdir/openwrt/staging_dir/target-x86_64_musl/root-x86/stamp
build	Compile debug	2026-09-27T15:45:37.6450420Z SHELL= flock /workdir/openwrt/tmp/.root-copy.flock -c 'cp -fpR /workdir/openwrt/build_dir/target-x86_64_musl/lsof-4.99.7/.pkgdir/lsof/. /workdir/openwrt/staging_dir/target-x86_64_musl/root-x86/'
build	Compile debug	2026-09-27T15:45:37.6502314Z touch /workdir/openwrt/staging_dir/target-x86_64_musl/root-x86/stamp/.lsof_installed
build	Compile debug	2026-09-27T15:45:37.6527648Z echo "lsof" >> /workdir/openwrt/staging_dir/target-x86_64_musl/pkginfo/lsof.default.install
build	Compile debug	2026-09-27T15:45:37.6555906Z make[3]: Leaving directory '/workdir/openwrt/feeds/packages/utils/lsof'
build	Compile debug	2026-09-27T15:45:37.6564657Z time: package/feeds/packages/lsof/compile#0.07#0.06#0.13
build	Compile debug	2026-09-27T15:45:37.6988536Z make[3]: Entering directory '/workdir/openwrt/feeds/packages/lang/lua/luarocks'
build	Compile debug	2026-09-27T15:45:37.7621024Z make[3]: Leaving directory '/workdir/openwrt/feeds/packages/lang/lua/luarocks'
build	Compile debug	2026-09-27T15:45:37.7628377Z time: package/feeds/packages/luarocks/host-compile#0.05#0.03#0.10
build	Compile debug	2026-09-27T15:45:37.8073381Z make[3]: Entering directory '/workdir/openwrt/feeds/packages/libs/yaml'
build	Compile debug	2026-09-27T15:45:37.9086029Z mkdir -p /workdir/openwrt/staging_dir/target-x86_64_musl/root-x86/stamp
build	Compile debug	2026-09-27T15:45:37.9120624Z SHELL= flock /workdir/openwrt/tmp/.root-copy.flock -c 'cp -fpR /workdir/openwrt/build_dir/target-x86_64_musl/yaml-0.2.5/.pkgdir/libyaml/. /workdir/openwrt/staging_dir/target-x86_64_musl/root-x86/'
build	Compile debug	2026-09-27T15:45:37.9179506Z touch /workdir/openwrt/staging_dir/target-x86_64_musl/root-x86/stamp/.libyaml_installed
build	Compile debug	2026-09-27T15:45:37.9204656Z echo "libyaml" >> /workdir/openwrt/staging_dir/target-x86_64_musl/pkginfo/yaml.default.install
build	Compile debug	2026-09-27T15:45:37.9232703Z make[3]: Leaving directory '/workdir/openwrt/feeds/packages/libs/yaml'
build	Compile debug	2026-09-27T15:45:37.9240820Z time: package/feeds/packages/yaml/compile#0.08#0.06#0.15
build	Compile debug	2026-09-27T15:45:37.9657186Z make[3]: Entering directory '/workdir/openwrt/feeds/packages/lang/lua/lyaml'
build	Compile debug	2026-09-27T15:45:38.0277335Z mkdir -p /workdir/openwrt/staging_dir/target-x86_64_musl/root-x86/stamp
build	Compile debug	2026-09-27T15:45:38.0312887Z SHELL= flock /workdir/openwrt/tmp/.root-copy.flock -c 'cp -fpR /workdir/openwrt/build_dir/target-x86_64_musl/lyaml-6.2.7/.pkgdir/lyaml/. /workdir/openwrt/staging_dir/target-x86_64_musl/root-x86/'
build	Compile debug	2026-09-27T15:45:38.0377818Z touch /workdir/openwrt/staging_dir/target-x86_64_musl/root-x86/stamp/.lyaml_installed
build	Compile debug	2026-09-27T15:45:38.0403331Z echo "lyaml" >> /workdir/openwrt/staging_dir/target-x86_64_musl/pkginfo/lyaml.default.install
build	Compile debug	2026-09-27T15:45:38.0431495Z make[3]: Leaving directory '/workdir/openwrt/feeds/packages/lang/lua/lyaml'
build	Compile debug	2026-09-27T15:45:38.0439802Z time: package/feeds/packages/lyaml/compile#0.05#0.05#0.11
build	Compile debug	2026-09-27T15:45:38.0885774Z make[3]: Entering directory '/workdir/openwrt/feeds/packages/utils/parted'
build	Compile debug	2026-09-27T15:45:38.1875389Z mkdir -p /workdir/openwrt/staging_dir/target-x86_64_musl/root-x86/stamp
build	Compile debug	2026-09-27T15:45:38.1911143Z SHELL= flock /workdir/openwrt/tmp/.root-copy.flock -c 'cp -fpR /workdir/openwrt/build_dir/target-x86_64_musl/parted-3.6/.pkgdir/libparted/. /workdir/openwrt/staging_dir/target-x86_64_musl/root-x86/'
build	Compile debug	2026-09-27T15:45:38.1976957Z touch /workdir/openwrt/staging_dir/target-x86_64_musl/root-x86/stamp/.libparted_installed
build	Compile debug	2026-09-27T15:45:38.2002965Z echo "libparted" >> /workdir/openwrt/staging_dir/target-x86_64_musl/pkginfo/parted.default.install
build	Compile debug	2026-09-27T15:45:38.2031103Z mkdir -p /workdir/openwrt/staging_dir/target-x86_64_musl/root-x86/stamp
build	Compile debug	2026-09-27T15:45:38.2066489Z SHELL= flock /workdir/openwrt/tmp/.root-copy.flock -c 'cp -fpR /workdir/openwrt/build_dir/target-x86_64_musl/parted-3.6/.pkgdir/parted/. /workdir/openwrt/staging_dir/target-x86_64_musl/root-x86/'
build	Compile debug	2026-09-27T15:45:38.2115899Z touch /workdir/openwrt/staging_dir/target-x86_64_musl/root-x86/stamp/.parted_installed
build	Compile debug	2026-09-27T15:45:38.2142021Z echo "parted" >> /workdir/openwrt/staging_dir/target-x86_64_musl/pkginfo/parted.default.install
build	Compile debug	2026-09-27T15:45:38.2168821Z make[3]: Leaving directory '/workdir/openwrt/feeds/packages/utils/parted'
build	Compile debug	2026-09-27T15:45:38.2177165Z time: package/feeds/packages/parted/compile#0.06#0.09#0.16
build	Compile debug	2026-09-27T15:45:38.2605072Z make[3]: Entering directory '/workdir/openwrt/package/libs/libxml2'
build	Compile debug	2026-09-27T15:45:38.3829177Z mkdir -p /workdir/openwrt/staging_dir/target-x86_64_musl/root-x86/stamp
build	Compile debug	2026-09-27T15:45:38.3866205Z echo '16' | cmp -s - /workdir/openwrt/staging_dir/target-x86_64_musl/pkginfo/libxml2.version || { mkdir -p /workdir/openwrt/staging_dir/target-x86_64_musl/pkginfo; echo '16' > /workdir/openwrt/staging_dir/target-x86_64_musl/pkginfo/libxml2.version;  cp /workdir/openwrt/staging_dir/target-x86_64_musl/pkginfo/libxml2.version /workdir/openwrt/staging_dir/target-x86_64_musl/pkginfo/libxml2-any.version;  } 
build	Compile debug	2026-09-27T15:45:38.3897342Z SHELL= flock /workdir/openwrt/tmp/.root-copy.flock -c 'cp -fpR /workdir/openwrt/build_dir/target-x86_64_musl/libxml2-2.15.3/.pkgdir/libxml2/. /workdir/openwrt/staging_dir/target-x86_64_musl/root-x86/'
build	Compile debug	2026-09-27T15:45:38.3968099Z touch /workdir/openwrt/staging_dir/target-x86_64_musl/root-x86/stamp/.libxml2_installed
build	Compile debug	2026-09-27T15:45:38.3993813Z echo "libxml2" >> /workdir/openwrt/staging_dir/target-x86_64_musl/pkginfo/libxml2.default.install
build	Compile debug	2026-09-27T15:45:38.4020859Z make[3]: Leaving directory '/workdir/openwrt/package/libs/libxml2'
build	Compile debug	2026-09-27T15:45:38.4028920Z time: package/libs/libxml2/compile#0.07#0.09#0.18
build	Compile debug	2026-09-27T15:45:38.4455664Z make[3]: Entering directory '/workdir/openwrt/feeds/packages/libs/db'
build	Compile debug	2026-09-27T15:45:38.8138191Z make[3]: Leaving directory '/workdir/openwrt/feeds/packages/libs/db'
build	Compile debug	2026-09-27T15:45:38.8145641Z time: package/feeds/packages/db/compile#0.22#0.12#0.40
build	Compile debug	2026-09-27T15:45:38.8572749Z make[3]: Entering directory '/workdir/openwrt/feeds/packages/libs/gdbm'
build	Compile debug	2026-09-27T15:45:38.9266760Z make[3]: Leaving directory '/workdir/openwrt/feeds/packages/libs/gdbm'
build	Compile debug	2026-09-27T15:45:38.9273761Z time: package/feeds/packages/gdbm/compile#0.04#0.05#0.10
build	Compile debug	2026-09-27T15:45:38.9686323Z make[3]: Entering directory '/workdir/openwrt/feeds/packages/lang/perl'
build	Compile debug	2026-09-27T15:45:39.4254487Z make[3]: Leaving directory '/workdir/openwrt/feeds/packages/lang/perl'
build	Compile debug	2026-09-27T15:45:39.4262532Z time: package/feeds/packages/perl/host-compile#0.10#0.13#0.49
build	Compile debug	2026-09-27T15:45:39.4684969Z make[3]: Entering directory '/workdir/openwrt/feeds/packages/lang/perl'
build	Compile debug	2026-09-27T15:45:39.6891806Z mkdir -p /workdir/openwrt/staging_dir/target-x86_64_musl/root-x86/stamp
build	Compile debug	2026-09-27T15:45:39.6926614Z SHELL= flock /workdir/openwrt/tmp/.root-copy.flock -c 'cp -fpR /workdir/openwrt/build_dir/target-x86_64_musl/perl/perl-5.40.0/.pkgdir/perl/. /workdir/openwrt/staging_dir/target-x86_64_musl/root-x86/'
build	Compile debug	2026-09-27T15:45:39.6984792Z touch /workdir/openwrt/staging_dir/target-x86_64_musl/root-x86/stamp/.perl_installed
build	Compile debug	2026-09-27T15:45:39.7010224Z echo "perl" >> /workdir/openwrt/staging_dir/target-x86_64_musl/pkginfo/perl.default.install
build	Compile debug	2026-09-27T15:45:39.7040066Z mkdir -p /workdir/openwrt/staging_dir/target-x86_64_musl/root-x86/stamp
build	Compile debug	2026-09-27T15:45:39.7073999Z SHELL= flock /workdir/openwrt/tmp/.root-copy.flock -c 'cp -fpR /workdir/openwrt/build_dir/target-x86_64_musl/perl/perl-5.40.0/.pkgdir/perlbase-base/. /workdir/openwrt/staging_dir/target-x86_64_musl/root-x86/'
build	Compile debug	2026-09-27T15:45:39.7120179Z touch /workdir/openwrt/staging_dir/target-x86_64_musl/root-x86/stamp/.perlbase-base_installed
build	Compile debug	2026-09-27T15:45:39.7145496Z echo "perlbase-base" >> /workdir/openwrt/staging_dir/target-x86_64_musl/pkginfo/perl.default.install
build	Compile debug	2026-09-27T15:45:39.7170858Z mkdir -p /workdir/openwrt/staging_dir/target-x86_64_musl/root-x86/stamp
build	Compile debug	2026-09-27T15:45:39.7203744Z SHELL= flock /workdir/openwrt/tmp/.root-copy.flock -c 'cp -fpR /workdir/openwrt/build_dir/target-x86_64_musl/perl/perl-5.40.0/.pkgdir/perlbase-bytes/. /workdir/openwrt/staging_dir/target-x86_64_musl/root-x86/'
build	Compile debug	2026-09-27T15:45:39.7249032Z touch /workdir/openwrt/staging_dir/target-x86_64_musl/root-x86/stamp/.perlbase-bytes_installed
build	Compile debug	2026-09-27T15:45:39.7274300Z echo "perlbase-bytes" >> /workdir/openwrt/staging_dir/target-x86_64_musl/pkginfo/perl.default.install
build	Compile debug	2026-09-27T15:45:39.7300154Z mkdir -p /workdir/openwrt/staging_dir/target-x86_64_musl/root-x86/stamp
build	Compile debug	2026-09-27T15:45:39.7332894Z SHELL= flock /workdir/openwrt/tmp/.root-copy.flock -c 'cp -fpR /workdir/openwrt/build_dir/target-x86_64_musl/perl/perl-5.40.0/.pkgdir/perlbase-charnames/. /workdir/openwrt/staging_dir/target-x86_64_musl/root-x86/'
build	Compile debug	2026-09-27T15:45:39.7379011Z touch /workdir/openwrt/staging_dir/target-x86_64_musl/root-x86/stamp/.perlbase-charnames_installed
build	Compile debug	2026-09-27T15:45:39.7403950Z echo "perlbase-charnames" >> /workdir/openwrt/staging_dir/target-x86_64_musl/pkginfo/perl.default.install
build	Compile debug	2026-09-27T15:45:39.7428961Z mkdir -p /workdir/openwrt/staging_dir/target-x86_64_musl/root-x86/stamp
build	Compile debug	2026-09-27T15:45:39.7461523Z SHELL= flock /workdir/openwrt/tmp/.root-copy.flock -c 'cp -fpR /workdir/openwrt/build_dir/target-x86_64_musl/perl/perl-5.40.0/.pkgdir/perlbase-class/. /workdir/openwrt/staging_dir/target-x86_64_musl/root-x86/'
build	Compile debug	2026-09-27T15:45:39.7508063Z touch /workdir/openwrt/staging_dir/target-x86_64_musl/root-x86/stamp/.perlbase-class_installed
build	Compile debug	2026-09-27T15:45:39.7534014Z echo "perlbase-class" >> /workdir/openwrt/staging_dir/target-x86_64_musl/pkginfo/perl.default.install
build	Compile debug	2026-09-27T15:45:39.7560356Z mkdir -p /workdir/openwrt/staging_dir/target-x86_64_musl/root-x86/stamp
build	Compile debug	2026-09-27T15:45:39.7594681Z SHELL= flock /workdir/openwrt/tmp/.root-copy.flock -c 'cp -fpR /workdir/openwrt/build_dir/target-x86_64_musl/perl/perl-5.40.0/.pkgdir/perlbase-config/. /workdir/openwrt/staging_dir/target-x86_64_musl/root-x86/'
build	Compile debug	2026-09-27T15:45:39.7644845Z touch /workdir/openwrt/staging_dir/target-x86_64_musl/root-x86/stamp/.perlbase-config_installed
build	Compile debug	2026-09-27T15:45:39.7670386Z echo "perlbase-config" >> /workdir/openwrt/staging_dir/target-x86_64_musl/pkginfo/perl.default.install
build	Compile debug	2026-09-27T15:45:39.7696814Z mkdir -p /workdir/openwrt/staging_dir/target-x86_64_musl/root-x86/stamp
build	Compile debug	2026-09-27T15:45:39.7730818Z SHELL= flock /workdir/openwrt/tmp/.root-copy.flock -c 'cp -fpR /workdir/openwrt/build_dir/target-x86_64_musl/perl/perl-5.40.0/.pkgdir/perlbase-cwd/. /workdir/openwrt/staging_dir/target-x86_64_musl/root-x86/'
build	Compile debug	2026-09-27T15:45:39.7779565Z touch /workdir/openwrt/staging_dir/target-x86_64_musl/root-x86/stamp/.perlbase-cwd_installed
build	Compile debug	2026-09-27T15:45:39.7804976Z echo "perlbase-cwd" >> /workdir/openwrt/staging_dir/target-x86_64_musl/pkginfo/perl.default.install
build	Compile debug	2026-09-27T15:45:39.7830593Z mkdir -p /workdir/openwrt/staging_dir/target-x86_64_musl/root-x86/stamp
build	Compile debug	2026-09-27T15:45:39.7863404Z SHELL= flock /workdir/openwrt/tmp/.root-copy.flock -c 'cp -fpR /workdir/openwrt/build_dir/target-x86_64_musl/perl/perl-5.40.0/.pkgdir/perlbase-dynaloader/. /workdir/openwrt/staging_dir/target-x86_64_musl/root-x86/'
build	Compile debug	2026-09-27T15:45:39.7909210Z touch /workdir/openwrt/staging_dir/target-x86_64_musl/root-x86/stamp/.perlbase-dynaloader_installed
build	Compile debug	2026-09-27T15:45:39.7934022Z echo "perlbase-dynaloader" >> /workdir/openwrt/staging_dir/target-x86_64_musl/pkginfo/perl.default.install
build	Compile debug	2026-09-27T15:45:39.7959272Z mkdir -p /workdir/openwrt/staging_dir/target-x86_64_musl/root-x86/stamp
build	Compile debug	2026-09-27T15:45:39.7991853Z SHELL= flock /workdir/openwrt/tmp/.root-copy.flock -c 'cp -fpR /workdir/openwrt/build_dir/target-x86_64_musl/perl/perl-5.40.0/.pkgdir/perlbase-errno/. /workdir/openwrt/staging_dir/target-x86_64_musl/root-x86/'
build	Compile debug	2026-09-27T15:45:39.8038222Z touch /workdir/openwrt/staging_dir/target-x86_64_musl/root-x86/stamp/.perlbase-errno_installed
build	Compile debug	2026-09-27T15:45:39.8063814Z echo "perlbase-errno" >> /workdir/openwrt/staging_dir/target-x86_64_musl/pkginfo/perl.default.install
build	Compile debug	2026-09-27T15:45:39.8090228Z mkdir -p /workdir/openwrt/staging_dir/target-x86_64_musl/root-x86/stamp
build	Compile debug	2026-09-27T15:45:39.8124529Z SHELL= flock /workdir/openwrt/tmp/.root-copy.flock -c 'cp -fpR /workdir/openwrt/build_dir/target-x86_64_musl/perl/perl-5.40.0/.pkgdir/perlbase-essential/. /workdir/openwrt/staging_dir/target-x86_64_musl/root-x86/'
build	Compile debug	2026-09-27T15:45:39.8184854Z touch /workdir/openwrt/staging_dir/target-x86_64_musl/root-x86/stamp/.perlbase-essential_installed
build	Compile debug	2026-09-27T15:45:39.8209996Z echo "perlbase-essential" >> /workdir/openwrt/staging_dir/target-x86_64_musl/pkginfo/perl.default.install
build	Compile debug	2026-09-27T15:45:39.8236164Z mkdir -p /workdir/openwrt/staging_dir/target-x86_64_musl/root-x86/stamp
build	Compile debug	2026-09-27T15:45:39.8269242Z SHELL= flock /workdir/openwrt/tmp/.root-copy.flock -c 'cp -fpR /workdir/openwrt/build_dir/target-x86_64_musl/perl/perl-5.40.0/.pkgdir/perlbase-fcntl/. /workdir/openwrt/staging_dir/target-x86_64_musl/root-x86/'
build	Compile debug	2026-09-27T15:45:39.8317141Z touch /workdir/openwrt/staging_dir/target-x86_64_musl/root-x86/stamp/.perlbase-fcntl_installed
build	Compile debug	2026-09-27T15:45:39.8342664Z echo "perlbase-fcntl" >> /workdir/openwrt/staging_dir/target-x86_64_musl/pkginfo/perl.default.install
build	Compile debug	2026-09-27T15:45:39.8368258Z mkdir -p /workdir/openwrt/staging_dir/target-x86_64_musl/root-x86/stamp
build	Compile debug	2026-09-27T15:45:39.8402984Z SHELL= flock /workdir/openwrt/tmp/.root-copy.flock -c 'cp -fpR /workdir/openwrt/build_dir/target-x86_64_musl/perl/perl-5.40.0/.pkgdir/perlbase-file/. /workdir/openwrt/staging_dir/target-x86_64_musl/root-x86/'
build	Compile debug	2026-09-27T15:45:39.8466629Z touch /workdir/openwrt/staging_dir/target-x86_64_musl/root-x86/stamp/.perlbase-file_installed
build	Compile debug	2026-09-27T15:45:39.8492206Z echo "perlbase-file" >> /workdir/openwrt/staging_dir/target-x86_64_musl/pkginfo/perl.default.install
build	Compile debug	2026-09-27T15:45:39.8518326Z mkdir -p /workdir/openwrt/staging_dir/target-x86_64_musl/root-x86/stamp
build	Compile debug	2026-09-27T15:45:39.8553195Z SHELL= flock /workdir/openwrt/tmp/.root-copy.flock -c 'cp -fpR /workdir/openwrt/build_dir/target-x86_64_musl/perl/perl-5.40.0/.pkgdir/perlbase-filehandle/. /workdir/openwrt/staging_dir/target-x86_64_musl/root-x86/'
build	Compile debug	2026-09-27T15:45:39.8598012Z touch /workdir/openwrt/staging_dir/target-x86_64_musl/root-x86/stamp/.perlbase-filehandle_installed
build	Compile debug	2026-09-27T15:45:39.8623718Z echo "perlbase-filehandle" >> /workdir/openwrt/staging_dir/target-x86_64_musl/pkginfo/perl.default.install
build	Compile debug	2026-09-27T15:45:39.8649260Z mkdir -p /workdir/openwrt/staging_dir/target-x86_64_musl/root-x86/stamp
build	Compile debug	2026-09-27T15:45:39.8682657Z SHELL= flock /workdir/openwrt/tmp/.root-copy.flock -c 'cp -fpR /workdir/openwrt/build_dir/target-x86_64_musl/perl/perl-5.40.0/.pkgdir/perlbase-getopt/. /workdir/openwrt/staging_dir/target-x86_64_musl/root-x86/'
build	Compile debug	2026-09-27T15:45:39.8731186Z touch /workdir/openwrt/staging_dir/target-x86_64_musl/root-x86/stamp/.perlbase-getopt_installed
build	Compile debug	2026-09-27T15:45:39.8756055Z echo "perlbase-getopt" >> /workdir/openwrt/staging_dir/target-x86_64_musl/pkginfo/perl.default.install
build	Compile debug	2026-09-27T15:45:39.8781133Z mkdir -p /workdir/openwrt/staging_dir/target-x86_64_musl/root-x86/stamp
build	Compile debug	2026-09-27T15:45:39.8814031Z SHELL= flock /workdir/openwrt/tmp/.root-copy.flock -c 'cp -fpR /workdir/openwrt/build_dir/target-x86_64_musl/perl/perl-5.40.0/.pkgdir/perlbase-i18n/. /workdir/openwrt/staging_dir/target-x86_64_musl/root-x86/'
build	Compile debug	2026-09-27T15:45:39.8866746Z touch /workdir/openwrt/staging_dir/target-x86_64_musl/root-x86/stamp/.perlbase-i18n_installed
build	Compile debug	2026-09-27T15:45:39.8893138Z echo "perlbase-i18n" >> /workdir/openwrt/staging_dir/target-x86_64_musl/pkginfo/perl.default.install
build	Compile debug	2026-09-27T15:45:39.8919251Z mkdir -p /workdir/openwrt/staging_dir/target-x86_64_musl/root-x86/stamp
build	Compile debug	2026-09-27T15:45:39.8952926Z SHELL= flock /workdir/openwrt/tmp/.root-copy.flock -c 'cp -fpR /workdir/openwrt/build_dir/target-x86_64_musl/perl/perl-5.40.0/.pkgdir/perlbase-integer/. /workdir/openwrt/staging_dir/target-x86_64_musl/root-x86/'
build	Compile debug	2026-09-27T15:45:39.8997956Z touch /workdir/openwrt/staging_dir/target-x86_64_musl/root-x86/stamp/.perlbase-integer_installed
build	Compile debug	2026-09-27T15:45:39.9022665Z echo "perlbase-integer" >> /workdir/openwrt/staging_dir/target-x86_64_musl/pkginfo/perl.default.install
build	Compile debug	2026-09-27T15:45:39.9048432Z mkdir -p /workdir/openwrt/staging_dir/target-x86_64_musl/root-x86/stamp
build	Compile debug	2026-09-27T15:45:39.9080949Z SHELL= flock /workdir/openwrt/tmp/.root-copy.flock -c 'cp -fpR /workdir/openwrt/build_dir/target-x86_64_musl/perl/perl-5.40.0/.pkgdir/perlbase-io/. /workdir/openwrt/staging_dir/target-x86_64_musl/root-x86/'
build	Compile debug	2026-09-27T15:45:39.9157189Z touch /workdir/openwrt/staging_dir/target-x86_64_musl/root-x86/stamp/.perlbase-io_installed
build	Compile debug	2026-09-27T15:45:39.9182225Z echo "perlbase-io" >> /workdir/openwrt/staging_dir/target-x86_64_musl/pkginfo/perl.default.install
build	Compile debug	2026-09-27T15:45:39.9209479Z mkdir -p /workdir/openwrt/staging_dir/target-x86_64_musl/root-x86/stamp
build	Compile debug	2026-09-27T15:45:39.9243885Z SHELL= flock /workdir/openwrt/tmp/.root-copy.flock -c 'cp -fpR /workdir/openwrt/build_dir/target-x86_64_musl/perl/perl-5.40.0/.pkgdir/perlbase-list/. /workdir/openwrt/staging_dir/target-x86_64_musl/root-x86/'
build	Compile debug	2026-09-27T15:45:39.9293430Z touch /workdir/openwrt/staging_dir/target-x86_64_musl/root-x86/stamp/.perlbase-list_installed
build	Compile debug	2026-09-27T15:45:39.9319402Z echo "perlbase-list" >> /workdir/openwrt/staging_dir/target-x86_64_musl/pkginfo/perl.default.install
build	Compile debug	2026-09-27T15:45:39.9346222Z mkdir -p /workdir/openwrt/staging_dir/target-x86_64_musl/root-x86/stamp
build	Compile debug	2026-09-27T15:45:39.9378991Z SHELL= flock /workdir/openwrt/tmp/.root-copy.flock -c 'cp -fpR /workdir/openwrt/build_dir/target-x86_64_musl/perl/perl-5.40.0/.pkgdir/perlbase-locale/. /workdir/openwrt/staging_dir/target-x86_64_musl/root-x86/'
build	Compile debug	2026-09-27T15:45:39.9428216Z touch /workdir/openwrt/staging_dir/target-x86_64_musl/root-x86/stamp/.perlbase-locale_installed
build	Compile debug	2026-09-27T15:45:39.9453945Z echo "perlbase-locale" >> /workdir/openwrt/staging_dir/target-x86_64_musl/pkginfo/perl.default.install
build	Compile debug	2026-09-27T15:45:39.9480309Z mkdir -p /workdir/openwrt/staging_dir/target-x86_64_musl/root-x86/stamp
build	Compile debug	2026-09-27T15:45:39.9515778Z SHELL= flock /workdir/openwrt/tmp/.root-copy.flock -c 'cp -fpR /workdir/openwrt/build_dir/target-x86_64_musl/perl/perl-5.40.0/.pkgdir/perlbase-params/. /workdir/openwrt/staging_dir/target-x86_64_musl/root-x86/'
build	Compile debug	2026-09-27T15:45:39.9562055Z touch /workdir/openwrt/staging_dir/target-x86_64_musl/root-x86/stamp/.perlbase-params_installed
build	Compile debug	2026-09-27T15:45:39.9587068Z echo "perlbase-params" >> /workdir/openwrt/staging_dir/target-x86_64_musl/pkginfo/perl.default.install
build	Compile debug	2026-09-27T15:45:39.9613622Z mkdir -p /workdir/openwrt/staging_dir/target-x86_64_musl/root-x86/stamp
build	Compile debug	2026-09-27T15:45:39.9648618Z SHELL= flock /workdir/openwrt/tmp/.root-copy.flock -c 'cp -fpR /workdir/openwrt/build_dir/target-x86_64_musl/perl/perl-5.40.0/.pkgdir/perlbase-posix/. /workdir/openwrt/staging_dir/target-x86_64_musl/root-x86/'
build	Compile debug	2026-09-27T15:45:39.9697128Z touch /workdir/openwrt/staging_dir/target-x86_64_musl/root-x86/stamp/.perlbase-posix_installed
build	Compile debug	2026-09-27T15:45:39.9722837Z echo "perlbase-posix" >> /workdir/openwrt/staging_dir/target-x86_64_musl/pkginfo/perl.default.install
build	Compile debug	2026-09-27T15:45:39.9749482Z mkdir -p /workdir/openwrt/staging_dir/target-x86_64_musl/root-x86/stamp
build	Compile debug	2026-09-27T15:45:39.9784101Z SHELL= flock /workdir/openwrt/tmp/.root-copy.flock -c 'cp -fpR /workdir/openwrt/build_dir/target-x86_64_musl/perl/perl-5.40.0/.pkgdir/perlbase-re/. /workdir/openwrt/staging_dir/target-x86_64_musl/root-x86/'
build	Compile debug	2026-09-27T15:45:39.9834643Z touch /workdir/openwrt/staging_dir/target-x86_64_musl/root-x86/stamp/.perlbase-re_installed
build	Compile debug	2026-09-27T15:45:39.9860235Z echo "perlbase-re" >> /workdir/openwrt/staging_dir/target-x86_64_musl/pkginfo/perl.default.install
build	Compile debug	2026-09-27T15:45:39.9887410Z mkdir -p /workdir/openwrt/staging_dir/target-x86_64_musl/root-x86/stamp
build	Compile debug	2026-09-27T15:45:39.9921968Z SHELL= flock /workdir/openwrt/tmp/.root-copy.flock -c 'cp -fpR /workdir/openwrt/build_dir/target-x86_64_musl/perl/perl-5.40.0/.pkgdir/perlbase-scalar/. /workdir/openwrt/staging_dir/target-x86_64_musl/root-x86/'
build	Compile debug	2026-09-27T15:45:39.9969344Z touch /workdir/openwrt/staging_dir/target-x86_64_musl/root-x86/stamp/.perlbase-scalar_installed
build	Compile debug	2026-09-27T15:45:39.9994107Z echo "perlbase-scalar" >> /workdir/openwrt/staging_dir/target-x86_64_musl/pkginfo/perl.default.install
build	Compile debug	2026-09-27T15:45:40.0020394Z mkdir -p /workdir/openwrt/staging_dir/target-x86_64_musl/root-x86/stamp
build	Compile debug	2026-09-27T15:45:40.0054073Z SHELL= flock /workdir/openwrt/tmp/.root-copy.flock -c 'cp -fpR /workdir/openwrt/build_dir/target-x86_64_musl/perl/perl-5.40.0/.pkgdir/perlbase-selectsaver/. /workdir/openwrt/staging_dir/target-x86_64_musl/root-x86/'
build	Compile debug	2026-09-27T15:45:40.0100493Z touch /workdir/openwrt/staging_dir/target-x86_64_musl/root-x86/stamp/.perlbase-selectsaver_installed
build	Compile debug	2026-09-27T15:45:40.0126699Z echo "perlbase-selectsaver" >> /workdir/openwrt/staging_dir/target-x86_64_musl/pkginfo/perl.default.install
build	Compile debug	2026-09-27T15:45:40.0153445Z mkdir -p /workdir/openwrt/staging_dir/target-x86_64_musl/root-x86/stamp
build	Compile debug	2026-09-27T15:45:40.0187554Z SHELL= flock /workdir/openwrt/tmp/.root-copy.flock -c 'cp -fpR /workdir/openwrt/build_dir/target-x86_64_musl/perl/perl-5.40.0/.pkgdir/perlbase-socket/. /workdir/openwrt/staging_dir/target-x86_64_musl/root-x86/'
build	Compile debug	2026-09-27T15:45:40.0237915Z touch /workdir/openwrt/staging_dir/target-x86_64_musl/root-x86/stamp/.perlbase-socket_installed
build	Compile debug	2026-09-27T15:45:40.0264472Z echo "perlbase-socket" >> /workdir/openwrt/staging_dir/target-x86_64_musl/pkginfo/perl.default.install
build	Compile debug	2026-09-27T15:45:40.0291600Z mkdir -p /workdir/openwrt/staging_dir/target-x86_64_musl/root-x86/stamp
build	Compile debug	2026-09-27T15:45:40.0327399Z SHELL= flock /workdir/openwrt/tmp/.root-copy.flock -c 'cp -fpR /workdir/openwrt/build_dir/target-x86_64_musl/perl/perl-5.40.0/.pkgdir/perlbase-symbol/. /workdir/openwrt/staging_dir/target-x86_64_musl/root-x86/'
build	Compile debug	2026-09-27T15:45:40.0373737Z touch /workdir/openwrt/staging_dir/target-x86_64_musl/root-x86/stamp/.perlbase-symbol_installed
build	Compile debug	2026-09-27T15:45:40.0399431Z echo "perlbase-symbol" >> /workdir/openwrt/staging_dir/target-x86_64_musl/pkginfo/perl.default.install
build	Compile debug	2026-09-27T15:45:40.0426775Z mkdir -p /workdir/openwrt/staging_dir/target-x86_64_musl/root-x86/stamp
build	Compile debug	2026-09-27T15:45:40.0462096Z SHELL= flock /workdir/openwrt/tmp/.root-copy.flock -c 'cp -fpR /workdir/openwrt/build_dir/target-x86_64_musl/perl/perl-5.40.0/.pkgdir/perlbase-tie/. /workdir/openwrt/staging_dir/target-x86_64_musl/root-x86/'
build	Compile debug	2026-09-27T15:45:40.0515293Z touch /workdir/openwrt/staging_dir/target-x86_64_musl/root-x86/stamp/.perlbase-tie_installed
build	Compile debug	2026-09-27T15:45:40.0540882Z echo "perlbase-tie" >> /workdir/openwrt/staging_dir/target-x86_64_musl/pkginfo/perl.default.install
build	Compile debug	2026-09-27T15:45:40.0567988Z mkdir -p /workdir/openwrt/staging_dir/target-x86_64_musl/root-x86/stamp
build	Compile debug	2026-09-27T15:45:40.0603763Z SHELL= flock /workdir/openwrt/tmp/.root-copy.flock -c 'cp -fpR /workdir/openwrt/build_dir/target-x86_64_musl/perl/perl-5.40.0/.pkgdir/perlbase-time/. /workdir/openwrt/staging_dir/target-x86_64_musl/root-x86/'
build	Compile debug	2026-09-27T15:45:40.0658083Z touch /workdir/openwrt/staging_dir/target-x86_64_musl/root-x86/stamp/.perlbase-time_installed
build	Compile debug	2026-09-27T15:45:40.0684054Z echo "perlbase-time" >> /workdir/openwrt/staging_dir/target-x86_64_musl/pkginfo/perl.default.install
build	Compile debug	2026-09-27T15:45:40.0710664Z mkdir -p /workdir/openwrt/staging_dir/target-x86_64_musl/root-x86/stamp
build	Compile debug	2026-09-27T15:45:40.0744853Z SHELL= flock /workdir/openwrt/tmp/.root-copy.flock -c 'cp -fpR /workdir/openwrt/build_dir/target-x86_64_musl/perl/perl-5.40.0/.pkgdir/perlbase-unicode/. /workdir/openwrt/staging_dir/target-x86_64_musl/root-x86/'
build	Compile debug	2026-09-27T15:45:40.0867772Z touch /workdir/openwrt/staging_dir/target-x86_64_musl/root-x86/stamp/.perlbase-unicode_installed
build	Compile debug	2026-09-27T15:45:40.0894772Z echo "perlbase-unicode" >> /workdir/openwrt/staging_dir/target-x86_64_musl/pkginfo/perl.default.install
build	Compile debug	2026-09-27T15:45:40.0922480Z mkdir -p /workdir/openwrt/staging_dir/target-x86_64_musl/root-x86/stamp
build	Compile debug	2026-09-27T15:45:40.0957209Z SHELL= flock /workdir/openwrt/tmp/.root-copy.flock -c 'cp -fpR /workdir/openwrt/build_dir/target-x86_64_musl/perl/perl-5.40.0/.pkgdir/perlbase-unicore/. /workdir/openwrt/staging_dir/target-x86_64_musl/root-x86/'
build	Compile debug	2026-09-27T15:45:40.1380085Z touch /workdir/openwrt/staging_dir/target-x86_64_musl/root-x86/stamp/.perlbase-unicore_installed
build	Compile debug	2026-09-27T15:45:40.1407798Z echo "perlbase-unicore" >> /workdir/openwrt/staging_dir/target-x86_64_musl/pkginfo/perl.default.install
build	Compile debug	2026-09-27T15:45:40.1436094Z mkdir -p /workdir/openwrt/staging_dir/target-x86_64_musl/root-x86/stamp
build	Compile debug	2026-09-27T15:45:40.1471793Z SHELL= flock /workdir/openwrt/tmp/.root-copy.flock -c 'cp -fpR /workdir/openwrt/build_dir/target-x86_64_musl/perl/perl-5.40.0/.pkgdir/perlbase-utf8/. /workdir/openwrt/staging_dir/target-x86_64_musl/root-x86/'
build	Compile debug	2026-09-27T15:45:40.1518196Z touch /workdir/openwrt/staging_dir/target-x86_64_musl/root-x86/stamp/.perlbase-utf8_installed
build	Compile debug	2026-09-27T15:45:40.1544053Z echo "perlbase-utf8" >> /workdir/openwrt/staging_dir/target-x86_64_musl/pkginfo/perl.default.install
build	Compile debug	2026-09-27T15:45:40.1571574Z mkdir -p /workdir/openwrt/staging_dir/target-x86_64_musl/root-x86/stamp
build	Compile debug	2026-09-27T15:45:40.1606140Z SHELL= flock /workdir/openwrt/tmp/.root-copy.flock -c 'cp -fpR /workdir/openwrt/build_dir/target-x86_64_musl/perl/perl-5.40.0/.pkgdir/perlbase-xsloader/. /workdir/openwrt/staging_dir/target-x86_64_musl/root-x86/'
build	Compile debug	2026-09-27T15:45:40.1652790Z touch /workdir/openwrt/staging_dir/target-x86_64_musl/root-x86/stamp/.perlbase-xsloader_installed
build	Compile debug	2026-09-27T15:45:40.1677685Z echo "perlbase-xsloader" >> /workdir/openwrt/staging_dir/target-x86_64_musl/pkginfo/perl.default.install
build	Compile debug	2026-09-27T15:45:40.1703050Z make[3]: Leaving directory '/workdir/openwrt/feeds/packages/lang/perl'
build	Compile debug	2026-09-27T15:45:40.1711653Z time: package/feeds/packages/perl/compile#0.28#0.45#0.74
build	Compile debug	2026-09-27T15:45:40.2128751Z make[3]: Entering directory '/workdir/openwrt/feeds/packages/lang/perl/perl-http-date'
build	Compile debug	2026-09-27T15:45:40.2733963Z mkdir -p /workdir/openwrt/staging_dir/target-x86_64_musl/root-x86/stamp
build	Compile debug	2026-09-27T15:45:40.2767635Z SHELL= flock /workdir/openwrt/tmp/.root-copy.flock -c 'cp -fpR /workdir/openwrt/build_dir/target-x86_64_musl/perl/HTTP-Date-6.06/.pkgdir/perl-http-date/. /workdir/openwrt/staging_dir/target-x86_64_musl/root-x86/'
build	Compile debug	2026-09-27T15:45:40.2814346Z touch /workdir/openwrt/staging_dir/target-x86_64_musl/root-x86/stamp/.perl-http-date_installed
build	Compile debug	2026-09-27T15:45:40.2839567Z echo "perl-http-date" >> /workdir/openwrt/staging_dir/target-x86_64_musl/pkginfo/perl-http-date.default.install
build	Compile debug	2026-09-27T15:45:40.2866659Z make[3]: Leaving directory '/workdir/openwrt/feeds/packages/lang/perl/perl-http-date'
build	Compile debug	2026-09-27T15:45:40.2874613Z time: package/feeds/packages/perl-http-date/compile#0.05#0.05#0.11
build	Compile debug	2026-09-27T15:45:40.3299972Z make[3]: Entering directory '/workdir/openwrt/feeds/packages/libs/libffi'
build	Compile debug	2026-09-27T15:45:40.4175354Z make[3]: Leaving directory '/workdir/openwrt/feeds/packages/libs/libffi'
build	Compile debug	2026-09-27T15:45:40.4182581Z time: package/feeds/packages/libffi/host-compile#0.07#0.04#0.12
build	Compile debug	2026-09-27T15:45:40.4592630Z make[3]: Entering directory '/workdir/openwrt/package/utils/bzip2'
build	Compile debug	2026-09-27T15:45:40.5371801Z make[3]: Leaving directory '/workdir/openwrt/package/utils/bzip2'
build	Compile debug	2026-09-27T15:45:40.5378797Z time: package/utils/bzip2/host-compile#0.06#0.04#0.11
build	Compile debug	2026-09-27T15:45:40.5848467Z make[3]: Entering directory '/workdir/openwrt/feeds/packages/lang/python/python3'
build	Compile debug	2026-09-27T15:45:40.8875576Z make[3]: Leaving directory '/workdir/openwrt/feeds/packages/lang/python/python3'
build	Compile debug	2026-09-27T15:45:40.8883107Z time: package/feeds/packages/python3/host-compile#0.17#0.10#0.34
build	Compile debug	2026-09-27T15:45:40.9313786Z make[3]: Entering directory '/workdir/openwrt/feeds/packages/libs/icu'
build	Compile debug	2026-09-27T15:45:41.1097245Z make[3]: Leaving directory '/workdir/openwrt/feeds/packages/libs/icu'
build	Compile debug	2026-09-27T15:45:41.1104899Z time: package/feeds/packages/icu/host-compile#0.06#0.09#0.21
build	Compile debug	2026-09-27T15:45:41.1517822Z make[3]: Entering directory '/workdir/openwrt/feeds/packages/libs/icu'
build	Compile debug	2026-09-27T15:45:41.3386193Z make[3]: Leaving directory '/workdir/openwrt/feeds/packages/libs/icu'
build	Compile debug	2026-09-27T15:45:41.3393329Z time: package/feeds/packages/icu/compile#0.06#0.11#0.22
build	Compile debug	2026-09-27T15:45:41.3816402Z make[3]: Entering directory '/workdir/openwrt/feeds/packages/lang/php8'
build	Compile debug	2026-09-27T15:45:41.7789808Z rm -f /workdir/openwrt/build_dir/target-x86_64_musl/php-8.4.23/.built
build	Compile debug	2026-09-27T15:45:41.7826030Z touch /workdir/openwrt/build_dir/target-x86_64_musl/php-8.4.23/.built_check
build	Compile debug	2026-09-27T15:45:41.7862058Z CFLAGS="-Os -pipe -fno-caller-saves -fno-plt -fhonour-copts -fmacro-prefix-map=/workdir/openwrt/build_dir/target-x86_64_musl/php-8.4.23=php-8.4.23 -fmacro-prefix-map=/workdir/openwrt/staging_dir/target-x86_64_musl=staging_dir/target-x86_64_musl -Wl,-z,max-page-size=4096 -Wformat -Werror=format-security -fstack-protector -D_FORTIFY_SOURCE=1 -Wl,-z,now -Wl,-z,relro -Wl,-z,pack-relative-relocs   -D_LARGEFILE64_SOURCE  -I/workdir/openwrt/staging_dir/toolchain-x86_64_gcc-14.4.0_musl/usr/include -I/workdir/openwrt/staging_dir/toolchain-x86_64_gcc-14.4.0_musl/include -I/workdir/openwrt/staging_dir/toolchain-x86_64_gcc-14.4.0_musl/include/fortify   " CXXFLAGS="-Os -pipe -fno-caller-saves -fno-plt -fhonour-copts -fmacro-prefix-map=/workdir/openwrt/build_dir/target-x86_64_musl/php-8.4.23=php-8.4.23 -fmacro-prefix-map=/workdir/openwrt/staging_dir/target-x86_64_musl=staging_dir/target-x86_64_musl -Wl,-z,max-page-size=4096 -Wformat -Werror=format-security -fstack-protector -D_FORTIFY_SOURCE=1 -Wl,-z,now -Wl,-z,relro -Wl,-z,pack-relative-relocs   -D_LARGEFILE64_SOURCE  -I/workdir/openwrt/staging_dir/toolchain-x86_64_gcc-14.4.0_musl/usr/include -I/workdir/openwrt/staging_dir/toolchain-x86_64_gcc-14.4.0_musl/include -I/workdir/openwrt/staging_dir/toolchain-x86_64_gcc-14.4.0_musl/include/fortify   " LDFLAGS="-L/workdir/openwrt/staging_dir/toolchain-x86_64_gcc-14.4.0_musl/usr/lib -L/workdir/openwrt/staging_dir/toolchain-x86_64_gcc-14.4.0_musl/lib -fuse-ld=bfd -zmax-page-size=4096 -znow -zrelro -zpack-relative-relocs   " make  -C /workdir/openwrt/build_dir/target-x86_64_musl/php-8.4.23/. AR="x86_64-openwrt-linux-musl-gcc-ar" AS="x86_64-openwrt-linux-musl-gcc -c -Os -pipe -fno-caller-saves -fno-plt -fhonour-copts -fmacro-prefix-map=/workdir/openwrt/build_dir/target-x86_64_musl/php-8.4.23=php-8.4.23 -fmacro-prefix-map=/workdir/openwrt/staging_dir/target-x86_64_musl=staging_dir/target-x86_64_musl -Wl,-z,max-page-size=4096 -Wformat -Werror=format-security -fstack-protector -D_FORTIFY_SOURCE=1 -Wl,-z,now -Wl,-z,relro -Wl,-z,pack-relative-relocs   -D_LARGEFILE64_SOURCE" LD="x86_64-openwrt-linux-musl-ld.bfd" NM="x86_64-openwrt-linux-musl-gcc-nm" CC="x86_64-openwrt-linux-musl-gcc" GCC="x86_64-openwrt-linux-musl-gcc" CXX="x86_64-openwrt-linux-musl-g++" RANLIB="x86_64-openwrt-linux-musl-gcc-ranlib" STRIP=x86_64-openwrt-linux-musl-strip OBJCOPY=x86_64-openwrt-linux-musl-objcopy OBJDUMP=x86_64-openwrt-linux-musl-objdump SIZE=x86_64-openwrt-linux-musl-size CROSS="x86_64-openwrt-linux-musl-" ARCH="x86_64" ;
build	Compile debug	2026-09-27T15:45:42.1083548Z make[4]: Entering directory '/workdir/openwrt/build_dir/target-x86_64_musl/php-8.4.23'
build	Compile debug	2026-09-27T15:45:42.1085235Z /bin/bash /workdir/openwrt/build_dir/target-x86_64_musl/php-8.4.23/libtool --silent --preserve-dup-deps --tag=CC --mode=install cp ext/dom/dom.la /workdir/openwrt/build_dir/target-x86_64_musl/php-8.4.23/modules
build	Compile debug	2026-09-27T15:45:42.1696181Z /bin/bash /workdir/openwrt/build_dir/target-x86_64_musl/php-8.4.23/libtool --silent --preserve-dup-deps --tag=CC --mode=install cp ext/gettext/gettext.la /workdir/openwrt/build_dir/target-x86_64_musl/php-8.4.23/modules
build	Compile debug	2026-09-27T15:45:42.2425409Z /bin/bash /workdir/openwrt/build_dir/target-x86_64_musl/php-8.4.23/libtool --silent --preserve-dup-deps --tag=CXX --mode=install cp ext/intl/intl.la /workdir/openwrt/build_dir/target-x86_64_musl/php-8.4.23/modules
build	Compile debug	2026-09-27T15:45:42.3470853Z 
build	Compile debug	2026-09-27T15:45:42.3483324Z Build complete.
build	Compile debug	2026-09-27T15:45:42.3495046Z Don't forget to run 'make test'.
build	Compile debug	2026-09-27T15:45:42.3507160Z 
build	Compile debug	2026-09-27T15:45:42.3509635Z make[4]: Leaving directory '/workdir/openwrt/build_dir/target-x86_64_musl/php-8.4.23'
build	Compile debug	2026-09-27T15:45:42.3519521Z touch /workdir/openwrt/build_dir/target-x86_64_musl/php-8.4.23/.built
build	Compile debug	2026-09-27T15:45:42.3830863Z rm -rf /workdir/openwrt/build_dir/target-x86_64_musl/php-8.4.23/ipkg-x86_64/php8
build	Compile debug	2026-09-27T15:45:42.3869915Z /workdir/openwrt/scripts/ipkg-remove php8 /workdir/openwrt/bin/packages/x86_64/packages/php8-8.4.23-r1.apk
build	Compile debug	2026-09-27T15:45:42.3914169Z removed '/workdir/openwrt/bin/packages/x86_64/packages/php8-8.4.23-r1.apk'
build	Compile debug	2026-09-27T15:45:42.3917746Z mkdir -p /workdir/openwrt/bin/targets/x86/64/packages /workdir/openwrt/build_dir/target-x86_64_musl/php-8.4.23/ipkg-x86_64/php8 /workdir/openwrt/staging_dir/target-x86_64_musl/pkginfo
build	Compile debug	2026-09-27T15:45:42.3946023Z install -d -m0755 /workdir/openwrt/build_dir/target-x86_64_musl/php-8.4.23/ipkg-x86_64/php8/etc
build	Compile debug	2026-09-27T15:45:42.3976967Z install -m0644 ./files/php.ini /workdir/openwrt/build_dir/target-x86_64_musl/php-8.4.23/ipkg-x86_64/php8/etc/
build	Compile debug	2026-09-27T15:45:42.4008126Z find /workdir/openwrt/build_dir/target-x86_64_musl/php-8.4.23/ipkg-x86_64/php8 -name '.svn' -o -name '.#*' -o -name '*~'| xargs -r rm -rf
build	Compile debug	2026-09-27T15:45:42.4326927Z export CROSS="x86_64-openwrt-linux-musl-"  NO_RENAME=1 ; NM="x86_64-openwrt-linux-musl-nm" STRIP="/workdir/openwrt/staging_dir/host/bin/sstrip -z" STRIP_KMOD="/workdir/openwrt/scripts/strip-kmod.sh" PATCHELF="/workdir/openwrt/staging_dir/host/bin/patchelf" /workdir/openwrt/scripts/rstrip.sh /workdir/openwrt/build_dir/target-x86_64_musl/php-8.4.23/ipkg-x86_64/php8
build	Compile debug	2026-09-27T15:45:42.4479314Z install -d -m0755 /workdir/openwrt/bin/packages/x86_64/packages
build	Compile debug	2026-09-27T15:45:42.4507224Z mkdir -p /workdir/openwrt/build_dir/target-x86_64_musl/php-8.4.23/apk-x86_64/php8/
build	Compile debug	2026-09-27T15:45:42.4534856Z mkdir -p /workdir/openwrt/build_dir/target-x86_64_musl/php-8.4.23/ipkg-x86_64/php8/lib/apk/packages/
build	Compile debug	2026-09-27T15:45:42.4562574Z (cd /workdir/openwrt/build_dir/target-x86_64_musl/php-8.4.23/apk-x86_64/php8; echo "$V_Package_php8_conffiles" > conffiles; )
build	Compile debug	2026-09-27T15:45:42.4588048Z ( echo "#!/bin/sh"; echo "[ \"\${IPKG_NO_SCRIPT}\" = \"1\" ] && exit 0"; echo "[ -s "\${IPKG_INSTROOT}/lib/functions.sh" ] || exit 0"; echo ". \${IPKG_INSTROOT}/lib/functions.sh"; echo 'export root="${IPKG_INSTROOT}"'; echo 'export pkgname="php8"'; echo "add_group_and_user"; echo "default_postinst"; [ ! -f /workdir/openwrt/build_dir/target-x86_64_musl/php-8.4.23/apk-x86_64/php8/postinst-pkg ] || sed '/^\s*#!/d' "/workdir/openwrt/build_dir/target-x86_64_musl/php-8.4.23/apk-x86_64/php8/postinst-pkg"; ) > /workdir/openwrt/build_dir/target-x86_64_musl/php-8.4.23/apk-x86_64/php8/post-install;
build	Compile debug	2026-09-27T15:45:42.4611626Z ( echo "#!/bin/sh"; echo 'export PKG_UPGRADE=1'; [ ! -f /workdir/openwrt/build_dir/target-x86_64_musl/php-8.4.23/apk-x86_64/php8/post-install ] || sed '/^\s*#!/d' "/workdir/openwrt/build_dir/target-x86_64_musl/php-8.4.23/apk-x86_64/php8/post-install"; ) > /workdir/openwrt/build_dir/target-x86_64_musl/php-8.4.23/apk-x86_64/php8/post-upgrade;
build	Compile debug	2026-09-27T15:45:42.4646576Z ( echo "#!/bin/sh"; echo "[ -s "\${IPKG_INSTROOT}/lib/functions.sh" ] || exit 0"; echo ". \${IPKG_INSTROOT}/lib/functions.sh"; echo 'export root="${IPKG_INSTROOT}"'; echo 'export pkgname="php8"'; echo "default_prerm"; [ ! -f /workdir/openwrt/build_dir/target-x86_64_musl/php-8.4.23/apk-x86_64/php8/prerm-pkg ] || sed '/^\s*#!/d' "/workdir/openwrt/build_dir/target-x86_64_musl/php-8.4.23/apk-x86_64/php8/prerm-pkg"; ) > /workdir/openwrt/build_dir/target-x86_64_musl/php-8.4.23/apk-x86_64/php8/pre-deinstall;
build	Compile debug	2026-09-27T15:45:42.4668693Z [ ! -f /workdir/openwrt/build_dir/target-x86_64_musl/php-8.4.23/apk-x86_64/php8/postrm ] || sed -zi 's/^\s*#!/#!/' "/workdir/openwrt/build_dir/target-x86_64_musl/php-8.4.23/apk-x86_64/php8/postrm";
build	Compile debug	2026-09-27T15:45:42.4687188Z if [ -n "" ]; then echo  > /workdir/openwrt/build_dir/target-x86_64_musl/php-8.4.23/ipkg-x86_64/php8/lib/apk/packages/php8.rusers; fi;
build	Compile debug	2026-09-27T15:45:42.4705456Z if [ -n "" ]; then echo  > /workdir/openwrt/build_dir/target-x86_64_musl/php-8.4.23/ipkg-x86_64/php8/lib/apk/packages/php8.alternatives; fi;
build	Compile debug	2026-09-27T15:45:42.4725116Z (cd /workdir/openwrt/build_dir/target-x86_64_musl/php-8.4.23/ipkg-x86_64/php8 && find . -type f,l -printf "/%P\n" | sort > /workdir/openwrt/tmp/php8.list && mv /workdir/openwrt/tmp/php8.list /workdir/openwrt/build_dir/target-x86_64_musl/php-8.4.23/ipkg-x86_64/php8/lib/apk/packages/php8.list)
build	Compile debug	2026-09-27T15:45:42.4774883Z # Move conffiles to IDIR and build conffiles_static with csums
build	Compile debug	2026-09-27T15:45:42.4805403Z if [ -f /workdir/openwrt/build_dir/target-x86_64_musl/php-8.4.23/apk-x86_64/php8/conffiles ]; then mv -f /workdir/openwrt/build_dir/target-x86_64_musl/php-8.4.23/apk-x86_64/php8/conffiles /workdir/openwrt/build_dir/target-x86_64_musl/php-8.4.23/ipkg-x86_64/php8/lib/apk/packages/php8.conffiles; for file in $(cat /workdir/openwrt/build_dir/target-x86_64_musl/php-8.4.23/ipkg-x86_64/php8/lib/apk/packages/php8.conffiles); do [ -f /workdir/openwrt/build_dir/target-x86_64_musl/php-8.4.23/ipkg-x86_64/php8/$file ] || continue; csum=$(/workdir/openwrt/staging_dir/host/bin/mkhash sha256 /workdir/openwrt/build_dir/target-x86_64_musl/php-8.4.23/ipkg-x86_64/php8/$file); echo $file $csum >> /workdir/openwrt/build_dir/target-x86_64_musl/php-8.4.23/ipkg-x86_64/php8/lib/apk/packages/php8.conffiles_static; done; fi
build	Compile debug	2026-09-27T15:45:42.4869657Z # Some package (base-files) manually append stuff to conffiles
build	Compile debug	2026-09-27T15:45:42.4887892Z # Append stuff from it and delete the CONTROL directory since everything else should be migrated
build	Compile debug	2026-09-27T15:45:42.4910112Z if [ -f /workdir/openwrt/build_dir/target-x86_64_musl/php-8.4.23/ipkg-x86_64/php8/CONTROL/conffiles ]; then echo $(IDIR_php8)/CONTROL/conffiles >> /workdir/openwrt/build_dir/target-x86_64_musl/php-8.4.23/ipkg-x86_64/php8/lib/apk/packages/php8.conffiles; for file in $(cat /workdir/openwrt/build_dir/target-x86_64_musl/php-8.4.23/ipkg-x86_64/php8/CONTROL/conffiles); do [ -f /workdir/openwrt/build_dir/target-x86_64_musl/php-8.4.23/ipkg-x86_64/php8/$file ] || continue; csum=$(/workdir/openwrt/staging_dir/host/bin/mkhash sha256 /workdir/openwrt/build_dir/target-x86_64_musl/php-8.4.23/ipkg-x86_64/php8/$file); echo $file $csum >> /workdir/openwrt/build_dir/target-x86_64_musl/php-8.4.23/ipkg-x86_64/php8/lib/apk/packages/php8.conffiles_static; done; rm -rf /workdir/openwrt/build_dir/target-x86_64_musl/php-8.4.23/ipkg-x86_64/php8/CONTROL/conffiles; fi
build	Compile debug	2026-09-27T15:45:42.4927746Z if [ -z "$(ls -A /workdir/openwrt/build_dir/target-x86_64_musl/php-8.4.23/ipkg-x86_64/php8/CONTROL 2>/dev/null)" ]; then rm -rf /workdir/openwrt/build_dir/target-x86_64_musl/php-8.4.23/ipkg-x86_64/php8/CONTROL; else echo "CONTROL directory /workdir/openwrt/build_dir/target-x86_64_musl/php-8.4.23/ipkg-x86_64/php8/CONTROL is not empty! This is not right and should be checked!" >&2; exit 1; fi
build	Compile debug	2026-09-27T15:45:42.4977396Z SOURCE_DATE_EPOCH=0 /workdir/openwrt/staging_dir/host/bin/fakeroot /workdir/openwrt/staging_dir/host/bin/apk mkpkg --info "name:php8" --info "version:8.4.23-r1" --info "tags:openwrt:section=lang openwrt:cpe=cpe:/a:php:php" --info "description:PHP is a widely-used general-purpose scripting language that is especially suited for Web development and can be embedded into HTML. This package contains only the PHP config file. You must actually choose your PHP flavour (cli, cgi or fastcgi)." --info "arch:x86_64" --info "license:PHP-3.01" --info "origin:feeds/packages/feeds/packages/lang/php8" --info "url:https://www.php.net/" --info "maintainer:Michael Heimpold <mhei@heimpold.de>" --info "provides:php8-any"  --script "post-install:/workdir/openwrt/build_dir/target-x86_64_musl/php-8.4.23/apk-x86_64/php8/post-install" --script "post-upgrade:/workdir/openwrt/build_dir/target-x86_64_musl/php-8.4.23/apk-x86_64/php8/post-upgrade" --script "pre-deinstall:/workdir/openwrt/build_dir/target-x86_64_musl/php-8.4.23/apk-x86_64/php8/pre-deinstall" --info "depends:libc libpcre2 zlib libxml2-16" --files "/workdir/openwrt/build_dir/target-x86_64_musl/php-8.4.23/ipkg-x86_64/php8" --sign /workdir/openwrt/private-key.pem --output "/workdir/openwrt/bin/packages/x86_64/packages/php8-8.4.23-r1.apk"
build	Compile debug	2026-09-27T15:45:42.5262175Z rm -rf /workdir/openwrt/build_dir/target-x86_64_musl/php-8.4.23/.pkgdir/php8.installed /workdir/openwrt/build_dir/target-x86_64_musl/php-8.4.23/.pkgdir/php8
build	Compile debug	2026-09-27T15:45:42.5296421Z mkdir -p /workdir/openwrt/build_dir/target-x86_64_musl/php-8.4.23/.pkgdir/php8
build	Compile debug	2026-09-27T15:45:42.5324974Z install -d -m0755 /workdir/openwrt/build_dir/target-x86_64_musl/php-8.4.23/.pkgdir/php8/etc
build	Compile debug	2026-09-27T15:45:42.5354365Z install -m0644 ./files/php.ini /workdir/openwrt/build_dir/target-x86_64_musl/php-8.4.23/.pkgdir/php8/etc/
build	Compile debug	2026-09-27T15:45:42.5383668Z touch /workdir/openwrt/build_dir/target-x86_64_musl/php-8.4.23/.pkgdir/php8.installed
build	Compile debug	2026-09-27T15:45:42.5408713Z mkdir -p /workdir/openwrt/staging_dir/target-x86_64_musl/root-x86/stamp
build	Compile debug	2026-09-27T15:45:42.5445453Z SHELL= flock /workdir/openwrt/tmp/.root-copy.flock -c 'cp -fpR /workdir/openwrt/build_dir/target-x86_64_musl/php-8.4.23/.pkgdir/php8/. /workdir/openwrt/staging_dir/target-x86_64_musl/root-x86/'
build	Compile debug	2026-09-27T15:45:42.5489439Z touch /workdir/openwrt/staging_dir/target-x86_64_musl/root-x86/stamp/.php8_installed
build	Compile debug	2026-09-27T15:45:42.5515687Z echo "php8" >> /workdir/openwrt/staging_dir/target-x86_64_musl/pkginfo/php8.default.install
build	Compile debug	2026-09-27T15:45:42.5542941Z rm -rf /workdir/openwrt/tmp/stage-php8
build	Compile debug	2026-09-27T15:45:42.5575193Z mkdir -p /workdir/openwrt/tmp/stage-php8/host /workdir/openwrt/staging_dir/target-x86_64_musl/packages
build	Compile debug	2026-09-27T15:45:42.5605277Z rm -rf /workdir/openwrt/build_dir/target-x86_64_musl/php-8.4.23/staging
build	Compile debug	2026-09-27T15:45:42.5716824Z make -C /workdir/openwrt/build_dir/target-x86_64_musl/php-8.4.23 install INSTALL_ROOT=/workdir/openwrt/build_dir/target-x86_64_musl/php-8.4.23/staging
build	Compile debug	2026-09-27T15:45:42.8198586Z make[4]: Entering directory '/workdir/openwrt/build_dir/target-x86_64_musl/php-8.4.23'
build	Compile debug	2026-09-27T15:45:42.8462430Z Installing shared extensions:     /workdir/openwrt/build_dir/target-x86_64_musl/php-8.4.23/staging/usr/lib/php/extensions/no-debug-non-zts-20240924/
build	Compile debug	2026-09-27T15:45:42.8936135Z Installing PHP CLI binary:        /workdir/openwrt/build_dir/target-x86_64_musl/php-8.4.23/staging/usr/bin/
build	Compile debug	2026-09-27T15:45:42.9905894Z Installing PHP CLI man page:      /workdir/openwrt/build_dir/target-x86_64_musl/php-8.4.23/staging/usr/man/man1/
build	Compile debug	2026-09-27T15:45:43.0444994Z Installing PHP FPM binary:        /workdir/openwrt/build_dir/target-x86_64_musl/php-8.4.23/staging/usr/sbin/
build	Compile debug	2026-09-27T15:45:43.1780033Z Installing PHP FPM defconfig:     /workdir/openwrt/build_dir/target-x86_64_musl/php-8.4.23/staging/etc/
build	Compile debug	2026-09-27T15:45:43.2466181Z Installing PHP FPM man page:      /workdir/openwrt/build_dir/target-x86_64_musl/php-8.4.23/staging/usr/man/man8/
build	Compile debug	2026-09-27T15:45:43.2910333Z Installing PHP FPM status page:   /workdir/openwrt/build_dir/target-x86_64_musl/php-8.4.23/staging/usr/share/fpm/
build	Compile debug	2026-09-27T15:45:43.3368773Z Installing PHP CGI binary:        /workdir/openwrt/build_dir/target-x86_64_musl/php-8.4.23/staging/usr/bin/
build	Compile debug	2026-09-27T15:45:43.4239213Z Installing PHP CGI man page:      /workdir/openwrt/build_dir/target-x86_64_musl/php-8.4.23/staging/usr/man/man1/
build	Compile debug	2026-09-27T15:45:43.4659307Z Installing build environment:     /workdir/openwrt/build_dir/target-x86_64_musl/php-8.4.23/staging/usr/lib/php/build/
build	Compile debug	2026-09-27T15:45:44.9622480Z Installing header files:          /workdir/openwrt/build_dir/target-x86_64_musl/php-8.4.23/staging/usr/include/php/
build	Compile debug	2026-09-27T15:45:48.8623594Z Installing helper programs:       /workdir/openwrt/build_dir/target-x86_64_musl/php-8.4.23/staging/usr/bin/
build	Compile debug	2026-09-27T15:45:48.8810201Z   program: phpize
build	Compile debug	2026-09-27T15:45:48.9046972Z   program: php-config
build	Compile debug	2026-09-27T15:45:48.9288482Z Installing man pages:             /workdir/openwrt/build_dir/target-x86_64_musl/php-8.4.23/staging/usr/man/man1/
build	Compile debug	2026-09-27T15:45:48.9472783Z   page: phpize.1
build	Compile debug	2026-09-27T15:45:48.9699988Z   page: php-config.1
build	Compile debug	2026-09-27T15:45:48.9930158Z make[4]: Leaving directory '/workdir/openwrt/build_dir/target-x86_64_musl/php-8.4.23'
build	Compile debug	2026-09-27T15:45:48.9940516Z rm -rf /workdir/openwrt/build_dir/target-x86_64_musl/php-8.4.23/staging/usr/{share,man,sbin}
build	Compile debug	2026-09-27T15:45:48.9971167Z rm -f /workdir/openwrt/build_dir/target-x86_64_musl/php-8.4.23/staging/usr/bin/{php,php-cgi,php-cli}
build	Compile debug	2026-09-27T15:45:48.9999935Z mv /workdir/openwrt/build_dir/target-x86_64_musl/php-8.4.23/staging/usr/bin/phpize /workdir/openwrt/build_dir/target-x86_64_musl/php-8.4.23/staging/usr/bin/phpize8
build	Compile debug	2026-09-27T15:45:49.0029845Z mv /workdir/openwrt/build_dir/target-x86_64_musl/php-8.4.23/staging/usr/bin/php-config /workdir/openwrt/build_dir/target-x86_64_musl/php-8.4.23/staging/usr/bin/php8-config
build	Compile debug	2026-09-27T15:45:49.0062455Z mv /workdir/openwrt/build_dir/target-x86_64_musl/php-8.4.23/staging/usr/include/php /workdir/openwrt/build_dir/target-x86_64_musl/php-8.4.23/staging/usr/include/php8
build	Compile debug	2026-09-27T15:45:49.0093356Z mv /workdir/openwrt/build_dir/target-x86_64_musl/php-8.4.23/staging/usr/lib/php /workdir/openwrt/build_dir/target-x86_64_musl/php-8.4.23/staging/usr/lib/php8
build	Compile debug	2026-09-27T15:45:49.0124655Z cp -fpR /workdir/openwrt/build_dir/target-x86_64_musl/php-8.4.23/staging/usr /workdir/openwrt/staging_dir/target-x86_64_musl/
build	Compile debug	2026-09-27T15:45:49.0531777Z sed -i -e "s#prefix='/usr'#prefix='/workdir/openwrt/staging_dir/target-x86_64_musl/usr'#" /workdir/openwrt/staging_dir/target-x86_64_musl/usr/bin/phpize8
build	Compile debug	2026-09-27T15:45:49.0561626Z sed -i -e "s#exec_prefix=\"\`eval echo /usr\`\"#exec_prefix='/workdir/openwrt/staging_dir/target-x86_64_musl/usr'#" /workdir/openwrt/staging_dir/target-x86_64_musl/usr/bin/phpize8
build	Compile debug	2026-09-27T15:45:49.0589766Z sed -i -e "s#/include\`/php\"#/include\`/php8\"#" /workdir/openwrt/staging_dir/target-x86_64_musl/usr/bin/phpize8
build	Compile debug	2026-09-27T15:45:49.0618667Z sed -i -e "s#/lib/php\`/build\"#/lib/php8\`/build\"#" /workdir/openwrt/staging_dir/target-x86_64_musl/usr/bin/phpize8
build	Compile debug	2026-09-27T15:45:49.0647004Z sed -i -e "s#prefix=\"/usr\"#prefix=\"/workdir/openwrt/staging_dir/target-x86_64_musl/usr\"#" /workdir/openwrt/staging_dir/target-x86_64_musl/usr/bin/php8-config
build	Compile debug	2026-09-27T15:45:49.0676220Z sed -i -e "s#/include/php\"#/include/php8\"#" /workdir/openwrt/staging_dir/target-x86_64_musl/usr/bin/php8-config
build	Compile debug	2026-09-27T15:45:49.0705794Z find /workdir/openwrt/tmp/stage-php8 -name '*.la' | xargs -r rm -f; 
build	Compile debug	2026-09-27T15:45:49.0738403Z if [ -f /workdir/openwrt/staging_dir/target-x86_64_musl/packages/php8.list ]; then /workdir/openwrt/scripts/clean-package.sh "/workdir/openwrt/staging_dir/target-x86_64_musl/packages/php8.list" "/workdir/openwrt/staging_dir/target-x86_64_musl"; fi
build	Compile debug	2026-09-27T15:45:49.0828777Z if [ -d /workdir/openwrt/tmp/stage-php8 ]; then (cd /workdir/openwrt/tmp/stage-php8; find ./ > /workdir/openwrt/tmp/stage-php8.files); 	SHELL= flock /workdir/openwrt/tmp/.staging-dir.flock -c ' mv /workdir/openwrt/tmp/stage-php8.files /workdir/openwrt/staging_dir/target-x86_64_musl/packages/php8.list && cp -fpR /workdir/openwrt/tmp/stage-php8/* /workdir/openwrt/staging_dir/target-x86_64_musl/; '; fi
build	Compile debug	2026-09-27T15:45:49.0903669Z rm -rf /workdir/openwrt/tmp/stage-php8
build	Compile debug	2026-09-27T15:45:49.0929621Z touch /workdir/openwrt/staging_dir/target-x86_64_musl/stamp/.php8_installed
build	Compile debug	2026-09-27T15:45:49.0955554Z make[3]: Leaving directory '/workdir/openwrt/feeds/packages/lang/php8'
build	Compile debug	2026-09-27T15:45:49.0963440Z time: package/feeds/packages/php8/compile#3.85#4.27#7.75
build	Compile debug	2026-09-27T15:45:49.1384925Z make[3]: Entering directory '/workdir/openwrt/feeds/packages/utils/pigz'
build	Compile debug	2026-09-27T15:45:49.2007266Z mkdir -p /workdir/openwrt/staging_dir/target-x86_64_musl/root-x86/stamp
build	Compile debug	2026-09-27T15:45:49.2043981Z SHELL= flock /workdir/openwrt/tmp/.root-copy.flock -c 'cp -fpR /workdir/openwrt/build_dir/target-x86_64_musl/pigz-2.8/.pkgdir/pigz/. /workdir/openwrt/staging_dir/target-x86_64_musl/root-x86/'
build	Compile debug	2026-09-27T15:45:49.2095573Z touch /workdir/openwrt/staging_dir/target-x86_64_musl/root-x86/stamp/.pigz_installed
build	Compile debug	2026-09-27T15:45:49.2120898Z echo "pigz" >> /workdir/openwrt/staging_dir/target-x86_64_musl/pkginfo/pigz.default.install
build	Compile debug	2026-09-27T15:45:49.2148683Z make[3]: Leaving directory '/workdir/openwrt/feeds/packages/utils/pigz'
build	Compile debug	2026-09-27T15:45:49.2158542Z time: package/feeds/packages/pigz/compile#0.05#0.05#0.11
build	Compile debug	2026-09-27T15:45:49.2584916Z make[3]: Entering directory '/workdir/openwrt/feeds/packages/net/rclone'
build	Compile debug	2026-09-27T15:45:49.4112034Z mkdir -p /workdir/openwrt/staging_dir/target-x86_64_musl/root-x86/stamp
build	Compile debug	2026-09-27T15:45:49.4147290Z SHELL= flock /workdir/openwrt/tmp/.root-copy.flock -c 'cp -fpR /workdir/openwrt/build_dir/target-x86_64_musl/rclone-1.75.0/.pkgdir/rclone/. /workdir/openwrt/staging_dir/target-x86_64_musl/root-x86/'
build	Compile debug	2026-09-27T15:45:49.6698866Z touch /workdir/openwrt/staging_dir/target-x86_64_musl/root-x86/stamp/.rclone_installed
build	Compile debug	2026-09-27T15:45:49.6726563Z echo "rclone" >> /workdir/openwrt/staging_dir/target-x86_64_musl/pkginfo/rclone.default.install
build	Compile debug	2026-09-27T15:45:49.6754096Z make[3]: Leaving directory '/workdir/openwrt/feeds/packages/net/rclone'
build	Compile debug	2026-09-27T15:45:49.6762694Z time: package/feeds/packages/rclone/compile#0.07#0.24#0.45
build	Compile debug	2026-09-27T15:45:49.7198210Z make[3]: Entering directory '/workdir/openwrt/feeds/packages/libs/libffi'
build	Compile debug	2026-09-27T15:45:49.8268950Z make[3]: Leaving directory '/workdir/openwrt/feeds/packages/libs/libffi'
build	Compile debug	2026-09-27T15:45:49.8276170Z time: package/feeds/packages/libffi/compile#0.07#0.06#0.14
build	Compile debug	2026-09-27T15:45:49.8701728Z make[3]: Entering directory '/workdir/openwrt/feeds/packages/libs/yaml'
build	Compile debug	2026-09-27T15:45:49.9554493Z make[3]: Leaving directory '/workdir/openwrt/feeds/packages/libs/yaml'
build	Compile debug	2026-09-27T15:45:49.9562503Z time: package/feeds/packages/yaml/host-compile#0.06#0.04#0.12
build	Compile debug	2026-09-27T15:45:50.0013695Z make[3]: Entering directory '/workdir/openwrt/feeds/packages/lang/ruby'
build	Compile debug	2026-09-27T15:45:50.3046399Z make[3]: Leaving directory '/workdir/openwrt/feeds/packages/lang/ruby'
build	Compile debug	2026-09-27T15:45:50.3054084Z time: package/feeds/packages/ruby/host-compile#0.11#0.18#0.34
build	Compile debug	2026-09-27T15:45:50.3466513Z make[3]: Entering directory '/workdir/openwrt/feeds/packages/lang/ruby'
build	Compile debug	2026-09-27T15:45:50.7350648Z mkdir -p /workdir/openwrt/staging_dir/target-x86_64_musl/root-x86/stamp
build	Compile debug	2026-09-27T15:45:50.7387084Z echo '4.0' | cmp -s - /workdir/openwrt/staging_dir/target-x86_64_musl/pkginfo/libruby.version || { mkdir -p /workdir/openwrt/staging_dir/target-x86_64_musl/pkginfo; echo '4.0' > /workdir/openwrt/staging_dir/target-x86_64_musl/pkginfo/libruby.version;  cp /workdir/openwrt/staging_dir/target-x86_64_musl/pkginfo/libruby.version /workdir/openwrt/staging_dir/target-x86_64_musl/pkginfo/libruby-any.version;  } 
build	Compile debug	2026-09-27T15:45:50.7418082Z SHELL= flock /workdir/openwrt/tmp/.root-copy.flock -c 'cp -fpR /workdir/openwrt/build_dir/target-x86_64_musl/ruby-4.0.2/.pkgdir/libruby/. /workdir/openwrt/staging_dir/target-x86_64_musl/root-x86/'
build	Compile debug	2026-09-27T15:45:50.7530778Z touch /workdir/openwrt/staging_dir/target-x86_64_musl/root-x86/stamp/.libruby_installed
build	Compile debug	2026-09-27T15:45:50.7557222Z echo "libruby" >> /workdir/openwrt/staging_dir/target-x86_64_musl/pkginfo/ruby.default.install
build	Compile debug	2026-09-27T15:45:50.7586740Z mkdir -p /workdir/openwrt/staging_dir/target-x86_64_musl/root-x86/stamp
build	Compile debug	2026-09-27T15:45:50.7620536Z SHELL= flock /workdir/openwrt/tmp/.root-copy.flock -c 'cp -fpR /workdir/openwrt/build_dir/target-x86_64_musl/ruby-4.0.2/.pkgdir/ruby/. /workdir/openwrt/staging_dir/target-x86_64_musl/root-x86/'
build	Compile debug	2026-09-27T15:45:50.7679012Z touch /workdir/openwrt/staging_dir/target-x86_64_musl/root-x86/stamp/.ruby_installed
build	Compile debug	2026-09-27T15:45:50.7704631Z echo "ruby" >> /workdir/openwrt/staging_dir/target-x86_64_musl/pkginfo/ruby.default.install
build	Compile debug	2026-09-27T15:45:50.7730350Z mkdir -p /workdir/openwrt/staging_dir/target-x86_64_musl/root-x86/stamp
build	Compile debug	2026-09-27T15:45:50.7762839Z SHELL= flock /workdir/openwrt/tmp/.root-copy.flock -c 'cp -fpR /workdir/openwrt/build_dir/target-x86_64_musl/ruby-4.0.2/.pkgdir/ruby-bigdecimal/. /workdir/openwrt/staging_dir/target-x86_64_musl/root-x86/'
build	Compile debug	2026-09-27T15:45:50.7877985Z touch /workdir/openwrt/staging_dir/target-x86_64_musl/root-x86/stamp/.ruby-bigdecimal_installed
build	Compile debug	2026-09-27T15:45:50.7904146Z echo "ruby-bigdecimal" >> /workdir/openwrt/staging_dir/target-x86_64_musl/pkginfo/ruby.default.install
build	Compile debug	2026-09-27T15:45:50.7930607Z mkdir -p /workdir/openwrt/staging_dir/target-x86_64_musl/root-x86/stamp
build	Compile debug	2026-09-27T15:45:50.7963314Z SHELL= flock /workdir/openwrt/tmp/.root-copy.flock -c 'cp -fpR /workdir/openwrt/build_dir/target-x86_64_musl/ruby-4.0.2/.pkgdir/ruby-date/. /workdir/openwrt/staging_dir/target-x86_64_musl/root-x86/'
build	Compile debug	2026-09-27T15:45:50.8098455Z touch /workdir/openwrt/staging_dir/target-x86_64_musl/root-x86/stamp/.ruby-date_installed
build	Compile debug	2026-09-27T15:45:50.8124777Z echo "ruby-date" >> /workdir/openwrt/staging_dir/target-x86_64_musl/pkginfo/ruby.default.install
build	Compile debug	2026-09-27T15:45:50.8151983Z mkdir -p /workdir/openwrt/staging_dir/target-x86_64_musl/root-x86/stamp
build	Compile debug	2026-09-27T15:45:50.8184724Z SHELL= flock /workdir/openwrt/tmp/.root-copy.flock -c 'cp -fpR /workdir/openwrt/build_dir/target-x86_64_musl/ruby-4.0.2/.pkgdir/ruby-digest/. /workdir/openwrt/staging_dir/target-x86_64_musl/root-x86/'
build	Compile debug	2026-09-27T15:45:50.8261170Z touch /workdir/openwrt/staging_dir/target-x86_64_musl/root-x86/stamp/.ruby-digest_installed
build	Compile debug	2026-09-27T15:45:50.8288221Z echo "ruby-digest" >> /workdir/openwrt/staging_dir/target-x86_64_musl/pkginfo/ruby.default.install
build	Compile debug	2026-09-27T15:45:50.8315677Z mkdir -p /workdir/openwrt/staging_dir/target-x86_64_musl/root-x86/stamp
build	Compile debug	2026-09-27T15:45:50.8349069Z SHELL= flock /workdir/openwrt/tmp/.root-copy.flock -c 'cp -fpR /workdir/openwrt/build_dir/target-x86_64_musl/ruby-4.0.2/.pkgdir/ruby-enc/. /workdir/openwrt/staging_dir/target-x86_64_musl/root-x86/'
build	Compile debug	2026-09-27T15:45:50.8404677Z touch /workdir/openwrt/staging_dir/target-x86_64_musl/root-x86/stamp/.ruby-enc_installed
build	Compile debug	2026-09-27T15:45:50.8431229Z echo "ruby-enc" >> /workdir/openwrt/staging_dir/target-x86_64_musl/pkginfo/ruby.default.install
build	Compile debug	2026-09-27T15:45:50.8457456Z mkdir -p /workdir/openwrt/staging_dir/target-x86_64_musl/root-x86/stamp
build	Compile debug	2026-09-27T15:45:50.8491750Z SHELL= flock /workdir/openwrt/tmp/.root-copy.flock -c 'cp -fpR /workdir/openwrt/build_dir/target-x86_64_musl/ruby-4.0.2/.pkgdir/ruby-pstore/. /workdir/openwrt/staging_dir/target-x86_64_musl/root-x86/'
build	Compile debug	2026-09-27T15:45:50.8549095Z touch /workdir/openwrt/staging_dir/target-x86_64_musl/root-x86/stamp/.ruby-pstore_installed
build	Compile debug	2026-09-27T15:45:50.8575257Z echo "ruby-pstore" >> /workdir/openwrt/staging_dir/target-x86_64_musl/pkginfo/ruby.default.install
build	Compile debug	2026-09-27T15:45:50.8600744Z mkdir -p /workdir/openwrt/staging_dir/target-x86_64_musl/root-x86/stamp
build	Compile debug	2026-09-27T15:45:50.8633946Z SHELL= flock /workdir/openwrt/tmp/.root-copy.flock -c 'cp -fpR /workdir/openwrt/build_dir/target-x86_64_musl/ruby-4.0.2/.pkgdir/ruby-psych/. /workdir/openwrt/staging_dir/target-x86_64_musl/root-x86/'
build	Compile debug	2026-09-27T15:45:50.8734173Z touch /workdir/openwrt/staging_dir/target-x86_64_musl/root-x86/stamp/.ruby-psych_installed
build	Compile debug	2026-09-27T15:45:50.8761100Z echo "ruby-psych" >> /workdir/openwrt/staging_dir/target-x86_64_musl/pkginfo/ruby.default.install
build	Compile debug	2026-09-27T15:45:50.8788264Z mkdir -p /workdir/openwrt/staging_dir/target-x86_64_musl/root-x86/stamp
build	Compile debug	2026-09-27T15:45:50.8822379Z SHELL= flock /workdir/openwrt/tmp/.root-copy.flock -c 'cp -fpR /workdir/openwrt/build_dir/target-x86_64_musl/ruby-4.0.2/.pkgdir/ruby-stringio/. /workdir/openwrt/staging_dir/target-x86_64_musl/root-x86/'
build	Compile debug	2026-09-27T15:45:50.8871753Z touch /workdir/openwrt/staging_dir/target-x86_64_musl/root-x86/stamp/.ruby-stringio_installed
build	Compile debug	2026-09-27T15:45:50.8896939Z echo "ruby-stringio" >> /workdir/openwrt/staging_dir/target-x86_64_musl/pkginfo/ruby.default.install
build	Compile debug	2026-09-27T15:45:50.8923467Z mkdir -p /workdir/openwrt/staging_dir/target-x86_64_musl/root-x86/stamp
build	Compile debug	2026-09-27T15:45:50.8956123Z SHELL= flock /workdir/openwrt/tmp/.root-copy.flock -c 'cp -fpR /workdir/openwrt/build_dir/target-x86_64_musl/ruby-4.0.2/.pkgdir/ruby-yaml/. /workdir/openwrt/staging_dir/target-x86_64_musl/root-x86/'
build	Compile debug	2026-09-27T15:45:50.9010333Z touch /workdir/openwrt/staging_dir/target-x86_64_musl/root-x86/stamp/.ruby-yaml_installed
build	Compile debug	2026-09-27T15:45:50.9036116Z echo "ruby-yaml" >> /workdir/openwrt/staging_dir/target-x86_64_musl/pkginfo/ruby.default.install
build	Compile debug	2026-09-27T15:45:50.9061743Z make[3]: Leaving directory '/workdir/openwrt/feeds/packages/lang/ruby'
build	Compile debug	2026-09-27T15:45:50.9069964Z time: package/feeds/packages/ruby/compile#0.18#0.32#0.59
build	Compile debug	2026-09-27T15:45:50.9485650Z make[3]: Entering directory '/workdir/openwrt/package/libs/gnulib-l10n'
build	Compile debug	2026-09-27T15:45:51.0336235Z make[3]: Leaving directory '/workdir/openwrt/package/libs/gnulib-l10n'
build	Compile debug	2026-09-27T15:45:51.0343546Z time: package/libs/gnulib-l10n/host-compile#0.07#0.04#0.12
build	Compile debug	2026-09-27T15:45:51.0776121Z make[3]: Entering directory '/workdir/openwrt/package/libs/libunistring'
build	Compile debug	2026-09-27T15:45:51.2477690Z make[3]: Leaving directory '/workdir/openwrt/package/libs/libunistring'
build	Compile debug	2026-09-27T15:45:51.2484738Z time: package/libs/libunistring/host-compile#0.07#0.08#0.20
build	Compile debug	2026-09-27T15:45:51.2902676Z make[3]: Entering directory '/workdir/openwrt/package/libs/gettext-full'
build	Compile debug	2026-09-27T15:45:51.5826954Z make[3]: Leaving directory '/workdir/openwrt/package/libs/gettext-full'
build	Compile debug	2026-09-27T15:45:51.5834433Z time: package/libs/gettext-full/host-compile#0.11#0.15#0.33
build	Compile debug	2026-09-27T15:45:51.6262657Z make[3]: Entering directory '/workdir/openwrt/package/libs/nettle'
build	Compile debug	2026-09-27T15:45:51.7173735Z mkdir -p /workdir/openwrt/staging_dir/target-x86_64_musl/root-x86/stamp
build	Compile debug	2026-09-27T15:45:51.7210292Z echo '8' | cmp -s - /workdir/openwrt/staging_dir/target-x86_64_musl/pkginfo/libnettle.version || { mkdir -p /workdir/openwrt/staging_dir/target-x86_64_musl/pkginfo; echo '8' > /workdir/openwrt/staging_dir/target-x86_64_musl/pkginfo/libnettle.version;  cp /workdir/openwrt/staging_dir/target-x86_64_musl/pkginfo/libnettle.version /workdir/openwrt/staging_dir/target-x86_64_musl/pkginfo/libnettle-any.version;  } 
build	Compile debug	2026-09-27T15:45:51.7241186Z SHELL= flock /workdir/openwrt/tmp/.root-copy.flock -c 'cp -fpR /workdir/openwrt/build_dir/target-x86_64_musl/nettle-3.10.2/.pkgdir/libnettle/. /workdir/openwrt/staging_dir/target-x86_64_musl/root-x86/'
build	Compile debug	2026-09-27T15:45:51.7348124Z touch /workdir/openwrt/staging_dir/target-x86_64_musl/root-x86/stamp/.libnettle_installed
build	Compile debug	2026-09-27T15:45:51.7377908Z echo "libnettle" >> /workdir/openwrt/staging_dir/target-x86_64_musl/pkginfo/nettle.default.install
build	Compile debug	2026-09-27T15:45:51.7405711Z make[3]: Leaving directory '/workdir/openwrt/package/libs/nettle'
build	Compile debug	2026-09-27T15:45:51.7414959Z time: package/libs/nettle/compile#0.06#0.07#0.15
build	Compile debug	2026-09-27T15:45:51.7846630Z make[3]: Entering directory '/workdir/openwrt/feeds/packages/libs/gnutls'
build	Compile debug	2026-09-27T15:45:52.1566463Z make[3]: Leaving directory '/workdir/openwrt/feeds/packages/libs/gnutls'
build	Compile debug	2026-09-27T15:45:52.1574712Z time: package/feeds/packages/gnutls/compile#0.10#0.14#0.41
build	Compile debug	2026-09-27T15:45:52.2012838Z make[3]: Entering directory '/workdir/openwrt/feeds/packages/mail/msmtp'
build	Compile debug	2026-09-27T15:45:52.2199059Z make[3]: Leaving directory '/workdir/openwrt/feeds/packages/mail/msmtp'
build	Compile debug	2026-09-27T15:45:52.2206887Z time: package/feeds/packages/msmtp/ssl/compile#0.03#0.02#0.05
build	Compile debug	2026-09-27T15:45:52.2612486Z make[3]: Entering directory '/workdir/openwrt/feeds/packages/mail/nail'
build	Compile debug	2026-09-27T15:45:52.2795221Z make[3]: Leaving directory '/workdir/openwrt/feeds/packages/mail/nail'
build	Compile debug	2026-09-27T15:45:52.2803147Z time: package/feeds/packages/nail/compile#0.03#0.02#0.05
build	Compile debug	2026-09-27T15:45:52.3228616Z make[3]: Entering directory '/workdir/openwrt/feeds/packages/utils/smartmontools'
build	Compile debug	2026-09-27T15:45:52.3868761Z mkdir -p /workdir/openwrt/staging_dir/target-x86_64_musl/root-x86/stamp
build	Compile debug	2026-09-27T15:45:52.3904297Z SHELL= flock /workdir/openwrt/tmp/.root-copy.flock -c 'cp -fpR /workdir/openwrt/build_dir/target-x86_64_musl/smartmontools-7.5/.pkgdir/smartmontools-drivedb/. /workdir/openwrt/staging_dir/target-x86_64_musl/root-x86/'
build	Compile debug	2026-09-27T15:45:52.3963181Z touch /workdir/openwrt/staging_dir/target-x86_64_musl/root-x86/stamp/.smartmontools-drivedb_installed
build	Compile debug	2026-09-27T15:45:52.3989308Z echo "smartmontools-drivedb" >> /workdir/openwrt/staging_dir/target-x86_64_musl/pkginfo/smartmontools.default.install
build	Compile debug	2026-09-27T15:45:52.4016691Z make[3]: Leaving directory '/workdir/openwrt/feeds/packages/utils/smartmontools'
build	Compile debug	2026-09-27T15:45:52.4025157Z time: package/feeds/packages/smartmontools/compile#0.06#0.04#0.11
build	Compile debug	2026-09-27T15:45:52.4442709Z make[3]: Entering directory '/workdir/openwrt/feeds/packages/net/tailscale'
build	Compile debug	2026-09-27T15:45:52.5952988Z mkdir -p /workdir/openwrt/staging_dir/target-x86_64_musl/root-x86/stamp
build	Compile debug	2026-09-27T15:45:52.5989339Z SHELL= flock /workdir/openwrt/tmp/.root-copy.flock -c 'cp -fpR /workdir/openwrt/build_dir/target-x86_64_musl/tailscale-1.102.2/.pkgdir/tailscale/. /workdir/openwrt/staging_dir/target-x86_64_musl/root-x86/'
build	Compile debug	2026-09-27T15:45:52.7262718Z touch /workdir/openwrt/staging_dir/target-x86_64_musl/root-x86/stamp/.tailscale_installed
build	Compile debug	2026-09-27T15:45:52.7282359Z echo "tailscale" >> /workdir/openwrt/staging_dir/target-x86_64_musl/pkginfo/tailscale.default.install
build	Compile debug	2026-09-27T15:45:52.7347201Z make[3]: Leaving directory '/workdir/openwrt/feeds/packages/net/tailscale'
build	Compile debug	2026-09-27T15:45:52.7369515Z time: package/feeds/packages/tailscale/compile#0.07#0.17#0.32
build	Compile debug	2026-09-27T15:45:52.7957517Z make[3]: Entering directory '/workdir/openwrt/feeds/packages/libs/udns'
build	Compile debug	2026-09-27T15:45:52.9504825Z mkdir -p /workdir/openwrt/staging_dir/target-x86_64_musl/root-x86/stamp
build	Compile debug	2026-09-27T15:45:52.9539989Z SHELL= flock /workdir/openwrt/tmp/.root-copy.flock -c 'cp -fpR /workdir/openwrt/build_dir/target-x86_64_musl/udns-0.4/.pkgdir/libudns/. /workdir/openwrt/staging_dir/target-x86_64_musl/root-x86/'
build	Compile debug	2026-09-27T15:45:52.9596135Z touch /workdir/openwrt/staging_dir/target-x86_64_musl/root-x86/stamp/.libudns_installed
build	Compile debug	2026-09-27T15:45:52.9620809Z echo "libudns" >> /workdir/openwrt/staging_dir/target-x86_64_musl/pkginfo/udns.default.install
build	Compile debug	2026-09-27T15:45:52.9648376Z make[3]: Leaving directory '/workdir/openwrt/feeds/packages/libs/udns'
build	Compile debug	2026-09-27T15:45:52.9656923Z time: package/feeds/packages/udns/compile#0.05#0.08#0.22
build	Compile debug	2026-09-27T15:45:53.0073263Z make[3]: Entering directory '/workdir/openwrt/feeds/packages/utils/unzip'
build	Compile debug	2026-09-27T15:45:53.0775435Z mkdir -p /workdir/openwrt/staging_dir/target-x86_64_musl/root-x86/stamp
build	Compile debug	2026-09-27T15:45:53.0809869Z SHELL= flock /workdir/openwrt/tmp/.root-copy.flock -c 'cp -fpR /workdir/openwrt/build_dir/target-x86_64_musl/unzip-6.0/unzip60/.pkgdir/unzip/. /workdir/openwrt/staging_dir/target-x86_64_musl/root-x86/'
build	Compile debug	2026-09-27T15:45:53.0864602Z touch /workdir/openwrt/staging_dir/target-x86_64_musl/root-x86/stamp/.unzip_installed
build	Compile debug	2026-09-27T15:45:53.0889150Z echo "unzip" >> /workdir/openwrt/staging_dir/target-x86_64_musl/pkginfo/unzip.default.install
build	Compile debug	2026-09-27T15:45:53.0917070Z make[3]: Leaving directory '/workdir/openwrt/feeds/packages/utils/unzip'
build	Compile debug	2026-09-27T15:45:53.0925682Z time: package/feeds/packages/unzip/compile#0.05#0.06#0.12
build	Compile debug	2026-09-27T15:45:53.1335346Z make[3]: Entering directory '/workdir/openwrt/feeds/packages/utils/xfsprogs'
build	Compile debug	2026-09-27T15:45:53.2288360Z mkdir -p /workdir/openwrt/staging_dir/target-x86_64_musl/root-x86/stamp
build	Compile debug	2026-09-27T15:45:53.2322603Z SHELL= flock /workdir/openwrt/tmp/.root-copy.flock -c 'cp -fpR /workdir/openwrt/build_dir/target-x86_64_musl/xfsprogs-6.19.0/.pkgdir/xfs-mkfs/. /workdir/openwrt/staging_dir/target-x86_64_musl/root-x86/'
build	Compile debug	2026-09-27T15:45:53.2381285Z touch /workdir/openwrt/staging_dir/target-x86_64_musl/root-x86/stamp/.xfs-mkfs_installed
build	Compile debug	2026-09-27T15:45:53.2406547Z echo "xfs-mkfs" >> /workdir/openwrt/staging_dir/target-x86_64_musl/pkginfo/xfsprogs.default.install
build	Compile debug	2026-09-27T15:45:53.2431839Z mkdir -p /workdir/openwrt/staging_dir/target-x86_64_musl/root-x86/stamp
build	Compile debug	2026-09-27T15:45:53.2464014Z SHELL= flock /workdir/openwrt/tmp/.root-copy.flock -c 'cp -fpR /workdir/openwrt/build_dir/target-x86_64_musl/xfsprogs-6.19.0/.pkgdir/xfs-fsck/. /workdir/openwrt/staging_dir/target-x86_64_musl/root-x86/'
build	Compile debug	2026-09-27T15:45:53.2545518Z touch /workdir/openwrt/staging_dir/target-x86_64_musl/root-x86/stamp/.xfs-fsck_installed
build	Compile debug	2026-09-27T15:45:53.2571076Z echo "xfs-fsck" >> /workdir/openwrt/staging_dir/target-x86_64_musl/pkginfo/xfsprogs.default.install
build	Compile debug	2026-09-27T15:45:53.2595390Z make[3]: Leaving directory '/workdir/openwrt/feeds/packages/utils/xfsprogs'
build	Compile debug	2026-09-27T15:45:53.2603963Z time: package/feeds/packages/xfsprogs/compile#0.06#0.08#0.16
build	Compile debug	2026-09-27T15:45:53.2729758Z make[3]: Entering directory '/workdir/openwrt/package/helloworld/mihomo'
build	Compile debug	2026-09-27T15:45:53.4005375Z mkdir -p /workdir/openwrt/staging_dir/target-x86_64_musl/root-x86/stamp
build	Compile debug	2026-09-27T15:45:53.4041663Z SHELL= flock /workdir/openwrt/tmp/.root-copy.flock -c 'cp -fpR /workdir/openwrt/build_dir/target-x86_64_musl/mihomo-1.19.30/.pkgdir/mihomo/. /workdir/openwrt/staging_dir/target-x86_64_musl/root-x86/'
build	Compile debug	2026-09-27T15:45:53.5370840Z touch /workdir/openwrt/staging_dir/target-x86_64_musl/root-x86/stamp/.mihomo_installed
build	Compile debug	2026-09-27T15:45:53.5399111Z echo "mihomo" >> /workdir/openwrt/staging_dir/target-x86_64_musl/pkginfo/mihomo.default.install
build	Compile debug	2026-09-27T15:45:53.5429946Z make[3]: Leaving directory '/workdir/openwrt/package/helloworld/mihomo'
build	Compile debug	2026-09-27T15:45:53.5440822Z time: package/helloworld/mihomo/compile#0.06#0.10#0.27
build	Compile debug	2026-09-27T15:45:53.5582121Z make[3]: Entering directory '/workdir/openwrt/package/kernel/button-hotplug'
build	Compile debug	2026-09-27T15:45:53.7779650Z mkdir -p /workdir/openwrt/staging_dir/target-x86_64_musl/root-x86/stamp
build	Compile debug	2026-09-27T15:45:53.7815820Z SHELL= flock /workdir/openwrt/tmp/.root-copy.flock -c 'cp -fpR /workdir/openwrt/build_dir/target-x86_64_musl/linux-x86_64/button-hotplug/.pkgdir/kmod-button-hotplug/. /workdir/openwrt/staging_dir/target-x86_64_musl/root-x86/'
build	Compile debug	2026-09-27T15:45:53.7873598Z touch /workdir/openwrt/staging_dir/target-x86_64_musl/root-x86/stamp/.kmod-button-hotplug_installed
build	Compile debug	2026-09-27T15:45:53.7898875Z echo "kmod-button-hotplug" >> /workdir/openwrt/staging_dir/target-x86_64_musl/pkginfo/button-hotplug.default.install
build	Compile debug	2026-09-27T15:45:53.7927473Z make[3]: Leaving directory '/workdir/openwrt/package/kernel/button-hotplug'
build	Compile debug	2026-09-27T15:45:53.7936578Z time: package/kernel/button-hotplug/compile#0.17#0.07#0.24
build	Compile debug	2026-09-27T15:45:53.8062527Z make[3]: Entering directory '/workdir/openwrt/package/kernel/r8101'
build	Compile debug	2026-09-27T15:45:53.9145784Z mkdir -p /workdir/openwrt/staging_dir/target-x86_64_musl/root-x86/stamp
build	Compile debug	2026-09-27T15:45:53.9182218Z SHELL= flock /workdir/openwrt/tmp/.root-copy.flock -c 'cp -fpR /workdir/openwrt/build_dir/target-x86_64_musl/linux-x86_64/r8101-1.039.00/.pkgdir/kmod-r8101/. /workdir/openwrt/staging_dir/target-x86_64_musl/root-x86/'
build	Compile debug	2026-09-27T15:45:53.9324837Z touch /workdir/openwrt/staging_dir/target-x86_64_musl/root-x86/stamp/.kmod-r8101_installed
build	Compile debug	2026-09-27T15:45:53.9353812Z echo "kmod-r8101" >> /workdir/openwrt/staging_dir/target-x86_64_musl/pkginfo/r8101.default.install
build	Compile debug	2026-09-27T15:45:53.9381935Z make[3]: Leaving directory '/workdir/openwrt/package/kernel/r8101'
build	Compile debug	2026-09-27T15:45:53.9392167Z time: package/kernel/r8101/compile#0.07#0.06#0.14
build	Compile debug	2026-09-27T15:45:53.9527439Z make[3]: Entering directory '/workdir/openwrt/package/kernel/r8125'
build	Compile debug	2026-09-27T15:45:54.0656853Z mkdir -p /workdir/openwrt/staging_dir/target-x86_64_musl/root-x86/stamp
build	Compile debug	2026-09-27T15:45:54.0697032Z SHELL= flock /workdir/openwrt/tmp/.root-copy.flock -c 'cp -fpR /workdir/openwrt/build_dir/target-x86_64_musl/linux-x86_64/r8125-9.016.01/.pkgdir/kmod-r8125/. /workdir/openwrt/staging_dir/target-x86_64_musl/root-x86/'
build	Compile debug	2026-09-27T15:45:54.0807274Z touch /workdir/openwrt/staging_dir/target-x86_64_musl/root-x86/stamp/.kmod-r8125_installed
build	Compile debug	2026-09-27T15:45:54.0838773Z echo "kmod-r8125" >> /workdir/openwrt/staging_dir/target-x86_64_musl/pkginfo/r8125.default.install
build	Compile debug	2026-09-27T15:45:54.0869577Z make[3]: Leaving directory '/workdir/openwrt/package/kernel/r8125'
build	Compile debug	2026-09-27T15:45:54.0879615Z time: package/kernel/r8125/compile#0.07#0.06#0.14
build	Compile debug	2026-09-27T15:45:54.1011525Z make[3]: Entering directory '/workdir/openwrt/package/kernel/r8126'
build	Compile debug	2026-09-27T15:45:54.2129535Z mkdir -p /workdir/openwrt/staging_dir/target-x86_64_musl/root-x86/stamp
build	Compile debug	2026-09-27T15:45:54.2166368Z SHELL= flock /workdir/openwrt/tmp/.root-copy.flock -c 'cp -fpR /workdir/openwrt/build_dir/target-x86_64_musl/linux-x86_64/r8126-10.016.00/.pkgdir/kmod-r8126/. /workdir/openwrt/staging_dir/target-x86_64_musl/root-x86/'
build	Compile debug	2026-09-27T15:45:54.2238931Z touch /workdir/openwrt/staging_dir/target-x86_64_musl/root-x86/stamp/.kmod-r8126_installed
build	Compile debug	2026-09-27T15:45:54.2265540Z echo "kmod-r8126" >> /workdir/openwrt/staging_dir/target-x86_64_musl/pkginfo/r8126.default.install
build	Compile debug	2026-09-27T15:45:54.2293583Z make[3]: Leaving directory '/workdir/openwrt/package/kernel/r8126'
build	Compile debug	2026-09-27T15:45:54.2302247Z time: package/kernel/r8126/compile#0.07#0.06#0.13
build	Compile debug	2026-09-27T15:45:54.2429333Z make[3]: Entering directory '/workdir/openwrt/package/kernel/r8152'
build	Compile debug	2026-09-27T15:45:54.3529798Z mkdir -p /workdir/openwrt/staging_dir/target-x86_64_musl/root-x86/stamp
build	Compile debug	2026-09-27T15:45:54.3567443Z SHELL= flock /workdir/openwrt/tmp/.root-copy.flock -c 'cp -fpR /workdir/openwrt/build_dir/target-x86_64_musl/linux-x86_64/r8152-v2.22.1/.pkgdir/kmod-usb-net-rtl8152-vendor/. /workdir/openwrt/staging_dir/target-x86_64_musl/root-x86/'
build	Compile debug	2026-09-27T15:45:54.3680259Z touch /workdir/openwrt/staging_dir/target-x86_64_musl/root-x86/stamp/.kmod-usb-net-rtl8152-vendor_installed
build	Compile debug	2026-09-27T15:45:54.3710801Z echo "kmod-usb-net-rtl8152-vendor" >> /workdir/openwrt/staging_dir/target-x86_64_musl/pkginfo/r8152.default.install
build	Compile debug	2026-09-27T15:45:54.3744802Z make[3]: Leaving directory '/workdir/openwrt/package/kernel/r8152'
build	Compile debug	2026-09-27T15:45:54.3756469Z time: package/kernel/r8152/compile#0.06#0.07#0.14
build	Compile debug	2026-09-27T15:45:54.3889653Z make[3]: Entering directory '/workdir/openwrt/package/kernel/r8168'
build	Compile debug	2026-09-27T15:45:54.5213412Z mkdir -p /workdir/openwrt/staging_dir/target-x86_64_musl/root-x86/stamp
build	Compile debug	2026-09-27T15:45:54.5254632Z SHELL= flock /workdir/openwrt/tmp/.root-copy.flock -c 'cp -fpR /workdir/openwrt/build_dir/target-x86_64_musl/linux-x86_64/r8168-8.056.02/.pkgdir/kmod-r8168/. /workdir/openwrt/staging_dir/target-x86_64_musl/root-x86/'
build	Compile debug	2026-09-27T15:45:54.5402101Z touch /workdir/openwrt/staging_dir/target-x86_64_musl/root-x86/stamp/.kmod-r8168_installed
build	Compile debug	2026-09-27T15:45:54.5430309Z echo "kmod-r8168" >> /workdir/openwrt/staging_dir/target-x86_64_musl/pkginfo/r8168.default.install
build	Compile debug	2026-09-27T15:45:54.5476798Z make[3]: Leaving directory '/workdir/openwrt/package/kernel/r8168'
build	Compile debug	2026-09-27T15:45:54.5484432Z time: package/kernel/r8168/compile#0.07#0.07#0.16
build	Compile debug	2026-09-27T15:45:54.6170904Z make[3]: Entering directory '/workdir/openwrt/package/libs/argp-standalone'
build	Compile debug	2026-09-27T15:45:54.7134176Z make[3]: Leaving directory '/workdir/openwrt/package/libs/argp-standalone'
build	Compile debug	2026-09-27T15:45:54.7141189Z time: package/libs/argp-standalone/compile#0.08#0.07#0.15
build	Compile debug	2026-09-27T15:45:54.7550005Z make[3]: Entering directory '/workdir/openwrt/package/libs/elfutils'
build	Compile debug	2026-09-27T15:45:54.8735935Z mkdir -p /workdir/openwrt/staging_dir/target-x86_64_musl/root-x86/stamp
build	Compile debug	2026-09-27T15:45:54.8770986Z echo '1' | cmp -s - /workdir/openwrt/staging_dir/target-x86_64_musl/pkginfo/libelf.version || { mkdir -p /workdir/openwrt/staging_dir/target-x86_64_musl/pkginfo; echo '1' > /workdir/openwrt/staging_dir/target-x86_64_musl/pkginfo/libelf.version;  cp /workdir/openwrt/staging_dir/target-x86_64_musl/pkginfo/libelf.version /workdir/openwrt/staging_dir/target-x86_64_musl/pkginfo/libelf-any.version;  } 
build	Compile debug	2026-09-27T15:45:54.8802648Z SHELL= flock /workdir/openwrt/tmp/.root-copy.flock -c 'cp -fpR /workdir/openwrt/build_dir/target-x86_64_musl/elfutils-0.195/.pkgdir/libelf/. /workdir/openwrt/staging_dir/target-x86_64_musl/root-x86/'
build	Compile debug	2026-09-27T15:45:54.8858388Z touch /workdir/openwrt/staging_dir/target-x86_64_musl/root-x86/stamp/.libelf_installed
build	Compile debug	2026-09-27T15:45:54.8884442Z echo "libelf" >> /workdir/openwrt/staging_dir/target-x86_64_musl/pkginfo/elfutils.default.install
build	Compile debug	2026-09-27T15:45:54.8911161Z make[3]: Leaving directory '/workdir/openwrt/package/libs/elfutils'
build	Compile debug	2026-09-27T15:45:54.8919213Z time: package/libs/elfutils/compile#0.07#0.07#0.17
build	Compile debug	2026-09-27T15:45:54.9332637Z make[3]: Entering directory '/workdir/openwrt/package/libs/libbpf'
build	Compile debug	2026-09-27T15:45:55.0001781Z mkdir -p /workdir/openwrt/staging_dir/target-x86_64_musl/root-x86/stamp
build	Compile debug	2026-09-27T15:45:55.0038717Z echo '1' | cmp -s - /workdir/openwrt/staging_dir/target-x86_64_musl/pkginfo/libbpf.version || { mkdir -p /workdir/openwrt/staging_dir/target-x86_64_musl/pkginfo; echo '1' > /workdir/openwrt/staging_dir/target-x86_64_musl/pkginfo/libbpf.version;  cp /workdir/openwrt/staging_dir/target-x86_64_musl/pkginfo/libbpf.version /workdir/openwrt/staging_dir/target-x86_64_musl/pkginfo/libbpf-any.version;  } 
build	Compile debug	2026-09-27T15:45:55.0071675Z SHELL= flock /workdir/openwrt/tmp/.root-copy.flock -c 'cp -fpR /workdir/openwrt/build_dir/target-x86_64_musl/libbpf-1.7.0/.pkgdir/libbpf/. /workdir/openwrt/staging_dir/target-x86_64_musl/root-x86/'
build	Compile debug	2026-09-27T15:45:55.0125849Z touch /workdir/openwrt/staging_dir/target-x86_64_musl/root-x86/stamp/.libbpf_installed
build	Compile debug	2026-09-27T15:45:55.0151621Z echo "libbpf" >> /workdir/openwrt/staging_dir/target-x86_64_musl/pkginfo/libbpf.default.install
build	Compile debug	2026-09-27T15:45:55.0180613Z make[3]: Leaving directory '/workdir/openwrt/package/libs/libbpf'
build	Compile debug	2026-09-27T15:45:55.0188709Z time: package/libs/libbpf/compile#0.04#0.07#0.12
build	Compile debug	2026-09-27T15:45:55.0600145Z make[3]: Entering directory '/workdir/openwrt/package/libs/libnfnetlink'
build	Compile debug	2026-09-27T15:45:55.1239513Z mkdir -p /workdir/openwrt/staging_dir/target-x86_64_musl/root-x86/stamp
build	Compile debug	2026-09-27T15:45:55.1280508Z echo '0' | cmp -s - /workdir/openwrt/staging_dir/target-x86_64_musl/pkginfo/libnfnetlink.version || { mkdir -p /workdir/openwrt/staging_dir/target-x86_64_musl/pkginfo; echo '0' > /workdir/openwrt/staging_dir/target-x86_64_musl/pkginfo/libnfnetlink.version;  cp /workdir/openwrt/staging_dir/target-x86_64_musl/pkginfo/libnfnetlink.version /workdir/openwrt/staging_dir/target-x86_64_musl/pkginfo/libnfnetlink-any.version;  } 
build	Compile debug	2026-09-27T15:45:55.1315210Z SHELL= flock /workdir/openwrt/tmp/.root-copy.flock -c 'cp -fpR /workdir/openwrt/build_dir/target-x86_64_musl/libnfnetlink-1.0.2/.pkgdir/libnfnetlink/. /workdir/openwrt/staging_dir/target-x86_64_musl/root-x86/'
build	Compile debug	2026-09-27T15:45:55.1365127Z touch /workdir/openwrt/staging_dir/target-x86_64_musl/root-x86/stamp/.libnfnetlink_installed
build	Compile debug	2026-09-27T15:45:55.1390955Z echo "libnfnetlink" >> /workdir/openwrt/staging_dir/target-x86_64_musl/pkginfo/libnfnetlink.default.install
build	Compile debug	2026-09-27T15:45:55.1419402Z make[3]: Leaving directory '/workdir/openwrt/package/libs/libnfnetlink'
build	Compile debug	2026-09-27T15:45:55.1427365Z time: package/libs/libnfnetlink/compile#0.05#0.06#0.11
build	Compile debug	2026-09-27T15:45:55.1833033Z make[3]: Entering directory '/workdir/openwrt/package/libs/libnetfilter-conntrack'
build	Compile debug	2026-09-27T15:45:55.2563983Z mkdir -p /workdir/openwrt/staging_dir/target-x86_64_musl/root-x86/stamp
build	Compile debug	2026-09-27T15:45:55.2600010Z echo '3' | cmp -s - /workdir/openwrt/staging_dir/target-x86_64_musl/pkginfo/libnetfilter-conntrack.version || { mkdir -p /workdir/openwrt/staging_dir/target-x86_64_musl/pkginfo; echo '3' > /workdir/openwrt/staging_dir/target-x86_64_musl/pkginfo/libnetfilter-conntrack.version;  cp /workdir/openwrt/staging_dir/target-x86_64_musl/pkginfo/libnetfilter-conntrack.version /workdir/openwrt/staging_dir/target-x86_64_musl/pkginfo/libnetfilter-conntrack-any.version;  } 
build	Compile debug	2026-09-27T15:45:55.2630875Z SHELL= flock /workdir/openwrt/tmp/.root-copy.flock -c 'cp -fpR /workdir/openwrt/build_dir/target-x86_64_musl/libnetfilter_conntrack-1.1.0/.pkgdir/libnetfilter-conntrack/. /workdir/openwrt/staging_dir/target-x86_64_musl/root-x86/'
build	Compile debug	2026-09-27T15:45:55.2687651Z touch /workdir/openwrt/staging_dir/target-x86_64_musl/root-x86/stamp/.libnetfilter-conntrack_installed
build	Compile debug	2026-09-27T15:45:55.2712689Z echo "libnetfilter-conntrack" >> /workdir/openwrt/staging_dir/target-x86_64_musl/pkginfo/libnetfilter-conntrack.default.install
build	Compile debug	2026-09-27T15:45:55.2740092Z make[3]: Leaving directory '/workdir/openwrt/package/libs/libnetfilter-conntrack'
build	Compile debug	2026-09-27T15:45:55.2748358Z time: package/libs/libnetfilter-conntrack/compile#0.05#0.06#0.12
build	Compile debug	2026-09-27T15:45:55.3161673Z make[3]: Entering directory '/workdir/openwrt/package/luci-app-adguardhome'
build	Compile debug	2026-09-27T15:45:55.3836358Z mkdir -p /workdir/openwrt/staging_dir/target-x86_64_musl/root-x86/stamp
build	Compile debug	2026-09-27T15:45:55.3873877Z SHELL= flock /workdir/openwrt/tmp/.root-copy.flock -c 'cp -fpR /workdir/openwrt/build_dir/target-x86_64_musl/luci-app-adguardhome/.pkgdir/luci-app-adguardhome/. /workdir/openwrt/staging_dir/target-x86_64_musl/root-x86/'
build	Compile debug	2026-09-27T15:45:55.4012711Z touch /workdir/openwrt/staging_dir/target-x86_64_musl/root-x86/stamp/.luci-app-adguardhome_installed
build	Compile debug	2026-09-27T15:45:55.4041419Z echo "luci-app-adguardhome" >> /workdir/openwrt/staging_dir/target-x86_64_musl/pkginfo/luci-app-adguardhome.default.install
build	Compile debug	2026-09-27T15:45:55.4069787Z mkdir -p /workdir/openwrt/staging_dir/target-x86_64_musl/root-x86/stamp
build	Compile debug	2026-09-27T15:45:55.4105963Z SHELL= flock /workdir/openwrt/tmp/.root-copy.flock -c 'cp -fpR /workdir/openwrt/build_dir/target-x86_64_musl/luci-app-adguardhome/.pkgdir/luci-i18n-adguardhome-zh-cn/. /workdir/openwrt/staging_dir/target-x86_64_musl/root-x86/'
build	Compile debug	2026-09-27T15:45:55.4160692Z touch /workdir/openwrt/staging_dir/target-x86_64_musl/root-x86/stamp/.luci-i18n-adguardhome-zh-cn_installed
build	Compile debug	2026-09-27T15:45:55.4187025Z echo "luci-i18n-adguardhome-zh-cn" >> /workdir/openwrt/staging_dir/target-x86_64_musl/pkginfo/luci-app-adguardhome.default.install
build	Compile debug	2026-09-27T15:45:55.4213955Z make[3]: Leaving directory '/workdir/openwrt/package/luci-app-adguardhome'
build	Compile debug	2026-09-27T15:45:55.4222111Z time: package/luci-app-adguardhome/compile#0.07#0.06#0.14
build	Compile debug	2026-09-27T15:45:55.4636970Z make[3]: Entering directory '/workdir/openwrt/package/luci-app-argon-config'
build	Compile debug	2026-09-27T15:45:55.5527933Z mkdir -p /workdir/openwrt/staging_dir/target-x86_64_musl/root-x86/stamp
build	Compile debug	2026-09-27T15:45:55.5562726Z SHELL= flock /workdir/openwrt/tmp/.root-copy.flock -c 'cp -fpR /workdir/openwrt/build_dir/target-x86_64_musl/luci-app-argon-config/.pkgdir/luci-app-argon-config/. /workdir/openwrt/staging_dir/target-x86_64_musl/root-x86/'
build	Compile debug	2026-09-27T15:45:55.5628030Z touch /workdir/openwrt/staging_dir/target-x86_64_musl/root-x86/stamp/.luci-app-argon-config_installed
build	Compile debug	2026-09-27T15:45:55.5654831Z echo "luci-app-argon-config" >> /workdir/openwrt/staging_dir/target-x86_64_musl/pkginfo/luci-app-argon-config.default.install
build	Compile debug	2026-09-27T15:45:55.5681807Z mkdir -p /workdir/openwrt/staging_dir/target-x86_64_musl/root-x86/stamp
build	Compile debug	2026-09-27T15:45:55.5714763Z SHELL= flock /workdir/openwrt/tmp/.root-copy.flock -c 'cp -fpR /workdir/openwrt/build_dir/target-x86_64_musl/luci-app-argon-config/.pkgdir/luci-i18n-argon-config-zh-cn/. /workdir/openwrt/staging_dir/target-x86_64_musl/root-x86/'
build	Compile debug	2026-09-27T15:45:55.5766776Z touch /workdir/openwrt/staging_dir/target-x86_64_musl/root-x86/stamp/.luci-i18n-argon-config-zh-cn_installed
build	Compile debug	2026-09-27T15:45:55.5791780Z echo "luci-i18n-argon-config-zh-cn" >> /workdir/openwrt/staging_dir/target-x86_64_musl/pkginfo/luci-app-argon-config.default.install
build	Compile debug	2026-09-27T15:45:55.5816373Z make[3]: Leaving directory '/workdir/openwrt/package/luci-app-argon-config'
build	Compile debug	2026-09-27T15:45:55.5823922Z time: package/luci-app-argon-config/compile#0.07#0.07#0.15
build	Compile debug	2026-09-27T15:45:55.6226815Z make[3]: Entering directory '/workdir/openwrt/package/luci-app-filebrowser'
build	Compile debug	2026-09-27T15:45:55.6959718Z mkdir -p /workdir/openwrt/staging_dir/target-x86_64_musl/root-x86/stamp
build	Compile debug	2026-09-27T15:45:55.6995337Z SHELL= flock /workdir/openwrt/tmp/.root-copy.flock -c 'cp -fpR /workdir/openwrt/build_dir/target-x86_64_musl/luci-app-filebrowser/.pkgdir/luci-app-filebrowser/. /workdir/openwrt/staging_dir/target-x86_64_musl/root-x86/'
build	Compile debug	2026-09-27T15:45:55.7064824Z touch /workdir/openwrt/staging_dir/target-x86_64_musl/root-x86/stamp/.luci-app-filebrowser_installed
build	Compile debug	2026-09-27T15:45:55.7090128Z echo "luci-app-filebrowser" >> /workdir/openwrt/staging_dir/target-x86_64_musl/pkginfo/luci-app-filebrowser.default.install
build	Compile debug	2026-09-27T15:45:55.7117896Z mkdir -p /workdir/openwrt/staging_dir/target-x86_64_musl/root-x86/stamp
build	Compile debug	2026-09-27T15:45:55.7152090Z SHELL= flock /workdir/openwrt/tmp/.root-copy.flock -c 'cp -fpR /workdir/openwrt/build_dir/target-x86_64_musl/luci-app-filebrowser/.pkgdir/luci-i18n-filebrowser-zh-cn/. /workdir/openwrt/staging_dir/target-x86_64_musl/root-x86/'
build	Compile debug	2026-09-27T15:45:55.7202686Z touch /workdir/openwrt/staging_dir/target-x86_64_musl/root-x86/stamp/.luci-i18n-filebrowser-zh-cn_installed
build	Compile debug	2026-09-27T15:45:55.7228021Z echo "luci-i18n-filebrowser-zh-cn" >> /workdir/openwrt/staging_dir/target-x86_64_musl/pkginfo/luci-app-filebrowser.default.install
build	Compile debug	2026-09-27T15:45:55.7252894Z make[3]: Leaving directory '/workdir/openwrt/package/luci-app-filebrowser'
build	Compile debug	2026-09-27T15:45:55.7260301Z time: package/luci-app-filebrowser/compile#0.06#0.07#0.13
build	Compile debug	2026-09-27T15:45:55.7670993Z make[3]: Entering directory '/workdir/openwrt/package/openwrt-passwall-packages/sing-box'
build	Compile debug	2026-09-27T15:45:55.8692048Z mkdir -p /workdir/openwrt/staging_dir/target-x86_64_musl/root-x86/stamp
build	Compile debug	2026-09-27T15:45:55.8728534Z SHELL= flock /workdir/openwrt/tmp/.root-copy.flock -c 'cp -fpR /workdir/openwrt/build_dir/target-x86_64_musl/sing-box-1.14.2/.pkgdir/sing-box/. /workdir/openwrt/staging_dir/target-x86_64_musl/root-x86/'
build	Compile debug	2026-09-27T15:45:56.0620964Z touch /workdir/openwrt/staging_dir/target-x86_64_musl/root-x86/stamp/.sing-box_installed
build	Compile debug	2026-09-27T15:45:56.0654483Z echo "sing-box" >> /workdir/openwrt/staging_dir/target-x86_64_musl/pkginfo/sing-box.default.install
build	Compile debug	2026-09-27T15:45:56.0683324Z make[3]: Leaving directory '/workdir/openwrt/package/openwrt-passwall-packages/sing-box'
build	Compile debug	2026-09-27T15:45:56.0693771Z time: package/openwrt-passwall-packages/sing-box/compile#0.06#0.18#0.33
build	Compile debug	2026-09-27T15:45:56.1153672Z make[3]: Entering directory '/workdir/openwrt/package/luci-app-homeproxy'
build	Compile debug	2026-09-27T15:45:56.3104086Z mkdir -p /workdir/openwrt/staging_dir/target-x86_64_musl/root-x86/stamp
build	Compile debug	2026-09-27T15:45:56.3141191Z SHELL= flock /workdir/openwrt/tmp/.root-copy.flock -c 'cp -fpR /workdir/openwrt/build_dir/target-x86_64_musl/luci-app-homeproxy/.pkgdir/luci-app-homeproxy/. /workdir/openwrt/staging_dir/target-x86_64_musl/root-x86/'
build	Compile debug	2026-09-27T15:45:56.3296742Z touch /workdir/openwrt/staging_dir/target-x86_64_musl/root-x86/stamp/.luci-app-homeproxy_installed
build	Compile debug	2026-09-27T15:45:56.3323943Z echo "luci-app-homeproxy" >> /workdir/openwrt/staging_dir/target-x86_64_musl/pkginfo/luci-app-homeproxy.default.install
build	Compile debug	2026-09-27T15:45:56.3353831Z mkdir -p /workdir/openwrt/staging_dir/target-x86_64_musl/root-x86/stamp
build	Compile debug	2026-09-27T15:45:56.3389142Z SHELL= flock /workdir/openwrt/tmp/.root-copy.flock -c 'cp -fpR /workdir/openwrt/build_dir/target-x86_64_musl/luci-app-homeproxy/.pkgdir/luci-i18n-homeproxy-zh-cn/. /workdir/openwrt/staging_dir/target-x86_64_musl/root-x86/'
build	Compile debug	2026-09-27T15:45:56.3442503Z touch /workdir/openwrt/staging_dir/target-x86_64_musl/root-x86/stamp/.luci-i18n-homeproxy-zh-cn_installed
build	Compile debug	2026-09-27T15:45:56.3468550Z echo "luci-i18n-homeproxy-zh-cn" >> /workdir/openwrt/staging_dir/target-x86_64_musl/pkginfo/luci-app-homeproxy.default.install
build	Compile debug	2026-09-27T15:45:56.3496873Z make[3]: Leaving directory '/workdir/openwrt/package/luci-app-homeproxy'
build	Compile debug	2026-09-27T15:45:56.3506584Z time: package/luci-app-homeproxy/compile#0.09#0.18#0.27
build	Compile debug	2026-09-27T15:45:56.3954485Z make[3]: Entering directory '/workdir/openwrt/package/mosdns'
build	Compile debug	2026-09-27T15:45:56.4666656Z mkdir -p /workdir/openwrt/staging_dir/target-x86_64_musl/root-x86/stamp
build	Compile debug	2026-09-27T15:45:56.4702796Z SHELL= flock /workdir/openwrt/tmp/.root-copy.flock -c 'cp -fpR /workdir/openwrt/build_dir/target-x86_64_musl/mosdns-5.3.4/.pkgdir/mosdns/. /workdir/openwrt/staging_dir/target-x86_64_musl/root-x86/'
build	Compile debug	2026-09-27T15:45:56.5352439Z touch /workdir/openwrt/staging_dir/target-x86_64_musl/root-x86/stamp/.mosdns_installed
build	Compile debug	2026-09-27T15:45:56.5380281Z echo "mosdns" >> /workdir/openwrt/staging_dir/target-x86_64_musl/pkginfo/mosdns.default.install
build	Compile debug	2026-09-27T15:45:56.5413137Z make[3]: Leaving directory '/workdir/openwrt/package/mosdns'
build	Compile debug	2026-09-27T15:45:56.5423751Z time: package/mosdns/compile#0.05#0.10#0.18
build	Compile debug	2026-09-27T15:45:56.5878269Z make[3]: Entering directory '/workdir/openwrt/package/openwrt-passwall-packages/v2ray-geodata'
build	Compile debug	2026-09-27T15:45:56.7243200Z touch /workdir/openwrt/build_dir/target-x86_64_musl/v2ray-geodata/.prepared_60ef14997ca26fe3984bb44238e1e417_6664517399ebbbc92a37c5bb081b5c53_check
build	Compile debug	2026-09-27T15:45:56.7267219Z true
build	Compile debug	2026-09-27T15:45:56.7287278Z find /workdir/openwrt/build_dir/target-x86_64_musl/v2ray-geodata -mindepth 1 -type f -not -name '.*' -not -name 'version.date' -printf '%T@\n' 2>/dev/null | cut -d. -f1 | sort -n | tail -n1 > /workdir/openwrt/build_dir/target-x86_64_musl/v2ray-geodata/version.date
build	Compile debug	2026-09-27T15:45:56.7323782Z [ ! -d ./src/ ] || cp -fpR ./src/. /workdir/openwrt/build_dir/target-x86_64_musl/v2ray-geodata
build	Compile debug	2026-09-27T15:45:56.7360205Z rm -f /workdir/openwrt/build_dir/target-x86_64_musl/v2ray-geodata/.configured_*
build	Compile debug	2026-09-27T15:45:56.7396468Z rm -f /workdir/openwrt/staging_dir/target-x86_64_musl/stamp/.v2ray-geodata_installed
build	Compile debug	2026-09-27T15:45:56.7456146Z (cd /workdir/openwrt/build_dir/target-x86_64_musl/v2ray-geodata/./; if [ -x ./configure ]; then find /workdir/openwrt/build_dir/target-x86_64_musl/v2ray-geodata/ -name config.guess | xargs -r chmod u+w; find /workdir/openwrt/build_dir/target-x86_64_musl/v2ray-geodata/ -name config.guess | xargs -r -n1 cp --remove-destination /workdir/openwrt/scripts/config.guess; find /workdir/openwrt/build_dir/target-x86_64_musl/v2ray-geodata/ -name config.sub | xargs -r chmod u+w; find /workdir/openwrt/build_dir/target-x86_64_musl/v2ray-geodata/ -name config.sub | xargs -r -n1 cp --remove-destination /workdir/openwrt/scripts/config.sub; AR="x86_64-openwrt-linux-musl-gcc-ar" AS="x86_64-openwrt-linux-musl-gcc -c -Os -pipe -fno-caller-saves -fno-plt -fhonour-copts -fmacro-prefix-map=/workdir/openwrt/build_dir/target-x86_64_musl/v2ray-geodata=v2ray-geodata -fmacro-prefix-map=/workdir/openwrt/staging_dir/target-x86_64_musl=staging_dir/target-x86_64_musl -Wl,-z,max-page-size=4096 -Wformat -Werror=format-security -fstack-protector -D_FORTIFY_SOURCE=1 -Wl,-z,now -Wl,-z,relro -Wl,-z,pack-relative-relocs" LD="x86_64-openwrt-linux-musl-ld.bfd" NM="x86_64-openwrt-linux-musl-gcc-nm" CC="x86_64-openwrt-linux-musl-gcc" GCC="x86_64-openwrt-linux-musl-gcc" CXX="x86_64-openwrt-linux-musl-g++" RANLIB="x86_64-openwrt-linux-musl-gcc-ranlib" STRIP=x86_64-openwrt-linux-musl-strip OBJCOPY=x86_64-openwrt-linux-musl-objcopy OBJDUMP=x86_64-openwrt-linux-musl-objdump SIZE=x86_64-openwrt-linux-musl-size CFLAGS="-Os -pipe -fno-caller-saves -fno-plt -fhonour-copts -fmacro-prefix-map=/workdir/openwrt/build_dir/target-x86_64_musl/v2ray-geodata=v2ray-geodata -fmacro-prefix-map=/workdir/openwrt/staging_dir/target-x86_64_musl=staging_dir/target-x86_64_musl -Wl,-z,max-page-size=4096 -Wformat -Werror=format-security -fstack-protector -D_FORTIFY_SOURCE=1 -Wl,-z,now -Wl,-z,relro -Wl,-z,pack-relative-relocs " CXXFLAGS="-Os -pipe -fno-caller-saves -fno-plt -fhonour-copts -fmacro-prefix-map=/workdir/openwrt/build_dir/target-x86_64_musl/v2ray-geodata=v2ray-geodata -fmacro-prefix-map=/workdir/openwrt/staging_dir/target-x86_64_musl=staging_dir/target-x86_64_musl -Wl,-z,max-page-size=4096 -Wformat -Werror=format-security -fstack-protector -D_FORTIFY_SOURCE=1 -Wl,-z,now -Wl,-z,relro -Wl,-z,pack-relative-relocs " CPPFLAGS="-I/workdir/openwrt/staging_dir/toolchain-x86_64_gcc-14.4.0_musl/usr/include -I/workdir/openwrt/staging_dir/toolchain-x86_64_gcc-14.4.0_musl/include -I/workdir/openwrt/staging_dir/toolchain-x86_64_gcc-14.4.0_musl/include/fortify " LDFLAGS="-L/workdir/openwrt/staging_dir/toolchain-x86_64_gcc-14.4.0_musl/usr/lib -L/workdir/openwrt/staging_dir/toolchain-x86_64_gcc-14.4.0_musl/lib -fuse-ld=bfd -zmax-page-size=4096 -znow -zrelro -zpack-relative-relocs "   ./configure --target=x86_64-openwrt-linux --host=x86_64-openwrt-linux --build=x86_64-pc-linux-gnu --disable-dependency-tracking --program-prefix="" --program-suffix="" --prefix=/usr --exec-prefix=/usr --bindir=/usr/bin --sbindir=/usr/sbin --libexecdir=/usr/lib --sysconfdir=/etc --datadir=/usr/share --localstatedir=/var --mandir=/usr/man --infodir=/usr/info --disable-nls  ; fi; )
build	Compile debug	2026-09-27T15:45:56.7470238Z touch /workdir/openwrt/build_dir/target-x86_64_musl/v2ray-geodata/.configured_68b329da9893e34099c7d8ad5cb9c940
build	Compile debug	2026-09-27T15:45:56.7605800Z rm -f /workdir/openwrt/build_dir/target-x86_64_musl/v2ray-geodata/.built
build	Compile debug	2026-09-27T15:45:56.7640285Z touch /workdir/openwrt/build_dir/target-x86_64_musl/v2ray-geodata/.built_check
build	Compile debug	2026-09-27T15:45:56.7666632Z touch /workdir/openwrt/build_dir/target-x86_64_musl/v2ray-geodata/.built
build	Compile debug	2026-09-27T15:45:56.7981070Z rm -rf /workdir/openwrt/build_dir/target-x86_64_musl/v2ray-geodata/ipkg-all/v2ray-geoip
build	Compile debug	2026-09-27T15:45:56.8015901Z /workdir/openwrt/scripts/ipkg-remove v2ray-geoip /workdir/openwrt/bin/packages/x86_64/base/v2ray-geoip-202609240030.1.apk
build	Compile debug	2026-09-27T15:45:56.8059208Z removed '/workdir/openwrt/bin/packages/x86_64/base/v2ray-geoip-202609240030.1.apk'
build	Compile debug	2026-09-27T15:45:56.8064344Z mkdir -p /workdir/openwrt/bin/targets/x86/64/packages /workdir/openwrt/build_dir/target-x86_64_musl/v2ray-geodata/ipkg-all/v2ray-geoip /workdir/openwrt/staging_dir/target-x86_64_musl/pkginfo
build	Compile debug	2026-09-27T15:45:56.8093542Z install -d -m0755 /workdir/openwrt/build_dir/target-x86_64_musl/v2ray-geodata/ipkg-all/v2ray-geoip/usr/share/v2ray
build	Compile debug	2026-09-27T15:45:56.8123509Z install -m0644 /workdir/openwrt/dl/geoip.dat.202609240030 /workdir/openwrt/build_dir/target-x86_64_musl/v2ray-geodata/ipkg-all/v2ray-geoip/usr/share/v2ray/geoip.dat
build	Compile debug	2026-09-27T15:45:56.8938193Z find /workdir/openwrt/build_dir/target-x86_64_musl/v2ray-geodata/ipkg-all/v2ray-geoip -name '.svn' -o -name '.#*' -o -name '*~'| xargs -r rm -rf
build	Compile debug	2026-09-27T15:45:56.9342416Z export CROSS="x86_64-openwrt-linux-musl-"  NO_RENAME=1 ; NM="x86_64-openwrt-linux-musl-nm" STRIP="/workdir/openwrt/staging_dir/host/bin/sstrip -z" STRIP_KMOD="/workdir/openwrt/scripts/strip-kmod.sh" PATCHELF="/workdir/openwrt/staging_dir/host/bin/patchelf" /workdir/openwrt/scripts/rstrip.sh /workdir/openwrt/build_dir/target-x86_64_musl/v2ray-geodata/ipkg-all/v2ray-geoip
build	Compile debug	2026-09-27T15:45:56.9475282Z install -d -m0755 /workdir/openwrt/bin/packages/x86_64/base
build	Compile debug	2026-09-27T15:45:56.9514578Z mkdir -p /workdir/openwrt/build_dir/target-x86_64_musl/v2ray-geodata/apk-all/v2ray-geoip/
build	Compile debug	2026-09-27T15:45:56.9549158Z mkdir -p /workdir/openwrt/build_dir/target-x86_64_musl/v2ray-geodata/ipkg-all/v2ray-geoip/lib/apk/packages/
build	Compile debug	2026-09-27T15:45:56.9668898Z (cd /workdir/openwrt/build_dir/target-x86_64_musl/v2ray-geodata/apk-all/v2ray-geoip; )
build	Compile debug	2026-09-27T15:45:56.9673165Z ( echo "#!/bin/sh"; echo "[ \"\${IPKG_NO_SCRIPT}\" = \"1\" ] && exit 0"; echo "[ -s "\${IPKG_INSTROOT}/lib/functions.sh" ] || exit 0"; echo ". \${IPKG_INSTROOT}/lib/functions.sh"; echo 'export root="${IPKG_INSTROOT}"'; echo 'export pkgname="v2ray-geoip"'; echo "add_group_and_user"; echo "default_postinst"; [ ! -f /workdir/openwrt/build_dir/target-x86_64_musl/v2ray-geodata/apk-all/v2ray-geoip/postinst-pkg ] || sed '/^\s*#!/d' "/workdir/openwrt/build_dir/target-x86_64_musl/v2ray-geodata/apk-all/v2ray-geoip/postinst-pkg"; ) > /workdir/openwrt/build_dir/target-x86_64_musl/v2ray-geodata/apk-all/v2ray-geoip/post-install;
build	Compile debug	2026-09-27T15:45:56.9679131Z ( echo "#!/bin/sh"; echo 'export PKG_UPGRADE=1'; [ ! -f /workdir/openwrt/build_dir/target-x86_64_musl/v2ray-geodata/apk-all/v2ray-geoip/post-install ] || sed '/^\s*#!/d' "/workdir/openwrt/build_dir/target-x86_64_musl/v2ray-geodata/apk-all/v2ray-geoip/post-install"; ) > /workdir/openwrt/build_dir/target-x86_64_musl/v2ray-geodata/apk-all/v2ray-geoip/post-upgrade;
build	Compile debug	2026-09-27T15:45:56.9692092Z ( echo "#!/bin/sh"; echo "[ -s "\${IPKG_INSTROOT}/lib/functions.sh" ] || exit 0"; echo ". \${IPKG_INSTROOT}/lib/functions.sh"; echo 'export root="${IPKG_INSTROOT}"'; echo 'export pkgname="v2ray-geoip"'; echo "default_prerm"; [ ! -f /workdir/openwrt/build_dir/target-x86_64_musl/v2ray-geodata/apk-all/v2ray-geoip/prerm-pkg ] || sed '/^\s*#!/d' "/workdir/openwrt/build_dir/target-x86_64_musl/v2ray-geodata/apk-all/v2ray-geoip/prerm-pkg"; ) > /workdir/openwrt/build_dir/target-x86_64_musl/v2ray-geodata/apk-all/v2ray-geoip/pre-deinstall;
build	Compile debug	2026-09-27T15:45:56.9718406Z [ ! -f /workdir/openwrt/build_dir/target-x86_64_musl/v2ray-geodata/apk-all/v2ray-geoip/postrm ] || sed -zi 's/^\s*#!/#!/' "/workdir/openwrt/build_dir/target-x86_64_musl/v2ray-geodata/apk-all/v2ray-geoip/postrm";
build	Compile debug	2026-09-27T15:45:56.9739249Z if [ -n "" ]; then echo  > /workdir/openwrt/build_dir/target-x86_64_musl/v2ray-geodata/ipkg-all/v2ray-geoip/lib/apk/packages/v2ray-geoip.rusers; fi;
build	Compile debug	2026-09-27T15:45:56.9760080Z if [ -n "" ]; then echo  > /workdir/openwrt/build_dir/target-x86_64_musl/v2ray-geodata/ipkg-all/v2ray-geoip/lib/apk/packages/v2ray-geoip.alternatives; fi;
build	Compile debug	2026-09-27T15:45:56.9780674Z (cd /workdir/openwrt/build_dir/target-x86_64_musl/v2ray-geodata/ipkg-all/v2ray-geoip && find . -type f,l -printf "/%P\n" | sort > /workdir/openwrt/tmp/v2ray-geoip.list && mv /workdir/openwrt/tmp/v2ray-geoip.list /workdir/openwrt/build_dir/target-x86_64_musl/v2ray-geodata/ipkg-all/v2ray-geoip/lib/apk/packages/v2ray-geoip.list)
build	Compile debug	2026-09-27T15:45:56.9837131Z # Move conffiles to IDIR and build conffiles_static with csums
build	Compile debug	2026-09-27T15:45:56.9860461Z if [ -f /workdir/openwrt/build_dir/target-x86_64_musl/v2ray-geodata/apk-all/v2ray-geoip/conffiles ]; then mv -f /workdir/openwrt/build_dir/target-x86_64_musl/v2ray-geodata/apk-all/v2ray-geoip/conffiles /workdir/openwrt/build_dir/target-x86_64_musl/v2ray-geodata/ipkg-all/v2ray-geoip/lib/apk/packages/v2ray-geoip.conffiles; for file in $(cat /workdir/openwrt/build_dir/target-x86_64_musl/v2ray-geodata/ipkg-all/v2ray-geoip/lib/apk/packages/v2ray-geoip.conffiles); do [ -f /workdir/openwrt/build_dir/target-x86_64_musl/v2ray-geodata/ipkg-all/v2ray-geoip/$file ] || continue; csum=$(/workdir/openwrt/staging_dir/host/bin/mkhash sha256 /workdir/openwrt/build_dir/target-x86_64_musl/v2ray-geodata/ipkg-all/v2ray-geoip/$file); echo $file $csum >> /workdir/openwrt/build_dir/target-x86_64_musl/v2ray-geodata/ipkg-all/v2ray-geoip/lib/apk/packages/v2ray-geoip.conffiles_static; done; fi
build	Compile debug	2026-09-27T15:45:56.9878005Z # Some package (base-files) manually append stuff to conffiles
build	Compile debug	2026-09-27T15:45:56.9898397Z # Append stuff from it and delete the CONTROL directory since everything else should be migrated
build	Compile debug	2026-09-27T15:45:56.9920913Z if [ -f /workdir/openwrt/build_dir/target-x86_64_musl/v2ray-geodata/ipkg-all/v2ray-geoip/CONTROL/conffiles ]; then echo $(IDIR_v2ray-geoip)/CONTROL/conffiles >> /workdir/openwrt/build_dir/target-x86_64_musl/v2ray-geodata/ipkg-all/v2ray-geoip/lib/apk/packages/v2ray-geoip.conffiles; for file in $(cat /workdir/openwrt/build_dir/target-x86_64_musl/v2ray-geodata/ipkg-all/v2ray-geoip/CONTROL/conffiles); do [ -f /workdir/openwrt/build_dir/target-x86_64_musl/v2ray-geodata/ipkg-all/v2ray-geoip/$file ] || continue; csum=$(/workdir/openwrt/staging_dir/host/bin/mkhash sha256 /workdir/openwrt/build_dir/target-x86_64_musl/v2ray-geodata/ipkg-all/v2ray-geoip/$file); echo $file $csum >> /workdir/openwrt/build_dir/target-x86_64_musl/v2ray-geodata/ipkg-all/v2ray-geoip/lib/apk/packages/v2ray-geoip.conffiles_static; done; rm -rf /workdir/openwrt/build_dir/target-x86_64_musl/v2ray-geodata/ipkg-all/v2ray-geoip/CONTROL/conffiles; fi
build	Compile debug	2026-09-27T15:45:56.9944429Z if [ -z "$(ls -A /workdir/openwrt/build_dir/target-x86_64_musl/v2ray-geodata/ipkg-all/v2ray-geoip/CONTROL 2>/dev/null)" ]; then rm -rf /workdir/openwrt/build_dir/target-x86_64_musl/v2ray-geodata/ipkg-all/v2ray-geoip/CONTROL; else echo "CONTROL directory /workdir/openwrt/build_dir/target-x86_64_musl/v2ray-geodata/ipkg-all/v2ray-geoip/CONTROL is not empty! This is not right and should be checked!" >&2; exit 1; fi
build	Compile debug	2026-09-27T15:45:56.9996514Z SOURCE_DATE_EPOCH=0 /workdir/openwrt/staging_dir/host/bin/fakeroot /workdir/openwrt/staging_dir/host/bin/apk mkpkg --info "name:v2ray-geoip" --info "version:202609240030.1" --info "tags:openwrt:section=net" --info "description:GeoIP List for V2Ray" --info "arch:noarch" --info "license:CC-BY-SA-4.0" --info "origin:feeds/base/openwrt-passwall-packages/v2ray-geodata" --info "url:https://www.v2fly.org" --info "maintainer:Tianling Shen <cnsztl@immortalwrt.org>" --info "provides:v2ray-geoip-any"  --script "post-install:/workdir/openwrt/build_dir/target-x86_64_musl/v2ray-geodata/apk-all/v2ray-geoip/post-install" --script "post-upgrade:/workdir/openwrt/build_dir/target-x86_64_musl/v2ray-geodata/apk-all/v2ray-geoip/post-upgrade" --script "pre-deinstall:/workdir/openwrt/build_dir/target-x86_64_musl/v2ray-geodata/apk-all/v2ray-geoip/pre-deinstall" --info "depends:libc" --files "/workdir/openwrt/build_dir/target-x86_64_musl/v2ray-geodata/ipkg-all/v2ray-geoip" --sign /workdir/openwrt/private-key.pem --output "/workdir/openwrt/bin/packages/x86_64/base/v2ray-geoip-202609240030.1.apk"
build	Compile debug	2026-09-27T15:46:04.4979867Z rm -rf /workdir/openwrt/build_dir/target-x86_64_musl/v2ray-geodata/ipkg-all/v2ray-geosite
build	Compile debug	2026-09-27T15:46:04.5016553Z /workdir/openwrt/scripts/ipkg-remove v2ray-geosite /workdir/openwrt/bin/packages/x86_64/base/v2ray-geosite-202609250012.1.apk
build	Compile debug	2026-09-27T15:46:04.5060448Z removed '/workdir/openwrt/bin/packages/x86_64/base/v2ray-geosite-202609250012.1.apk'
build	Compile debug	2026-09-27T15:46:04.5064384Z mkdir -p /workdir/openwrt/bin/targets/x86/64/packages /workdir/openwrt/build_dir/target-x86_64_musl/v2ray-geodata/ipkg-all/v2ray-geosite /workdir/openwrt/staging_dir/target-x86_64_musl/pkginfo
build	Compile debug	2026-09-27T15:46:04.5093907Z install -d -m0755 /workdir/openwrt/build_dir/target-x86_64_musl/v2ray-geodata/ipkg-all/v2ray-geosite/usr/share/v2ray
build	Compile debug	2026-09-27T15:46:04.5126215Z install -m0644 /workdir/openwrt/dl/geosite.dat.202609250012 /workdir/openwrt/build_dir/target-x86_64_musl/v2ray-geodata/ipkg-all/v2ray-geosite/usr/share/v2ray/geosite.dat
build	Compile debug	2026-09-27T15:46:04.5302428Z find /workdir/openwrt/build_dir/target-x86_64_musl/v2ray-geodata/ipkg-all/v2ray-geosite -name '.svn' -o -name '.#*' -o -name '*~'| xargs -r rm -rf
build	Compile debug	2026-09-27T15:46:04.5580770Z export CROSS="x86_64-openwrt-linux-musl-"  NO_RENAME=1 ; NM="x86_64-openwrt-linux-musl-nm" STRIP="/workdir/openwrt/staging_dir/host/bin/sstrip -z" STRIP_KMOD="/workdir/openwrt/scripts/strip-kmod.sh" PATCHELF="/workdir/openwrt/staging_dir/host/bin/patchelf" /workdir/openwrt/scripts/rstrip.sh /workdir/openwrt/build_dir/target-x86_64_musl/v2ray-geodata/ipkg-all/v2ray-geosite
build	Compile debug	2026-09-27T15:46:04.5677429Z install -d -m0755 /workdir/openwrt/bin/packages/x86_64/base
build	Compile debug	2026-09-27T15:46:04.5706967Z mkdir -p /workdir/openwrt/build_dir/target-x86_64_musl/v2ray-geodata/apk-all/v2ray-geosite/
build	Compile debug	2026-09-27T15:46:04.5735189Z mkdir -p /workdir/openwrt/build_dir/target-x86_64_musl/v2ray-geodata/ipkg-all/v2ray-geosite/lib/apk/packages/
build	Compile debug	2026-09-27T15:46:04.5763645Z (cd /workdir/openwrt/build_dir/target-x86_64_musl/v2ray-geodata/apk-all/v2ray-geosite; )
build	Compile debug	2026-09-27T15:46:04.5789390Z ( echo "#!/bin/sh"; echo "[ \"\${IPKG_NO_SCRIPT}\" = \"1\" ] && exit 0"; echo "[ -s "\${IPKG_INSTROOT}/lib/functions.sh" ] || exit 0"; echo ". \${IPKG_INSTROOT}/lib/functions.sh"; echo 'export root="${IPKG_INSTROOT}"'; echo 'export pkgname="v2ray-geosite"'; echo "add_group_and_user"; echo "default_postinst"; [ ! -f /workdir/openwrt/build_dir/target-x86_64_musl/v2ray-geodata/apk-all/v2ray-geosite/postinst-pkg ] || sed '/^\s*#!/d' "/workdir/openwrt/build_dir/target-x86_64_musl/v2ray-geodata/apk-all/v2ray-geosite/postinst-pkg"; ) > /workdir/openwrt/build_dir/target-x86_64_musl/v2ray-geodata/apk-all/v2ray-geosite/post-install;
build	Compile debug	2026-09-27T15:46:04.5813342Z ( echo "#!/bin/sh"; echo 'export PKG_UPGRADE=1'; [ ! -f /workdir/openwrt/build_dir/target-x86_64_musl/v2ray-geodata/apk-all/v2ray-geosite/post-install ] || sed '/^\s*#!/d' "/workdir/openwrt/build_dir/target-x86_64_musl/v2ray-geodata/apk-all/v2ray-geosite/post-install"; ) > /workdir/openwrt/build_dir/target-x86_64_musl/v2ray-geodata/apk-all/v2ray-geosite/post-upgrade;
build	Compile debug	2026-09-27T15:46:04.5847526Z ( echo "#!/bin/sh"; echo "[ -s "\${IPKG_INSTROOT}/lib/functions.sh" ] || exit 0"; echo ". \${IPKG_INSTROOT}/lib/functions.sh"; echo 'export root="${IPKG_INSTROOT}"'; echo 'export pkgname="v2ray-geosite"'; echo "default_prerm"; [ ! -f /workdir/openwrt/build_dir/target-x86_64_musl/v2ray-geodata/apk-all/v2ray-geosite/prerm-pkg ] || sed '/^\s*#!/d' "/workdir/openwrt/build_dir/target-x86_64_musl/v2ray-geodata/apk-all/v2ray-geosite/prerm-pkg"; ) > /workdir/openwrt/build_dir/target-x86_64_musl/v2ray-geodata/apk-all/v2ray-geosite/pre-deinstall;
build	Compile debug	2026-09-27T15:46:04.5869434Z [ ! -f /workdir/openwrt/build_dir/target-x86_64_musl/v2ray-geodata/apk-all/v2ray-geosite/postrm ] || sed -zi 's/^\s*#!/#!/' "/workdir/openwrt/build_dir/target-x86_64_musl/v2ray-geodata/apk-all/v2ray-geosite/postrm";
build	Compile debug	2026-09-27T15:46:04.5888009Z if [ -n "" ]; then echo  > /workdir/openwrt/build_dir/target-x86_64_musl/v2ray-geodata/ipkg-all/v2ray-geosite/lib/apk/packages/v2ray-geosite.rusers; fi;
build	Compile debug	2026-09-27T15:46:04.5906743Z if [ -n "" ]; then echo  > /workdir/openwrt/build_dir/target-x86_64_musl/v2ray-geodata/ipkg-all/v2ray-geosite/lib/apk/packages/v2ray-geosite.alternatives; fi;
build	Compile debug	2026-09-27T15:46:04.5926229Z (cd /workdir/openwrt/build_dir/target-x86_64_musl/v2ray-geodata/ipkg-all/v2ray-geosite && find . -type f,l -printf "/%P\n" | sort > /workdir/openwrt/tmp/v2ray-geosite.list && mv /workdir/openwrt/tmp/v2ray-geosite.list /workdir/openwrt/build_dir/target-x86_64_musl/v2ray-geodata/ipkg-all/v2ray-geosite/lib/apk/packages/v2ray-geosite.list)
build	Compile debug	2026-09-27T15:46:04.5977421Z # Move conffiles to IDIR and build conffiles_static with csums
build	Compile debug	2026-09-27T15:46:04.5998919Z if [ -f /workdir/openwrt/build_dir/target-x86_64_musl/v2ray-geodata/apk-all/v2ray-geosite/conffiles ]; then mv -f /workdir/openwrt/build_dir/target-x86_64_musl/v2ray-geodata/apk-all/v2ray-geosite/conffiles /workdir/openwrt/build_dir/target-x86_64_musl/v2ray-geodata/ipkg-all/v2ray-geosite/lib/apk/packages/v2ray-geosite.conffiles; for file in $(cat /workdir/openwrt/build_dir/target-x86_64_musl/v2ray-geodata/ipkg-all/v2ray-geosite/lib/apk/packages/v2ray-geosite.conffiles); do [ -f /workdir/openwrt/build_dir/target-x86_64_musl/v2ray-geodata/ipkg-all/v2ray-geosite/$file ] || continue; csum=$(/workdir/openwrt/staging_dir/host/bin/mkhash sha256 /workdir/openwrt/build_dir/target-x86_64_musl/v2ray-geodata/ipkg-all/v2ray-geosite/$file); echo $file $csum >> /workdir/openwrt/build_dir/target-x86_64_musl/v2ray-geodata/ipkg-all/v2ray-geosite/lib/apk/packages/v2ray-geosite.conffiles_static; done; fi
build	Compile debug	2026-09-27T15:46:04.6014204Z # Some package (base-files) manually append stuff to conffiles
build	Compile debug	2026-09-27T15:46:04.6032271Z # Append stuff from it and delete the CONTROL directory since everything else should be migrated
build	Compile debug	2026-09-27T15:46:04.6053920Z if [ -f /workdir/openwrt/build_dir/target-x86_64_musl/v2ray-geodata/ipkg-all/v2ray-geosite/CONTROL/conffiles ]; then echo $(IDIR_v2ray-geosite)/CONTROL/conffiles >> /workdir/openwrt/build_dir/target-x86_64_musl/v2ray-geodata/ipkg-all/v2ray-geosite/lib/apk/packages/v2ray-geosite.conffiles; for file in $(cat /workdir/openwrt/build_dir/target-x86_64_musl/v2ray-geodata/ipkg-all/v2ray-geosite/CONTROL/conffiles); do [ -f /workdir/openwrt/build_dir/target-x86_64_musl/v2ray-geodata/ipkg-all/v2ray-geosite/$file ] || continue; csum=$(/workdir/openwrt/staging_dir/host/bin/mkhash sha256 /workdir/openwrt/build_dir/target-x86_64_musl/v2ray-geodata/ipkg-all/v2ray-geosite/$file); echo $file $csum >> /workdir/openwrt/build_dir/target-x86_64_musl/v2ray-geodata/ipkg-all/v2ray-geosite/lib/apk/packages/v2ray-geosite.conffiles_static; done; rm -rf /workdir/openwrt/build_dir/target-x86_64_musl/v2ray-geodata/ipkg-all/v2ray-geosite/CONTROL/conffiles; fi
build	Compile debug	2026-09-27T15:46:04.6070735Z if [ -z "$(ls -A /workdir/openwrt/build_dir/target-x86_64_musl/v2ray-geodata/ipkg-all/v2ray-geosite/CONTROL 2>/dev/null)" ]; then rm -rf /workdir/openwrt/build_dir/target-x86_64_musl/v2ray-geodata/ipkg-all/v2ray-geosite/CONTROL; else echo "CONTROL directory /workdir/openwrt/build_dir/target-x86_64_musl/v2ray-geodata/ipkg-all/v2ray-geosite/CONTROL is not empty! This is not right and should be checked!" >&2; exit 1; fi
build	Compile debug	2026-09-27T15:46:04.6119545Z SOURCE_DATE_EPOCH=0 /workdir/openwrt/staging_dir/host/bin/fakeroot /workdir/openwrt/staging_dir/host/bin/apk mkpkg --info "name:v2ray-geosite" --info "version:202609250012.1" --info "tags:openwrt:section=net" --info "description:Geosite List for V2Ray" --info "arch:noarch" --info "license:MIT" --info "origin:feeds/base/openwrt-passwall-packages/v2ray-geodata" --info "url:https://www.v2fly.org" --info "maintainer:Tianling Shen <cnsztl@immortalwrt.org>" --info "provides:v2ray-geosite-any"  --script "post-install:/workdir/openwrt/build_dir/target-x86_64_musl/v2ray-geodata/apk-all/v2ray-geosite/post-install" --script "post-upgrade:/workdir/openwrt/build_dir/target-x86_64_musl/v2ray-geodata/apk-all/v2ray-geosite/post-upgrade" --script "pre-deinstall:/workdir/openwrt/build_dir/target-x86_64_musl/v2ray-geodata/apk-all/v2ray-geosite/pre-deinstall" --info "depends:libc" --files "/workdir/openwrt/build_dir/target-x86_64_musl/v2ray-geodata/ipkg-all/v2ray-geosite" --sign /workdir/openwrt/private-key.pem --output "/workdir/openwrt/bin/packages/x86_64/base/v2ray-geosite-202609250012.1.apk"
build	Compile debug	2026-09-27T15:46:06.4379488Z rm -rf /workdir/openwrt/build_dir/target-x86_64_musl/v2ray-geodata/.pkgdir/v2ray-geoip.installed /workdir/openwrt/build_dir/target-x86_64_musl/v2ray-geodata/.pkgdir/v2ray-geoip
build	Compile debug	2026-09-27T15:46:06.4410959Z mkdir -p /workdir/openwrt/build_dir/target-x86_64_musl/v2ray-geodata/.pkgdir/v2ray-geoip
build	Compile debug	2026-09-27T15:46:06.4439695Z install -d -m0755 /workdir/openwrt/build_dir/target-x86_64_musl/v2ray-geodata/.pkgdir/v2ray-geoip/usr/share/v2ray
build	Compile debug	2026-09-27T15:46:06.4470767Z install -m0644 /workdir/openwrt/dl/geoip.dat.202609240030 /workdir/openwrt/build_dir/target-x86_64_musl/v2ray-geodata/.pkgdir/v2ray-geoip/usr/share/v2ray/geoip.dat
build	Compile debug	2026-09-27T15:46:06.4536423Z touch /workdir/openwrt/build_dir/target-x86_64_musl/v2ray-geodata/.pkgdir/v2ray-geoip.installed
build	Compile debug	2026-09-27T15:46:06.4562995Z mkdir -p /workdir/openwrt/staging_dir/target-x86_64_musl/root-x86/stamp
build	Compile debug	2026-09-27T15:46:06.4598455Z SHELL= flock /workdir/openwrt/tmp/.root-copy.flock -c 'cp -fpR /workdir/openwrt/build_dir/target-x86_64_musl/v2ray-geodata/.pkgdir/v2ray-geoip/. /workdir/openwrt/staging_dir/target-x86_64_musl/root-x86/'
build	Compile debug	2026-09-27T15:46:06.4678646Z touch /workdir/openwrt/staging_dir/target-x86_64_musl/root-x86/stamp/.v2ray-geoip_installed
build	Compile debug	2026-09-27T15:46:06.4705050Z echo "v2ray-geoip" >> /workdir/openwrt/staging_dir/target-x86_64_musl/pkginfo/v2ray-geodata.default.install
build	Compile debug	2026-09-27T15:46:06.4732557Z rm -rf /workdir/openwrt/build_dir/target-x86_64_musl/v2ray-geodata/.pkgdir/v2ray-geosite.installed /workdir/openwrt/build_dir/target-x86_64_musl/v2ray-geodata/.pkgdir/v2ray-geosite
build	Compile debug	2026-09-27T15:46:06.4761742Z mkdir -p /workdir/openwrt/build_dir/target-x86_64_musl/v2ray-geodata/.pkgdir/v2ray-geosite
build	Compile debug	2026-09-27T15:46:06.4789582Z install -d -m0755 /workdir/openwrt/build_dir/target-x86_64_musl/v2ray-geodata/.pkgdir/v2ray-geosite/usr/share/v2ray
build	Compile debug	2026-09-27T15:46:06.4819794Z install -m0644 /workdir/openwrt/dl/geosite.dat.202609250012 /workdir/openwrt/build_dir/target-x86_64_musl/v2ray-geodata/.pkgdir/v2ray-geosite/usr/share/v2ray/geosite.dat
build	Compile debug	2026-09-27T15:46:06.4870813Z touch /workdir/openwrt/build_dir/target-x86_64_musl/v2ray-geodata/.pkgdir/v2ray-geosite.installed
build	Compile debug	2026-09-27T15:46:06.4897712Z mkdir -p /workdir/openwrt/staging_dir/target-x86_64_musl/root-x86/stamp
build	Compile debug	2026-09-27T15:46:06.4935677Z SHELL= flock /workdir/openwrt/tmp/.root-copy.flock -c 'cp -fpR /workdir/openwrt/build_dir/target-x86_64_musl/v2ray-geodata/.pkgdir/v2ray-geosite/. /workdir/openwrt/staging_dir/target-x86_64_musl/root-x86/'
build	Compile debug	2026-09-27T15:46:06.5002385Z touch /workdir/openwrt/staging_dir/target-x86_64_musl/root-x86/stamp/.v2ray-geosite_installed
build	Compile debug	2026-09-27T15:46:06.5028450Z echo "v2ray-geosite" >> /workdir/openwrt/staging_dir/target-x86_64_musl/pkginfo/v2ray-geodata.default.install
build	Compile debug	2026-09-27T15:46:06.5054439Z make[3]: Leaving directory '/workdir/openwrt/package/openwrt-passwall-packages/v2ray-geodata'
build	Compile debug	2026-09-27T15:46:06.5062176Z time: package/openwrt-passwall-packages/v2ray-geodata/compile#9.51#0.45#9.95
build	Compile debug	2026-09-27T15:46:06.5477460Z make[3]: Entering directory '/workdir/openwrt/package/luci-app-mosdns'
build	Compile debug	2026-09-27T15:46:06.6139135Z mkdir -p /workdir/openwrt/staging_dir/target-x86_64_musl/root-x86/stamp
build	Compile debug	2026-09-27T15:46:06.6176583Z SHELL= flock /workdir/openwrt/tmp/.root-copy.flock -c 'cp -fpR /workdir/openwrt/build_dir/target-x86_64_musl/luci-app-mosdns/.pkgdir/luci-app-mosdns/. /workdir/openwrt/staging_dir/target-x86_64_musl/root-x86/'
build	Compile debug	2026-09-27T15:46:06.6320587Z touch /workdir/openwrt/staging_dir/target-x86_64_musl/root-x86/stamp/.luci-app-mosdns_installed
build	Compile debug	2026-09-27T15:46:06.6347435Z echo "luci-app-mosdns" >> /workdir/openwrt/staging_dir/target-x86_64_musl/pkginfo/luci-app-mosdns.default.install
build	Compile debug	2026-09-27T15:46:06.6375693Z mkdir -p /workdir/openwrt/staging_dir/target-x86_64_musl/root-x86/stamp
build	Compile debug	2026-09-27T15:46:06.6409832Z SHELL= flock /workdir/openwrt/tmp/.root-copy.flock -c 'cp -fpR /workdir/openwrt/build_dir/target-x86_64_musl/luci-app-mosdns/.pkgdir/luci-i18n-mosdns-zh-cn/. /workdir/openwrt/staging_dir/target-x86_64_musl/root-x86/'
build	Compile debug	2026-09-27T15:46:06.6464112Z touch /workdir/openwrt/staging_dir/target-x86_64_musl/root-x86/stamp/.luci-i18n-mosdns-zh-cn_installed
build	Compile debug	2026-09-27T15:46:06.6489722Z echo "luci-i18n-mosdns-zh-cn" >> /workdir/openwrt/staging_dir/target-x86_64_musl/pkginfo/luci-app-mosdns.default.install
build	Compile debug	2026-09-27T15:46:06.6516856Z make[3]: Leaving directory '/workdir/openwrt/package/luci-app-mosdns'
build	Compile debug	2026-09-27T15:46:06.6524768Z time: package/luci-app-mosdns/compile#0.07#0.06#0.14
build	Compile debug	2026-09-27T15:46:06.6935420Z make[3]: Entering directory '/workdir/openwrt/package/network/services/dnsmasq'
build	Compile debug	2026-09-27T15:46:06.7659361Z mkdir -p /workdir/openwrt/staging_dir/target-x86_64_musl/root-x86/stamp
build	Compile debug	2026-09-27T15:46:06.7694509Z SHELL= flock /workdir/openwrt/tmp/.root-copy.flock -c 'cp -fpR /workdir/openwrt/build_dir/target-x86_64_musl/dnsmasq-full/dnsmasq-2.93/.pkgdir/dnsmasq-full/. /workdir/openwrt/staging_dir/target-x86_64_musl/root-x86/'
build	Compile debug	2026-09-27T15:46:06.7784780Z touch /workdir/openwrt/staging_dir/target-x86_64_musl/root-x86/stamp/.dnsmasq-full_installed
build	Compile debug	2026-09-27T15:46:06.7810325Z echo "dnsmasq-full" >> /workdir/openwrt/staging_dir/target-x86_64_musl/pkginfo/dnsmasq.full.install
build	Compile debug	2026-09-27T15:46:06.7838426Z make[3]: Leaving directory '/workdir/openwrt/package/network/services/dnsmasq'
build	Compile debug	2026-09-27T15:46:06.7846684Z time: package/network/services/dnsmasq/full/compile#0.06#0.06#0.12
build	Compile debug	2026-09-27T15:46:06.7972573Z make[3]: Entering directory '/workdir/openwrt/package/network/utils/iptables'
build	Compile debug	2026-09-27T15:46:06.9493148Z mkdir -p /workdir/openwrt/staging_dir/target-x86_64_musl/root-x86/stamp
build	Compile debug	2026-09-27T15:46:06.9529930Z echo '12' | cmp -s - /workdir/openwrt/staging_dir/target-x86_64_musl/pkginfo/libxtables.version || { mkdir -p /workdir/openwrt/staging_dir/target-x86_64_musl/pkginfo; echo '12' > /workdir/openwrt/staging_dir/target-x86_64_musl/pkginfo/libxtables.version;  cp /workdir/openwrt/staging_dir/target-x86_64_musl/pkginfo/libxtables.version /workdir/openwrt/staging_dir/target-x86_64_musl/pkginfo/libxtables-any.version;  } 
build	Compile debug	2026-09-27T15:46:06.9560807Z SHELL= flock /workdir/openwrt/tmp/.root-copy.flock -c 'cp -fpR /workdir/openwrt/build_dir/target-x86_64_musl/linux-x86_64/iptables-1.8.10/.pkgdir/libxtables/. /workdir/openwrt/staging_dir/target-x86_64_musl/root-x86/'
build	Compile debug	2026-09-27T15:46:06.9611104Z touch /workdir/openwrt/staging_dir/target-x86_64_musl/root-x86/stamp/.libxtables_installed
build	Compile debug	2026-09-27T15:46:06.9636588Z echo "libxtables" >> /workdir/openwrt/staging_dir/target-x86_64_musl/pkginfo/iptables.default.install
build	Compile debug	2026-09-27T15:46:06.9665147Z mkdir -p /workdir/openwrt/staging_dir/target-x86_64_musl/root-x86/stamp
build	Compile debug	2026-09-27T15:46:06.9698673Z SHELL= flock /workdir/openwrt/tmp/.root-copy.flock -c 'cp -fpR /workdir/openwrt/build_dir/target-x86_64_musl/linux-x86_64/iptables-1.8.10/.pkgdir/ip6tables-extra/. /workdir/openwrt/staging_dir/target-x86_64_musl/root-x86/'
build	Compile debug	2026-09-27T15:46:06.9761102Z touch /workdir/openwrt/staging_dir/target-x86_64_musl/root-x86/stamp/.ip6tables-extra_installed
build	Compile debug	2026-09-27T15:46:06.9786342Z echo "ip6tables-extra" >> /workdir/openwrt/staging_dir/target-x86_64_musl/pkginfo/iptables.default.install
build	Compile debug	2026-09-27T15:46:06.9812859Z mkdir -p /workdir/openwrt/staging_dir/target-x86_64_musl/root-x86/stamp
build	Compile debug	2026-09-27T15:46:06.9847279Z SHELL= flock /workdir/openwrt/tmp/.root-copy.flock -c 'cp -fpR /workdir/openwrt/build_dir/target-x86_64_musl/linux-x86_64/iptables-1.8.10/.pkgdir/ip6tables-mod-nat/. /workdir/openwrt/staging_dir/target-x86_64_musl/root-x86/'
build	Compile debug	2026-09-27T15:46:06.9899284Z touch /workdir/openwrt/staging_dir/target-x86_64_musl/root-x86/stamp/.ip6tables-mod-nat_installed
build	Compile debug	2026-09-27T15:46:06.9925183Z echo "ip6tables-mod-nat" >> /workdir/openwrt/staging_dir/target-x86_64_musl/pkginfo/iptables.default.install
build	Compile debug	2026-09-27T15:46:06.9951666Z make[3]: Leaving directory '/workdir/openwrt/package/network/utils/iptables'
build	Compile debug	2026-09-27T15:46:06.9959776Z time: package/network/utils/iptables/compile#0.09#0.10#0.20
build	Compile debug	2026-09-27T15:46:07.0086135Z make[3]: Entering directory '/workdir/openwrt/package/network/utils/iproute2'
build	Compile debug	2026-09-27T15:46:07.1282048Z mkdir -p /workdir/openwrt/staging_dir/target-x86_64_musl/root-x86/stamp
build	Compile debug	2026-09-27T15:46:07.1317933Z SHELL= flock /workdir/openwrt/tmp/.root-copy.flock -c 'cp -fpR /workdir/openwrt/build_dir/target-x86_64_musl/linux-x86_64/iproute2-ipfull/iproute2-6.18.0/.pkgdir/ip-full/. /workdir/openwrt/staging_dir/target-x86_64_musl/root-x86/'
build	Compile debug	2026-09-27T15:46:07.1379856Z touch /workdir/openwrt/staging_dir/target-x86_64_musl/root-x86/stamp/.ip-full_installed
build	Compile debug	2026-09-27T15:46:07.1405738Z echo "ip-full" >> /workdir/openwrt/staging_dir/target-x86_64_musl/pkginfo/iproute2.ipfull.install
build	Compile debug	2026-09-27T15:46:07.1434094Z make[3]: Leaving directory '/workdir/openwrt/package/network/utils/iproute2'
build	Compile debug	2026-09-27T15:46:07.1442477Z time: package/network/utils/iproute2/ipfull/compile#0.06#0.07#0.14
build	Compile debug	2026-09-27T15:46:07.1857731Z make[3]: Entering directory '/workdir/openwrt/package/luci-app-openclash'
build	Compile debug	2026-09-27T15:46:07.3627320Z mkdir -p /workdir/openwrt/staging_dir/target-x86_64_musl/root-x86/stamp
build	Compile debug	2026-09-27T15:46:07.3664570Z SHELL= flock /workdir/openwrt/tmp/.root-copy.flock -c 'cp -fpR /workdir/openwrt/build_dir/target-x86_64_musl/luci-app-openclash/.pkgdir/luci-app-openclash/. /workdir/openwrt/staging_dir/target-x86_64_musl/root-x86/'
build	Compile debug	2026-09-27T15:46:07.4962300Z touch /workdir/openwrt/staging_dir/target-x86_64_musl/root-x86/stamp/.luci-app-openclash_installed
build	Compile debug	2026-09-27T15:46:07.4990907Z echo "luci-app-openclash" >> /workdir/openwrt/staging_dir/target-x86_64_musl/pkginfo/luci-app-openclash.default.install
build	Compile debug	2026-09-27T15:46:07.5023278Z make[3]: Leaving directory '/workdir/openwrt/package/luci-app-openclash'
build	Compile debug	2026-09-27T15:46:07.5033996Z time: package/luci-app-openclash/compile#0.15#0.12#0.35
build	Compile debug	2026-09-27T15:46:07.5203653Z make[3]: Entering directory '/workdir/openwrt/package/openlist2'
build	Compile debug	2026-09-27T15:46:07.5249800Z bash: line 1: /workdir/openwrt/staging_dir/hostpkg/bin/go: No such file or directory
build	Compile debug	2026-09-27T15:46:07.6535941Z mkdir -p /workdir/openwrt/staging_dir/target-x86_64_musl/root-x86/stamp
build	Compile debug	2026-09-27T15:46:07.6572423Z SHELL= flock /workdir/openwrt/tmp/.root-copy.flock -c 'cp -fpR /workdir/openwrt/build_dir/target-x86_64_musl/OpenList-4.2.6/.pkgdir/openlist2/. /workdir/openwrt/staging_dir/target-x86_64_musl/root-x86/'
build	Compile debug	2026-09-27T15:46:07.9342000Z touch /workdir/openwrt/staging_dir/target-x86_64_musl/root-x86/stamp/.openlist2_installed
build	Compile debug	2026-09-27T15:46:07.9372485Z echo "openlist2" >> /workdir/openwrt/staging_dir/target-x86_64_musl/pkginfo/openlist2.default.install
build	Compile debug	2026-09-27T15:46:07.9407229Z make[3]: Leaving directory '/workdir/openwrt/package/openlist2'
build	Compile debug	2026-09-27T15:46:07.9417144Z time: package/openlist2/compile#0.07#0.22#0.43
build	Compile debug	2026-09-27T15:46:07.9864626Z make[3]: Entering directory '/workdir/openwrt/package/luci-app-openlist2'
build	Compile debug	2026-09-27T15:46:08.0517490Z mkdir -p /workdir/openwrt/staging_dir/target-x86_64_musl/root-x86/stamp
build	Compile debug	2026-09-27T15:46:08.0553151Z SHELL= flock /workdir/openwrt/tmp/.root-copy.flock -c 'cp -fpR /workdir/openwrt/build_dir/target-x86_64_musl/luci-app-openlist2/.pkgdir/luci-app-openlist2/. /workdir/openwrt/staging_dir/target-x86_64_musl/root-x86/'
build	Compile debug	2026-09-27T15:46:08.0626598Z touch /workdir/openwrt/staging_dir/target-x86_64_musl/root-x86/stamp/.luci-app-openlist2_installed
build	Compile debug	2026-09-27T15:46:08.0653707Z echo "luci-app-openlist2" >> /workdir/openwrt/staging_dir/target-x86_64_musl/pkginfo/luci-app-openlist2.default.install
build	Compile debug	2026-09-27T15:46:08.0683409Z mkdir -p /workdir/openwrt/staging_dir/target-x86_64_musl/root-x86/stamp
build	Compile debug	2026-09-27T15:46:08.0720622Z SHELL= flock /workdir/openwrt/tmp/.root-copy.flock -c 'cp -fpR /workdir/openwrt/build_dir/target-x86_64_musl/luci-app-openlist2/.pkgdir/luci-i18n-openlist2-zh-cn/. /workdir/openwrt/staging_dir/target-x86_64_musl/root-x86/'
build	Compile debug	2026-09-27T15:46:08.0776531Z touch /workdir/openwrt/staging_dir/target-x86_64_musl/root-x86/stamp/.luci-i18n-openlist2-zh-cn_installed
build	Compile debug	2026-09-27T15:46:08.0802663Z echo "luci-i18n-openlist2-zh-cn" >> /workdir/openwrt/staging_dir/target-x86_64_musl/pkginfo/luci-app-openlist2.default.install
build	Compile debug	2026-09-27T15:46:08.0829696Z make[3]: Leaving directory '/workdir/openwrt/package/luci-app-openlist2'
build	Compile debug	2026-09-27T15:46:08.0838610Z time: package/luci-app-openlist2/compile#0.07#0.06#0.13
build	Compile debug	2026-09-27T15:46:08.1270269Z make[3]: Entering directory '/workdir/openwrt/package/network/utils/resolveip'
build	Compile debug	2026-09-27T15:46:08.2905386Z mkdir -p /workdir/openwrt/staging_dir/target-x86_64_musl/root-x86/stamp
build	Compile debug	2026-09-27T15:46:08.2937818Z SHELL= flock /workdir/openwrt/tmp/.root-copy.flock -c 'cp -fpR /workdir/openwrt/build_dir/target-x86_64_musl/resolveip/.pkgdir/resolveip/. /workdir/openwrt/staging_dir/target-x86_64_musl/root-x86/'
build	Compile debug	2026-09-27T15:46:08.2986540Z touch /workdir/openwrt/staging_dir/target-x86_64_musl/root-x86/stamp/.resolveip_installed
build	Compile debug	2026-09-27T15:46:08.3012111Z echo "resolveip" >> /workdir/openwrt/staging_dir/target-x86_64_musl/pkginfo/resolveip.default.install
build	Compile debug	2026-09-27T15:46:08.3036545Z make[3]: Leaving directory '/workdir/openwrt/package/network/utils/resolveip'
build	Compile debug	2026-09-27T15:46:08.3045046Z time: package/network/utils/resolveip/compile#0.14#0.07#0.21
build	Compile debug	2026-09-27T15:46:08.3446737Z make[3]: Entering directory '/workdir/openwrt/package/openwrt-passwall-packages/chinadns-ng'
build	Compile debug	2026-09-27T15:46:08.4041805Z mkdir -p /workdir/openwrt/staging_dir/target-x86_64_musl/root-x86/stamp
build	Compile debug	2026-09-27T15:46:08.4076959Z SHELL= flock /workdir/openwrt/tmp/.root-copy.flock -c 'cp -fpR /workdir/openwrt/build_dir/target-x86_64_musl/chinadns-ng-2025.08.09/.pkgdir/chinadns-ng/. /workdir/openwrt/staging_dir/target-x86_64_musl/root-x86/'
build	Compile debug	2026-09-27T15:46:08.4136782Z touch /workdir/openwrt/staging_dir/target-x86_64_musl/root-x86/stamp/.chinadns-ng_installed
build	Compile debug	2026-09-27T15:46:08.4161778Z echo "chinadns-ng" >> /workdir/openwrt/staging_dir/target-x86_64_musl/pkginfo/chinadns-ng.default.install
build	Compile debug	2026-09-27T15:46:08.4188014Z make[3]: Leaving directory '/workdir/openwrt/package/openwrt-passwall-packages/chinadns-ng'
build	Compile debug	2026-09-27T15:46:08.4196310Z time: package/openwrt-passwall-packages/chinadns-ng/compile#0.06#0.04#0.11
build	Compile debug	2026-09-27T15:46:08.4612817Z make[3]: Entering directory '/workdir/openwrt/package/openwrt-passwall-packages/dns2socks'
build	Compile debug	2026-09-27T15:46:08.5244904Z mkdir -p /workdir/openwrt/staging_dir/target-x86_64_musl/root-x86/stamp
build	Compile debug	2026-09-27T15:46:08.5282014Z SHELL= flock /workdir/openwrt/tmp/.root-copy.flock -c 'cp -fpR /workdir/openwrt/build_dir/target-x86_64_musl/dns2socks-2.1/.pkgdir/dns2socks/. /workdir/openwrt/staging_dir/target-x86_64_musl/root-x86/'
build	Compile debug	2026-09-27T15:46:08.5335629Z touch /workdir/openwrt/staging_dir/target-x86_64_musl/root-x86/stamp/.dns2socks_installed
build	Compile debug	2026-09-27T15:46:08.5364150Z echo "dns2socks" >> /workdir/openwrt/staging_dir/target-x86_64_musl/pkginfo/dns2socks.default.install
build	Compile debug	2026-09-27T15:46:08.5399464Z make[3]: Leaving directory '/workdir/openwrt/package/openwrt-passwall-packages/dns2socks'
build	Compile debug	2026-09-27T15:46:08.5409498Z time: package/openwrt-passwall-packages/dns2socks/compile#0.04#0.06#0.11
build	Compile debug	2026-09-27T15:46:08.5853869Z make[3]: Entering directory '/workdir/openwrt/package/openwrt-passwall-packages/microsocks'
build	Compile debug	2026-09-27T15:46:08.6482654Z mkdir -p /workdir/openwrt/staging_dir/target-x86_64_musl/root-x86/stamp
build	Compile debug	2026-09-27T15:46:08.6519431Z SHELL= flock /workdir/openwrt/tmp/.root-copy.flock -c 'cp -fpR /workdir/openwrt/build_dir/target-x86_64_musl/microsocks-1.0.5/.pkgdir/microsocks/. /workdir/openwrt/staging_dir/target-x86_64_musl/root-x86/'
build	Compile debug	2026-09-27T15:46:08.6572813Z touch /workdir/openwrt/staging_dir/target-x86_64_musl/root-x86/stamp/.microsocks_installed
build	Compile debug	2026-09-27T15:46:08.6598445Z echo "microsocks" >> /workdir/openwrt/staging_dir/target-x86_64_musl/pkginfo/microsocks.default.install
build	Compile debug	2026-09-27T15:46:08.6627281Z make[3]: Leaving directory '/workdir/openwrt/package/openwrt-passwall-packages/microsocks'
build	Compile debug	2026-09-27T15:46:08.6636155Z time: package/openwrt-passwall-packages/microsocks/compile#0.06#0.05#0.11
build	Compile debug	2026-09-27T15:46:08.7082305Z make[3]: Entering directory '/workdir/openwrt/package/openwrt-passwall-packages/tcping'
build	Compile debug	2026-09-27T15:46:08.7727704Z mkdir -p /workdir/openwrt/staging_dir/target-x86_64_musl/root-x86/stamp
build	Compile debug	2026-09-27T15:46:08.7763061Z SHELL= flock /workdir/openwrt/tmp/.root-copy.flock -c 'cp -fpR /workdir/openwrt/build_dir/target-x86_64_musl/tcping-0.3/.pkgdir/tcping/. /workdir/openwrt/staging_dir/target-x86_64_musl/root-x86/'
build	Compile debug	2026-09-27T15:46:08.7816792Z touch /workdir/openwrt/staging_dir/target-x86_64_musl/root-x86/stamp/.tcping_installed
build	Compile debug	2026-09-27T15:46:08.7842389Z echo "tcping" >> /workdir/openwrt/staging_dir/target-x86_64_musl/pkginfo/tcping.default.install
build	Compile debug	2026-09-27T15:46:08.7869727Z make[3]: Leaving directory '/workdir/openwrt/package/openwrt-passwall-packages/tcping'
build	Compile debug	2026-09-27T15:46:08.7877593Z time: package/openwrt-passwall-packages/tcping/compile#0.06#0.05#0.11
build	Compile debug	2026-09-27T15:46:08.8302784Z make[3]: Entering directory '/workdir/openwrt/package/luci-app-passwall'
build	Compile debug	2026-09-27T15:46:08.8984584Z mkdir -p /workdir/openwrt/staging_dir/target-x86_64_musl/root-x86/stamp
build	Compile debug	2026-09-27T15:46:08.9021558Z SHELL= flock /workdir/openwrt/tmp/.root-copy.flock -c 'cp -fpR /workdir/openwrt/build_dir/target-x86_64_musl/luci-app-passwall/.pkgdir/luci-app-passwall/. /workdir/openwrt/staging_dir/target-x86_64_musl/root-x86/'
build	Compile debug	2026-09-27T15:46:08.9418894Z touch /workdir/openwrt/staging_dir/target-x86_64_musl/root-x86/stamp/.luci-app-passwall_installed
build	Compile debug	2026-09-27T15:46:08.9446676Z echo "luci-app-passwall" >> /workdir/openwrt/staging_dir/target-x86_64_musl/pkginfo/luci-app-passwall.default.install
build	Compile debug	2026-09-27T15:46:08.9474757Z mkdir -p /workdir/openwrt/staging_dir/target-x86_64_musl/root-x86/stamp
build	Compile debug	2026-09-27T15:46:08.9510126Z SHELL= flock /workdir/openwrt/tmp/.root-copy.flock -c 'cp -fpR /workdir/openwrt/build_dir/target-x86_64_musl/luci-app-passwall/.pkgdir/luci-i18n-passwall-zh-cn/. /workdir/openwrt/staging_dir/target-x86_64_musl/root-x86/'
build	Compile debug	2026-09-27T15:46:08.9569123Z touch /workdir/openwrt/staging_dir/target-x86_64_musl/root-x86/stamp/.luci-i18n-passwall-zh-cn_installed
build	Compile debug	2026-09-27T15:46:08.9595320Z echo "luci-i18n-passwall-zh-cn" >> /workdir/openwrt/staging_dir/target-x86_64_musl/pkginfo/luci-app-passwall.default.install
build	Compile debug	2026-09-27T15:46:08.9621626Z make[3]: Leaving directory '/workdir/openwrt/package/luci-app-passwall'
build	Compile debug	2026-09-27T15:46:08.9629557Z time: package/luci-app-passwall/compile#0.07#0.07#0.17
build	Compile debug	2026-09-27T15:46:09.0067913Z make[3]: Entering directory '/workdir/openwrt/package/openwrt-passwall-packages/geoview'
build	Compile debug	2026-09-27T15:46:09.0704117Z mkdir -p /workdir/openwrt/staging_dir/target-x86_64_musl/root-x86/stamp
build	Compile debug	2026-09-27T15:46:09.0740678Z SHELL= flock /workdir/openwrt/tmp/.root-copy.flock -c 'cp -fpR /workdir/openwrt/build_dir/target-x86_64_musl/geoview-0.2.6/.pkgdir/geoview/. /workdir/openwrt/staging_dir/target-x86_64_musl/root-x86/'
build	Compile debug	2026-09-27T15:46:09.0933931Z touch /workdir/openwrt/staging_dir/target-x86_64_musl/root-x86/stamp/.geoview_installed
build	Compile debug	2026-09-27T15:46:09.0961597Z echo "geoview" >> /workdir/openwrt/staging_dir/target-x86_64_musl/pkginfo/geoview.default.install
build	Compile debug	2026-09-27T15:46:09.0989332Z make[3]: Leaving directory '/workdir/openwrt/package/openwrt-passwall-packages/geoview'
build	Compile debug	2026-09-27T15:46:09.0999033Z time: package/openwrt-passwall-packages/geoview/compile#0.06#0.05#0.13
build	Compile debug	2026-09-27T15:46:09.1430073Z make[3]: Entering directory '/workdir/openwrt/package/luci-app-passwall2'
build	Compile debug	2026-09-27T15:46:09.2082687Z mkdir -p /workdir/openwrt/staging_dir/target-x86_64_musl/root-x86/stamp
build	Compile debug	2026-09-27T15:46:09.2118409Z SHELL= flock /workdir/openwrt/tmp/.root-copy.flock -c 'cp -fpR /workdir/openwrt/build_dir/target-x86_64_musl/luci-app-passwall2/.pkgdir/luci-app-passwall2/. /workdir/openwrt/staging_dir/target-x86_64_musl/root-x86/'
build	Compile debug	2026-09-27T15:46:09.2433172Z touch /workdir/openwrt/staging_dir/target-x86_64_musl/root-x86/stamp/.luci-app-passwall2_installed
build	Compile debug	2026-09-27T15:46:09.2461765Z echo "luci-app-passwall2" >> /workdir/openwrt/staging_dir/target-x86_64_musl/pkginfo/luci-app-passwall2.default.install
build	Compile debug	2026-09-27T15:46:09.2489590Z mkdir -p /workdir/openwrt/staging_dir/target-x86_64_musl/root-x86/stamp
build	Compile debug	2026-09-27T15:46:09.2525065Z SHELL= flock /workdir/openwrt/tmp/.root-copy.flock -c 'cp -fpR /workdir/openwrt/build_dir/target-x86_64_musl/luci-app-passwall2/.pkgdir/luci-i18n-passwall2-zh-cn/. /workdir/openwrt/staging_dir/target-x86_64_musl/root-x86/'
build	Compile debug	2026-09-27T15:46:09.2579534Z touch /workdir/openwrt/staging_dir/target-x86_64_musl/root-x86/stamp/.luci-i18n-passwall2-zh-cn_installed
build	Compile debug	2026-09-27T15:46:09.2605305Z echo "luci-i18n-passwall2-zh-cn" >> /workdir/openwrt/staging_dir/target-x86_64_musl/pkginfo/luci-app-passwall2.default.install
build	Compile debug	2026-09-27T15:46:09.2631050Z make[3]: Leaving directory '/workdir/openwrt/package/luci-app-passwall2'
build	Compile debug	2026-09-27T15:46:09.2639478Z time: package/luci-app-passwall2/compile#0.06#0.08#0.15
build	Compile debug	2026-09-27T15:46:09.2766860Z make[3]: Entering directory '/workdir/openwrt/package/luci-app-pushbot'
build	Compile debug	2026-09-27T15:46:09.3480123Z touch /workdir/openwrt/build_dir/target-x86_64_musl/luci-app-pushbot/.prepared_e5008af801d50ced549d38ad29cff6f6_6664517399ebbbc92a37c5bb081b5c53_check
build	Compile debug	2026-09-27T15:46:09.3506337Z for d in luasrc ucode htdocs root src; do if [ -d ./$d ]; then mkdir -p /workdir/openwrt/build_dir/target-x86_64_musl/luci-app-pushbot/$d; cp -fpR ./$d/* /workdir/openwrt/build_dir/target-x86_64_musl/luci-app-pushbot/$d/; fi; done
build	Compile debug	2026-09-27T15:46:09.3731599Z true
build	Compile debug	2026-09-27T15:46:09.3752420Z find /workdir/openwrt/build_dir/target-x86_64_musl/luci-app-pushbot -mindepth 1 -type f -not -name '.*' -not -name 'version.date' -printf '%T@\n' 2>/dev/null | cut -d. -f1 | sort -n | tail -n1 > /workdir/openwrt/build_dir/target-x86_64_musl/luci-app-pushbot/version.date
build	Compile debug	2026-09-27T15:46:09.3794695Z [ ! -d ./src/ ] || cp -fpR ./src/. /workdir/openwrt/build_dir/target-x86_64_musl/luci-app-pushbot
build	Compile debug	2026-09-27T15:46:09.3833157Z touch /workdir/openwrt/build_dir/target-x86_64_musl/luci-app-pushbot/.prepared_e5008af801d50ced549d38ad29cff6f6_6664517399ebbbc92a37c5bb081b5c53
build	Compile debug	2026-09-27T15:46:09.3859805Z rm -f /workdir/openwrt/build_dir/target-x86_64_musl/luci-app-pushbot/.configured_*
build	Compile debug	2026-09-27T15:46:09.3898273Z rm -f /workdir/openwrt/staging_dir/target-x86_64_musl/stamp/.luci-app-pushbot_installed
build	Compile debug	2026-09-27T15:46:09.3946847Z touch /workdir/openwrt/build_dir/target-x86_64_musl/luci-app-pushbot/.configured_98715a68001fc082a2454d67bd205c32
build	Compile debug	2026-09-27T15:46:09.4087323Z rm -f /workdir/openwrt/build_dir/target-x86_64_musl/luci-app-pushbot/.built
build	Compile debug	2026-09-27T15:46:09.4125374Z touch /workdir/openwrt/build_dir/target-x86_64_musl/luci-app-pushbot/.built_check
build	Compile debug	2026-09-27T15:46:09.4150273Z touch /workdir/openwrt/build_dir/target-x86_64_musl/luci-app-pushbot/.built
build	Compile debug	2026-09-27T15:46:09.4464533Z rm -rf /workdir/openwrt/build_dir/target-x86_64_musl/luci-app-pushbot/ipkg-all/luci-app-pushbot
build	Compile debug	2026-09-27T15:46:09.4500271Z /workdir/openwrt/scripts/ipkg-remove luci-app-pushbot /workdir/openwrt/bin/packages/x86_64/base/luci-app-pushbot-6.00-r35.apk
build	Compile debug	2026-09-27T15:46:09.4545480Z removed '/workdir/openwrt/bin/packages/x86_64/base/luci-app-pushbot-6.00-r35.apk'
build	Compile debug	2026-09-27T15:46:09.4549697Z mkdir -p /workdir/openwrt/bin/targets/x86/64/packages /workdir/openwrt/build_dir/target-x86_64_musl/luci-app-pushbot/ipkg-all/luci-app-pushbot /workdir/openwrt/staging_dir/target-x86_64_musl/pkginfo
build	Compile debug	2026-09-27T15:46:09.4578919Z install -d -m0755 /workdir/openwrt/build_dir/target-x86_64_musl/luci-app-pushbot/ipkg-all/luci-app-pushbot/usr/share/ucode/luci
build	Compile debug	2026-09-27T15:46:09.4610194Z cp -pR /workdir/openwrt/build_dir/target-x86_64_musl/luci-app-pushbot/ucode/* /workdir/openwrt/build_dir/target-x86_64_musl/luci-app-pushbot/ipkg-all/luci-app-pushbot/usr/share/ucode/luci/
build	Compile debug	2026-09-27T15:46:09.4647903Z find /workdir/openwrt/build_dir/target-x86_64_musl/luci-app-pushbot/ipkg-all/luci-app-pushbot/usr/share/ucode/luci/ -type f -name '*.htm' | while read src; do /workdir/openwrt/staging_dir/host/bin/sed -i -e 's/<%# *\([^ ]*\)PKG_VERSION *%>/\16.00/g' -e 's/"\(<%= *\(media\|resource\) *%>[^"]*\.\(js\|css\)\)"/"\1?v=6.00"/g' "$src"; done; find /workdir/openwrt/build_dir/target-x86_64_musl/luci-app-pushbot/ipkg-all/luci-app-pushbot/usr/share/ucode/luci/ -type f -name '*.ut' | while read src; do /workdir/openwrt/staging_dir/host/bin/sed -i -e 's/{# *\([^ ]*\)PKG_VERSION *#}/\16.00/g' -e 's/"\({{ *\(media\|resource\) *}}[^"]*\.\(js\|css\)\)"/"\1?v=6.00"/g' "$src"; done
build	Compile debug	2026-09-27T15:46:09.4719489Z find /workdir/openwrt/build_dir/target-x86_64_musl/luci-app-pushbot/ipkg-all/luci-app-pushbot/usr/share/ucode/luci/ -type f -name '*.ut' | while read src; do ucode -T, -s -cno-interp,dynlink=luci.core,dynlink=digest,dynlink=log,dynlink=nl80211,dynlink=resolv,dynlink=rtnl,dynlink=ubus,dynlink=uci,dynlink=uloop -o "$src.o" "$src" || exit 1; mv "$src.o" "$src" && chmod 0644 "$src"; done
build	Compile debug	2026-09-27T15:46:09.4869291Z install -d -m0755 /workdir/openwrt/build_dir/target-x86_64_musl/luci-app-pushbot/ipkg-all/luci-app-pushbot/
build	Compile debug	2026-09-27T15:46:09.4900100Z cp -pR /workdir/openwrt/build_dir/target-x86_64_musl/luci-app-pushbot/root/* /workdir/openwrt/build_dir/target-x86_64_musl/luci-app-pushbot/ipkg-all/luci-app-pushbot/
build	Compile debug	2026-09-27T15:46:09.4954529Z find /workdir/openwrt/build_dir/target-x86_64_musl/luci-app-pushbot/ipkg-all/luci-app-pushbot -name '.svn' -o -name '.#*' -o -name '*~'| xargs -r rm -rf
build	Compile debug	2026-09-27T15:46:09.5879233Z export CROSS="x86_64-openwrt-linux-musl-"  NO_RENAME=1 ; NM="x86_64-openwrt-linux-musl-nm" STRIP="/workdir/openwrt/staging_dir/host/bin/sstrip -z" STRIP_KMOD="/workdir/openwrt/scripts/strip-kmod.sh" PATCHELF="/workdir/openwrt/staging_dir/host/bin/patchelf" /workdir/openwrt/scripts/rstrip.sh /workdir/openwrt/build_dir/target-x86_64_musl/luci-app-pushbot/ipkg-all/luci-app-pushbot
build	Compile debug	2026-09-27T15:46:09.6605246Z install -d -m0755 /workdir/openwrt/bin/packages/x86_64/base
build	Compile debug	2026-09-27T15:46:09.6635129Z mkdir -p /workdir/openwrt/build_dir/target-x86_64_musl/luci-app-pushbot/apk-all/luci-app-pushbot/
build	Compile debug	2026-09-27T15:46:09.6663887Z mkdir -p /workdir/openwrt/build_dir/target-x86_64_musl/luci-app-pushbot/ipkg-all/luci-app-pushbot/lib/apk/packages/
build	Compile debug	2026-09-27T15:46:09.6692860Z (cd /workdir/openwrt/build_dir/target-x86_64_musl/luci-app-pushbot/apk-all/luci-app-pushbot; echo "$V_Package_luci_app_pushbot_conffiles" > conffiles;  echo "$V_Package_luci_app_pushbot_postinst" > postinst-pkg; chmod 0755 postinst-pkg;)
build	Compile debug	2026-09-27T15:46:09.6728749Z ( echo "#!/bin/sh"; echo "[ \"\${IPKG_NO_SCRIPT}\" = \"1\" ] && exit 0"; echo "[ -s "\${IPKG_INSTROOT}/lib/functions.sh" ] || exit 0"; echo ". \${IPKG_INSTROOT}/lib/functions.sh"; echo 'export root="${IPKG_INSTROOT}"'; echo 'export pkgname="luci-app-pushbot"'; echo "add_group_and_user"; echo "default_postinst"; [ ! -f /workdir/openwrt/build_dir/target-x86_64_musl/luci-app-pushbot/apk-all/luci-app-pushbot/postinst-pkg ] || sed '/^\s*#!/d' "/workdir/openwrt/build_dir/target-x86_64_musl/luci-app-pushbot/apk-all/luci-app-pushbot/postinst-pkg"; ) > /workdir/openwrt/build_dir/target-x86_64_musl/luci-app-pushbot/apk-all/luci-app-pushbot/post-install;
build	Compile debug	2026-09-27T15:46:09.6763277Z ( echo "#!/bin/sh"; echo 'export PKG_UPGRADE=1'; [ ! -f /workdir/openwrt/build_dir/target-x86_64_musl/luci-app-pushbot/apk-all/luci-app-pushbot/post-install ] || sed '/^\s*#!/d' "/workdir/openwrt/build_dir/target-x86_64_musl/luci-app-pushbot/apk-all/luci-app-pushbot/post-install"; ) > /workdir/openwrt/build_dir/target-x86_64_musl/luci-app-pushbot/apk-all/luci-app-pushbot/post-upgrade;
build	Compile debug	2026-09-27T15:46:09.6798326Z ( echo "#!/bin/sh"; echo "[ -s "\${IPKG_INSTROOT}/lib/functions.sh" ] || exit 0"; echo ". \${IPKG_INSTROOT}/lib/functions.sh"; echo 'export root="${IPKG_INSTROOT}"'; echo 'export pkgname="luci-app-pushbot"'; echo "default_prerm"; [ ! -f /workdir/openwrt/build_dir/target-x86_64_musl/luci-app-pushbot/apk-all/luci-app-pushbot/prerm-pkg ] || sed '/^\s*#!/d' "/workdir/openwrt/build_dir/target-x86_64_musl/luci-app-pushbot/apk-all/luci-app-pushbot/prerm-pkg"; ) > /workdir/openwrt/build_dir/target-x86_64_musl/luci-app-pushbot/apk-all/luci-app-pushbot/pre-deinstall;
build	Compile debug	2026-09-27T15:46:09.6820614Z [ ! -f /workdir/openwrt/build_dir/target-x86_64_musl/luci-app-pushbot/apk-all/luci-app-pushbot/postrm ] || sed -zi 's/^\s*#!/#!/' "/workdir/openwrt/build_dir/target-x86_64_musl/luci-app-pushbot/apk-all/luci-app-pushbot/postrm";
build	Compile debug	2026-09-27T15:46:09.6839400Z if [ -n "" ]; then echo  > /workdir/openwrt/build_dir/target-x86_64_musl/luci-app-pushbot/ipkg-all/luci-app-pushbot/lib/apk/packages/luci-app-pushbot.rusers; fi;
build	Compile debug	2026-09-27T15:46:09.6858837Z if [ -n "" ]; then echo  > /workdir/openwrt/build_dir/target-x86_64_musl/luci-app-pushbot/ipkg-all/luci-app-pushbot/lib/apk/packages/luci-app-pushbot.alternatives; fi;
build	Compile debug	2026-09-27T15:46:09.6878692Z (cd /workdir/openwrt/build_dir/target-x86_64_musl/luci-app-pushbot/ipkg-all/luci-app-pushbot && find . -type f,l -printf "/%P\n" | sort > /workdir/openwrt/tmp/luci-app-pushbot.list && mv /workdir/openwrt/tmp/luci-app-pushbot.list /workdir/openwrt/build_dir/target-x86_64_musl/luci-app-pushbot/ipkg-all/luci-app-pushbot/lib/apk/packages/luci-app-pushbot.list)
build	Compile debug	2026-09-27T15:46:09.6932041Z # Move conffiles to IDIR and build conffiles_static with csums
build	Compile debug	2026-09-27T15:46:09.6954630Z if [ -f /workdir/openwrt/build_dir/target-x86_64_musl/luci-app-pushbot/apk-all/luci-app-pushbot/conffiles ]; then mv -f /workdir/openwrt/build_dir/target-x86_64_musl/luci-app-pushbot/apk-all/luci-app-pushbot/conffiles /workdir/openwrt/build_dir/target-x86_64_musl/luci-app-pushbot/ipkg-all/luci-app-pushbot/lib/apk/packages/luci-app-pushbot.conffiles; for file in $(cat /workdir/openwrt/build_dir/target-x86_64_musl/luci-app-pushbot/ipkg-all/luci-app-pushbot/lib/apk/packages/luci-app-pushbot.conffiles); do [ -f /workdir/openwrt/build_dir/target-x86_64_musl/luci-app-pushbot/ipkg-all/luci-app-pushbot/$file ] || continue; csum=$(/workdir/openwrt/staging_dir/host/bin/mkhash sha256 /workdir/openwrt/build_dir/target-x86_64_musl/luci-app-pushbot/ipkg-all/luci-app-pushbot/$file); echo $file $csum >> /workdir/openwrt/build_dir/target-x86_64_musl/luci-app-pushbot/ipkg-all/luci-app-pushbot/lib/apk/packages/luci-app-pushbot.conffiles_static; done; fi
build	Compile debug	2026-09-27T15:46:09.7038010Z # Some package (base-files) manually append stuff to conffiles
build	Compile debug	2026-09-27T15:46:09.7056769Z # Append stuff from it and delete the CONTROL directory since everything else should be migrated
build	Compile debug	2026-09-27T15:46:09.7078517Z if [ -f /workdir/openwrt/build_dir/target-x86_64_musl/luci-app-pushbot/ipkg-all/luci-app-pushbot/CONTROL/conffiles ]; then echo $(IDIR_luci-app-pushbot)/CONTROL/conffiles >> /workdir/openwrt/build_dir/target-x86_64_musl/luci-app-pushbot/ipkg-all/luci-app-pushbot/lib/apk/packages/luci-app-pushbot.conffiles; for file in $(cat /workdir/openwrt/build_dir/target-x86_64_musl/luci-app-pushbot/ipkg-all/luci-app-pushbot/CONTROL/conffiles); do [ -f /workdir/openwrt/build_dir/target-x86_64_musl/luci-app-pushbot/ipkg-all/luci-app-pushbot/$file ] || continue; csum=$(/workdir/openwrt/staging_dir/host/bin/mkhash sha256 /workdir/openwrt/build_dir/target-x86_64_musl/luci-app-pushbot/ipkg-all/luci-app-pushbot/$file); echo $file $csum >> /workdir/openwrt/build_dir/target-x86_64_musl/luci-app-pushbot/ipkg-all/luci-app-pushbot/lib/apk/packages/luci-app-pushbot.conffiles_static; done; rm -rf /workdir/openwrt/build_dir/target-x86_64_musl/luci-app-pushbot/ipkg-all/luci-app-pushbot/CONTROL/conffiles; fi
build	Compile debug	2026-09-27T15:46:09.7096256Z if [ -z "$(ls -A /workdir/openwrt/build_dir/target-x86_64_musl/luci-app-pushbot/ipkg-all/luci-app-pushbot/CONTROL 2>/dev/null)" ]; then rm -rf /workdir/openwrt/build_dir/target-x86_64_musl/luci-app-pushbot/ipkg-all/luci-app-pushbot/CONTROL; else echo "CONTROL directory /workdir/openwrt/build_dir/target-x86_64_musl/luci-app-pushbot/ipkg-all/luci-app-pushbot/CONTROL is not empty! This is not right and should be checked!" >&2; exit 1; fi
build	Compile debug	2026-09-27T15:46:09.7145810Z SOURCE_DATE_EPOCH=0 /workdir/openwrt/staging_dir/host/bin/fakeroot /workdir/openwrt/staging_dir/host/bin/apk mkpkg --info "name:luci-app-pushbot" --info "version:6.00-r35" --info "tags:openwrt:section=luci" --info "description:LuCI support for Pushbot" --info "arch:noarch" --info "license:" --info "origin:feeds/base/luci-app-pushbot" --info "url:https://github.com/openwrt/luci" --info "maintainer:OpenWrt LuCI community" --info "provides:luci-app-pushbot-any"  --script "post-install:/workdir/openwrt/build_dir/target-x86_64_musl/luci-app-pushbot/apk-all/luci-app-pushbot/post-install" --script "post-upgrade:/workdir/openwrt/build_dir/target-x86_64_musl/luci-app-pushbot/apk-all/luci-app-pushbot/post-upgrade" --script "pre-deinstall:/workdir/openwrt/build_dir/target-x86_64_musl/luci-app-pushbot/apk-all/luci-app-pushbot/pre-deinstall" --info "depends:ucode>=2026.02.27 libc luci-base iputils-arping curl jq" --files "/workdir/openwrt/build_dir/target-x86_64_musl/luci-app-pushbot/ipkg-all/luci-app-pushbot" --sign /workdir/openwrt/private-key.pem --output "/workdir/openwrt/bin/packages/x86_64/base/luci-app-pushbot-6.00-r35.apk"
build	Compile debug	2026-09-27T15:46:09.7708127Z rm -rf /workdir/openwrt/build_dir/target-x86_64_musl/luci-app-pushbot/ipkg-all/luci-i18n-pushbot-zh-cn
build	Compile debug	2026-09-27T15:46:09.7744501Z /workdir/openwrt/scripts/ipkg-remove luci-i18n-pushbot-zh-cn /workdir/openwrt/bin/packages/x86_64/base/luci-i18n-pushbot-zh-cn-6.00-r35.apk
build	Compile debug	2026-09-27T15:46:09.7788589Z removed '/workdir/openwrt/bin/packages/x86_64/base/luci-i18n-pushbot-zh-cn-6.00-r35.apk'
build	Compile debug	2026-09-27T15:46:09.7792706Z mkdir -p /workdir/openwrt/bin/targets/x86/64/packages /workdir/openwrt/build_dir/target-x86_64_musl/luci-app-pushbot/ipkg-all/luci-i18n-pushbot-zh-cn /workdir/openwrt/staging_dir/target-x86_64_musl/pkginfo
build	Compile debug	2026-09-27T15:46:09.7822243Z install -d -m0755 /workdir/openwrt/build_dir/target-x86_64_musl/luci-app-pushbot/ipkg-all/luci-i18n-pushbot-zh-cn/etc/uci-defaults
build	Compile debug	2026-09-27T15:46:09.7853212Z echo "uci set luci.languages.zh_cn='简体中文 (Simplified Chinese)'; uci commit luci" > /workdir/openwrt/build_dir/target-x86_64_musl/luci-app-pushbot/ipkg-all/luci-i18n-pushbot-zh-cn/etc/uci-defaults/luci-i18n-pushbot-zh-cn
build	Compile debug	2026-09-27T15:46:09.7871109Z install -d -m0755 /workdir/openwrt/build_dir/target-x86_64_musl/luci-app-pushbot/ipkg-all/luci-i18n-pushbot-zh-cn/usr/lib/lua/luci/i18n
build	Compile debug	2026-09-27T15:46:09.7902405Z po2lmo /workdir/openwrt/package/luci-app-pushbot/po/zh_Hans/pushbot.po /workdir/openwrt/build_dir/target-x86_64_musl/luci-app-pushbot/ipkg-all/luci-i18n-pushbot-zh-cn/usr/lib/lua/luci/i18n/pushbot.zh-cn.lmo;
build	Compile debug	2026-09-27T15:46:10.2659463Z find /workdir/openwrt/build_dir/target-x86_64_musl/luci-app-pushbot/ipkg-all/luci-i18n-pushbot-zh-cn -name '.svn' -o -name '.#*' -o -name '*~'| xargs -r rm -rf
build	Compile debug	2026-09-27T15:46:10.2966867Z export CROSS="x86_64-openwrt-linux-musl-"  NO_RENAME=1 ; NM="x86_64-openwrt-linux-musl-nm" STRIP="/workdir/openwrt/staging_dir/host/bin/sstrip -z" STRIP_KMOD="/workdir/openwrt/scripts/strip-kmod.sh" PATCHELF="/workdir/openwrt/staging_dir/host/bin/patchelf" /workdir/openwrt/scripts/rstrip.sh /workdir/openwrt/build_dir/target-x86_64_musl/luci-app-pushbot/ipkg-all/luci-i18n-pushbot-zh-cn
build	Compile debug	2026-09-27T15:46:10.3085162Z install -d -m0755 /workdir/openwrt/bin/packages/x86_64/base
build	Compile debug	2026-09-27T15:46:10.3115724Z mkdir -p /workdir/openwrt/build_dir/target-x86_64_musl/luci-app-pushbot/apk-all/luci-i18n-pushbot-zh-cn/
build	Compile debug	2026-09-27T15:46:10.3144029Z mkdir -p /workdir/openwrt/build_dir/target-x86_64_musl/luci-app-pushbot/ipkg-all/luci-i18n-pushbot-zh-cn/lib/apk/packages/
build	Compile debug	2026-09-27T15:46:10.3172576Z (cd /workdir/openwrt/build_dir/target-x86_64_musl/luci-app-pushbot/apk-all/luci-i18n-pushbot-zh-cn; )
build	Compile debug	2026-09-27T15:46:10.3197290Z ( echo "#!/bin/sh"; echo "[ \"\${IPKG_NO_SCRIPT}\" = \"1\" ] && exit 0"; echo "[ -s "\${IPKG_INSTROOT}/lib/functions.sh" ] || exit 0"; echo ". \${IPKG_INSTROOT}/lib/functions.sh"; echo 'export root="${IPKG_INSTROOT}"'; echo 'export pkgname="luci-i18n-pushbot-zh-cn"'; echo "add_group_and_user"; echo "default_postinst"; [ ! -f /workdir/openwrt/build_dir/target-x86_64_musl/luci-app-pushbot/apk-all/luci-i18n-pushbot-zh-cn/postinst-pkg ] || sed '/^\s*#!/d' "/workdir/openwrt/build_dir/target-x86_64_musl/luci-app-pushbot/apk-all/luci-i18n-pushbot-zh-cn/postinst-pkg"; ) > /workdir/openwrt/build_dir/target-x86_64_musl/luci-app-pushbot/apk-all/luci-i18n-pushbot-zh-cn/post-install;
build	Compile debug	2026-09-27T15:46:10.3219289Z ( echo "#!/bin/sh"; echo 'export PKG_UPGRADE=1'; [ ! -f /workdir/openwrt/build_dir/target-x86_64_musl/luci-app-pushbot/apk-all/luci-i18n-pushbot-zh-cn/post-install ] || sed '/^\s*#!/d' "/workdir/openwrt/build_dir/target-x86_64_musl/luci-app-pushbot/apk-all/luci-i18n-pushbot-zh-cn/post-install"; ) > /workdir/openwrt/build_dir/target-x86_64_musl/luci-app-pushbot/apk-all/luci-i18n-pushbot-zh-cn/post-upgrade;
build	Compile debug	2026-09-27T15:46:10.3255366Z ( echo "#!/bin/sh"; echo "[ -s "\${IPKG_INSTROOT}/lib/functions.sh" ] || exit 0"; echo ". \${IPKG_INSTROOT}/lib/functions.sh"; echo 'export root="${IPKG_INSTROOT}"'; echo 'export pkgname="luci-i18n-pushbot-zh-cn"'; echo "default_prerm"; [ ! -f /workdir/openwrt/build_dir/target-x86_64_musl/luci-app-pushbot/apk-all/luci-i18n-pushbot-zh-cn/prerm-pkg ] || sed '/^\s*#!/d' "/workdir/openwrt/build_dir/target-x86_64_musl/luci-app-pushbot/apk-all/luci-i18n-pushbot-zh-cn/prerm-pkg"; ) > /workdir/openwrt/build_dir/target-x86_64_musl/luci-app-pushbot/apk-all/luci-i18n-pushbot-zh-cn/pre-deinstall;
build	Compile debug	2026-09-27T15:46:10.3277664Z [ ! -f /workdir/openwrt/build_dir/target-x86_64_musl/luci-app-pushbot/apk-all/luci-i18n-pushbot-zh-cn/postrm ] || sed -zi 's/^\s*#!/#!/' "/workdir/openwrt/build_dir/target-x86_64_musl/luci-app-pushbot/apk-all/luci-i18n-pushbot-zh-cn/postrm";
build	Compile debug	2026-09-27T15:46:10.3296659Z if [ -n "" ]; then echo  > /workdir/openwrt/build_dir/target-x86_64_musl/luci-app-pushbot/ipkg-all/luci-i18n-pushbot-zh-cn/lib/apk/packages/luci-i18n-pushbot-zh-cn.rusers; fi;
build	Compile debug	2026-09-27T15:46:10.3315440Z if [ -n "" ]; then echo  > /workdir/openwrt/build_dir/target-x86_64_musl/luci-app-pushbot/ipkg-all/luci-i18n-pushbot-zh-cn/lib/apk/packages/luci-i18n-pushbot-zh-cn.alternatives; fi;
build	Compile debug	2026-09-27T15:46:10.3335236Z (cd /workdir/openwrt/build_dir/target-x86_64_musl/luci-app-pushbot/ipkg-all/luci-i18n-pushbot-zh-cn && find . -type f,l -printf "/%P\n" | sort > /workdir/openwrt/tmp/luci-i18n-pushbot-zh-cn.list && mv /workdir/openwrt/tmp/luci-i18n-pushbot-zh-cn.list /workdir/openwrt/build_dir/target-x86_64_musl/luci-app-pushbot/ipkg-all/luci-i18n-pushbot-zh-cn/lib/apk/packages/luci-i18n-pushbot-zh-cn.list)
build	Compile debug	2026-09-27T15:46:10.3385462Z # Move conffiles to IDIR and build conffiles_static with csums
build	Compile debug	2026-09-27T15:46:10.3408825Z if [ -f /workdir/openwrt/build_dir/target-x86_64_musl/luci-app-pushbot/apk-all/luci-i18n-pushbot-zh-cn/conffiles ]; then mv -f /workdir/openwrt/build_dir/target-x86_64_musl/luci-app-pushbot/apk-all/luci-i18n-pushbot-zh-cn/conffiles /workdir/openwrt/build_dir/target-x86_64_musl/luci-app-pushbot/ipkg-all/luci-i18n-pushbot-zh-cn/lib/apk/packages/luci-i18n-pushbot-zh-cn.conffiles; for file in $(cat /workdir/openwrt/build_dir/target-x86_64_musl/luci-app-pushbot/ipkg-all/luci-i18n-pushbot-zh-cn/lib/apk/packages/luci-i18n-pushbot-zh-cn.conffiles); do [ -f /workdir/openwrt/build_dir/target-x86_64_musl/luci-app-pushbot/ipkg-all/luci-i18n-pushbot-zh-cn/$file ] || continue; csum=$(/workdir/openwrt/staging_dir/host/bin/mkhash sha256 /workdir/openwrt/build_dir/target-x86_64_musl/luci-app-pushbot/ipkg-all/luci-i18n-pushbot-zh-cn/$file); echo $file $csum >> /workdir/openwrt/build_dir/target-x86_64_musl/luci-app-pushbot/ipkg-all/luci-i18n-pushbot-zh-cn/lib/apk/packages/luci-i18n-pushbot-zh-cn.conffiles_static; done; fi
build	Compile debug	2026-09-27T15:46:10.3422684Z # Some package (base-files) manually append stuff to conffiles
build	Compile debug	2026-09-27T15:46:10.3440838Z # Append stuff from it and delete the CONTROL directory since everything else should be migrated
build	Compile debug	2026-09-27T15:46:10.3464120Z if [ -f /workdir/openwrt/build_dir/target-x86_64_musl/luci-app-pushbot/ipkg-all/luci-i18n-pushbot-zh-cn/CONTROL/conffiles ]; then echo $(IDIR_luci-i18n-pushbot-zh-cn)/CONTROL/conffiles >> /workdir/openwrt/build_dir/target-x86_64_musl/luci-app-pushbot/ipkg-all/luci-i18n-pushbot-zh-cn/lib/apk/packages/luci-i18n-pushbot-zh-cn.conffiles; for file in $(cat /workdir/openwrt/build_dir/target-x86_64_musl/luci-app-pushbot/ipkg-all/luci-i18n-pushbot-zh-cn/CONTROL/conffiles); do [ -f /workdir/openwrt/build_dir/target-x86_64_musl/luci-app-pushbot/ipkg-all/luci-i18n-pushbot-zh-cn/$file ] || continue; csum=$(/workdir/openwrt/staging_dir/host/bin/mkhash sha256 /workdir/openwrt/build_dir/target-x86_64_musl/luci-app-pushbot/ipkg-all/luci-i18n-pushbot-zh-cn/$file); echo $file $csum >> /workdir/openwrt/build_dir/target-x86_64_musl/luci-app-pushbot/ipkg-all/luci-i18n-pushbot-zh-cn/lib/apk/packages/luci-i18n-pushbot-zh-cn.conffiles_static; done; rm -rf /workdir/openwrt/build_dir/target-x86_64_musl/luci-app-pushbot/ipkg-all/luci-i18n-pushbot-zh-cn/CONTROL/conffiles; fi
build	Compile debug	2026-09-27T15:46:10.3480705Z if [ -z "$(ls -A /workdir/openwrt/build_dir/target-x86_64_musl/luci-app-pushbot/ipkg-all/luci-i18n-pushbot-zh-cn/CONTROL 2>/dev/null)" ]; then rm -rf /workdir/openwrt/build_dir/target-x86_64_musl/luci-app-pushbot/ipkg-all/luci-i18n-pushbot-zh-cn/CONTROL; else echo "CONTROL directory /workdir/openwrt/build_dir/target-x86_64_musl/luci-app-pushbot/ipkg-all/luci-i18n-pushbot-zh-cn/CONTROL is not empty! This is not right and should be checked!" >&2; exit 1; fi
build	Compile debug	2026-09-27T15:46:10.3531972Z SOURCE_DATE_EPOCH=0 /workdir/openwrt/staging_dir/host/bin/fakeroot /workdir/openwrt/staging_dir/host/bin/apk mkpkg --info "name:luci-i18n-pushbot-zh-cn" --info "version:6.00-r35" --info "tags:openwrt:section=luci" --info "description:Translation for luci-app-pushbot - 简体中文 (Simplified Chinese)" --info "arch:noarch" --info "license:" --info "origin:feeds/base/luci-app-pushbot" --info "url:" --info "maintainer:tty228 <tty228@yeah.net>  zzsj0928" --info "provides:luci-i18n-pushbot-zh-cn-any"  --script "post-install:/workdir/openwrt/build_dir/target-x86_64_musl/luci-app-pushbot/apk-all/luci-i18n-pushbot-zh-cn/post-install" --script "post-upgrade:/workdir/openwrt/build_dir/target-x86_64_musl/luci-app-pushbot/apk-all/luci-i18n-pushbot-zh-cn/post-upgrade" --script "pre-deinstall:/workdir/openwrt/build_dir/target-x86_64_musl/luci-app-pushbot/apk-all/luci-i18n-pushbot-zh-cn/pre-deinstall" --info "depends:libc luci-app-pushbot" --files "/workdir/openwrt/build_dir/target-x86_64_musl/luci-app-pushbot/ipkg-all/luci-i18n-pushbot-zh-cn" --sign /workdir/openwrt/private-key.pem --output "/workdir/openwrt/bin/packages/x86_64/base/luci-i18n-pushbot-zh-cn-6.00-r35.apk"
build	Compile debug	2026-09-27T15:46:10.3853285Z rm -rf /workdir/openwrt/build_dir/target-x86_64_musl/luci-app-pushbot/.pkgdir/luci-app-pushbot.installed /workdir/openwrt/build_dir/target-x86_64_musl/luci-app-pushbot/.pkgdir/luci-app-pushbot
build	Compile debug	2026-09-27T15:46:10.3890303Z mkdir -p /workdir/openwrt/build_dir/target-x86_64_musl/luci-app-pushbot/.pkgdir/luci-app-pushbot
build	Compile debug	2026-09-27T15:46:10.3919418Z install -d -m0755 /workdir/openwrt/build_dir/target-x86_64_musl/luci-app-pushbot/.pkgdir/luci-app-pushbot/usr/share/ucode/luci
build	Compile debug	2026-09-27T15:46:10.3950147Z cp -pR /workdir/openwrt/build_dir/target-x86_64_musl/luci-app-pushbot/ucode/* /workdir/openwrt/build_dir/target-x86_64_musl/luci-app-pushbot/.pkgdir/luci-app-pushbot/usr/share/ucode/luci/
build	Compile debug	2026-09-27T15:46:10.3987212Z find /workdir/openwrt/build_dir/target-x86_64_musl/luci-app-pushbot/.pkgdir/luci-app-pushbot/usr/share/ucode/luci/ -type f -name '*.htm' | while read src; do /workdir/openwrt/staging_dir/host/bin/sed -i -e 's/<%# *\([^ ]*\)PKG_VERSION *%>/\16.00/g' -e 's/"\(<%= *\(media\|resource\) *%>[^"]*\.\(js\|css\)\)"/"\1?v=6.00"/g' "$src"; done; find /workdir/openwrt/build_dir/target-x86_64_musl/luci-app-pushbot/.pkgdir/luci-app-pushbot/usr/share/ucode/luci/ -type f -name '*.ut' | while read src; do /workdir/openwrt/staging_dir/host/bin/sed -i -e 's/{# *\([^ ]*\)PKG_VERSION *#}/\16.00/g' -e 's/"\({{ *\(media\|resource\) *}}[^"]*\.\(js\|css\)\)"/"\1?v=6.00"/g' "$src"; done
build	Compile debug	2026-09-27T15:46:10.4060979Z find /workdir/openwrt/build_dir/target-x86_64_musl/luci-app-pushbot/.pkgdir/luci-app-pushbot/usr/share/ucode/luci/ -type f -name '*.ut' | while read src; do ucode -T, -s -cno-interp,dynlink=luci.core,dynlink=digest,dynlink=log,dynlink=nl80211,dynlink=resolv,dynlink=rtnl,dynlink=ubus,dynlink=uci,dynlink=uloop -o "$src.o" "$src" || exit 1; mv "$src.o" "$src" && chmod 0644 "$src"; done
build	Compile debug	2026-09-27T15:46:10.4211944Z install -d -m0755 /workdir/openwrt/build_dir/target-x86_64_musl/luci-app-pushbot/.pkgdir/luci-app-pushbot/
build	Compile debug	2026-09-27T15:46:10.4241939Z cp -pR /workdir/openwrt/build_dir/target-x86_64_musl/luci-app-pushbot/root/* /workdir/openwrt/build_dir/target-x86_64_musl/luci-app-pushbot/.pkgdir/luci-app-pushbot/
build	Compile debug	2026-09-27T15:46:10.4296467Z touch /workdir/openwrt/build_dir/target-x86_64_musl/luci-app-pushbot/.pkgdir/luci-app-pushbot.installed
build	Compile debug	2026-09-27T15:46:10.4324512Z mkdir -p /workdir/openwrt/staging_dir/target-x86_64_musl/root-x86/stamp
build	Compile debug	2026-09-27T15:46:10.4360998Z SHELL= flock /workdir/openwrt/tmp/.root-copy.flock -c 'cp -fpR /workdir/openwrt/build_dir/target-x86_64_musl/luci-app-pushbot/.pkgdir/luci-app-pushbot/. /workdir/openwrt/staging_dir/target-x86_64_musl/root-x86/'
build	Compile debug	2026-09-27T15:46:10.4434796Z touch /workdir/openwrt/staging_dir/target-x86_64_musl/root-x86/stamp/.luci-app-pushbot_installed
build	Compile debug	2026-09-27T15:46:10.4460985Z echo "luci-app-pushbot" >> /workdir/openwrt/staging_dir/target-x86_64_musl/pkginfo/luci-app-pushbot.default.install
build	Compile debug	2026-09-27T15:46:10.4489649Z rm -rf /workdir/openwrt/build_dir/target-x86_64_musl/luci-app-pushbot/.pkgdir/luci-i18n-pushbot-zh-cn.installed /workdir/openwrt/build_dir/target-x86_64_musl/luci-app-pushbot/.pkgdir/luci-i18n-pushbot-zh-cn
build	Compile debug	2026-09-27T15:46:10.4522472Z mkdir -p /workdir/openwrt/build_dir/target-x86_64_musl/luci-app-pushbot/.pkgdir/luci-i18n-pushbot-zh-cn
build	Compile debug	2026-09-27T15:46:10.4551013Z install -d -m0755 /workdir/openwrt/build_dir/target-x86_64_musl/luci-app-pushbot/.pkgdir/luci-i18n-pushbot-zh-cn/etc/uci-defaults
build	Compile debug	2026-09-27T15:46:10.4582651Z echo "uci set luci.languages.zh_cn='简体中文 (Simplified Chinese)'; uci commit luci" > /workdir/openwrt/build_dir/target-x86_64_musl/luci-app-pushbot/.pkgdir/luci-i18n-pushbot-zh-cn/etc/uci-defaults/luci-i18n-pushbot-zh-cn
build	Compile debug	2026-09-27T15:46:10.4600941Z install -d -m0755 /workdir/openwrt/build_dir/target-x86_64_musl/luci-app-pushbot/.pkgdir/luci-i18n-pushbot-zh-cn/usr/lib/lua/luci/i18n
build	Compile debug	2026-09-27T15:46:10.4632785Z po2lmo /workdir/openwrt/package/luci-app-pushbot/po/zh_Hans/pushbot.po /workdir/openwrt/build_dir/target-x86_64_musl/luci-app-pushbot/.pkgdir/luci-i18n-pushbot-zh-cn/usr/lib/lua/luci/i18n/pushbot.zh-cn.lmo;
build	Compile debug	2026-09-27T15:46:10.4712213Z touch /workdir/openwrt/build_dir/target-x86_64_musl/luci-app-pushbot/.pkgdir/luci-i18n-pushbot-zh-cn.installed
build	Compile debug	2026-09-27T15:46:10.4740111Z mkdir -p /workdir/openwrt/staging_dir/target-x86_64_musl/root-x86/stamp
build	Compile debug	2026-09-27T15:46:10.4777901Z SHELL= flock /workdir/openwrt/tmp/.root-copy.flock -c 'cp -fpR /workdir/openwrt/build_dir/target-x86_64_musl/luci-app-pushbot/.pkgdir/luci-i18n-pushbot-zh-cn/. /workdir/openwrt/staging_dir/target-x86_64_musl/root-x86/'
build	Compile debug	2026-09-27T15:46:10.4827487Z touch /workdir/openwrt/staging_dir/target-x86_64_musl/root-x86/stamp/.luci-i18n-pushbot-zh-cn_installed
build	Compile debug	2026-09-27T15:46:10.4853704Z echo "luci-i18n-pushbot-zh-cn" >> /workdir/openwrt/staging_dir/target-x86_64_musl/pkginfo/luci-app-pushbot.default.install
build	Compile debug	2026-09-27T15:46:10.4881477Z make[3]: Leaving directory '/workdir/openwrt/package/luci-app-pushbot'
build	Compile debug	2026-09-27T15:46:10.4890638Z time: package/luci-app-pushbot/compile#0.32#0.44#1.22
build	Compile debug	2026-09-27T15:46:10.5317564Z make[3]: Entering directory '/workdir/openwrt/package/luci-app-tailscale'
build	Compile debug	2026-09-27T15:46:10.7170541Z mkdir -p /workdir/openwrt/staging_dir/target-x86_64_musl/root-x86/stamp
build	Compile debug	2026-09-27T15:46:10.7206957Z SHELL= flock /workdir/openwrt/tmp/.root-copy.flock -c 'cp -fpR /workdir/openwrt/build_dir/target-x86_64_musl/luci-app-tailscale/.pkgdir/luci-app-tailscale/. /workdir/openwrt/staging_dir/target-x86_64_musl/root-x86/'
build	Compile debug	2026-09-27T15:46:10.7273343Z touch /workdir/openwrt/staging_dir/target-x86_64_musl/root-x86/stamp/.luci-app-tailscale_installed
build	Compile debug	2026-09-27T15:46:10.7298826Z echo "luci-app-tailscale" >> /workdir/openwrt/staging_dir/target-x86_64_musl/pkginfo/luci-app-tailscale.default.install
build	Compile debug	2026-09-27T15:46:10.7328105Z mkdir -p /workdir/openwrt/staging_dir/target-x86_64_musl/root-x86/stamp
build	Compile debug	2026-09-27T15:46:10.7364012Z SHELL= flock /workdir/openwrt/tmp/.root-copy.flock -c 'cp -fpR /workdir/openwrt/build_dir/target-x86_64_musl/luci-app-tailscale/.pkgdir/luci-i18n-tailscale-zh-cn/. /workdir/openwrt/staging_dir/target-x86_64_musl/root-x86/'
build	Compile debug	2026-09-27T15:46:10.7412780Z touch /workdir/openwrt/staging_dir/target-x86_64_musl/root-x86/stamp/.luci-i18n-tailscale-zh-cn_installed
build	Compile debug	2026-09-27T15:46:10.7438414Z echo "luci-i18n-tailscale-zh-cn" >> /workdir/openwrt/staging_dir/target-x86_64_musl/pkginfo/luci-app-tailscale.default.install
build	Compile debug	2026-09-27T15:46:10.7466029Z make[3]: Leaving directory '/workdir/openwrt/package/luci-app-tailscale'
build	Compile debug	2026-09-27T15:46:10.7474185Z time: package/luci-app-tailscale/compile#0.09#0.15#0.25
build	Compile debug	2026-09-27T15:46:10.7899162Z make[3]: Entering directory '/workdir/openwrt/package/luci-theme-design'
build	Compile debug	2026-09-27T15:46:10.8554122Z mkdir -p /workdir/openwrt/staging_dir/target-x86_64_musl/root-x86/stamp
build	Compile debug	2026-09-27T15:46:10.8596069Z SHELL= flock /workdir/openwrt/tmp/.root-copy.flock -c 'cp -fpR /workdir/openwrt/build_dir/target-x86_64_musl/luci-theme-design/.pkgdir/luci-theme-design/. /workdir/openwrt/staging_dir/target-x86_64_musl/root-x86/'
build	Compile debug	2026-09-27T15:46:10.8893211Z touch /workdir/openwrt/staging_dir/target-x86_64_musl/root-x86/stamp/.luci-theme-design_installed
build	Compile debug	2026-09-27T15:46:10.8936042Z echo "luci-theme-design" >> /workdir/openwrt/staging_dir/target-x86_64_musl/pkginfo/luci-theme-design.default.install
build	Compile debug	2026-09-27T15:46:10.8962446Z make[3]: Leaving directory '/workdir/openwrt/package/luci-theme-design'
build	Compile debug	2026-09-27T15:46:10.8972005Z time: package/luci-theme-design/compile#0.06#0.05#0.14
build	Compile debug	2026-09-27T15:46:10.9110537Z make[3]: Entering directory '/workdir/openwrt/package/network/ipv6/odhcp6c'
build	Compile debug	2026-09-27T15:46:11.0168482Z mkdir -p /workdir/openwrt/staging_dir/target-x86_64_musl/root-x86/stamp
build	Compile debug	2026-09-27T15:46:11.0203854Z SHELL= flock /workdir/openwrt/tmp/.root-copy.flock -c 'cp -fpR /workdir/openwrt/build_dir/target-x86_64_musl/odhcp6c-2026.06.27~10a52220/.pkgdir/odhcp6c/. /workdir/openwrt/staging_dir/target-x86_64_musl/root-x86/'
build	Compile debug	2026-09-27T15:46:11.0278219Z touch /workdir/openwrt/staging_dir/target-x86_64_musl/root-x86/stamp/.odhcp6c_installed
build	Compile debug	2026-09-27T15:46:11.0304269Z echo "odhcp6c" >> /workdir/openwrt/staging_dir/target-x86_64_musl/pkginfo/odhcp6c.default.install
build	Compile debug	2026-09-27T15:46:11.0332606Z make[3]: Leaving directory '/workdir/openwrt/package/network/ipv6/odhcp6c'
build	Compile debug	2026-09-27T15:46:11.0340360Z time: package/network/ipv6/odhcp6c/compile#0.06#0.06#0.13
build	Compile debug	2026-09-27T15:46:11.0771908Z make[3]: Entering directory '/workdir/openwrt/package/network/services/dropbear'
build	Compile debug	2026-09-27T15:46:11.1752564Z mkdir -p /workdir/openwrt/staging_dir/target-x86_64_musl/root-x86/stamp
build	Compile debug	2026-09-27T15:46:11.1787548Z SHELL= flock /workdir/openwrt/tmp/.root-copy.flock -c 'cp -fpR /workdir/openwrt/build_dir/target-x86_64_musl/dropbear-2026.94/.pkgdir/dropbear/. /workdir/openwrt/staging_dir/target-x86_64_musl/root-x86/'
build	Compile debug	2026-09-27T15:46:11.1863067Z touch /workdir/openwrt/staging_dir/target-x86_64_musl/root-x86/stamp/.dropbear_installed
build	Compile debug	2026-09-27T15:46:11.1888326Z echo "dropbear" >> /workdir/openwrt/staging_dir/target-x86_64_musl/pkginfo/dropbear.default.install
build	Compile debug	2026-09-27T15:46:11.1916473Z make[3]: Leaving directory '/workdir/openwrt/package/network/services/dropbear'
build	Compile debug	2026-09-27T15:46:11.1925063Z time: package/network/services/dropbear/compile#0.07#0.06#0.15
build	Compile debug	2026-09-27T15:46:11.2059379Z make[3]: Entering directory '/workdir/openwrt/package/network/services/hostapd'
build	Compile debug	2026-09-27T15:46:11.3215462Z mkdir -p /workdir/openwrt/staging_dir/target-x86_64_musl/root-x86/stamp
build	Compile debug	2026-09-27T15:46:11.3250863Z SHELL= flock /workdir/openwrt/tmp/.root-copy.flock -c 'cp -fpR /workdir/openwrt/build_dir/target-x86_64_musl/hostapd-supplicant-full-internal/hostapd-2026.08.07~831364bf/.pkgdir/hostapd-common/. /workdir/openwrt/staging_dir/target-x86_64_musl/root-x86/'
build	Compile debug	2026-09-27T15:46:11.3306167Z touch /workdir/openwrt/staging_dir/target-x86_64_musl/root-x86/stamp/.hostapd-common_installed
build	Compile debug	2026-09-27T15:46:11.3331957Z echo "hostapd-common" >> /workdir/openwrt/staging_dir/target-x86_64_musl/pkginfo/hostapd.supplicant-full-internal.install
build	Compile debug	2026-09-27T15:46:11.3359606Z make[3]: Leaving directory '/workdir/openwrt/package/network/services/hostapd'
build	Compile debug	2026-09-27T15:46:11.3367797Z time: package/network/services/hostapd/supplicant-full-internal/compile#0.07#0.06#0.13
build	Compile debug	2026-09-27T15:46:11.3801935Z make[3]: Entering directory '/workdir/openwrt/package/libs/libpcap'
build	Compile debug	2026-09-27T15:46:11.4503681Z make[3]: Leaving directory '/workdir/openwrt/package/libs/libpcap'
build	Compile debug	2026-09-27T15:46:11.4510591Z time: package/libs/libpcap/compile#0.06#0.03#0.10
build	Compile debug	2026-09-27T15:46:11.4918978Z make[3]: Entering directory '/workdir/openwrt/package/network/services/shellsync'
build	Compile debug	2026-09-27T15:46:11.5483208Z mkdir -p /workdir/openwrt/staging_dir/target-x86_64_musl/root-x86/stamp
build	Compile debug	2026-09-27T15:46:11.5518379Z SHELL= flock /workdir/openwrt/tmp/.root-copy.flock -c 'cp -fpR /workdir/openwrt/build_dir/target-x86_64_musl/shellsync-0.2/.pkgdir/shellsync/. /workdir/openwrt/staging_dir/target-x86_64_musl/root-x86/'
build	Compile debug	2026-09-27T15:46:11.5568074Z touch /workdir/openwrt/staging_dir/target-x86_64_musl/root-x86/stamp/.shellsync_installed
build	Compile debug	2026-09-27T15:46:11.5593517Z echo "shellsync" >> /workdir/openwrt/staging_dir/target-x86_64_musl/pkginfo/shellsync.default.install
build	Compile debug	2026-09-27T15:46:11.5619812Z make[3]: Leaving directory '/workdir/openwrt/package/network/services/shellsync'
build	Compile debug	2026-09-27T15:46:11.5627906Z time: package/network/services/shellsync/compile#0.04#0.05#0.10
build	Compile debug	2026-09-27T15:46:11.5758090Z make[3]: Entering directory '/workdir/openwrt/package/network/utils/linux-atm'
build	Compile debug	2026-09-27T15:46:11.7044170Z make[3]: Leaving directory '/workdir/openwrt/package/network/utils/linux-atm'
build	Compile debug	2026-09-27T15:46:11.7051487Z time: package/network/utils/linux-atm/compile#0.07#0.06#0.13
build	Compile debug	2026-09-27T15:46:11.7182941Z make[3]: Entering directory '/workdir/openwrt/package/network/services/ppp'
build	Compile debug	2026-09-27T15:46:11.8345990Z mkdir -p /workdir/openwrt/staging_dir/target-x86_64_musl/root-x86/stamp
build	Compile debug	2026-09-27T15:46:11.8383654Z SHELL= flock /workdir/openwrt/tmp/.root-copy.flock -c 'cp -fpR /workdir/openwrt/build_dir/target-x86_64_musl/linux-x86_64/ppp-default/ppp-2.5.3/.pkgdir/ppp/. /workdir/openwrt/staging_dir/target-x86_64_musl/root-x86/'
build	Compile debug	2026-09-27T15:46:11.8465851Z touch /workdir/openwrt/staging_dir/target-x86_64_musl/root-x86/stamp/.ppp_installed
build	Compile debug	2026-09-27T15:46:11.8491704Z echo "ppp" >> /workdir/openwrt/staging_dir/target-x86_64_musl/pkginfo/ppp.default.install
build	Compile debug	2026-09-27T15:46:11.8520817Z mkdir -p /workdir/openwrt/staging_dir/target-x86_64_musl/root-x86/stamp
build	Compile debug	2026-09-27T15:46:11.8556800Z SHELL= flock /workdir/openwrt/tmp/.root-copy.flock -c 'cp -fpR /workdir/openwrt/build_dir/target-x86_64_musl/linux-x86_64/ppp-default/ppp-2.5.3/.pkgdir/ppp-mod-pppoe/. /workdir/openwrt/staging_dir/target-x86_64_musl/root-x86/'
build	Compile debug	2026-09-27T15:46:11.8607873Z touch /workdir/openwrt/staging_dir/target-x86_64_musl/root-x86/stamp/.ppp-mod-pppoe_installed
build	Compile debug	2026-09-27T15:46:11.8633057Z echo "ppp-mod-pppoe" >> /workdir/openwrt/staging_dir/target-x86_64_musl/pkginfo/ppp.default.install
build	Compile debug	2026-09-27T15:46:11.8659396Z make[3]: Leaving directory '/workdir/openwrt/package/network/services/ppp'
build	Compile debug	2026-09-27T15:46:11.8667849Z time: package/network/services/ppp/default/compile#0.07#0.08#0.15
build	Compile debug	2026-09-27T15:46:11.9096577Z make[3]: Entering directory '/workdir/openwrt/package/network/utils/iw'
build	Compile debug	2026-09-27T15:46:11.9761173Z mkdir -p /workdir/openwrt/staging_dir/target-x86_64_musl/root-x86/stamp
build	Compile debug	2026-09-27T15:46:11.9795602Z SHELL= flock /workdir/openwrt/tmp/.root-copy.flock -c 'cp -fpR /workdir/openwrt/build_dir/target-x86_64_musl/iw-tiny/iw-6.17/.pkgdir/iw/. /workdir/openwrt/staging_dir/target-x86_64_musl/root-x86/'
build	Compile debug	2026-09-27T15:46:11.9846841Z touch /workdir/openwrt/staging_dir/target-x86_64_musl/root-x86/stamp/.iw_installed
build	Compile debug	2026-09-27T15:46:11.9872775Z echo "iw" >> /workdir/openwrt/staging_dir/target-x86_64_musl/pkginfo/iw.tiny.install
build	Compile debug	2026-09-27T15:46:11.9901153Z make[3]: Leaving directory '/workdir/openwrt/package/network/utils/iw'
build	Compile debug	2026-09-27T15:46:11.9909458Z time: package/network/utils/iw/tiny/compile#0.06#0.05#0.11
build	Compile debug	2026-09-27T15:46:12.0332788Z make[3]: Entering directory '/workdir/openwrt/package/openwrt-passwall-packages/ipt2socks'
build	Compile debug	2026-09-27T15:46:12.0952771Z mkdir -p /workdir/openwrt/staging_dir/target-x86_64_musl/root-x86/stamp
build	Compile debug	2026-09-27T15:46:12.0989499Z SHELL= flock /workdir/openwrt/tmp/.root-copy.flock -c 'cp -fpR /workdir/openwrt/build_dir/target-x86_64_musl/ipt2socks-1.1.4/.pkgdir/ipt2socks/. /workdir/openwrt/staging_dir/target-x86_64_musl/root-x86/'
build	Compile debug	2026-09-27T15:46:12.1041786Z touch /workdir/openwrt/staging_dir/target-x86_64_musl/root-x86/stamp/.ipt2socks_installed
build	Compile debug	2026-09-27T15:46:12.1066074Z echo "ipt2socks" >> /workdir/openwrt/staging_dir/target-x86_64_musl/pkginfo/ipt2socks.default.install
build	Compile debug	2026-09-27T15:46:12.1093760Z make[3]: Leaving directory '/workdir/openwrt/package/openwrt-passwall-packages/ipt2socks'
build	Compile debug	2026-09-27T15:46:12.1102167Z time: package/openwrt-passwall-packages/ipt2socks/compile#0.05#0.05#0.11
build	Compile debug	2026-09-27T15:46:12.1532483Z make[3]: Entering directory '/workdir/openwrt/feeds/packages/lang/rust'
build	Compile debug	2026-09-27T15:46:18.5167860Z make[3]: Leaving directory '/workdir/openwrt/feeds/packages/lang/rust'
build	Compile debug	2026-09-27T15:46:18.5175529Z time: package/feeds/packages/rust/host-compile#1.04#3.12#6.40
build	Compile debug	2026-09-27T15:46:18.5617651Z make[3]: Entering directory '/workdir/openwrt/package/openwrt-passwall-packages/shadowsocks-rust'
build	Compile debug	2026-09-27T15:46:18.7122118Z mkdir -p /workdir/openwrt/staging_dir/target-x86_64_musl/root-x86/stamp
build	Compile debug	2026-09-27T15:46:18.7158023Z SHELL= flock /workdir/openwrt/tmp/.root-copy.flock -c 'cp -fpR /workdir/openwrt/build_dir/target-x86_64_musl/shadowsocks-rust-1.25.0/.pkgdir/shadowsocks-rust-sslocal/. /workdir/openwrt/staging_dir/target-x86_64_musl/root-x86/'
build	Compile debug	2026-09-27T15:46:18.7358436Z touch /workdir/openwrt/staging_dir/target-x86_64_musl/root-x86/stamp/.shadowsocks-rust-sslocal_installed
build	Compile debug	2026-09-27T15:46:18.7401464Z echo "shadowsocks-rust-sslocal" >> /workdir/openwrt/staging_dir/target-x86_64_musl/pkginfo/shadowsocks-rust.default.install
build	Compile debug	2026-09-27T15:46:18.7422815Z make[3]: Leaving directory '/workdir/openwrt/package/openwrt-passwall-packages/shadowsocks-rust'
build	Compile debug	2026-09-27T15:46:18.7431525Z time: package/openwrt-passwall-packages/shadowsocks-rust/compile#0.07#0.09#0.22
build	Compile debug	2026-09-27T15:46:18.7955118Z make[3]: Entering directory '/workdir/openwrt/package/openwrt-passwall-packages/shadowsocksr-libev'
build	Compile debug	2026-09-27T15:46:19.2840736Z mkdir -p /workdir/openwrt/staging_dir/target-x86_64_musl/root-x86/stamp
build	Compile debug	2026-09-27T15:46:19.2882532Z SHELL= flock /workdir/openwrt/tmp/.root-copy.flock -c 'cp -fpR /workdir/openwrt/build_dir/target-x86_64_musl/shadowsocksr-libev-2.5.6/.pkgdir/shadowsocksr-libev-ssr-local/. /workdir/openwrt/staging_dir/target-x86_64_musl/root-x86/'
build	Compile debug	2026-09-27T15:46:19.2949283Z touch /workdir/openwrt/staging_dir/target-x86_64_musl/root-x86/stamp/.shadowsocksr-libev-ssr-local_installed
build	Compile debug	2026-09-27T15:46:19.2975169Z echo "shadowsocksr-libev-ssr-local" >> /workdir/openwrt/staging_dir/target-x86_64_musl/pkginfo/shadowsocksr-libev.default.install
build	Compile debug	2026-09-27T15:46:19.3005543Z mkdir -p /workdir/openwrt/staging_dir/target-x86_64_musl/root-x86/stamp
build	Compile debug	2026-09-27T15:46:19.3043804Z SHELL= flock /workdir/openwrt/tmp/.root-copy.flock -c 'cp -fpR /workdir/openwrt/build_dir/target-x86_64_musl/shadowsocksr-libev-2.5.6/.pkgdir/shadowsocksr-libev-ssr-redir/. /workdir/openwrt/staging_dir/target-x86_64_musl/root-x86/'
build	Compile debug	2026-09-27T15:46:19.3110999Z touch /workdir/openwrt/staging_dir/target-x86_64_musl/root-x86/stamp/.shadowsocksr-libev-ssr-redir_installed
build	Compile debug	2026-09-27T15:46:19.3138023Z echo "shadowsocksr-libev-ssr-redir" >> /workdir/openwrt/staging_dir/target-x86_64_musl/pkginfo/shadowsocksr-libev.default.install
build	Compile debug	2026-09-27T15:46:19.3166149Z make[3]: Leaving directory '/workdir/openwrt/package/openwrt-passwall-packages/shadowsocksr-libev'
build	Compile debug	2026-09-27T15:46:19.3176496Z time: package/openwrt-passwall-packages/shadowsocksr-libev/compile#0.19#0.12#0.56
build	Compile debug	2026-09-27T15:46:19.3640071Z make[3]: Entering directory '/workdir/openwrt/package/openwrt-passwall-packages/simple-obfs'
build	Compile debug	2026-09-27T15:46:19.4434337Z mkdir -p /workdir/openwrt/staging_dir/target-x86_64_musl/root-x86/stamp
build	Compile debug	2026-09-27T15:46:19.4486940Z SHELL= flock /workdir/openwrt/tmp/.root-copy.flock -c 'cp -fpR /workdir/openwrt/build_dir/target-x86_64_musl/simple-obfs-0.0.5/.pkgdir/simple-obfs-client/. /workdir/openwrt/staging_dir/target-x86_64_musl/root-x86/'
build	Compile debug	2026-09-27T15:46:19.4557436Z touch /workdir/openwrt/staging_dir/target-x86_64_musl/root-x86/stamp/.simple-obfs-client_installed
build	Compile debug	2026-09-27T15:46:19.4589707Z echo "simple-obfs-client" >> /workdir/openwrt/staging_dir/target-x86_64_musl/pkginfo/simple-obfs.default.install
build	Compile debug	2026-09-27T15:46:19.4626666Z make[3]: Leaving directory '/workdir/openwrt/package/openwrt-passwall-packages/simple-obfs'
build	Compile debug	2026-09-27T15:46:19.4637120Z time: package/openwrt-passwall-packages/simple-obfs/compile#0.07#0.06#0.14
build	Compile debug	2026-09-27T15:46:19.5133210Z make[3]: Entering directory '/workdir/openwrt/package/openwrt-passwall-packages/v2ray-plugin'
build	Compile debug	2026-09-27T15:46:19.5810839Z mkdir -p /workdir/openwrt/staging_dir/target-x86_64_musl/root-x86/stamp
build	Compile debug	2026-09-27T15:46:19.5850347Z SHELL= flock /workdir/openwrt/tmp/.root-copy.flock -c 'cp -fpR /workdir/openwrt/build_dir/target-x86_64_musl/v2ray-plugin-5.49.0/.pkgdir/v2ray-plugin/. /workdir/openwrt/staging_dir/target-x86_64_musl/root-x86/'
build	Compile debug	2026-09-27T15:46:19.6369423Z touch /workdir/openwrt/staging_dir/target-x86_64_musl/root-x86/stamp/.v2ray-plugin_installed
build	Compile debug	2026-09-27T15:46:19.6400452Z echo "v2ray-plugin" >> /workdir/openwrt/staging_dir/target-x86_64_musl/pkginfo/v2ray-plugin.default.install
build	Compile debug	2026-09-27T15:46:19.6432269Z make[3]: Leaving directory '/workdir/openwrt/package/openwrt-passwall-packages/v2ray-plugin'
build	Compile debug	2026-09-27T15:46:19.6443785Z time: package/openwrt-passwall-packages/v2ray-plugin/compile#0.06#0.08#0.17
build	Compile debug	2026-09-27T15:46:19.6981114Z make[3]: Entering directory '/workdir/openwrt/package/openwrt-passwall-packages/xray-core'
build	Compile debug	2026-09-27T15:46:19.8140530Z mkdir -p /workdir/openwrt/staging_dir/target-x86_64_musl/root-x86/stamp
build	Compile debug	2026-09-27T15:46:19.8177766Z SHELL= flock /workdir/openwrt/tmp/.root-copy.flock -c 'cp -fpR /workdir/openwrt/build_dir/target-x86_64_musl/Xray-core-26.9.9/.pkgdir/xray-core/. /workdir/openwrt/staging_dir/target-x86_64_musl/root-x86/'
build	Compile debug	2026-09-27T15:46:19.9359320Z touch /workdir/openwrt/staging_dir/target-x86_64_musl/root-x86/stamp/.xray-core_installed
build	Compile debug	2026-09-27T15:46:19.9409345Z echo "xray-core" >> /workdir/openwrt/staging_dir/target-x86_64_musl/pkginfo/xray-core.default.install
build	Compile debug	2026-09-27T15:46:19.9452514Z make[3]: Leaving directory '/workdir/openwrt/package/openwrt-passwall-packages/xray-core'
build	Compile debug	2026-09-27T15:46:19.9458577Z time: package/openwrt-passwall-packages/xray-core/compile#0.07#0.14#0.29
build	Compile debug	2026-09-27T15:46:19.9904165Z make[3]: Entering directory '/workdir/openwrt/package/system/apk'
build	Compile debug	2026-09-27T15:46:20.0642235Z mkdir -p /workdir/openwrt/staging_dir/target-x86_64_musl/root-x86/stamp
build	Compile debug	2026-09-27T15:46:20.0680691Z SHELL= flock /workdir/openwrt/tmp/.root-copy.flock -c 'cp -fpR /workdir/openwrt/build_dir/target-x86_64_musl/apk-openssl/apk-3.0.5/.pkgdir/apk-openssl/. /workdir/openwrt/staging_dir/target-x86_64_musl/root-x86/'
build	Compile debug	2026-09-27T15:46:20.0746524Z touch /workdir/openwrt/staging_dir/target-x86_64_musl/root-x86/stamp/.apk-openssl_installed
build	Compile debug	2026-09-27T15:46:20.0772707Z echo "apk-openssl" >> /workdir/openwrt/staging_dir/target-x86_64_musl/pkginfo/apk.openssl.install
build	Compile debug	2026-09-27T15:46:20.0800052Z make[3]: Leaving directory '/workdir/openwrt/package/system/apk'
build	Compile debug	2026-09-27T15:46:20.0808537Z time: package/system/apk/openssl/compile#0.05#0.07#0.12
build	Compile debug	2026-09-27T15:46:20.0941768Z make[3]: Entering directory '/workdir/openwrt/package/system/mtd'
build	Compile debug	2026-09-27T15:46:20.3122712Z mkdir -p /workdir/openwrt/staging_dir/target-x86_64_musl/root-x86/stamp
build	Compile debug	2026-09-27T15:46:20.3159353Z SHELL= flock /workdir/openwrt/tmp/.root-copy.flock -c 'cp -fpR /workdir/openwrt/build_dir/target-x86_64_musl/linux-x86_64/mtd/.pkgdir/mtd/. /workdir/openwrt/staging_dir/target-x86_64_musl/root-x86/'
build	Compile debug	2026-09-27T15:46:20.3214182Z touch /workdir/openwrt/staging_dir/target-x86_64_musl/root-x86/stamp/.mtd_installed
build	Compile debug	2026-09-27T15:46:20.3240356Z echo "mtd" >> /workdir/openwrt/staging_dir/target-x86_64_musl/pkginfo/mtd.default.install
build	Compile debug	2026-09-27T15:46:20.3267976Z make[3]: Leaving directory '/workdir/openwrt/package/system/mtd'
build	Compile debug	2026-09-27T15:46:20.3276432Z time: package/system/mtd/compile#0.14#0.09#0.24
build	Compile debug	2026-09-27T15:46:20.3703123Z make[3]: Entering directory '/workdir/openwrt/package/system/urandom-seed'
build	Compile debug	2026-09-27T15:46:20.4284843Z mkdir -p /workdir/openwrt/staging_dir/target-x86_64_musl/root-x86/stamp
build	Compile debug	2026-09-27T15:46:20.4320394Z SHELL= flock /workdir/openwrt/tmp/.root-copy.flock -c 'cp -fpR /workdir/openwrt/build_dir/target-x86_64_musl/urandom-seed/.pkgdir/urandom-seed/. /workdir/openwrt/staging_dir/target-x86_64_musl/root-x86/'
build	Compile debug	2026-09-27T15:46:20.4376536Z touch /workdir/openwrt/staging_dir/target-x86_64_musl/root-x86/stamp/.urandom-seed_installed
build	Compile debug	2026-09-27T15:46:20.4402167Z echo "urandom-seed" >> /workdir/openwrt/staging_dir/target-x86_64_musl/pkginfo/urandom-seed.default.install
build	Compile debug	2026-09-27T15:46:20.4429532Z make[3]: Leaving directory '/workdir/openwrt/package/system/urandom-seed'
build	Compile debug	2026-09-27T15:46:20.4438408Z time: package/system/urandom-seed/compile#0.06#0.04#0.11
build	Compile debug	2026-09-27T15:46:20.4572322Z make[3]: Entering directory '/workdir/openwrt/package/system/urngd'
build	Compile debug	2026-09-27T15:46:20.5692795Z mkdir -p /workdir/openwrt/staging_dir/target-x86_64_musl/root-x86/stamp
build	Compile debug	2026-09-27T15:46:20.5730126Z SHELL= flock /workdir/openwrt/tmp/.root-copy.flock -c 'cp -fpR /workdir/openwrt/build_dir/target-x86_64_musl/urngd-2025.10.03~f17e33d9/.pkgdir/urngd/. /workdir/openwrt/staging_dir/target-x86_64_musl/root-x86/'
build	Compile debug	2026-09-27T15:46:20.5789690Z touch /workdir/openwrt/staging_dir/target-x86_64_musl/root-x86/stamp/.urngd_installed
build	Compile debug	2026-09-27T15:46:20.5816964Z echo "urngd" >> /workdir/openwrt/staging_dir/target-x86_64_musl/pkginfo/urngd.default.install
build	Compile debug	2026-09-27T15:46:20.5845299Z make[3]: Leaving directory '/workdir/openwrt/package/system/urngd'
build	Compile debug	2026-09-27T15:46:20.5854070Z time: package/system/urngd/compile#0.07#0.06#0.13
build	Compile debug	2026-09-27T15:46:20.6308626Z make[3]: Entering directory '/workdir/openwrt/package/utils/f2fs-tools'
build	Compile debug	2026-09-27T15:46:20.7007778Z mkdir -p /workdir/openwrt/staging_dir/target-x86_64_musl/root-x86/stamp
build	Compile debug	2026-09-27T15:46:20.7046554Z echo '6' | cmp -s - /workdir/openwrt/staging_dir/target-x86_64_musl/pkginfo/libf2fs.version || { mkdir -p /workdir/openwrt/staging_dir/target-x86_64_musl/pkginfo; echo '6' > /workdir/openwrt/staging_dir/target-x86_64_musl/pkginfo/libf2fs.version;  cp /workdir/openwrt/staging_dir/target-x86_64_musl/pkginfo/libf2fs.version /workdir/openwrt/staging_dir/target-x86_64_musl/pkginfo/libf2fs-any.version;  } 
build	Compile debug	2026-09-27T15:46:20.7079039Z SHELL= flock /workdir/openwrt/tmp/.root-copy.flock -c 'cp -fpR /workdir/openwrt/build_dir/target-x86_64_musl/f2fs-tools-default/f2fs-tools-1.16.0/.pkgdir/libf2fs/. /workdir/openwrt/staging_dir/target-x86_64_musl/root-x86/'
build	Compile debug	2026-09-27T15:46:20.7135129Z touch /workdir/openwrt/staging_dir/target-x86_64_musl/root-x86/stamp/.libf2fs_installed
build	Compile debug	2026-09-27T15:46:20.7160546Z echo "libf2fs" >> /workdir/openwrt/staging_dir/target-x86_64_musl/pkginfo/f2fs-tools.default.install
build	Compile debug	2026-09-27T15:46:20.7189484Z mkdir -p /workdir/openwrt/staging_dir/target-x86_64_musl/root-x86/stamp
build	Compile debug	2026-09-27T15:46:20.7226076Z SHELL= flock /workdir/openwrt/tmp/.root-copy.flock -c 'cp -fpR /workdir/openwrt/build_dir/target-x86_64_musl/f2fs-tools-default/f2fs-tools-1.16.0/.pkgdir/mkf2fs/. /workdir/openwrt/staging_dir/target-x86_64_musl/root-x86/'
build	Compile debug	2026-09-27T15:46:20.7274286Z touch /workdir/openwrt/staging_dir/target-x86_64_musl/root-x86/stamp/.mkf2fs_installed
build	Compile debug	2026-09-27T15:46:20.7299249Z echo "mkf2fs" >> /workdir/openwrt/staging_dir/target-x86_64_musl/pkginfo/f2fs-tools.default.install
build	Compile debug	2026-09-27T15:46:20.7327619Z mkdir -p /workdir/openwrt/staging_dir/target-x86_64_musl/root-x86/stamp
build	Compile debug	2026-09-27T15:46:20.7365788Z SHELL= flock /workdir/openwrt/tmp/.root-copy.flock -c 'cp -fpR /workdir/openwrt/build_dir/target-x86_64_musl/f2fs-tools-default/f2fs-tools-1.16.0/.pkgdir/f2fsck/. /workdir/openwrt/staging_dir/target-x86_64_musl/root-x86/'
build	Compile debug	2026-09-27T15:46:20.7427249Z touch /workdir/openwrt/staging_dir/target-x86_64_musl/root-x86/stamp/.f2fsck_installed
build	Compile debug	2026-09-27T15:46:20.7452398Z echo "f2fsck" >> /workdir/openwrt/staging_dir/target-x86_64_musl/pkginfo/f2fs-tools.default.install
build	Compile debug	2026-09-27T15:46:20.7481018Z mkdir -p /workdir/openwrt/staging_dir/target-x86_64_musl/root-x86/stamp
build	Compile debug	2026-09-27T15:46:20.7517524Z SHELL= flock /workdir/openwrt/tmp/.root-copy.flock -c 'cp -fpR /workdir/openwrt/build_dir/target-x86_64_musl/f2fs-tools-default/f2fs-tools-1.16.0/.pkgdir/f2fs-tools/. /workdir/openwrt/staging_dir/target-x86_64_musl/root-x86/'
build	Compile debug	2026-09-27T15:46:20.7566220Z touch /workdir/openwrt/staging_dir/target-x86_64_musl/root-x86/stamp/.f2fs-tools_installed
build	Compile debug	2026-09-27T15:46:20.7593601Z echo "f2fs-tools" >> /workdir/openwrt/staging_dir/target-x86_64_musl/pkginfo/f2fs-tools.default.install
build	Compile debug	2026-09-27T15:46:20.7622242Z make[3]: Leaving directory '/workdir/openwrt/package/utils/f2fs-tools'
build	Compile debug	2026-09-27T15:46:20.7630897Z time: package/utils/f2fs-tools/default/compile#0.09#0.07#0.17
build	Compile debug	2026-09-27T15:46:20.7648882Z make[2]: Leaving directory '/workdir/openwrt'
build	Compile debug	2026-09-27T15:46:20.7857999Z make[2]: Entering directory '/workdir/openwrt'
build	Compile debug	2026-09-27T15:46:22.4798646Z mkdir -p /workdir/openwrt/staging_dir/packages/
build	Compile debug	2026-09-27T15:46:22.4836663Z find /workdir/openwrt/bin/targets/x86/64/packages /workdir/openwrt/bin/packages/x86_64/base /workdir/openwrt/bin/packages/x86_64/luci /workdir/openwrt/bin/packages/x86_64/packages /workdir/openwrt/bin/packages/x86_64/routing /workdir/openwrt/bin/packages/x86_64/telephony -maxdepth 1 -name '*.apk' \
build	Compile debug	2026-09-27T15:46:22.4838342Z 	-printf '%p %s %T@\n' 2>/dev/null | LC_ALL=C sort > /workdir/openwrt/staging_dir/packages/x86.list.new
build	Compile debug	2026-09-27T15:46:22.4897346Z if cmp -s /workdir/openwrt/staging_dir/packages/x86.list.new /workdir/openwrt/staging_dir/packages/x86.list && \
build	Compile debug	2026-09-27T15:46:22.4898473Z    [ -f /workdir/openwrt/staging_dir/packages/x86/packages.adb ]; then \
build	Compile debug	2026-09-27T15:46:22.4899060Z 	rm -f /workdir/openwrt/staging_dir/packages/x86.list.new; \
build	Compile debug	2026-09-27T15:46:22.4899456Z else \
build	Compile debug	2026-09-27T15:46:22.4902191Z 		rm -rf /workdir/openwrt/staging_dir/packages/x86; mkdir -p /workdir/openwrt/staging_dir/packages/x86;   ln -s /workdir/openwrt/bin/targets/x86/64/packages/*.apk /workdir/openwrt/staging_dir/packages/x86 || true;   ln -s /workdir/openwrt/bin/packages/x86_64/base/*.apk /workdir/openwrt/staging_dir/packages/x86 || true;   ln -s /workdir/openwrt/bin/packages/x86_64/luci/*.apk /workdir/openwrt/staging_dir/packages/x86 || true;   ln -s /workdir/openwrt/bin/packages/x86_64/packages/*.apk /workdir/openwrt/staging_dir/packages/x86 || true;     \
build	Compile debug	2026-09-27T15:46:22.4904414Z 	mv /workdir/openwrt/staging_dir/packages/x86.list.new /workdir/openwrt/staging_dir/packages/x86.list; \
build	Compile debug	2026-09-27T15:46:22.4904935Z fi
build	Compile debug	2026-09-27T15:46:22.5216832Z [ -f /workdir/openwrt/staging_dir/packages/x86/packages.adb ] || \
build	Compile debug	2026-09-27T15:46:22.5217787Z (cd /workdir/openwrt/staging_dir/packages/x86 && /workdir/openwrt/staging_dir/host/bin/apk mkndx \
build	Compile debug	2026-09-27T15:46:22.5218504Z 		--root /workdir/openwrt \
build	Compile debug	2026-09-27T15:46:22.5218858Z 		--keys-dir /workdir/openwrt \
build	Compile debug	2026-09-27T15:46:22.5219216Z 		--allow-untrusted \
build	Compile debug	2026-09-27T15:46:22.5219579Z 		--sign /workdir/openwrt/private-key.pem \
build	Compile debug	2026-09-27T15:46:22.5220011Z 		--output packages.adb \
build	Compile debug	2026-09-27T15:46:22.5220336Z 		*.apk; \
build	Compile debug	2026-09-27T15:46:22.5220587Z )
build	Compile debug	2026-09-27T15:46:22.8248290Z Index has 489 packages (of which 489 are new)
build	Compile debug	2026-09-27T15:46:23.1597848Z find /workdir/openwrt/staging_dir/target-x86_64_musl/root-x86 -type d | xargs -r chmod 0755
build	Compile debug	2026-09-27T15:46:23.1796082Z rm -rf /workdir/openwrt/build_dir/target-x86_64_musl/root-x86 /workdir/openwrt/build_dir/target-x86_64_musl/root.orig-x86
build	Compile debug	2026-09-27T15:46:23.1821078Z mkdir -p /workdir/openwrt/build_dir/target-x86_64_musl/root-x86/tmp
build	Compile debug	2026-09-27T15:46:23.1853010Z IPKG_INSTROOT=/workdir/openwrt/build_dir/target-x86_64_musl/root-x86 /workdir/openwrt/staging_dir/host/bin/fakeroot /workdir/openwrt/staging_dir/host/bin/apk --root /workdir/openwrt/build_dir/target-x86_64_musl/root-x86 --keys-dir /workdir/openwrt --no-logfile --preserve-env add --no-cache --initdb --no-scripts --arch x86_64 --repositories-file /dev/null --repository file:///workdir/openwrt/staging_dir/packages/x86/packages.adb  $(cat /workdir/openwrt/tmp/apk_install_list)
build	Compile debug	2026-09-27T15:46:23.2062409Z ERROR: unable to select packages:
build	Compile debug	2026-09-27T15:46:23.2071746Z   geo2txt (no such package):
build	Compile debug	2026-09-27T15:46:23.2072264Z     required by: luci-app-mosdns-1.7.14-r1[geo2txt]
build	Compile debug	2026-09-27T15:46:23.2083185Z make[2]: *** [package/Makefile:164: package/install] Error 3
build	Compile debug	2026-09-27T15:46:23.2092010Z make[2]: Leaving directory '/workdir/openwrt'
build	Compile debug	2026-09-27T15:46:23.2124208Z make[1]: *** [package/Makefile:252: /workdir/openwrt/staging_dir/target-x86_64_musl/stamp/.package_install] Error 2
build	Compile debug	2026-09-27T15:46:23.2133277Z make[1]: Leaving directory '/workdir/openwrt'
build	Compile debug	2026-09-27T15:46:23.2164318Z make: *** [/workdir/openwrt/include/toplevel.mk:268: world] Error 2
build	Compile debug	2026-09-27T15:46:23.2177709Z ##[error]Process completed with exit code 2.
